noise_amp,mean_abs_delta_I,action_change_rate
0.0,0.0,0.0
0.02,0.009867343934207944,0.0017142857142857142
0.05,0.024545337848884897,0.005142857142857143
0.1,0.048689861371010286,0.01042857142857143
