config,n,mean_ms,total_s
predict_only,1000,4.4935000005352776e-05,4.4935000005352776e-05
operator_F0,1000,0.005310757999723137,0.005310757999723137
select_F_int,1000,0.005196490999878733,0.005196490999878733
select_F_H,1000,0.005157115999281814,0.005157115999281814
select_F_N_src,1000,0.0053361860000222805,0.0053361860000222805
FML_audit,1000,0.00530588799938414,0.00530588799938414
