config,n,mean_ms,total_s
predict_only,1000,4.5755994506180286e-05,4.5755994506180286e-05
operator_F0,1000,0.00523436299408786,0.00523436299408786
select_F_int,1000,0.005292511981679127,0.005292511981679127
select_F_H,1000,0.005002797988709062,0.005002797988709062
select_F_N_src,1000,0.005040849995566532,0.005040849995566532
FML_audit,1000,0.005045808007707819,0.005045808007707819
