row_id,y_true,predicted_risk,uncertainty,I_pre,rho,chi_R,chi_R_crit,action,selected_representation
0,0,0.10833333333333334,0.4114077609548808,0.7599210170052049,0.19686773683767922,0,0,accept,FML-audit
1,0,0.075,0.3140180808885479,0.7674219682243564,0.1608951265772657,0,0,accept,FML-audit
2,0,0.13333333333333333,0.47655665458703367,0.7549863076513394,0.22164190211649054,0,0,accept,FML-audit
