accuracy,roc_auc,observer_action,I_pre,I_final,rho,pipeline_seconds
0.972027972027972,0.9949685534591195,lower_confidence,0.8169116703010336,0.8169116703010336,0.40209646036059227,0.15252878200044506
