incident_id,repository,variant,status,available,unavailable_reason,candidate_recall_at_5,candidate_recall_at_10,candidate_recall_at_20,reciprocal_rank,file_hit_at_3,symbol_hit_at_3,contract_correct,gold_contracts,predicted_contract,joint_hit_at_3,coverage,retrieval_coverage,contract_coverage,confirmed_diagnosis_coverage,repair_coverage,confirmed_correct,false_localization,candidate_count,context_lines,search_space_reduction,runtime_ms,evidence_request_count,active_evidence_status,active_evidence_details,route,top_k_signature,trajectory,evidence_requests
bugsinpy-fastapi-13,tiangolo/fastapi,R0,DIAGNOSIS_CANDIDATES,True,,1.0,1.0,1.0,0.3333333333333333,1.0,1.0,1.0,"[""CONFIGURATION""]",CONFIGURATION,1.0,1.0,1.0,1.0,0.0,0.0,0.0,0.0,20,1514,0.976905311778291,165.996565,0,NOT_REQUESTED,{},DATAFLOW_ASSERTION,"[""class:fastapi/applications.py::FastAPI"",""class:fastapi/routing.py::APIRoute"",""class:fastapi/routing.py::APIRouter"",""class:fastapi/openapi/models.py::Components"",""function:fastapi/openapi/utils.py::get_openapi_path"",""function:fastapi/routing.py::APIRoute.__init__"",""function:fastapi/routing.py::APIRouter.add_api_route"",""function:fastapi/routing.py::APIRouter.include_router"",""function:fastapi/applications.py::FastAPI.__init__"",""function:fastapi/applications.py::FastAPI.include_router""]",[],[]
bugsinpy-fastapi-13,tiangolo/fastapi,R1,DIAGNOSIS_CANDIDATES,True,,0.0,1.0,1.0,0.125,0.0,0.0,1.0,"[""CONFIGURATION""]",CONFIGURATION,0.0,1.0,1.0,1.0,0.0,0.0,0.0,0.0,20,1221,0.976905311778291,110.501178,0,NOT_REQUESTED,{},DATAFLOW_ASSERTION,"[""class:fastapi/openapi/models.py::APIKey"",""function:fastapi/routing.py::APIRouter.get"",""function:fastapi/applications.py::FastAPI.include_router"",""function:fastapi/applications.py::FastAPI.__init__"",""class:fastapi/params.py::Body"",""function:fastapi/routing.py::APIRouter.add_api_route"",""function:fastapi/dependencies/utils.py::get_dependant"",""function:fastapi/routing.py::APIRouter.include_router"",""function:fastapi/routing.py::APIRoute.__init__"",""class:fastapi/security/http.py::HTTPAuthorizationCredentials""]",[],[]
bugsinpy-fastapi-13,tiangolo/fastapi,R3,DIAGNOSIS_CANDIDATES,True,,0.0,1.0,1.0,0.14285714285714285,0.0,0.0,1.0,"[""CONFIGURATION""]",CONFIGURATION,0.0,1.0,1.0,1.0,0.0,0.0,0.0,0.0,20,1568,0.976905311778291,291.682093,0,NOT_REQUESTED,{},DATAFLOW_ASSERTION,"[""function:fastapi/openapi/utils.py::get_openapi_path"",""class:fastapi/applications.py::FastAPI"",""function:fastapi/routing.py::APIRouter.get"",""function:fastapi/routing.py::APIRouter.add_api_route"",""class:fastapi/routing.py::APIRoute"",""function:fastapi/routing.py::APIRoute.__init__"",""function:fastapi/routing.py::APIRouter.include_router"",""function:fastapi/applications.py::FastAPI.include_router"",""function:fastapi/routing.py::APIRouter.api_route.decorator"",""class:fastapi/routing.py::APIRouter""]",[],[]
bugsinpy-fastapi-13,tiangolo/fastapi,R5,DIAGNOSIS_CANDIDATES,True,,1.0,1.0,1.0,0.2,0.0,0.0,1.0,"[""CONFIGURATION""]",CONFIGURATION,0.0,1.0,1.0,1.0,0.0,0.0,0.0,0.0,20,1474,0.976905311778291,670.144437,0,NOT_REQUESTED,{},DATAFLOW_ASSERTION,"[""function:fastapi/routing.py::APIRouter.get"",""function:fastapi/openapi/utils.py::get_openapi_path"",""class:fastapi/applications.py::FastAPI"",""function:fastapi/routing.py::APIRouter.add_api_route"",""function:fastapi/routing.py::APIRouter.include_router"",""file:tests/test_additional_responses_router.py"",""function:fastapi/applications.py::FastAPI.include_router"",""function:fastapi/routing.py::APIRouter.api_route.decorator"",""class:fastapi/routing.py::APIRouter"",""function:fastapi/routing.py::APIRouter.api_route""]",[],[]
bugsinpy-fastapi-13,tiangolo/fastapi,R6,DIAGNOSIS_CANDIDATES,True,,0.0,1.0,1.0,0.16666666666666666,0.0,0.0,1.0,"[""CONFIGURATION""]",CONFIGURATION,0.0,1.0,1.0,1.0,0.0,0.0,0.0,0.0,20,1474,0.976905311778291,655.979284,1,ACTIVE_EVIDENCE_APPLIED,"{""contract_after"": ""PROTOCOL_RESPONSE"", ""contract_before"": ""PROTOCOL_RESPONSE"", ""entropy_after"": ""1.081113170"", ""entropy_before"": ""1.068700424"", ""event_id"": ""trace-77d3301593017c298ca2829c"", ""event_kind"": ""traceback_frame"", ""observed_node"": ""file:tests/test_additional_responses_router.py"", ""rank_after"": ""2"", ""rank_before"": ""6""}",DATAFLOW_ASSERTION,"[""function:fastapi/routing.py::APIRouter.get"",""file:tests/test_additional_responses_router.py"",""function:fastapi/openapi/utils.py::get_openapi_path"",""class:fastapi/applications.py::FastAPI"",""function:fastapi/routing.py::APIRouter.add_api_route"",""function:fastapi/routing.py::APIRouter.include_router"",""function:fastapi/applications.py::FastAPI.include_router"",""function:fastapi/routing.py::APIRouter.api_route.decorator"",""class:fastapi/routing.py::APIRouter"",""function:fastapi/routing.py::APIRouter.api_route""]",[],"[{""command"": [""python"", ""-m"", ""pytest"", ""tests/test_additional_responses_router.py::test_openapi_schema"", ""-x"", ""-vv"", ""--showlocals""], ""distinguished_hypotheses"": [""function:fastapi/routing.py::APIRouter.get"", ""file:tests/test_additional_responses_router.py"", ""function:fastapi/openapi/utils.py::get_openapi_path""], ""estimated_cost"": 1.0, ""expected_observation"": ""runtime types and values at the top candidate frames"", ""safety_level"": ""READ_ONLY_TEST_EXECUTION"", ""timeout_seconds"": 300, ""utility"": 3.243339509152767}]"
bugsinpy-tornado-16,tornadoweb/tornado,R0,DIAGNOSIS_CANDIDATES,True,,0.0,0.0,0.0,0.0,0.0,0.0,1.0,"[""CONFIGURATION""]",CONFIGURATION,0.0,1.0,1.0,1.0,0.0,0.0,0.0,0.0,20,792,0.9935296020705273,323.153981,0,NOT_REQUESTED,{},EXECUTED_SLICE_GRAPH,"[""class:tornado/ioloop.py::PollIOLoop"",""file:tornado/__init__.py"",""class:tornado/concurrent.py::DummyExecutor"",""class:tornado/concurrent.py::Future"",""function:tornado/concurrent.py::Future.__init__"",""function:tornado/concurrent.py::Future._clear_tb_log"",""function:tornado/concurrent.py::Future._set_done"",""function:tornado/concurrent.py::Future.add_done_callback"",""function:tornado/concurrent.py::Future.done"",""function:tornado/concurrent.py::Future.result""]",[],[]
bugsinpy-tornado-16,tornadoweb/tornado,R1,DIAGNOSIS_CANDIDATES,True,,0.0,0.0,0.0,0.0,0.0,0.0,1.0,"[""CONFIGURATION""]",CONFIGURATION,0.0,1.0,1.0,1.0,0.0,0.0,0.0,0.0,20,1252,0.9935296020705273,91.471625,0,NOT_REQUESTED,{},EXECUTED_SLICE_GRAPH,"[""function:tornado/gen.py::Runner.run"",""function:tornado/ioloop.py::IOLoop.run_sync"",""function:tornado/concurrent.py::Future.result"",""function:tornado/ioloop.py::IOLoop.start"",""function:tornado/stack_context.py::wrap.wrapped"",""class:tornado/gen.py::BadYieldError"",""function:tornado/concurrent.py::Future.set_exc_info"",""class:tornado/template.py::BaseLoader"",""function:tornado/concurrent.py::Future.add_done_callback"",""class:tornado/web.py::Application""]",[],[]
bugsinpy-tornado-16,tornadoweb/tornado,R3,DIAGNOSIS_CANDIDATES,True,,0.0,0.0,1.0,0.06666666666666667,0.0,0.0,1.0,"[""CONFIGURATION""]",CONFIGURATION,0.0,1.0,1.0,1.0,0.0,0.0,0.0,0.0,20,1756,0.9935296020705273,676.974255,0,NOT_REQUESTED,{},EXECUTED_SLICE_GRAPH,"[""function:tornado/concurrent.py::Future.result"",""function:tornado/ioloop.py::IOLoop.run_sync"",""function:tornado/gen.py::Runner.run"",""function:tornado/testing.py::gen_test.wrap.post_coroutine"",""function:tornado/testing.py::_TestMethodWrapper.__call__"",""class:tornado/concurrent.py::Future"",""function:tornado/concurrent.py::Future.set_exc_info"",""class:tornado/ioloop.py::PollIOLoop"",""function:tornado/testing.py::gen_test"",""class:tornado/web.py::Application""]",[],[]
bugsinpy-tornado-16,tornadoweb/tornado,R5,DIAGNOSIS_CANDIDATES,True,,0.0,0.0,0.0,0.0,0.0,0.0,1.0,"[""CONFIGURATION""]",CONFIGURATION,0.0,1.0,1.0,1.0,0.0,0.0,0.0,0.0,20,1684,0.9935296020705273,537.821063,0,NOT_REQUESTED,{},EXECUTED_SLICE_GRAPH,"[""function:tornado/concurrent.py::Future.result"",""function:tornado/ioloop.py::IOLoop.run_sync"",""function:tornado/gen.py::Runner.run"",""function:tornado/testing.py::_TestMethodWrapper.__call__"",""function:tornado/testing.py::gen_test.wrap.post_coroutine"",""function:tornado/concurrent.py::Future.add_done_callback"",""class:tornado/concurrent.py::Future"",""function:tornado/concurrent.py::Future.set_exc_info"",""class:tornado/ioloop.py::PollIOLoop"",""function:tornado/ioloop.py::IOLoop.call_at""]",[],[]
bugsinpy-tornado-16,tornadoweb/tornado,R6,DIAGNOSIS_CANDIDATES,True,,0.0,0.0,0.0,0.0,0.0,0.0,1.0,"[""CONFIGURATION""]",CONFIGURATION,0.0,1.0,1.0,1.0,0.0,0.0,0.0,0.0,20,1684,0.9935296020705273,533.305903,1,ACTIVE_EVIDENCE_UNAVAILABLE,"{""contract_after"": ""API_BEHAVIOR"", ""contract_before"": ""API_BEHAVIOR"", ""reason"": ""probe_did_not_distinguish_candidates""}",EXECUTED_SLICE_GRAPH,"[""function:tornado/concurrent.py::Future.result"",""function:tornado/ioloop.py::IOLoop.run_sync"",""function:tornado/gen.py::Runner.run"",""function:tornado/testing.py::_TestMethodWrapper.__call__"",""function:tornado/testing.py::gen_test.wrap.post_coroutine"",""function:tornado/concurrent.py::Future.add_done_callback"",""class:tornado/concurrent.py::Future"",""function:tornado/concurrent.py::Future.set_exc_info"",""class:tornado/ioloop.py::PollIOLoop"",""function:tornado/ioloop.py::IOLoop.call_at""]",[],"[{""command"": [""python"", ""-m"", ""pytest"", ""tornado/test/gen_test.py"", ""-x"", ""-vv"", ""--showlocals""], ""distinguished_hypotheses"": [""function:tornado/concurrent.py::Future.result"", ""function:tornado/ioloop.py::IOLoop.run_sync"", ""function:tornado/gen.py::Runner.run""], ""estimated_cost"": 1.0, ""expected_observation"": ""runtime types and values at the top candidate frames"", ""safety_level"": ""READ_ONLY_TEST_EXECUTION"", ""timeout_seconds"": 300, ""utility"": 3.265259493641753}]"
bugsinpy-black-18,psf/black,R0,DIAGNOSIS_CANDIDATES,True,,1.0,1.0,1.0,1.0,1.0,1.0,1.0,"[""CONFIGURATION""]",CONFIGURATION,1.0,1.0,1.0,1.0,0.0,0.0,0.0,0.0,20,912,0.9652777777777778,83.649339,0,NOT_REQUESTED,{},EXECUTED_SLICE_GRAPH,"[""function:black.py::lib2to3_parse"",""function:black.py::EmptyLineTracker.maybe_empty_lines"",""function:black.py::get_future_imports"",""function:black.py::is_python36"",""function:black.py::split_line"",""function:blib2to3/pgen2/driver.py::Driver.parse_string"",""function:blib2to3/pgen2/tokenize.py::generate_tokens"",""class:blib2to3/pgen2/driver.py::Driver"",""function:blib2to3/pytree.py::Base.changed"",""function:black.py::EmptyLineTracker._maybe_empty_lines""]",[],[]
bugsinpy-black-18,psf/black,R1,DIAGNOSIS_CANDIDATES,True,,0.0,0.0,1.0,0.08333333333333333,0.0,0.0,1.0,"[""CONFIGURATION""]",CONFIGURATION,0.0,1.0,1.0,1.0,0.0,0.0,0.0,0.0,20,751,0.9652777777777778,46.125434,0,NOT_REQUESTED,{},EXECUTED_SLICE_GRAPH,"[""function:black.py::LineGenerator.visit"",""class:black.py::BracketTracker"",""function:black.py::format_str"",""function:black.py::split_line"",""function:black.py::DebugVisitor.visit_default"",""function:black.py::EmptyLineTracker._maybe_empty_lines"",""function:black.py::Line.__bool__"",""function:black.py::Line.append"",""function:blib2to3/pytree.py::Leaf.prefix"",""function:black.py::LineGenerator.line""]",[],[]
bugsinpy-black-18,psf/black,R3,DIAGNOSIS_CANDIDATES,True,,1.0,1.0,1.0,1.0,1.0,1.0,1.0,"[""CONFIGURATION""]",CONFIGURATION,1.0,1.0,1.0,1.0,0.0,0.0,0.0,0.0,20,2191,0.9652777777777778,126.117786,0,NOT_REQUESTED,{},EXECUTED_SLICE_GRAPH,"[""function:black.py::lib2to3_parse"",""function:black.py::format_file_in_place"",""function:black.py::format_str"",""function:black.py::format_file_contents"",""function:black.py::EmptyLineTracker._maybe_empty_lines"",""function:black.py::split_line"",""function:black.py::EmptyLineTracker.maybe_empty_lines"",""class:black.py::BracketTracker"",""function:black.py::LineGenerator.line"",""function:blib2to3/pgen2/driver.py::Driver.parse_tokens""]",[],[]
bugsinpy-black-18,psf/black,R5,DIAGNOSIS_CANDIDATES,True,,1.0,1.0,1.0,1.0,1.0,1.0,1.0,"[""CONFIGURATION""]",CONFIGURATION,1.0,1.0,1.0,1.0,0.0,0.0,0.0,0.0,20,1952,0.9652777777777778,265.920046,0,NOT_REQUESTED,{},EXECUTED_SLICE_GRAPH,"[""function:black.py::format_file_in_place"",""function:black.py::format_str"",""function:black.py::format_file_contents"",""function:black.py::lib2to3_parse"",""function:black.py::EmptyLineTracker._maybe_empty_lines"",""function:black.py::split_line"",""function:black.py::EmptyLineTracker.maybe_empty_lines"",""class:black.py::BracketTracker"",""function:black.py::LineGenerator.line"",""function:blib2to3/pgen2/driver.py::Driver.parse_tokens""]",[],[]
bugsinpy-black-18,psf/black,R6,DIAGNOSIS_CANDIDATES,True,,1.0,1.0,1.0,1.0,1.0,1.0,1.0,"[""CONFIGURATION""]",CONFIGURATION,1.0,1.0,1.0,1.0,0.0,0.0,0.0,0.0,20,1952,0.9652777777777778,268.923876,1,ACTIVE_EVIDENCE_UNAVAILABLE,"{""contract_after"": ""OUTPUT_FORMAT"", ""contract_before"": ""OUTPUT_FORMAT"", ""reason"": ""probe_did_not_distinguish_candidates""}",EXECUTED_SLICE_GRAPH,"[""function:black.py::format_file_in_place"",""function:black.py::format_str"",""function:black.py::format_file_contents"",""function:black.py::lib2to3_parse"",""function:black.py::EmptyLineTracker._maybe_empty_lines"",""function:black.py::split_line"",""function:black.py::EmptyLineTracker.maybe_empty_lines"",""class:black.py::BracketTracker"",""function:black.py::LineGenerator.line"",""function:blib2to3/pgen2/driver.py::Driver.parse_tokens""]",[],"[{""command"": [""python"", ""-m"", ""pytest"", ""tests/test_black.py"", ""-x"", ""-vv"", ""--showlocals""], ""distinguished_hypotheses"": [""function:black.py::format_file_in_place"", ""function:black.py::format_str"", ""function:black.py::format_file_contents""], ""estimated_cost"": 1.0, ""expected_observation"": ""runtime types and values at the top candidate frames"", ""safety_level"": ""READ_ONLY_TEST_EXECUTION"", ""timeout_seconds"": 300, ""utility"": 3.288375151374644}]"
bugsinpy-thefuck-24,nvbn/thefuck,R0,DIAGNOSIS_CANDIDATES,True,,1.0,1.0,1.0,0.5,1.0,1.0,0.0,"[""DATA_CONTRACT""]",CONFIGURATION,0.0,1.0,1.0,1.0,0.0,0.0,0.0,0.0,6,99,0.9894551845342706,89.037921,0,NOT_REQUESTED,{},GLOBAL_MULTI_OBLIGATION,"[""class:thefuck/conf.py::_DefaultRulesNames"",""class:thefuck/types.py::SortedCorrectedCommandsSequence"",""file:thefuck/__init__.py"",""file:thefuck/logs.py"",""class:thefuck/types.py::RulesNamesList"",""class:thefuck/types.py::Settings""]",[],[]
bugsinpy-thefuck-24,nvbn/thefuck,R1,DIAGNOSIS_CANDIDATES,True,,1.0,1.0,1.0,0.25,0.0,0.0,0.0,"[""DATA_CONTRACT""]",CONFIGURATION,0.0,1.0,1.0,1.0,0.0,0.0,0.0,0.0,20,288,0.9648506151142355,209.810146,0,NOT_REQUESTED,{},GLOBAL_MULTI_OBLIGATION,"[""class:tests/test_types.py::TestCorrectedCommand"",""class:thefuck/types.py::RulesNamesList"",""class:thefuck/conf.py::_DefaultRulesNames"",""class:thefuck/types.py::SortedCorrectedCommandsSequence"",""class:thefuck/types.py::Settings"",""file:thefuck/__init__.py"",""file:thefuck/logs.py"",""function:thefuck/logs.py::color"",""class:tests/test_types.py::TestSortedCorrectedCommandsSequence"",""function:thefuck/conf.py::get_settings""]",[],[]
bugsinpy-thefuck-24,nvbn/thefuck,R3,DIAGNOSIS_CANDIDATES,True,,1.0,1.0,1.0,0.5,1.0,1.0,0.0,"[""DATA_CONTRACT""]",CONFIGURATION,0.0,1.0,1.0,1.0,0.0,0.0,0.0,0.0,20,229,0.9648506151142355,392.122211,0,NOT_REQUESTED,{},GLOBAL_MULTI_OBLIGATION,"[""class:tests/test_types.py::TestCorrectedCommand"",""class:thefuck/types.py::SortedCorrectedCommandsSequence"",""class:thefuck/conf.py::_DefaultRulesNames"",""function:tests/utils.py::CorrectedCommand"",""class:thefuck/types.py::RulesNamesList"",""class:tests/test_types.py::TestSortedCorrectedCommandsSequence"",""class:thefuck/types.py::Settings"",""file:thefuck/__init__.py"",""file:thefuck/logs.py"",""function:thefuck/types.py::SortedCorrectedCommandsSequence._remove_duplicates""]",[],[]
bugsinpy-thefuck-24,nvbn/thefuck,R5,DIAGNOSIS_CANDIDATES,True,,1.0,1.0,1.0,0.5,1.0,1.0,0.0,"[""DATA_CONTRACT""]",CONFIGURATION,0.0,1.0,1.0,1.0,0.0,0.0,0.0,0.0,20,295,0.9648506151142355,1203.428881,0,NOT_REQUESTED,{},GLOBAL_MULTI_OBLIGATION,"[""class:tests/test_types.py::TestCorrectedCommand"",""class:thefuck/types.py::SortedCorrectedCommandsSequence"",""class:thefuck/conf.py::_DefaultRulesNames"",""function:tests/utils.py::CorrectedCommand"",""class:tests/test_types.py::TestSortedCorrectedCommandsSequence"",""class:thefuck/types.py::RulesNamesList"",""class:thefuck/types.py::Settings"",""function:thefuck/types.py::SortedCorrectedCommandsSequence._remove_duplicates"",""function:thefuck/corrector.py::make_corrected_commands"",""function:thefuck/corrector.py::get_corrected_commands""]",[],[]
bugsinpy-thefuck-24,nvbn/thefuck,R6,DIAGNOSIS_CANDIDATES,True,,1.0,1.0,1.0,0.5,1.0,1.0,0.0,"[""DATA_CONTRACT""]",CONFIGURATION,0.0,1.0,1.0,1.0,0.0,0.0,0.0,0.0,20,295,0.9648506151142355,1220.022396,1,ACTIVE_EVIDENCE_UNAVAILABLE,"{""contract_after"": ""API_BEHAVIOR"", ""contract_before"": ""API_BEHAVIOR"", ""reason"": ""probe_did_not_distinguish_candidates""}",GLOBAL_MULTI_OBLIGATION,"[""class:tests/test_types.py::TestCorrectedCommand"",""class:thefuck/types.py::SortedCorrectedCommandsSequence"",""class:thefuck/conf.py::_DefaultRulesNames"",""function:tests/utils.py::CorrectedCommand"",""class:tests/test_types.py::TestSortedCorrectedCommandsSequence"",""class:thefuck/types.py::RulesNamesList"",""class:thefuck/types.py::Settings"",""function:thefuck/types.py::SortedCorrectedCommandsSequence._remove_duplicates"",""function:thefuck/corrector.py::make_corrected_commands"",""function:thefuck/corrector.py::get_corrected_commands""]",[],"[{""command"": [""python"", ""-m"", ""pytest"", ""tests/test_types.py::TestCorrectedCommand::test_equality"", ""-x"", ""-vv"", ""--showlocals""], ""distinguished_hypotheses"": [""class:tests/test_types.py::TestCorrectedCommand"", ""class:thefuck/types.py::SortedCorrectedCommandsSequence"", ""class:thefuck/conf.py::_DefaultRulesNames""], ""estimated_cost"": 1.0, ""expected_observation"": ""runtime types and values at the top candidate frames"", ""safety_level"": ""READ_ONLY_TEST_EXECUTION"", ""timeout_seconds"": 300, ""utility"": 1.913871101457294}]"
bugsinpy-youtube-dl-13,ytdl-org/youtube-dl,R0,DIAGNOSIS_CONFIRMED,True,,0.0,0.0,0.0,0.0,0.0,0.0,1.0,"[""ARTIFACT_PROVENANCE""]",ARTIFACT_PROVENANCE,0.0,1.0,1.0,1.0,1.0,0.0,0.0,1.0,19,3773,0.9964565460649012,4355.292537,0,NOT_REQUESTED,{},EXECUTED_SLICE_GRAPH,"[""class:youtube_dl/downloader/f4m.py::F4mFD"",""class:youtube_dl/downloader/hls.py::HlsFD"",""class:youtube_dl/downloader/rtmp.py::RtmpFD"",""class:youtube_dl/extractor/pladform.py::PladformIE"",""class:youtube_dl/extractor/twitch.py::TwitchBaseIE"",""class:youtube_dl/extractor/viewlift.py::ViewLiftIE"",""class:youtube_dl/YoutubeDL.py::YoutubeDL"",""file:youtube_dl/__init__.py"",""class:youtube_dl/aes.py::aes_decrypt_text.Counter"",""class:youtube_dl/cache.py::Cache""]",[],[]
bugsinpy-youtube-dl-13,ytdl-org/youtube-dl,R1,DIAGNOSIS_CANDIDATES,True,,0.0,0.0,0.0,0.0,0.0,0.0,1.0,"[""ARTIFACT_PROVENANCE""]",ARTIFACT_PROVENANCE,0.0,1.0,1.0,1.0,0.0,0.0,0.0,0.0,20,1188,0.9962700484893696,43.540796,0,NOT_REQUESTED,{},EXECUTED_SLICE_GRAPH,"[""class:youtube_dl/utils.py::ContentTooShortError"",""class:youtube_dl/extractor/zattoo.py::BBVTVIE"",""class:youtube_dl/extractor/daum.py::DaumClipIE"",""class:youtube_dl/extractor/youtube.py::YoutubeBaseInfoExtractor"",""class:youtube_dl/extractor/twitch.py::TwitchAllVideosIE"",""function:youtube_dl/extractor/common.py::InfoExtractor.ie_key"",""class:youtube_dl/extractor/arte.py::ArteTVBaseIE"",""class:youtube_dl/extractor/npo.py::AndereTijdenIE"",""class:youtube_dl/extractor/nrk.py::NRKBaseIE"",""function:youtube_dl/extractor/zattoo.py::_make_valid_url""]",[],[]
bugsinpy-youtube-dl-13,ytdl-org/youtube-dl,R3,DIAGNOSIS_CONFIRMED,True,,1.0,1.0,1.0,1.0,1.0,1.0,1.0,"[""ARTIFACT_PROVENANCE""]",ARTIFACT_PROVENANCE,1.0,1.0,1.0,1.0,1.0,0.0,1.0,0.0,20,5900,0.9962700484893696,3240.847517,0,NOT_REQUESTED,{},EXECUTED_SLICE_GRAPH,"[""function:youtube_dl/utils.py::urljoin"",""class:youtube_dl/downloader/rtmp.py::RtmpFD"",""class:youtube_dl/utils.py::ContentTooShortError"",""class:youtube_dl/downloader/f4m.py::F4mFD"",""class:youtube_dl/downloader/common.py::FileDownloader"",""class:youtube_dl/downloader/hls.py::HlsFD"",""class:youtube_dl/extractor/vimeo.py::VHXEmbedIE"",""class:youtube_dl/extractor/zattoo.py::BBVTVIE"",""class:youtube_dl/extractor/pladform.py::PladformIE"",""class:youtube_dl/extractor/youtube.py::YoutubeBaseInfoExtractor""]",[],[]
bugsinpy-youtube-dl-13,ytdl-org/youtube-dl,R5,DIAGNOSIS_CONFIRMED,True,,1.0,1.0,1.0,1.0,1.0,1.0,1.0,"[""ARTIFACT_PROVENANCE""]",ARTIFACT_PROVENANCE,1.0,1.0,1.0,1.0,1.0,0.0,1.0,0.0,20,5349,0.9962700484893696,233.341896,0,NOT_REQUESTED,{},EXECUTED_SLICE_GRAPH,"[""function:youtube_dl/utils.py::urljoin"",""class:youtube_dl/downloader/rtmp.py::RtmpFD"",""class:youtube_dl/utils.py::ContentTooShortError"",""class:youtube_dl/downloader/f4m.py::F4mFD"",""class:youtube_dl/downloader/common.py::FileDownloader"",""function:youtube_dl/extractor/zattoo.py::_make_valid_url"",""class:youtube_dl/downloader/hls.py::HlsFD"",""class:youtube_dl/extractor/vimeo.py::VHXEmbedIE"",""class:youtube_dl/extractor/zattoo.py::BBVTVIE"",""class:youtube_dl/extractor/youtube.py::YoutubeBaseInfoExtractor""]",[],[]
bugsinpy-youtube-dl-13,ytdl-org/youtube-dl,R6,DIAGNOSIS_CONFIRMED,True,,1.0,1.0,1.0,1.0,1.0,1.0,1.0,"[""ARTIFACT_PROVENANCE""]",ARTIFACT_PROVENANCE,1.0,1.0,1.0,1.0,1.0,0.0,1.0,0.0,20,5349,0.9962700484893696,237.345919,1,ACTIVE_EVIDENCE_UNAVAILABLE,"{""contract_after"": ""ARTIFACT_PROVENANCE"", ""contract_before"": ""ARTIFACT_PROVENANCE"", ""reason"": ""probe_did_not_distinguish_candidates""}",EXECUTED_SLICE_GRAPH,"[""function:youtube_dl/utils.py::urljoin"",""class:youtube_dl/downloader/rtmp.py::RtmpFD"",""class:youtube_dl/utils.py::ContentTooShortError"",""class:youtube_dl/downloader/f4m.py::F4mFD"",""class:youtube_dl/downloader/common.py::FileDownloader"",""function:youtube_dl/extractor/zattoo.py::_make_valid_url"",""class:youtube_dl/downloader/hls.py::HlsFD"",""class:youtube_dl/extractor/vimeo.py::VHXEmbedIE"",""class:youtube_dl/extractor/zattoo.py::BBVTVIE"",""class:youtube_dl/extractor/youtube.py::YoutubeBaseInfoExtractor""]",[],"[{""command"": [""python"", ""-m"", ""pytest"", ""test/test_utils.py"", ""-x"", ""-vv"", ""--showlocals""], ""distinguished_hypotheses"": [""function:youtube_dl/utils.py::urljoin"", ""class:youtube_dl/downloader/rtmp.py::RtmpFD"", ""class:youtube_dl/utils.py::ContentTooShortError""], ""estimated_cost"": 1.0, ""expected_observation"": ""runtime types and values at the top candidate frames"", ""safety_level"": ""READ_ONLY_TEST_EXECUTION"", ""timeout_seconds"": 300, ""utility"": 2.2984420529599774}]"
bugsinpy-PySnooper-2,cool-RR/PySnooper,R0,DIAGNOSIS_CANDIDATES,True,,1.0,1.0,1.0,0.3333333333333333,1.0,1.0,0.0,"[""DATA_CONTRACT""]",UNKNOWN_CONTRACT,0.0,1.0,1.0,0.0,0.0,0.0,0.0,0.0,12,375,0.9482758620689655,47.113022,0,NOT_REQUESTED,{},EXECUTED_SLICE_GRAPH,"[""file:pysnooper/__init__.py"",""class:pysnooper/pycompat.py::ABC"",""class:pysnooper/tracer.py::FileWriter"",""class:pysnooper/tracer.py::Tracer"",""class:pysnooper/tracer.py::UnavailableSource"",""class:pysnooper/utils.py::WritableStream"",""class:pysnooper/variables.py::Attrs"",""class:pysnooper/variables.py::BaseVariable"",""class:pysnooper/variables.py::CommonVariable"",""class:pysnooper/variables.py::Exploding""]",[],[]
bugsinpy-PySnooper-2,cool-RR/PySnooper,R1,DIAGNOSIS_CANDIDATES,True,,0.0,1.0,1.0,0.14285714285714285,0.0,0.0,0.0,"[""DATA_CONTRACT""]",UNKNOWN_CONTRACT,0.0,1.0,1.0,0.0,0.0,0.0,0.0,0.0,20,619,0.9137931034482758,61.787689,0,NOT_REQUESTED,{},EXECUTED_SLICE_GRAPH,"[""class:pysnooper/variables.py::Attrs"",""class:pysnooper/variables.py::Exploding"",""class:pysnooper/variables.py::Keys"",""class:pysnooper/variables.py::CommonVariable"",""class:pysnooper/variables.py::Indices"",""class:pysnooper/variables.py::BaseVariable"",""class:pysnooper/tracer.py::FileWriter"",""class:pysnooper/utils.py::WritableStream"",""class:pysnooper/tracer.py::UnavailableSource"",""class:pysnooper/tracer.py::Tracer""]",[],[]
bugsinpy-PySnooper-2,cool-RR/PySnooper,R3,DIAGNOSIS_CANDIDATES,True,,1.0,1.0,1.0,0.3333333333333333,1.0,1.0,0.0,"[""DATA_CONTRACT""]",UNKNOWN_CONTRACT,0.0,1.0,1.0,0.0,0.0,0.0,0.0,0.0,20,583,0.9137931034482758,95.787378,0,NOT_REQUESTED,{},EXECUTED_SLICE_GRAPH,"[""class:pysnooper/variables.py::Attrs"",""class:pysnooper/variables.py::Exploding"",""class:pysnooper/tracer.py::FileWriter"",""class:pysnooper/tracer.py::Tracer"",""file:pysnooper/__init__.py"",""class:pysnooper/variables.py::CommonVariable"",""class:pysnooper/variables.py::Keys"",""class:pysnooper/variables.py::Indices"",""class:pysnooper/pycompat.py::ABC"",""function:pysnooper/tracer.py::get_source_from_frame""]",[],[]
bugsinpy-PySnooper-2,cool-RR/PySnooper,R5,DIAGNOSIS_CANDIDATES,True,,1.0,1.0,1.0,0.3333333333333333,1.0,1.0,0.0,"[""DATA_CONTRACT""]",UNKNOWN_CONTRACT,0.0,1.0,1.0,0.0,0.0,0.0,0.0,0.0,20,583,0.9137931034482758,367.296484,0,NOT_REQUESTED,{},EXECUTED_SLICE_GRAPH,"[""class:pysnooper/variables.py::Attrs"",""class:pysnooper/variables.py::Exploding"",""class:pysnooper/tracer.py::FileWriter"",""class:pysnooper/tracer.py::Tracer"",""file:pysnooper/__init__.py"",""class:pysnooper/variables.py::CommonVariable"",""class:pysnooper/variables.py::Keys"",""class:pysnooper/variables.py::Indices"",""class:pysnooper/pycompat.py::ABC"",""class:pysnooper/utils.py::WritableStream""]",[],[]
bugsinpy-PySnooper-2,cool-RR/PySnooper,R6,DIAGNOSIS_CANDIDATES,True,,1.0,1.0,1.0,0.3333333333333333,1.0,1.0,0.0,"[""DATA_CONTRACT""]",UNKNOWN_CONTRACT,0.0,1.0,1.0,0.0,0.0,0.0,0.0,0.0,20,583,0.9137931034482758,369.345901,1,ACTIVE_EVIDENCE_UNAVAILABLE,"{""contract_after"": ""UNKNOWN_CONTRACT"", ""contract_before"": ""UNKNOWN_CONTRACT"", ""reason"": ""probe_did_not_distinguish_candidates""}",EXECUTED_SLICE_GRAPH,"[""class:pysnooper/variables.py::Attrs"",""class:pysnooper/variables.py::Exploding"",""class:pysnooper/tracer.py::FileWriter"",""class:pysnooper/tracer.py::Tracer"",""file:pysnooper/__init__.py"",""class:pysnooper/variables.py::CommonVariable"",""class:pysnooper/variables.py::Keys"",""class:pysnooper/variables.py::Indices"",""class:pysnooper/pycompat.py::ABC"",""class:pysnooper/utils.py::WritableStream""]",[],"[{""command"": [""python"", ""-m"", ""pytest"", ""tests/test_pysnooper.py::test_custom_repr_single"", ""-x"", ""-vv"", ""--showlocals""], ""distinguished_hypotheses"": [""class:pysnooper/variables.py::Attrs"", ""class:pysnooper/variables.py::Exploding"", ""class:pysnooper/tracer.py::FileWriter""], ""estimated_cost"": 1.0, ""expected_observation"": ""runtime types and values at the top candidate frames"", ""safety_level"": ""READ_ONLY_TEST_EXECUTION"", ""timeout_seconds"": 300, ""utility"": 2.7163071112800354}]"
bugsinpy-pandas-73,pandas-dev/pandas,R0,DIAGNOSIS_CONFIRMED,True,,1.0,1.0,1.0,1.0,1.0,1.0,1.0,"[""CONFIGURATION"", ""DATA_CONTRACT""]",DATA_CONTRACT,1.0,1.0,1.0,1.0,1.0,0.0,1.0,0.0,20,13652,0.9982192146736711,11289.482104,0,NOT_REQUESTED,{},DATAFLOW_ASSERTION,"[""class:pandas/core/frame.py::DataFrame"",""class:pandas/core/series.py::Series"",""function:pandas/core/ops/__init__.py::_arith_method_FRAME.f"",""function:pandas/_testing.py::assert_frame_equal"",""function:pandas/core/base.py::IndexOpsMixin.__iter__"",""function:pandas/core/frame.py::DataFrame.__init__"",""function:pandas/core/series.py::Series.__init__"",""function:pandas/core/generic.py::NDFrame._get_axis_number"",""function:pandas/core/ops/__init__.py::_align_method_FRAME"",""function:pandas/core/ops/__init__.py::_combine_series_frame""]",[],[]
bugsinpy-pandas-73,pandas-dev/pandas,R1,DIAGNOSIS_CONFIRMED,True,,0.0,1.0,1.0,0.1,0.0,0.0,1.0,"[""CONFIGURATION"", ""DATA_CONTRACT""]",DATA_CONTRACT,0.0,1.0,1.0,1.0,1.0,0.0,0.0,1.0,20,18495,0.9982192146736711,97.653688,0,NOT_REQUESTED,{},DATAFLOW_ASSERTION,"[""class:pandas/tests/frame/test_arithmetic.py::TestFrameArithmetic"",""function:pandas/util/_decorators.py::Appender.__init__"",""function:pandas/util/_decorators.py::Appender.__call__"",""class:pandas/tseries/offsets.py::BQuarterBegin"",""function:pandas/compat/__init__.py::set_function_name"",""class:pandas/io/pytables.py::AppendableFrameTable"",""function:pandas/core/dtypes/generic.py::create_pandas_abc_type._check"",""class:pandas/core/internals/blocks.py::Block"",""class:pandas/core/indexes/interval.py::IntervalIndex"",""class:pandas/core/frame.py::DataFrame""]",[],[]
bugsinpy-pandas-73,pandas-dev/pandas,R3,DIAGNOSIS_CONFIRMED,True,,1.0,1.0,1.0,1.0,1.0,1.0,1.0,"[""CONFIGURATION"", ""DATA_CONTRACT""]",DATA_CONTRACT,1.0,1.0,1.0,1.0,1.0,0.0,1.0,0.0,20,28063,0.9982192146736711,8405.173903,0,NOT_REQUESTED,{},DATAFLOW_ASSERTION,"[""class:pandas/core/frame.py::DataFrame"",""class:pandas/tests/frame/test_arithmetic.py::TestFrameArithmetic"",""class:pandas/core/series.py::Series"",""class:pandas/tests/frame/test_arithmetic.py::TestFrameFlexArithmetic"",""function:pandas/_testing.py::assert_frame_equal"",""function:pandas/util/_decorators.py::Appender.__call__"",""class:pandas/io/pytables.py::AppendableFrameTable"",""class:pandas/core/indexes/base.py::Index"",""class:pandas/core/internals/blocks.py::Block"",""class:pandas/core/indexes/interval.py::IntervalIndex""]",[],[]
bugsinpy-pandas-73,pandas-dev/pandas,R5,DIAGNOSIS_CONFIRMED,True,,1.0,1.0,1.0,1.0,1.0,1.0,1.0,"[""CONFIGURATION"", ""DATA_CONTRACT""]",DATA_CONTRACT,1.0,1.0,1.0,1.0,1.0,0.0,1.0,0.0,20,28904,0.9982192146736711,574.727053,0,NOT_REQUESTED,{},DATAFLOW_ASSERTION,"[""class:pandas/core/frame.py::DataFrame"",""class:pandas/tests/frame/test_arithmetic.py::TestFrameArithmetic"",""class:pandas/tests/frame/test_arithmetic.py::TestFrameFlexArithmetic"",""class:pandas/core/series.py::Series"",""function:pandas/_testing.py::assert_frame_equal"",""function:pandas/core/dtypes/common.py::is_extension_array_dtype"",""class:pandas/io/pytables.py::AppendableFrameTable"",""function:pandas/core/dtypes/generic.py::create_pandas_abc_type._check"",""function:pandas/core/frame.py::DataFrame.__init__"",""class:pandas/core/arrays/categorical.py::Categorical""]",[],[]
bugsinpy-pandas-73,pandas-dev/pandas,R6,DIAGNOSIS_CONFIRMED,True,,1.0,1.0,1.0,1.0,1.0,1.0,1.0,"[""CONFIGURATION"", ""DATA_CONTRACT""]",DATA_CONTRACT,1.0,1.0,1.0,1.0,1.0,0.0,1.0,0.0,20,28904,0.9982192146736711,566.640988,1,ACTIVE_EVIDENCE_UNAVAILABLE,"{""contract_after"": ""DATA_TYPE"", ""contract_before"": ""DATA_TYPE"", ""reason"": ""probe_did_not_distinguish_candidates""}",DATAFLOW_ASSERTION,"[""class:pandas/core/frame.py::DataFrame"",""class:pandas/tests/frame/test_arithmetic.py::TestFrameArithmetic"",""class:pandas/tests/frame/test_arithmetic.py::TestFrameFlexArithmetic"",""class:pandas/core/series.py::Series"",""function:pandas/_testing.py::assert_frame_equal"",""function:pandas/core/dtypes/common.py::is_extension_array_dtype"",""class:pandas/io/pytables.py::AppendableFrameTable"",""function:pandas/core/dtypes/generic.py::create_pandas_abc_type._check"",""function:pandas/core/frame.py::DataFrame.__init__"",""class:pandas/core/arrays/categorical.py::Categorical""]",[],"[{""command"": [""python"", ""-m"", ""pytest"", ""pandas/tests/frame/test_arithmetic.py::TestFrameFlexArithmetic::test_floordiv_axis0"", ""-x"", ""-vv"", ""--showlocals""], ""distinguished_hypotheses"": [""class:pandas/core/frame.py::DataFrame"", ""class:pandas/tests/frame/test_arithmetic.py::TestFrameArithmetic"", ""class:pandas/tests/frame/test_arithmetic.py::TestFrameFlexArithmetic""], ""estimated_cost"": 1.0, ""expected_observation"": ""runtime types and values at the top candidate frames"", ""safety_level"": ""READ_ONLY_TEST_EXECUTION"", ""timeout_seconds"": 300, ""utility"": 2.9158789372107323}]"
bugsinpy-httpie-3,jakubroztocil/httpie,R0,DIAGNOSIS_CANDIDATES,True,,0.0,0.0,0.0,0.0,0.0,0.0,1.0,"[""CONFIGURATION""]",CONFIGURATION,0.0,1.0,1.0,1.0,0.0,0.0,0.0,0.0,20,513,0.9479166666666666,156.611594,0,NOT_REQUESTED,{},CONFIGURATION_MATCHER,"[""function:httpie/core.py::main"",""function:httpie/plugins/manager.py::PluginManager.load_installed_plugins"",""function:httpie/core.py::decode_args"",""function:httpie/downloads.py::Download.failed"",""function:httpie/downloads.py::Download.pre_request"",""function:httpie/input.py::HTTPieArgumentParser.parse_args"",""class:httpie/context.py::Environment"",""function:httpie/client.py::get_requests_session"",""function:httpie/input.py::HTTPieArgumentParser._process_output_options"",""function:httpie/input.py::HTTPieArgumentParser._setup_standard_streams""]",[],[]
bugsinpy-httpie-3,jakubroztocil/httpie,R1,DIAGNOSIS_CANDIDATES,True,,0.0,0.0,0.0,0.0,0.0,0.0,1.0,"[""CONFIGURATION""]",CONFIGURATION,0.0,1.0,1.0,1.0,0.0,0.0,0.0,0.0,20,647,0.9479166666666666,123.456894,0,NOT_REQUESTED,{},CONFIGURATION_MATCHER,"[""function:httpie/core.py::main"",""class:httpie/input.py::AuthCredentials"",""class:httpie/downloads.py::ContentRangeError"",""function:httpie/sessions.py::get_response"",""function:httpie/client.py::get_response"",""function:tests/utils.py::http"",""function:httpie/input.py::HTTPieArgumentParser.parse_args"",""function:httpie/context.py::Environment.config"",""function:httpie/client.py::get_requests_kwargs"",""function:httpie/client.py::get_requests_session""]",[],[]
bugsinpy-httpie-3,jakubroztocil/httpie,R3,DIAGNOSIS_CANDIDATES,True,,1.0,1.0,1.0,0.2,0.0,0.0,1.0,"[""CONFIGURATION""]",CONFIGURATION,0.0,1.0,1.0,1.0,0.0,0.0,0.0,0.0,20,838,0.9479166666666666,229.076048,0,NOT_REQUESTED,{},CONFIGURATION_MATCHER,"[""function:httpie/core.py::main"",""function:httpie/sessions.py::get_response"",""function:httpie/client.py::get_response"",""class:httpie/input.py::AuthCredentials"",""function:httpie/sessions.py::Session.update_headers"",""class:httpie/downloads.py::ContentRangeError"",""function:httpie/input.py::HTTPieArgumentParser.parse_args"",""class:httpie/output/formatters/xml.py::XMLFormatter"",""function:tests/utils.py::http"",""function:httpie/core.py::decode_args""]",[],[]
bugsinpy-httpie-3,jakubroztocil/httpie,R5,DIAGNOSIS_CANDIDATES,True,,1.0,1.0,1.0,0.25,0.0,0.0,1.0,"[""CONFIGURATION""]",CONFIGURATION,0.0,1.0,1.0,1.0,0.0,0.0,0.0,0.0,20,602,0.9479166666666666,756.304699,0,NOT_REQUESTED,{},CONFIGURATION_MATCHER,"[""function:httpie/core.py::main"",""function:httpie/sessions.py::get_response"",""function:httpie/client.py::get_response"",""function:httpie/sessions.py::Session.update_headers"",""class:httpie/input.py::AuthCredentials"",""class:httpie/downloads.py::ContentRangeError"",""function:httpie/client.py::get_requests_session"",""function:httpie/core.py::decode_args"",""function:httpie/downloads.py::Download.pre_request"",""function:httpie/input.py::HTTPieArgumentParser.parse_args""]",[],[]
bugsinpy-httpie-3,jakubroztocil/httpie,R6,DIAGNOSIS_CANDIDATES,True,,1.0,1.0,1.0,0.25,0.0,0.0,1.0,"[""CONFIGURATION""]",CONFIGURATION,0.0,1.0,1.0,1.0,0.0,0.0,0.0,0.0,20,602,0.9479166666666666,748.579548,1,ACTIVE_EVIDENCE_APPLIED,"{""contract_after"": ""PROTOCOL_RESPONSE"", ""contract_before"": ""PROTOCOL_RESPONSE"", ""entropy_after"": ""0.973378042"", ""entropy_before"": ""0.880496027"", ""event_id"": ""trace-85ccb611df70fdbefdb08869"", ""event_kind"": ""traceback_frame"", ""observed_node"": ""function:httpie/client.py::get_response"", ""rank_after"": ""3"", ""rank_before"": ""3""}",CONFIGURATION_MATCHER,"[""function:httpie/core.py::main"",""function:httpie/sessions.py::get_response"",""function:httpie/client.py::get_response"",""function:httpie/sessions.py::Session.update_headers"",""class:httpie/input.py::AuthCredentials"",""class:httpie/downloads.py::ContentRangeError"",""function:httpie/client.py::get_requests_session"",""function:httpie/core.py::decode_args"",""function:httpie/downloads.py::Download.pre_request"",""function:httpie/input.py::HTTPieArgumentParser.parse_args""]",[],"[{""command"": [""python"", ""-m"", ""pytest"", ""tests/test_sessions.py::TestSession::test_download_in_session"", ""-x"", ""-vv"", ""--showlocals""], ""distinguished_hypotheses"": [""function:httpie/core.py::main"", ""function:httpie/sessions.py::get_response"", ""function:httpie/client.py::get_response""], ""estimated_cost"": 1.0, ""expected_observation"": ""runtime types and values at the top candidate frames"", ""safety_level"": ""READ_ONLY_TEST_EXECUTION"", ""timeout_seconds"": 300, ""utility"": 2.920134126902358}]"
bugsinpy-fastapi-6,tiangolo/fastapi,R0,DIAGNOSIS_CANDIDATES,True,,1.0,1.0,1.0,0.5,1.0,1.0,0.0,"[""DATA_CONTRACT""]",CONFIGURATION,0.0,1.0,1.0,1.0,0.0,0.0,0.0,0.0,20,2456,0.9866577718478986,385.034376,0,NOT_REQUESTED,{},GLOBAL_MULTI_OBLIGATION,"[""function:fastapi/dependencies/utils.py::request_params_to_args"",""function:fastapi/dependencies/utils.py::request_body_to_args"",""class:fastapi/applications.py::FastAPI"",""function:fastapi/applications.py::FastAPI.post"",""class:fastapi/dependencies/models.py::Dependant"",""function:fastapi/dependencies/models.py::Dependant.__init__"",""function:fastapi/dependencies/utils.py::get_dependant"",""function:fastapi/dependencies/utils.py::solve_dependencies"",""function:fastapi/encoders.py::generate_encoders_by_class_tuples"",""function:fastapi/encoders.py::jsonable_encoder""]",[],[]
bugsinpy-fastapi-6,tiangolo/fastapi,R1,DIAGNOSIS_CANDIDATES,True,,0.0,0.0,0.0,0.0,0.0,0.0,0.0,"[""DATA_CONTRACT""]",CONFIGURATION,0.0,1.0,1.0,1.0,0.0,0.0,0.0,0.0,20,1371,0.9866577718478986,211.837221,0,NOT_REQUESTED,{},GLOBAL_MULTI_OBLIGATION,"[""class:fastapi/openapi/models.py::APIKey"",""file:tests/test_forms_from_non_typing_sequences.py"",""function:fastapi/param_functions.py::Form"",""function:fastapi/applications.py::FastAPI.__init__"",""function:fastapi/routing.py::APIRoute.__init__"",""function:fastapi/dependencies/utils.py::get_dependant"",""function:fastapi/utils.py::get_field_info"",""class:fastapi/params.py::Body"",""function:fastapi/dependencies/utils.py::get_body_field"",""class:fastapi/security/oauth2.py::OAuth2""]",[],[]
bugsinpy-fastapi-6,tiangolo/fastapi,R3,DIAGNOSIS_CANDIDATES,True,,0.0,1.0,1.0,0.1111111111111111,0.0,0.0,0.0,"[""DATA_CONTRACT""]",CONFIGURATION,0.0,1.0,1.0,1.0,0.0,0.0,0.0,0.0,20,2501,0.9866577718478986,703.741338,0,NOT_REQUESTED,{},GLOBAL_MULTI_OBLIGATION,"[""class:fastapi/applications.py::FastAPI"",""file:tests/test_forms_from_non_typing_sequences.py"",""function:fastapi/applications.py::FastAPI.post"",""function:fastapi/routing.py::APIRoute.__init__"",""function:fastapi/dependencies/utils.py::request_params_to_args"",""function:fastapi/param_functions.py::Form"",""function:fastapi/dependencies/utils.py::get_dependant"",""function:fastapi/dependencies/utils.py::solve_dependencies"",""function:fastapi/dependencies/utils.py::request_body_to_args"",""function:fastapi/routing.py::APIRouter.post""]",[],[]
bugsinpy-fastapi-6,tiangolo/fastapi,R5,DIAGNOSIS_CANDIDATES,True,,1.0,1.0,1.0,0.5,1.0,1.0,0.0,"[""DATA_CONTRACT""]",CONFIGURATION,0.0,1.0,1.0,1.0,0.0,0.0,0.0,0.0,20,2251,0.9866577718478986,1264.953469,0,NOT_REQUESTED,{},GLOBAL_MULTI_OBLIGATION,"[""function:fastapi/dependencies/utils.py::request_params_to_args"",""function:fastapi/dependencies/utils.py::request_body_to_args"",""function:fastapi/routing.py::APIRouter.post"",""class:fastapi/applications.py::FastAPI"",""file:tests/test_forms_from_non_typing_sequences.py"",""function:fastapi/routing.py::APIRouter.add_api_route"",""function:fastapi/applications.py::FastAPI.post"",""function:fastapi/routing.py::APIRouter.api_route"",""function:fastapi/routing.py::APIRouter.api_route.decorator"",""function:fastapi/dependencies/utils.py::get_body_field""]",[],[]
bugsinpy-fastapi-6,tiangolo/fastapi,R6,DIAGNOSIS_CANDIDATES,True,,1.0,1.0,1.0,0.3333333333333333,1.0,1.0,0.0,"[""DATA_CONTRACT""]",CONFIGURATION,0.0,1.0,1.0,1.0,0.0,0.0,0.0,0.0,20,2251,0.9866577718478986,1298.998644,1,ACTIVE_EVIDENCE_APPLIED,"{""contract_after"": ""PROTOCOL_RESPONSE"", ""contract_before"": ""PROTOCOL_RESPONSE"", ""entropy_after"": ""1.073921096"", ""entropy_before"": ""1.085994535"", ""event_id"": ""trace-499c5aa93db7ab20e91fe7fc"", ""event_kind"": ""traceback_frame"", ""observed_node"": ""file:tests/test_forms_from_non_typing_sequences.py"", ""rank_after"": ""1"", ""rank_before"": ""5""}",GLOBAL_MULTI_OBLIGATION,"[""file:tests/test_forms_from_non_typing_sequences.py"",""function:fastapi/dependencies/utils.py::request_params_to_args"",""function:fastapi/dependencies/utils.py::request_body_to_args"",""function:fastapi/routing.py::APIRouter.post"",""class:fastapi/applications.py::FastAPI"",""function:fastapi/routing.py::APIRouter.add_api_route"",""function:fastapi/applications.py::FastAPI.post"",""function:fastapi/routing.py::APIRouter.api_route"",""function:fastapi/routing.py::APIRouter.api_route.decorator"",""function:fastapi/dependencies/utils.py::get_body_field""]",[],"[{""command"": [""python"", ""-m"", ""pytest"", ""tests/test_forms_from_non_typing_sequences.py::test_python_list_param_as_form"", ""-x"", ""-vv"", ""--showlocals""], ""distinguished_hypotheses"": [""file:tests/test_forms_from_non_typing_sequences.py"", ""function:fastapi/dependencies/utils.py::request_params_to_args"", ""function:fastapi/dependencies/utils.py::request_body_to_args""], ""estimated_cost"": 1.0, ""expected_observation"": ""runtime types and values at the top candidate frames"", ""safety_level"": ""READ_ONLY_TEST_EXECUTION"", ""timeout_seconds"": 300, ""utility"": 3.221763287207086}]"
bugsinpy-tornado-15,tornadoweb/tornado,R0,DIAGNOSIS_CANDIDATES,True,,0.0,0.0,0.0,0.0,0.0,0.0,1.0,"[""ARTIFACT_PROVENANCE"", ""CONFIGURATION""]",CONFIGURATION,0.0,1.0,1.0,1.0,0.0,0.0,0.0,0.0,20,634,0.9935421375524701,529.838829,0,NOT_REQUESTED,{},EXECUTED_SLICE_GRAPH,"[""class:tornado/ioloop.py::PollIOLoop"",""function:tornado/web.py::RequestHandler.clear"",""file:tornado/__init__.py"",""class:tornado/concurrent.py::DummyExecutor"",""function:tornado/concurrent.py::DummyExecutor.submit"",""class:tornado/concurrent.py::Future"",""function:tornado/concurrent.py::Future.__del__"",""function:tornado/concurrent.py::Future.__init__"",""function:tornado/concurrent.py::Future._check_done"",""function:tornado/concurrent.py::Future._clear_tb_log""]",[],[]
bugsinpy-tornado-15,tornadoweb/tornado,R1,DIAGNOSIS_CANDIDATES,True,,0.0,0.0,0.0,0.0,0.0,0.0,1.0,"[""ARTIFACT_PROVENANCE"", ""CONFIGURATION""]",CONFIGURATION,0.0,1.0,1.0,1.0,0.0,0.0,0.0,0.0,20,884,0.9935421375524701,78.078292,0,NOT_REQUESTED,{},EXECUTED_SLICE_GRAPH,"[""function:tornado/http1connection.py::HTTP1Connection._read_message"",""function:tornado/gen.py::_argument_adapter.wrapper"",""class:tornado/gen.py::BadYieldError"",""function:tornado/stack_context.py::wrap"",""function:tornado/concurrent.py::Future.set_result"",""function:tornado/concurrent.py::Future.add_done_callback"",""function:tornado/web.py::RequestHandler.finish"",""function:tornado/gen.py::Runner.run"",""class:tornado/web.py::Application"",""function:tornado/web.py::Application.__init__""]",[],[]
bugsinpy-tornado-15,tornadoweb/tornado,R3,DIAGNOSIS_CANDIDATES,True,,0.0,0.0,1.0,0.08333333333333333,0.0,0.0,1.0,"[""ARTIFACT_PROVENANCE"", ""CONFIGURATION""]",CONFIGURATION,0.0,1.0,1.0,1.0,0.0,0.0,0.0,0.0,20,3141,0.9935421375524701,696.243596,0,NOT_REQUESTED,{},EXECUTED_SLICE_GRAPH,"[""function:tornado/testing.py::ExpectLog.__exit__"",""function:tornado/testing.py::_TestMethodWrapper.__call__"",""class:tornado/ioloop.py::PollIOLoop"",""function:tornado/test/web_test.py::StaticFileTest.get_and_head"",""class:tornado/web.py::Application"",""function:tornado/http1connection.py::HTTP1Connection._read_message"",""function:tornado/web.py::RequestHandler.clear"",""class:tornado/web.py::RequestHandler"",""function:tornado/concurrent.py::Future.set_result"",""function:tornado/concurrent.py::Future.result""]",[],[]
bugsinpy-tornado-15,tornadoweb/tornado,R5,DIAGNOSIS_CANDIDATES,True,,0.0,0.0,1.0,0.08333333333333333,0.0,0.0,1.0,"[""ARTIFACT_PROVENANCE"", ""CONFIGURATION""]",CONFIGURATION,0.0,1.0,1.0,1.0,0.0,0.0,0.0,0.0,20,2968,0.9935421375524701,464.839755,0,NOT_REQUESTED,{},EXECUTED_SLICE_GRAPH,"[""function:tornado/testing.py::_TestMethodWrapper.__call__"",""function:tornado/testing.py::ExpectLog.__exit__"",""function:tornado/test/web_test.py::StaticFileTest.get_and_head"",""function:tornado/web.py::RequestHandler.clear"",""function:tornado/concurrent.py::Future.add_done_callback"",""class:tornado/ioloop.py::PollIOLoop"",""function:tornado/web.py::StaticFileHandler.parse_url_path"",""function:tornado/httputil.py::HTTPHeaders.get"",""function:tornado/web.py::StaticFileHandler.get_absolute_path"",""class:tornado/web.py::RequestHandler""]",[],[]
bugsinpy-tornado-15,tornadoweb/tornado,R6,DIAGNOSIS_CANDIDATES,True,,0.0,0.0,1.0,0.08333333333333333,0.0,0.0,1.0,"[""ARTIFACT_PROVENANCE"", ""CONFIGURATION""]",CONFIGURATION,0.0,1.0,1.0,1.0,0.0,0.0,0.0,0.0,20,2968,0.9935421375524701,455.495852,1,ACTIVE_EVIDENCE_UNAVAILABLE,"{""contract_after"": ""API_BEHAVIOR"", ""contract_before"": ""API_BEHAVIOR"", ""reason"": ""probe_did_not_distinguish_candidates""}",EXECUTED_SLICE_GRAPH,"[""function:tornado/testing.py::_TestMethodWrapper.__call__"",""function:tornado/testing.py::ExpectLog.__exit__"",""function:tornado/test/web_test.py::StaticFileTest.get_and_head"",""function:tornado/web.py::RequestHandler.clear"",""function:tornado/concurrent.py::Future.add_done_callback"",""class:tornado/ioloop.py::PollIOLoop"",""function:tornado/web.py::StaticFileHandler.parse_url_path"",""function:tornado/httputil.py::HTTPHeaders.get"",""function:tornado/web.py::StaticFileHandler.get_absolute_path"",""class:tornado/web.py::RequestHandler""]",[],"[{""command"": [""python"", ""-m"", ""pytest"", ""tornado/test/web_test.py"", ""-x"", ""-vv"", ""--showlocals""], ""distinguished_hypotheses"": [""function:tornado/testing.py::_TestMethodWrapper.__call__"", ""function:tornado/testing.py::ExpectLog.__exit__"", ""function:tornado/test/web_test.py::StaticFileTest.get_and_head""], ""estimated_cost"": 1.0, ""expected_observation"": ""runtime types and values at the top candidate frames"", ""safety_level"": ""READ_ONLY_TEST_EXECUTION"", ""timeout_seconds"": 300, ""utility"": 2.7084566011586686}]"
bugsinpy-black-5,psf/black,R0,DIAGNOSIS_CANDIDATES,True,,0.0,1.0,1.0,0.125,0.0,0.0,0.0,"[""CONFIGURATION""]",UNKNOWN_CONTRACT,0.0,1.0,1.0,0.0,0.0,0.0,0.0,0.0,19,1548,0.9713855421686747,83.351185,0,NOT_REQUESTED,{},EXECUTED_SLICE_GRAPH,"[""class:black.py::FileMode"",""class:blib2to3/pgen2/driver.py::Driver"",""function:blib2to3/pgen2/tokenize.py::group"",""class:blib2to3/pgen2/parse.py::ParseError"",""class:blib2to3/pgen2/parse.py::Parser"",""class:black.py::EmptyLineTracker"",""class:black.py::InvalidInput"",""class:black.py::Line"",""class:black.py::LineGenerator"",""class:blib2to3/pytree.py::Node""]",[],[]
bugsinpy-black-5,psf/black,R1,DIAGNOSIS_CANDIDATES,True,,0.0,0.0,0.0,0.0,0.0,0.0,0.0,"[""CONFIGURATION""]",UNKNOWN_CONTRACT,0.0,1.0,1.0,0.0,0.0,0.0,0.0,0.0,20,590,0.9698795180722891,49.658406,0,NOT_REQUESTED,{},EXECUTED_SLICE_GRAPH,"[""class:black.py::BracketTracker"",""class:blib2to3/pytree.py::Base"",""class:blib2to3/pgen2/tokenize.py::StopTokenizing"",""function:blib2to3/pgen2/driver.py::load_grammar"",""function:blib2to3/pgen2/pgen.py::DFAState.__init__"",""function:blib2to3/pgen2/pgen.py::ParserGenerator.parse_item"",""function:blib2to3/pgen2/pgen.py::ParserGenerator.parse_rhs"",""function:blib2to3/pgen2/pgen.py::DFAState.addarc"",""class:blib2to3/pgen2/pgen.py::DFAState"",""function:blib2to3/pgen2/pgen.py::ParserGenerator.parse_atom""]",[],[]
bugsinpy-black-5,psf/black,R3,DIAGNOSIS_CANDIDATES,True,,1.0,1.0,1.0,0.2,0.0,0.0,0.0,"[""CONFIGURATION""]",UNKNOWN_CONTRACT,0.0,1.0,1.0,0.0,0.0,0.0,0.0,0.0,20,3122,0.9698795180722891,147.465666,0,NOT_REQUESTED,{},EXECUTED_SLICE_GRAPH,"[""function:tests/test_black.py::read_data"",""class:blib2to3/pytree.py::Base"",""class:black.py::BracketTracker"",""class:black.py::FileMode"",""class:black.py::Line"",""class:blib2to3/pgen2/driver.py::Driver"",""class:blib2to3/pgen2/parse.py::ParseError"",""class:tests/test_black.py::BlackTestCase"",""function:blib2to3/pgen2/pgen.py::ParserGenerator.parse_atom"",""function:blib2to3/pgen2/tokenize.py::generate_tokens""]",[],[]
bugsinpy-black-5,psf/black,R5,DIAGNOSIS_CANDIDATES,True,,1.0,1.0,1.0,0.2,0.0,0.0,0.0,"[""CONFIGURATION""]",UNKNOWN_CONTRACT,0.0,1.0,1.0,0.0,0.0,0.0,0.0,0.0,20,3122,0.9698795180722891,286.66759,0,NOT_REQUESTED,{},EXECUTED_SLICE_GRAPH,"[""function:tests/test_black.py::read_data"",""class:blib2to3/pytree.py::Base"",""class:black.py::BracketTracker"",""class:black.py::FileMode"",""class:black.py::Line"",""class:blib2to3/pgen2/driver.py::Driver"",""class:blib2to3/pgen2/parse.py::ParseError"",""class:tests/test_black.py::BlackTestCase"",""function:blib2to3/pgen2/pgen.py::ParserGenerator.parse_atom"",""function:blib2to3/pgen2/tokenize.py::generate_tokens""]",[],[]
bugsinpy-black-5,psf/black,R6,DIAGNOSIS_CANDIDATES,True,,1.0,1.0,1.0,0.2,0.0,0.0,0.0,"[""CONFIGURATION""]",UNKNOWN_CONTRACT,0.0,1.0,1.0,0.0,0.0,0.0,0.0,0.0,20,3122,0.9698795180722891,287.655699,1,ACTIVE_EVIDENCE_UNAVAILABLE,"{""contract_after"": ""UNKNOWN_CONTRACT"", ""contract_before"": ""UNKNOWN_CONTRACT"", ""reason"": ""probe_did_not_distinguish_candidates""}",EXECUTED_SLICE_GRAPH,"[""function:tests/test_black.py::read_data"",""class:blib2to3/pytree.py::Base"",""class:black.py::BracketTracker"",""class:black.py::FileMode"",""class:black.py::Line"",""class:blib2to3/pgen2/driver.py::Driver"",""class:blib2to3/pgen2/parse.py::ParseError"",""class:tests/test_black.py::BlackTestCase"",""function:blib2to3/pgen2/pgen.py::ParserGenerator.parse_atom"",""function:blib2to3/pgen2/tokenize.py::generate_tokens""]",[],"[{""command"": [""python"", ""-m"", ""pytest"", ""tests/test_black.py"", ""-x"", ""-vv"", ""--showlocals""], ""distinguished_hypotheses"": [""function:tests/test_black.py::read_data"", ""class:blib2to3/pytree.py::Base"", ""class:black.py::BracketTracker""], ""estimated_cost"": 1.0, ""expected_observation"": ""runtime types and values at the top candidate frames"", ""safety_level"": ""READ_ONLY_TEST_EXECUTION"", ""timeout_seconds"": 300, ""utility"": 2.3136992506825114}]"
bugsinpy-thefuck-9,nvbn/thefuck,R0,DIAGNOSIS_CONFIRMED,True,,1.0,1.0,1.0,0.5,1.0,1.0,1.0,"[""CONFIGURATION""]",CONFIGURATION,1.0,1.0,1.0,1.0,1.0,0.0,1.0,0.0,20,610,0.9745222929936306,207.011815,0,NOT_REQUESTED,{},CONFIGURATION_MATCHER,"[""class:thefuck/types.py::Rule"",""function:thefuck/rules/git_push.py::get_new_command"",""class:thefuck/shells/fish.py::Fish"",""class:thefuck/shells/generic.py::Generic"",""class:thefuck/conf.py::Settings"",""function:thefuck/shells/generic.py::Generic.split_command"",""class:thefuck/shells/zsh.py::Zsh"",""function:thefuck/specific/git.py::git_support"",""class:thefuck/types.py::Command"",""function:thefuck/utils.py::is_app""]",[],[]
bugsinpy-thefuck-9,nvbn/thefuck,R1,DIAGNOSIS_CONFIRMED,True,,1.0,1.0,1.0,0.5,1.0,1.0,1.0,"[""CONFIGURATION""]",CONFIGURATION,1.0,1.0,1.0,1.0,1.0,0.0,1.0,0.0,20,609,0.9745222929936306,161.818193,0,NOT_REQUESTED,{},CONFIGURATION_MATCHER,"[""function:thefuck/specific/git.py::git_support"",""function:thefuck/rules/git_push.py::get_new_command"",""function:thefuck/utils.py::memoize.wrapper"",""function:thefuck/types.py::Command.script_parts"",""function:thefuck/utils.py::is_app"",""function:thefuck/utils.py::replace_argument"",""function:thefuck/utils.py::memoize"",""function:thefuck/shells/generic.py::Generic.split_command"",""class:thefuck/exceptions.py::EmptyCommand"",""class:thefuck/types.py::Command""]",[],[]
bugsinpy-thefuck-9,nvbn/thefuck,R3,DIAGNOSIS_CONFIRMED,True,,1.0,1.0,1.0,1.0,1.0,1.0,1.0,"[""CONFIGURATION""]",CONFIGURATION,1.0,1.0,1.0,1.0,1.0,0.0,1.0,0.0,20,665,0.9745222929936306,369.42876,0,NOT_REQUESTED,{},CONFIGURATION_MATCHER,"[""function:thefuck/rules/git_push.py::get_new_command"",""function:thefuck/specific/git.py::git_support"",""class:thefuck/types.py::Rule"",""file:thefuck/rules/git_push.py"",""class:thefuck/types.py::Command"",""class:thefuck/shells/generic.py::Generic"",""class:thefuck/shells/fish.py::Fish"",""function:thefuck/utils.py::is_app"",""function:thefuck/types.py::Command.script_parts"",""function:thefuck/shells/generic.py::Generic.split_command""]",[],[]
bugsinpy-thefuck-9,nvbn/thefuck,R5,DIAGNOSIS_CONFIRMED,True,,1.0,1.0,1.0,1.0,1.0,1.0,1.0,"[""CONFIGURATION""]",CONFIGURATION,1.0,1.0,1.0,1.0,1.0,0.0,1.0,0.0,20,686,0.9745222929936306,930.445912,0,NOT_REQUESTED,{},CONFIGURATION_MATCHER,"[""function:thefuck/rules/git_push.py::get_new_command"",""function:thefuck/specific/git.py::git_support"",""class:thefuck/types.py::Command"",""class:thefuck/types.py::Rule"",""file:thefuck/rules/git_push.py"",""function:thefuck/types.py::Command.script_parts"",""function:thefuck/shells/generic.py::Generic.split_command"",""class:thefuck/shells/generic.py::Generic"",""class:thefuck/exceptions.py::EmptyCommand"",""class:thefuck/shells/fish.py::Fish""]",[],[]
bugsinpy-thefuck-9,nvbn/thefuck,R6,DIAGNOSIS_CONFIRMED,True,,1.0,1.0,1.0,1.0,1.0,1.0,1.0,"[""CONFIGURATION""]",CONFIGURATION,1.0,1.0,1.0,1.0,1.0,0.0,1.0,0.0,20,686,0.9745222929936306,939.115179,1,ACTIVE_EVIDENCE_APPLIED,"{""contract_after"": ""CONTROL_FLOW"", ""contract_before"": ""CONTROL_FLOW"", ""entropy_after"": ""0.701532240"", ""entropy_before"": ""0.675341089"", ""event_id"": ""trace-e01fd81dd5d2726a9ae2cb58"", ""event_kind"": ""traceback_frame"", ""observed_node"": ""file:thefuck/rules/git_push.py"", ""rank_after"": ""3"", ""rank_before"": ""5""}",CONFIGURATION_MATCHER,"[""function:thefuck/rules/git_push.py::get_new_command"",""function:thefuck/specific/git.py::git_support"",""file:thefuck/rules/git_push.py"",""class:thefuck/types.py::Command"",""class:thefuck/types.py::Rule"",""function:thefuck/types.py::Command.script_parts"",""function:thefuck/shells/generic.py::Generic.split_command"",""class:thefuck/shells/generic.py::Generic"",""class:thefuck/exceptions.py::EmptyCommand"",""class:thefuck/shells/fish.py::Fish""]",[],"[{""command"": [""python"", ""-m"", ""pytest"", ""tests/rules/test_git_push.py::test_get_new_command"", ""-x"", ""-vv"", ""--showlocals""], ""distinguished_hypotheses"": [""function:thefuck/rules/git_push.py::get_new_command"", ""function:thefuck/specific/git.py::git_support"", ""file:thefuck/rules/git_push.py""], ""estimated_cost"": 1.0, ""expected_observation"": ""runtime types and values at the top candidate frames"", ""safety_level"": ""READ_ONLY_TEST_EXECUTION"", ""timeout_seconds"": 300, ""utility"": 2.104596718747816}]"
bugsinpy-youtube-dl-37,ytdl-org/youtube-dl,R0,DIAGNOSIS_CONFIRMED,True,,0.0,0.0,0.0,0.0,0.0,0.0,1.0,"[""SERIALIZATION""]",SERIALIZATION,0.0,1.0,1.0,1.0,1.0,0.0,0.0,1.0,19,2446,0.9884498480243161,347.585625,0,NOT_REQUESTED,{},EXECUTED_SLICE_GRAPH,"[""class:youtube_dl/downloader/rtmp.py::RtmpFD"",""class:youtube_dl/FileDownloader.py::FileDownloader"",""class:youtube_dl/YoutubeDL.py::YoutubeDL"",""file:youtube_dl/__init__.py"",""class:youtube_dl/aes.py::aes_decrypt_text.Counter"",""file:youtube_dl/downloader/__init__.py"",""class:youtube_dl/downloader/common.py::FileDownloader"",""class:youtube_dl/downloader/f4m.py::F4mFD"",""class:youtube_dl/downloader/f4m.py::FlvReader"",""class:youtube_dl/downloader/f4m.py::HttpQuietDownloader""]",[],[]
bugsinpy-youtube-dl-37,ytdl-org/youtube-dl,R1,DIAGNOSIS_CANDIDATES,True,,0.0,0.0,0.0,0.0,0.0,0.0,1.0,"[""SERIALIZATION""]",SERIALIZATION,0.0,1.0,1.0,1.0,0.0,0.0,0.0,0.0,20,1817,0.9878419452887538,57.420889,0,NOT_REQUESTED,{},EXECUTED_SLICE_GRAPH,"[""class:youtube_dl/extractor/youtube.py::YoutubeBaseInfoExtractor"",""class:youtube_dl/utils.py::AttrParser"",""class:youtube_dl/postprocessor/ffmpeg.py::FFmpegEmbedSubtitlePP"",""class:youtube_dl/extractor/arte.py::ArteTVConcertIE"",""class:youtube_dl/extractor/francetv.py::CultureboxIE"",""class:youtube_dl/extractor/vimeo.py::VimeoAlbumIE"",""class:youtube_dl/extractor/dailymotion.py::DailymotionBaseInfoExtractor"",""class:youtube_dl/extractor/rutube.py::RutubeChannelIE"",""class:youtube_dl/extractor/smotri.py::SmotriBroadcastIE"",""class:youtube_dl/extractor/mit.py::MITIE""]",[],[]
bugsinpy-youtube-dl-37,ytdl-org/youtube-dl,R3,DIAGNOSIS_CONFIRMED,True,,1.0,1.0,1.0,1.0,1.0,1.0,1.0,"[""SERIALIZATION""]",SERIALIZATION,1.0,1.0,1.0,1.0,1.0,0.0,1.0,0.0,20,4778,0.9878419452887538,414.704306,0,NOT_REQUESTED,{},EXECUTED_SLICE_GRAPH,"[""function:youtube_dl/utils.py::uppercase_escape"",""class:youtube_dl/downloader/rtmp.py::RtmpFD"",""class:youtube_dl/downloader/common.py::FileDownloader"",""class:youtube_dl/YoutubeDL.py::YoutubeDL"",""class:youtube_dl/extractor/common.py::InfoExtractor"",""class:youtube_dl/utils.py::AttrParser"",""class:youtube_dl/FileDownloader.py::FileDownloader"",""class:test/test_utils.py::TestUtil"",""class:youtube_dl/extractor/youtube.py::YoutubeBaseInfoExtractor"",""class:youtube_dl/downloader/f4m.py::F4mFD""]",[],[]
bugsinpy-youtube-dl-37,ytdl-org/youtube-dl,R5,DIAGNOSIS_CONFIRMED,True,,1.0,1.0,1.0,1.0,1.0,1.0,1.0,"[""SERIALIZATION""]",SERIALIZATION,1.0,1.0,1.0,1.0,1.0,0.0,1.0,0.0,20,4778,0.9878419452887538,313.589322,0,NOT_REQUESTED,{},EXECUTED_SLICE_GRAPH,"[""function:youtube_dl/utils.py::uppercase_escape"",""class:youtube_dl/downloader/rtmp.py::RtmpFD"",""class:youtube_dl/downloader/common.py::FileDownloader"",""class:youtube_dl/YoutubeDL.py::YoutubeDL"",""class:youtube_dl/extractor/common.py::InfoExtractor"",""class:youtube_dl/utils.py::AttrParser"",""class:test/test_utils.py::TestUtil"",""class:youtube_dl/FileDownloader.py::FileDownloader"",""class:youtube_dl/extractor/youtube.py::YoutubeBaseInfoExtractor"",""class:youtube_dl/downloader/f4m.py::F4mFD""]",[],[]
bugsinpy-youtube-dl-37,ytdl-org/youtube-dl,R6,DIAGNOSIS_CONFIRMED,True,,1.0,1.0,1.0,1.0,1.0,1.0,1.0,"[""SERIALIZATION""]",SERIALIZATION,1.0,1.0,1.0,1.0,1.0,0.0,1.0,0.0,20,4778,0.9878419452887538,317.128606,1,ACTIVE_EVIDENCE_UNAVAILABLE,"{""contract_after"": ""SERIALIZATION_FORMAT"", ""contract_before"": ""SERIALIZATION_FORMAT"", ""reason"": ""probe_did_not_distinguish_candidates""}",EXECUTED_SLICE_GRAPH,"[""function:youtube_dl/utils.py::uppercase_escape"",""class:youtube_dl/downloader/rtmp.py::RtmpFD"",""class:youtube_dl/downloader/common.py::FileDownloader"",""class:youtube_dl/YoutubeDL.py::YoutubeDL"",""class:youtube_dl/extractor/common.py::InfoExtractor"",""class:youtube_dl/utils.py::AttrParser"",""class:test/test_utils.py::TestUtil"",""class:youtube_dl/FileDownloader.py::FileDownloader"",""class:youtube_dl/extractor/youtube.py::YoutubeBaseInfoExtractor"",""class:youtube_dl/downloader/f4m.py::F4mFD""]",[],"[{""command"": [""python"", ""-m"", ""pytest"", ""test/test_utils.py"", ""-x"", ""-vv"", ""--showlocals""], ""distinguished_hypotheses"": [""function:youtube_dl/utils.py::uppercase_escape"", ""class:youtube_dl/downloader/rtmp.py::RtmpFD"", ""class:youtube_dl/downloader/common.py::FileDownloader""], ""estimated_cost"": 1.0, ""expected_observation"": ""runtime types and values at the top candidate frames"", ""safety_level"": ""READ_ONLY_TEST_EXECUTION"", ""timeout_seconds"": 300, ""utility"": 0.6955711410872046}]"
bugsinpy-PySnooper-3,cool-RR/PySnooper,R0,DIAGNOSIS_CANDIDATES,True,,1.0,1.0,1.0,0.5,1.0,1.0,1.0,"[""CONFIGURATION""]",CONFIGURATION,1.0,1.0,1.0,1.0,0.0,0.0,0.0,0.0,11,180,0.8674698795180723,50.319627,0,NOT_REQUESTED,{},EXECUTED_SLICE_GRAPH,"[""function:pysnooper/pysnooper.py::snoop"",""function:pysnooper/pysnooper.py::get_write_function"",""function:pysnooper/pysnooper.py::snoop.decorate"",""class:pysnooper/tracer.py::Tracer"",""function:pysnooper/tracer.py::Tracer.__enter__"",""function:pysnooper/tracer.py::Tracer.__init__"",""file:pysnooper/__init__.py"",""class:pysnooper/pycompat.py::ABC"",""file:pysnooper/pysnooper.py"",""function:pysnooper/tracer.py::Tracer.__exit__""]",[],[]
bugsinpy-PySnooper-3,cool-RR/PySnooper,R1,DIAGNOSIS_CANDIDATES,True,,0.0,0.0,1.0,0.08333333333333333,0.0,0.0,1.0,"[""CONFIGURATION""]",CONFIGURATION,0.0,1.0,1.0,1.0,0.0,0.0,0.0,0.0,20,343,0.7590361445783133,84.570612,0,NOT_REQUESTED,{},EXECUTED_SLICE_GRAPH,"[""function:pysnooper/pysnooper.py::snoop.decorate"",""function:pysnooper/tracer.py::Tracer.trace"",""function:pysnooper/tracer.py::Tracer.write"",""file:pysnooper/pysnooper.py"",""function:tests/test_pysnooper.py::test_file_output.my_function"",""class:tests/test_pysnooper.py::test_method_and_prefix.Baz"",""function:pysnooper/tracer.py::Tracer.__enter__"",""function:pysnooper/tracer.py::Tracer.__exit__"",""function:pysnooper/tracer.py::Tracer.__init__"",""function:pysnooper/pysnooper.py::snoop""]",[],[]
bugsinpy-PySnooper-3,cool-RR/PySnooper,R3,DIAGNOSIS_CANDIDATES,True,,0.0,1.0,1.0,0.14285714285714285,0.0,0.0,1.0,"[""CONFIGURATION""]",CONFIGURATION,0.0,1.0,1.0,1.0,0.0,0.0,0.0,0.0,20,371,0.7590361445783133,106.329668,0,NOT_REQUESTED,{},EXECUTED_SLICE_GRAPH,"[""function:pysnooper/pysnooper.py::snoop.decorate"",""function:pysnooper/tracer.py::Tracer.trace"",""function:pysnooper/pysnooper.py::snoop"",""function:tests/test_pysnooper.py::test_file_output.my_function"",""class:pysnooper/tracer.py::Tracer"",""function:pysnooper/tracer.py::Tracer.write"",""function:pysnooper/pysnooper.py::get_write_function"",""class:tests/test_pysnooper.py::test_method_and_prefix.Baz"",""function:pysnooper/tracer.py::Tracer.__enter__"",""function:pysnooper/tracer.py::Tracer.__init__""]",[],[]
bugsinpy-PySnooper-3,cool-RR/PySnooper,R5,DIAGNOSIS_CANDIDATES,True,,0.0,1.0,1.0,0.14285714285714285,0.0,0.0,1.0,"[""CONFIGURATION""]",CONFIGURATION,0.0,1.0,1.0,1.0,0.0,0.0,0.0,0.0,20,371,0.7590361445783133,346.043839,0,NOT_REQUESTED,{},EXECUTED_SLICE_GRAPH,"[""function:pysnooper/pysnooper.py::snoop.decorate"",""function:pysnooper/tracer.py::Tracer.trace"",""function:pysnooper/pysnooper.py::snoop"",""function:tests/test_pysnooper.py::test_file_output.my_function"",""class:pysnooper/tracer.py::Tracer"",""function:pysnooper/tracer.py::Tracer.write"",""function:pysnooper/pysnooper.py::get_write_function"",""class:tests/test_pysnooper.py::test_method_and_prefix.Baz"",""function:pysnooper/tracer.py::Tracer.__enter__"",""function:pysnooper/tracer.py::Tracer.__init__""]",[],[]
bugsinpy-PySnooper-3,cool-RR/PySnooper,R6,DIAGNOSIS_CANDIDATES,True,,0.0,1.0,1.0,0.14285714285714285,0.0,0.0,1.0,"[""CONFIGURATION""]",CONFIGURATION,0.0,1.0,1.0,1.0,0.0,0.0,0.0,0.0,20,371,0.7590361445783133,352.929131,1,ACTIVE_EVIDENCE_APPLIED,"{""contract_after"": ""API_BEHAVIOR"", ""contract_before"": ""API_BEHAVIOR"", ""entropy_after"": ""0.805289043"", ""entropy_before"": ""0.805289043"", ""event_id"": ""trace-0cae2120960519bc10165c22"", ""event_kind"": ""traceback_frame"", ""observed_node"": ""file:pysnooper/pysnooper.py"", ""rank_after"": ""8"", ""rank_before"": ""11""}",EXECUTED_SLICE_GRAPH,"[""function:pysnooper/pysnooper.py::snoop.decorate"",""function:pysnooper/tracer.py::Tracer.trace"",""function:pysnooper/pysnooper.py::snoop"",""function:tests/test_pysnooper.py::test_file_output.my_function"",""class:pysnooper/tracer.py::Tracer"",""function:pysnooper/tracer.py::Tracer.write"",""function:pysnooper/pysnooper.py::get_write_function"",""file:pysnooper/pysnooper.py"",""class:tests/test_pysnooper.py::test_method_and_prefix.Baz"",""function:pysnooper/tracer.py::Tracer.__enter__""]",[],"[{""command"": [""python"", ""-m"", ""pytest"", ""tests/test_pysnooper.py::test_file_output"", ""-x"", ""-vv"", ""--showlocals""], ""distinguished_hypotheses"": [""function:pysnooper/pysnooper.py::snoop.decorate"", ""function:pysnooper/tracer.py::Tracer.trace"", ""function:pysnooper/pysnooper.py::snoop""], ""estimated_cost"": 1.0, ""expected_observation"": ""runtime types and values at the top candidate frames"", ""safety_level"": ""READ_ONLY_TEST_EXECUTION"", ""timeout_seconds"": 300, ""utility"": 2.415867129568734}]"
bugsinpy-pandas-7,pandas-dev/pandas,R0,DIAGNOSIS_CANDIDATES,True,,0.0,0.0,0.0,0.0,0.0,0.0,0.0,"[""CONFIGURATION""]",DATA_CONTRACT,0.0,1.0,1.0,1.0,0.0,0.0,0.0,0.0,20,5266,0.9982233277072045,12637.155134,0,NOT_REQUESTED,{},DATAFLOW_ASSERTION,"[""class:pandas/core/series.py::Series"",""function:pandas/core/series.py::_coerce_method"",""class:pandas/core/accessor.py::CachedAccessor"",""function:pandas/core/generic.py::_doc_parms"",""function:pandas/core/generic.py::_make_cum_function"",""function:pandas/core/generic.py::_make_min_count_stat_function"",""function:pandas/core/generic.py::_make_stat_function"",""function:pandas/core/generic.py::_make_stat_function_ddof"",""function:pandas/core/ops/methods.py::_add_methods"",""function:pandas/core/ops/methods.py::_create_methods""]",[],[]
bugsinpy-pandas-7,pandas-dev/pandas,R1,DIAGNOSIS_CANDIDATES,True,,1.0,1.0,1.0,1.0,1.0,1.0,0.0,"[""CONFIGURATION""]",DATA_CONTRACT,0.0,1.0,1.0,1.0,0.0,0.0,0.0,0.0,20,21014,0.9982233277072045,506.115018,0,NOT_REQUESTED,{},DATAFLOW_ASSERTION,"[""class:pandas/core/indexes/base.py::Index"",""function:pandas/util/_decorators.py::Appender.__call__"",""function:pandas/util/_decorators.py::Appender.__init__"",""function:pandas/core/series.py::Series.__init__"",""class:pandas/tseries/offsets.py::BQuarterBegin"",""function:pandas/core/dtypes/generic.py::create_pandas_abc_type._check"",""function:pandas/core/indexes/extension.py::inherit_from_data.fget"",""function:pandas/core/indexes/base.py::ensure_index"",""function:pandas/core/dtypes/common.py::is_extension_array_dtype"",""function:pandas/compat/__init__.py::set_function_name""]",[],[]
bugsinpy-pandas-7,pandas-dev/pandas,R3,DIAGNOSIS_CANDIDATES,True,,1.0,1.0,1.0,0.5,1.0,1.0,0.0,"[""CONFIGURATION""]",DATA_CONTRACT,0.0,1.0,1.0,1.0,0.0,0.0,0.0,0.0,20,25362,0.9982233277072045,15989.287259,0,NOT_REQUESTED,{},DATAFLOW_ASSERTION,"[""function:pandas/core/indexes/base.py::Index.get_indexer"",""class:pandas/core/indexes/base.py::Index"",""function:pandas/core/indexes/base.py::Index.reindex"",""class:pandas/core/series.py::Series"",""function:pandas/core/frame.py::DataFrame._reindex_index"",""class:pandas/tests/frame/indexing/test_indexing.py::TestDataFrameIndexing"",""function:pandas/core/frame.py::DataFrame._reindex_axes"",""function:pandas/core/generic.py::NDFrame.reindex"",""function:pandas/core/frame.py::DataFrame.reindex"",""class:pandas/core/frame.py::DataFrame""]",[],[]
bugsinpy-pandas-7,pandas-dev/pandas,R5,DIAGNOSIS_CANDIDATES,True,,1.0,1.0,1.0,0.5,1.0,1.0,0.0,"[""CONFIGURATION""]",DATA_CONTRACT,0.0,1.0,1.0,1.0,0.0,0.0,0.0,0.0,20,23996,0.9982233277072045,3043.049352,0,NOT_REQUESTED,{},DATAFLOW_ASSERTION,"[""function:pandas/core/indexes/base.py::Index.get_indexer"",""class:pandas/core/indexes/base.py::Index"",""function:pandas/core/indexes/base.py::Index.reindex"",""class:pandas/core/series.py::Series"",""function:pandas/core/frame.py::DataFrame._reindex_index"",""class:pandas/tests/frame/indexing/test_indexing.py::TestDataFrameIndexing"",""function:pandas/core/frame.py::DataFrame._reindex_axes"",""function:pandas/core/generic.py::NDFrame.reindex"",""function:pandas/core/frame.py::DataFrame.reindex"",""class:pandas/core/frame.py::DataFrame""]",[],[]
bugsinpy-pandas-7,pandas-dev/pandas,R6,DIAGNOSIS_CANDIDATES,True,,1.0,1.0,1.0,0.5,1.0,1.0,0.0,"[""CONFIGURATION""]",DATA_CONTRACT,0.0,1.0,1.0,1.0,0.0,0.0,0.0,0.0,20,23996,0.9982233277072045,3093.969116,1,ACTIVE_EVIDENCE_UNAVAILABLE,"{""contract_after"": ""DATA_TYPE"", ""contract_before"": ""DATA_TYPE"", ""reason"": ""probe_did_not_distinguish_candidates""}",DATAFLOW_ASSERTION,"[""function:pandas/core/indexes/base.py::Index.get_indexer"",""class:pandas/core/indexes/base.py::Index"",""function:pandas/core/indexes/base.py::Index.reindex"",""class:pandas/core/series.py::Series"",""function:pandas/core/frame.py::DataFrame._reindex_index"",""class:pandas/tests/frame/indexing/test_indexing.py::TestDataFrameIndexing"",""function:pandas/core/frame.py::DataFrame._reindex_axes"",""function:pandas/core/generic.py::NDFrame.reindex"",""function:pandas/core/frame.py::DataFrame.reindex"",""class:pandas/core/frame.py::DataFrame""]",[],"[{""command"": [""python"", ""-m"", ""pytest"", ""pandas/tests/frame/indexing/test_indexing.py::TestDataFrameIndexing::test_reindex_nearest_tz"", ""-x"", ""-vv"", ""--showlocals""], ""distinguished_hypotheses"": [""function:pandas/core/indexes/base.py::Index.get_indexer"", ""class:pandas/core/indexes/base.py::Index"", ""function:pandas/core/indexes/base.py::Index.reindex""], ""estimated_cost"": 1.0, ""expected_observation"": ""runtime types and values at the top candidate frames"", ""safety_level"": ""READ_ONLY_TEST_EXECUTION"", ""timeout_seconds"": 300, ""utility"": 3.188821219809526}]"
bugsinpy-httpie-4,jakubroztocil/httpie,R0,DIAGNOSIS_CONFIRMED,True,,0.0,0.0,0.0,0.0,0.0,0.0,1.0,"[""CONFIGURATION""]",CONFIGURATION,0.0,1.0,1.0,1.0,1.0,0.0,0.0,1.0,20,691,0.9423631123919308,224.97317,0,NOT_REQUESTED,{},EXECUTED_SLICE_GRAPH,"[""function:httpie/core.py::main"",""function:httpie/output/streams.py::write"",""function:httpie/plugins/manager.py::PluginManager.load_installed_plugins"",""function:httpie/core.py::decode_args"",""function:httpie/input.py::Parser.parse_args"",""function:httpie/output/streams.py::build_output_stream"",""class:httpie/context.py::Environment"",""function:httpie/config.py::BaseConfigDict.save"",""class:httpie/downloads.py::Download"",""function:httpie/client.py::get_requests_kwargs""]",[],[]
bugsinpy-httpie-4,jakubroztocil/httpie,R1,DIAGNOSIS_CONFIRMED,True,,0.0,0.0,0.0,0.0,0.0,0.0,1.0,"[""CONFIGURATION""]",CONFIGURATION,0.0,1.0,1.0,1.0,1.0,0.0,0.0,1.0,20,609,0.9423631123919308,190.881436,0,NOT_REQUESTED,{},EXECUTED_SLICE_GRAPH,"[""class:httpie/input.py::AuthCredentials"",""class:httpie/downloads.py::ContentRangeError"",""class:httpie/input.py::KeyValueArgType"",""function:httpie/input.py::Parser.parse_args"",""function:httpie/core.py::main"",""class:httpie/output/streams.py::BaseStream"",""function:httpie/output/processing.py::Formatting.__init__"",""function:httpie/context.py::Environment.__init__"",""class:httpie/cli.py::HTTPieHelpFormatter"",""function:httpie/context.py::Environment.config""]",[],[]
bugsinpy-httpie-4,jakubroztocil/httpie,R3,DIAGNOSIS_CONFIRMED,True,,0.0,0.0,0.0,0.0,0.0,0.0,1.0,"[""CONFIGURATION""]",CONFIGURATION,0.0,1.0,1.0,1.0,1.0,0.0,0.0,1.0,20,1091,0.9423631123919308,311.445579,0,NOT_REQUESTED,{},EXECUTED_SLICE_GRAPH,"[""function:httpie/core.py::main"",""class:httpie/input.py::AuthCredentials"",""class:httpie/downloads.py::ContentRangeError"",""class:httpie/output/formatters/xml.py::XMLFormatter"",""class:httpie/input.py::Parser"",""class:httpie/downloads.py::Download"",""function:httpie/input.py::Parser.parse_args"",""function:httpie/output/streams.py::write"",""function:httpie/client.py::get_requests_kwargs"",""function:httpie/input.py::Parser._guess_method""]",[],[]
bugsinpy-httpie-4,jakubroztocil/httpie,R5,DIAGNOSIS_CONFIRMED,True,,0.0,0.0,1.0,0.08333333333333333,0.0,0.0,1.0,"[""CONFIGURATION""]",CONFIGURATION,0.0,1.0,1.0,1.0,1.0,0.0,0.0,1.0,20,929,0.9423631123919308,1113.623932,0,NOT_REQUESTED,{},EXECUTED_SLICE_GRAPH,"[""function:httpie/core.py::main"",""class:httpie/input.py::AuthCredentials"",""class:httpie/output/formatters/xml.py::XMLFormatter"",""class:httpie/downloads.py::ContentRangeError"",""function:httpie/client.py::get_requests_kwargs"",""function:httpie/output/streams.py::write"",""class:httpie/input.py::Parser"",""class:httpie/downloads.py::Download"",""class:httpie/models.py::HTTPResponse"",""function:httpie/input.py::Parser.parse_args""]",[],[]
bugsinpy-httpie-4,jakubroztocil/httpie,R6,DIAGNOSIS_CONFIRMED,True,,0.0,0.0,1.0,0.08333333333333333,0.0,0.0,1.0,"[""CONFIGURATION""]",CONFIGURATION,0.0,1.0,1.0,1.0,1.0,0.0,0.0,1.0,20,929,0.9423631123919308,1140.049715,1,ACTIVE_EVIDENCE_UNAVAILABLE,"{""contract_after"": ""PROTOCOL_RESPONSE"", ""contract_before"": ""PROTOCOL_RESPONSE"", ""reason"": ""probe_did_not_distinguish_candidates""}",EXECUTED_SLICE_GRAPH,"[""function:httpie/core.py::main"",""class:httpie/input.py::AuthCredentials"",""class:httpie/output/formatters/xml.py::XMLFormatter"",""class:httpie/downloads.py::ContentRangeError"",""function:httpie/client.py::get_requests_kwargs"",""function:httpie/output/streams.py::write"",""class:httpie/input.py::Parser"",""class:httpie/downloads.py::Download"",""class:httpie/models.py::HTTPResponse"",""function:httpie/input.py::Parser.parse_args""]",[],"[{""command"": [""python"", ""-m"", ""pytest"", ""tests/test_regressions.py::test_Host_header_overwrite"", ""-x"", ""-vv"", ""--showlocals""], ""distinguished_hypotheses"": [""function:httpie/core.py::main"", ""class:httpie/input.py::AuthCredentials"", ""class:httpie/output/formatters/xml.py::XMLFormatter""], ""estimated_cost"": 1.0, ""expected_observation"": ""runtime types and values at the top candidate frames"", ""safety_level"": ""READ_ONLY_TEST_EXECUTION"", ""timeout_seconds"": 300, ""utility"": 3.164779702346163}]"
bugsinpy-fastapi-16,tiangolo/fastapi,R0,DIAGNOSIS_CANDIDATES,True,,1.0,1.0,1.0,1.0,1.0,1.0,1.0,"[""CONFIGURATION""]",CONFIGURATION,1.0,1.0,1.0,1.0,0.0,0.0,0.0,0.0,20,647,0.971830985915493,138.997149,0,NOT_REQUESTED,{},CONFIGURATION_MATCHER,"[""function:fastapi/encoders.py::jsonable_encoder"",""class:fastapi/security/api_key.py::APIKeyCookie"",""class:fastapi/security/api_key.py::APIKeyHeader"",""class:fastapi/security/api_key.py::APIKeyQuery"",""class:fastapi/security/base.py::SecurityBase"",""class:fastapi/security/http.py::HTTPBase"",""class:fastapi/security/http.py::HTTPBasic"",""class:fastapi/security/http.py::HTTPBearer"",""class:fastapi/security/http.py::HTTPDigest"",""class:fastapi/security/oauth2.py::OAuth2""]",[],[]
bugsinpy-fastapi-16,tiangolo/fastapi,R1,DIAGNOSIS_CANDIDATES,True,,1.0,1.0,1.0,0.2,0.0,0.0,1.0,"[""CONFIGURATION""]",CONFIGURATION,0.0,1.0,1.0,1.0,0.0,0.0,0.0,0.0,20,796,0.971830985915493,103.49634,0,NOT_REQUESTED,{},CONFIGURATION_MATCHER,"[""file:fastapi/encoders.py"",""class:tests/test_jsonable_encoder.py::DictablePerson"",""class:fastapi/openapi/models.py::APIKey"",""class:fastapi/params.py::Body"",""function:fastapi/encoders.py::jsonable_encoder"",""class:fastapi/security/http.py::HTTPAuthorizationCredentials"",""class:fastapi/security/oauth2.py::OAuth2"",""class:fastapi/security/api_key.py::APIKeyBase"",""class:fastapi/openapi/models.py::Schema"",""function:fastapi/params.py::Body.__init__""]",[],[]
bugsinpy-fastapi-16,tiangolo/fastapi,R3,DIAGNOSIS_CANDIDATES,True,,1.0,1.0,1.0,1.0,1.0,1.0,1.0,"[""CONFIGURATION""]",CONFIGURATION,1.0,1.0,1.0,1.0,0.0,0.0,0.0,0.0,20,814,0.971830985915493,235.484501,0,NOT_REQUESTED,{},CONFIGURATION_MATCHER,"[""function:fastapi/encoders.py::jsonable_encoder"",""class:tests/test_jsonable_encoder.py::DictablePerson"",""class:fastapi/applications.py::FastAPI"",""file:fastapi/encoders.py"",""class:tests/test_jsonable_encoder.py::ModelWithConfig"",""class:tests/test_jsonable_encoder.py::ModelWithCustomEncoder"",""class:fastapi/security/base.py::SecurityBase"",""class:fastapi/params.py::Body"",""class:fastapi/params.py::Path"",""class:fastapi/openapi/models.py::APIKey""]",[],[]
bugsinpy-fastapi-16,tiangolo/fastapi,R5,DIAGNOSIS_CANDIDATES,True,,1.0,1.0,1.0,1.0,1.0,1.0,1.0,"[""CONFIGURATION""]",CONFIGURATION,1.0,1.0,1.0,1.0,0.0,0.0,0.0,0.0,20,814,0.971830985915493,616.206765,0,NOT_REQUESTED,{},CONFIGURATION_MATCHER,"[""function:fastapi/encoders.py::jsonable_encoder"",""class:tests/test_jsonable_encoder.py::DictablePerson"",""class:fastapi/applications.py::FastAPI"",""file:fastapi/encoders.py"",""class:tests/test_jsonable_encoder.py::ModelWithConfig"",""class:tests/test_jsonable_encoder.py::ModelWithCustomEncoder"",""class:fastapi/security/base.py::SecurityBase"",""class:fastapi/params.py::Body"",""class:fastapi/params.py::Path"",""class:fastapi/openapi/models.py::APIKey""]",[],[]
bugsinpy-fastapi-16,tiangolo/fastapi,R6,DIAGNOSIS_CANDIDATES,True,,1.0,1.0,1.0,1.0,1.0,1.0,1.0,"[""CONFIGURATION""]",CONFIGURATION,1.0,1.0,1.0,1.0,0.0,0.0,0.0,0.0,20,814,0.971830985915493,595.593204,1,ACTIVE_EVIDENCE_APPLIED,"{""contract_after"": ""API_BEHAVIOR"", ""contract_before"": ""API_BEHAVIOR"", ""entropy_after"": ""0.606017392"", ""entropy_before"": ""0.509243472"", ""event_id"": ""trace-013ccda7ff524f3cf4ca3211"", ""event_kind"": ""traceback_frame"", ""observed_node"": ""file:fastapi/encoders.py"", ""rank_after"": ""2"", ""rank_before"": ""4""}",CONFIGURATION_MATCHER,"[""function:fastapi/encoders.py::jsonable_encoder"",""file:fastapi/encoders.py"",""class:tests/test_jsonable_encoder.py::DictablePerson"",""class:fastapi/applications.py::FastAPI"",""class:tests/test_jsonable_encoder.py::ModelWithConfig"",""class:tests/test_jsonable_encoder.py::ModelWithCustomEncoder"",""class:fastapi/security/base.py::SecurityBase"",""class:fastapi/params.py::Body"",""class:fastapi/params.py::Path"",""class:fastapi/openapi/models.py::APIKey""]",[],"[{""command"": [""python"", ""-m"", ""pytest"", ""tests/test_jsonable_encoder.py::test_encode_model_with_config"", ""-x"", ""-vv"", ""--showlocals""], ""distinguished_hypotheses"": [""function:fastapi/encoders.py::jsonable_encoder"", ""file:fastapi/encoders.py"", ""class:tests/test_jsonable_encoder.py::DictablePerson""], ""estimated_cost"": 1.0, ""expected_observation"": ""runtime types and values at the top candidate frames"", ""safety_level"": ""READ_ONLY_TEST_EXECUTION"", ""timeout_seconds"": 300, ""utility"": 1.8180521749541079}]"
bugsinpy-tornado-14,tornadoweb/tornado,R0,DIAGNOSIS_CANDIDATES,True,,0.0,1.0,1.0,0.125,0.0,0.0,1.0,"[""CONFIGURATION""]",CONFIGURATION,0.0,1.0,1.0,1.0,0.0,0.0,0.0,0.0,20,3112,0.9935917975008011,232.576541,0,NOT_REQUESTED,{},EXECUTED_SLICE_GRAPH,"[""class:tornado/ioloop.py::PollIOLoop"",""class:tornado/platform/select.py::_Select"",""class:tornado/gen.py::Runner"",""class:tornado/gen.py::YieldFuture"",""function:tornado/gen.py::_make_coroutine_wrapper"",""class:tornado/httpclient.py::AsyncHTTPClient"",""class:tornado/httpclient.py::HTTPClient"",""class:tornado/ioloop.py::IOLoop"",""function:tornado/ioloop.py::IOLoop.clear_current"",""function:tornado/ioloop.py::IOLoop.configurable_base""]",[],[]
bugsinpy-tornado-14,tornadoweb/tornado,R1,DIAGNOSIS_CANDIDATES,True,,1.0,1.0,1.0,0.5,1.0,1.0,1.0,"[""CONFIGURATION""]",CONFIGURATION,1.0,1.0,1.0,1.0,0.0,0.0,0.0,0.0,20,2702,0.9935917975008011,67.698209,0,NOT_REQUESTED,{},EXECUTED_SLICE_GRAPH,"[""function:tornado/util.py::Configurable.__new__"",""function:tornado/ioloop.py::IOLoop.initialize"",""function:tornado/util.py::Configurable.configured_class"",""class:tornado/gen.py::BadYieldError"",""function:tornado/ioloop.py::IOLoop.current"",""class:tornado/httputil.py::HTTPConnection"",""class:tornado/http1connection.py::HTTP1Connection"",""class:tornado/stack_context.py::ExceptionStackContext"",""function:tornado/gen.py::coroutine"",""class:tornado/iostream.py::BaseIOStream""]",[],[]
bugsinpy-tornado-14,tornadoweb/tornado,R3,DIAGNOSIS_CANDIDATES,True,,1.0,1.0,1.0,1.0,1.0,1.0,1.0,"[""CONFIGURATION""]",CONFIGURATION,1.0,1.0,1.0,1.0,0.0,0.0,0.0,0.0,20,2859,0.9935917975008011,525.870897,0,NOT_REQUESTED,{},EXECUTED_SLICE_GRAPH,"[""function:tornado/ioloop.py::IOLoop.initialize"",""function:tornado/platform/epoll.py::EPollIOLoop.initialize"",""function:tornado/util.py::Configurable.__new__"",""class:tornado/ioloop.py::PollIOLoop"",""class:tornado/ioloop.py::IOLoop"",""function:tornado/ioloop.py::IOLoop.current"",""class:tornado/platform/epoll.py::EPollIOLoop"",""class:tornado/httpclient.py::AsyncHTTPClient"",""class:tornado/gen.py::BadYieldError"",""function:tornado/ioloop.py::IOLoop.configurable_base""]",[],[]
bugsinpy-tornado-14,tornadoweb/tornado,R5,DIAGNOSIS_CANDIDATES,True,,1.0,1.0,1.0,1.0,1.0,1.0,1.0,"[""CONFIGURATION""]",CONFIGURATION,1.0,1.0,1.0,1.0,0.0,0.0,0.0,0.0,20,2295,0.9935917975008011,412.456737,0,NOT_REQUESTED,{},EXECUTED_SLICE_GRAPH,"[""function:tornado/ioloop.py::IOLoop.initialize"",""function:tornado/platform/epoll.py::EPollIOLoop.initialize"",""class:tornado/ioloop.py::PollIOLoop"",""function:tornado/util.py::Configurable.__new__"",""class:tornado/ioloop.py::IOLoop"",""function:tornado/ioloop.py::IOLoop.current"",""class:tornado/platform/epoll.py::EPollIOLoop"",""function:tornado/ioloop.py::IOLoop.configurable_base"",""function:tornado/ioloop.py::IOLoop.clear_current"",""class:tornado/httpclient.py::AsyncHTTPClient""]",[],[]
bugsinpy-tornado-14,tornadoweb/tornado,R6,DIAGNOSIS_CANDIDATES,True,,1.0,1.0,1.0,1.0,1.0,1.0,1.0,"[""CONFIGURATION""]",CONFIGURATION,1.0,1.0,1.0,1.0,0.0,0.0,0.0,0.0,20,2295,0.9935917975008011,426.65303,1,ACTIVE_EVIDENCE_UNAVAILABLE,"{""contract_after"": ""API_BEHAVIOR"", ""contract_before"": ""API_BEHAVIOR"", ""reason"": ""probe_did_not_distinguish_candidates""}",EXECUTED_SLICE_GRAPH,"[""function:tornado/ioloop.py::IOLoop.initialize"",""function:tornado/platform/epoll.py::EPollIOLoop.initialize"",""class:tornado/ioloop.py::PollIOLoop"",""function:tornado/util.py::Configurable.__new__"",""class:tornado/ioloop.py::IOLoop"",""function:tornado/ioloop.py::IOLoop.current"",""class:tornado/platform/epoll.py::EPollIOLoop"",""function:tornado/ioloop.py::IOLoop.configurable_base"",""function:tornado/ioloop.py::IOLoop.clear_current"",""class:tornado/httpclient.py::AsyncHTTPClient""]",[],"[{""command"": [""python"", ""-m"", ""pytest"", ""tornado/test/ioloop_test.py"", ""-x"", ""-vv"", ""--showlocals""], ""distinguished_hypotheses"": [""function:tornado/ioloop.py::IOLoop.initialize"", ""function:tornado/platform/epoll.py::EPollIOLoop.initialize"", ""class:tornado/ioloop.py::PollIOLoop""], ""estimated_cost"": 1.0, ""expected_observation"": ""runtime types and values at the top candidate frames"", ""safety_level"": ""READ_ONLY_TEST_EXECUTION"", ""timeout_seconds"": 300, ""utility"": 2.802985507301935}]"
bugsinpy-black-14,psf/black,R0,DIAGNOSIS_CANDIDATES,True,,0.0,0.0,0.0,0.0,0.0,0.0,1.0,"[""CONFIGURATION"", ""DATA_CONTRACT""]",DATA_CONTRACT,0.0,1.0,1.0,1.0,0.0,0.0,0.0,0.0,20,1142,0.9658703071672355,73.166612,0,NOT_REQUESTED,{},EXECUTED_SLICE_GRAPH,"[""function:blib2to3/pgen2/driver.py::Driver.parse_string"",""function:blib2to3/pgen2/tokenize.py::generate_tokens"",""class:blib2to3/pgen2/driver.py::Driver"",""function:blib2to3/pytree.py::Node.invalidate_sibling_maps"",""function:blib2to3/pgen2/driver.py::Driver.parse_tokens"",""function:black.py::lib2to3_parse"",""function:blib2to3/pgen2/parse.py::Parser.pop"",""function:blib2to3/pgen2/parse.py::Parser.addtoken"",""function:blib2to3/pgen2/tokenize.py::group"",""function:blib2to3/pytree.py::convert""]",[],[]
bugsinpy-black-14,psf/black,R1,DIAGNOSIS_CANDIDATES,True,,0.0,0.0,0.0,0.0,0.0,0.0,1.0,"[""CONFIGURATION"", ""DATA_CONTRACT""]",DATA_CONTRACT,0.0,1.0,1.0,1.0,0.0,0.0,0.0,0.0,20,868,0.9658703071672355,46.602327,0,NOT_REQUESTED,{},EXECUTED_SLICE_GRAPH,"[""function:black.py::lib2to3_parse"",""class:black.py::BracketTracker"",""function:blib2to3/pgen2/tokenize.py::generate_tokens"",""function:blib2to3/pgen2/driver.py::load_grammar"",""function:blib2to3/pgen2/driver.py::Driver.parse_tokens"",""function:blib2to3/pgen2/pgen.py::DFAState.__init__"",""function:blib2to3/pgen2/pgen.py::ParserGenerator.parse_item"",""class:blib2to3/pytree.py::Base"",""function:blib2to3/pgen2/pgen.py::ParserGenerator.gettoken"",""function:blib2to3/pgen2/pgen.py::ParserGenerator.parse_rhs""]",[],[]
bugsinpy-black-14,psf/black,R3,DIAGNOSIS_CANDIDATES,True,,1.0,1.0,1.0,1.0,1.0,1.0,1.0,"[""CONFIGURATION"", ""DATA_CONTRACT""]",DATA_CONTRACT,1.0,1.0,1.0,1.0,0.0,0.0,0.0,0.0,20,2599,0.9658703071672355,116.053371,0,NOT_REQUESTED,{},EXECUTED_SLICE_GRAPH,"[""function:black.py::get_future_imports"",""function:black.py::lib2to3_parse"",""function:blib2to3/pgen2/tokenize.py::generate_tokens"",""function:blib2to3/pgen2/driver.py::Driver.parse_string"",""function:blib2to3/pgen2/driver.py::Driver.parse_tokens"",""class:black.py::BracketTracker"",""class:black.py::Line"",""function:blib2to3/pgen2/parse.py::Parser.addtoken"",""class:tests/test_black.py::BlackTestCase"",""function:blib2to3/pytree.py::Leaf.__init__""]",[],[]
bugsinpy-black-14,psf/black,R5,DIAGNOSIS_CANDIDATES,True,,1.0,1.0,1.0,1.0,1.0,1.0,1.0,"[""CONFIGURATION"", ""DATA_CONTRACT""]",DATA_CONTRACT,1.0,1.0,1.0,1.0,0.0,0.0,0.0,0.0,20,2599,0.9658703071672355,266.109888,0,NOT_REQUESTED,{},EXECUTED_SLICE_GRAPH,"[""function:black.py::get_future_imports"",""function:black.py::lib2to3_parse"",""function:blib2to3/pgen2/tokenize.py::generate_tokens"",""function:blib2to3/pgen2/driver.py::Driver.parse_string"",""function:blib2to3/pgen2/driver.py::Driver.parse_tokens"",""class:black.py::BracketTracker"",""class:black.py::Line"",""function:blib2to3/pgen2/parse.py::Parser.addtoken"",""class:tests/test_black.py::BlackTestCase"",""function:blib2to3/pytree.py::Leaf.__init__""]",[],[]
bugsinpy-black-14,psf/black,R6,DIAGNOSIS_CANDIDATES,True,,1.0,1.0,1.0,1.0,1.0,1.0,1.0,"[""CONFIGURATION"", ""DATA_CONTRACT""]",DATA_CONTRACT,1.0,1.0,1.0,1.0,0.0,0.0,0.0,0.0,20,2599,0.9658703071672355,276.093392,1,ACTIVE_EVIDENCE_UNAVAILABLE,"{""contract_after"": ""DATA_SCHEMA"", ""contract_before"": ""DATA_SCHEMA"", ""reason"": ""probe_did_not_distinguish_candidates""}",EXECUTED_SLICE_GRAPH,"[""function:black.py::get_future_imports"",""function:black.py::lib2to3_parse"",""function:blib2to3/pgen2/tokenize.py::generate_tokens"",""function:blib2to3/pgen2/driver.py::Driver.parse_string"",""function:blib2to3/pgen2/driver.py::Driver.parse_tokens"",""class:black.py::BracketTracker"",""class:black.py::Line"",""function:blib2to3/pgen2/parse.py::Parser.addtoken"",""class:tests/test_black.py::BlackTestCase"",""function:blib2to3/pytree.py::Leaf.__init__""]",[],"[{""command"": [""python"", ""-m"", ""pytest"", ""tests/test_black.py"", ""-x"", ""-vv"", ""--showlocals""], ""distinguished_hypotheses"": [""function:black.py::get_future_imports"", ""function:black.py::lib2to3_parse"", ""function:blib2to3/pgen2/tokenize.py::generate_tokens""], ""estimated_cost"": 1.0, ""expected_observation"": ""runtime types and values at the top candidate frames"", ""safety_level"": ""READ_ONLY_TEST_EXECUTION"", ""timeout_seconds"": 300, ""utility"": 1.2541740322164565}]"
bugsinpy-thefuck-10,nvbn/thefuck,R0,DIAGNOSIS_CANDIDATES,True,,1.0,1.0,1.0,0.3333333333333333,1.0,1.0,1.0,"[""CONFIGURATION""]",CONFIGURATION,1.0,1.0,1.0,1.0,0.0,0.0,0.0,0.0,20,603,0.9743918053777209,188.698727,0,NOT_REQUESTED,{},EXECUTED_SLICE_GRAPH,"[""class:thefuck/types.py::Rule"",""class:thefuck/conf.py::Settings"",""function:thefuck/rules/man.py::get_new_command"",""class:thefuck/shells/fish.py::Fish"",""class:thefuck/shells/generic.py::Generic"",""function:thefuck/shells/generic.py::Generic.split_command"",""class:thefuck/types.py::Command"",""function:thefuck/utils.py::for_app"",""file:thefuck/__init__.py"",""function:thefuck/conf.py::Settings.__setattr__""]",[],[]
bugsinpy-thefuck-10,nvbn/thefuck,R1,DIAGNOSIS_CANDIDATES,True,,0.0,0.0,1.0,0.08333333333333333,0.0,0.0,1.0,"[""CONFIGURATION""]",CONFIGURATION,0.0,1.0,1.0,1.0,0.0,0.0,0.0,0.0,20,816,0.9743918053777209,151.815184,0,NOT_REQUESTED,{},EXECUTED_SLICE_GRAPH,"[""function:thefuck/types.py::Command.__init__"",""class:thefuck/conf.py::Settings"",""function:thefuck/utils.py::memoize"",""class:thefuck/shells/fish.py::Fish"",""class:thefuck/types.py::Command"",""class:thefuck/exceptions.py::EmptyCommand"",""function:thefuck/conf.py::Settings.__setattr__"",""function:thefuck/types.py::Command.script_parts"",""class:thefuck/const.py::_GenConst"",""function:thefuck/utils.py::cache""]",[],[]
bugsinpy-thefuck-10,nvbn/thefuck,R3,DIAGNOSIS_CANDIDATES,True,,1.0,1.0,1.0,0.5,1.0,1.0,1.0,"[""CONFIGURATION""]",CONFIGURATION,1.0,1.0,1.0,1.0,0.0,0.0,0.0,0.0,20,771,0.9743918053777209,357.694968,0,NOT_REQUESTED,{},EXECUTED_SLICE_GRAPH,"[""class:thefuck/types.py::Rule"",""function:thefuck/rules/man.py::get_new_command"",""class:thefuck/conf.py::Settings"",""file:tests/rules/test_man.py"",""class:thefuck/types.py::Command"",""class:thefuck/shells/fish.py::Fish"",""class:thefuck/shells/generic.py::Generic"",""function:thefuck/types.py::Command.__init__"",""class:thefuck/exceptions.py::EmptyCommand"",""function:thefuck/utils.py::for_app""]",[],[]
bugsinpy-thefuck-10,nvbn/thefuck,R5,DIAGNOSIS_CANDIDATES,True,,1.0,1.0,1.0,1.0,1.0,1.0,1.0,"[""CONFIGURATION""]",CONFIGURATION,1.0,1.0,1.0,1.0,0.0,0.0,0.0,0.0,20,641,0.9743918053777209,927.44394,0,NOT_REQUESTED,{},EXECUTED_SLICE_GRAPH,"[""function:thefuck/rules/man.py::get_new_command"",""class:thefuck/types.py::Command"",""class:thefuck/types.py::Rule"",""function:thefuck/types.py::Command.__init__"",""class:thefuck/conf.py::Settings"",""file:tests/rules/test_man.py"",""class:thefuck/exceptions.py::EmptyCommand"",""class:thefuck/shells/fish.py::Fish"",""function:thefuck/shells/generic.py::Generic.split_command"",""function:thefuck/types.py::Command.script_parts""]",[],[]
bugsinpy-thefuck-10,nvbn/thefuck,R6,DIAGNOSIS_CANDIDATES,True,,1.0,1.0,1.0,1.0,1.0,1.0,1.0,"[""CONFIGURATION""]",CONFIGURATION,1.0,1.0,1.0,1.0,0.0,0.0,0.0,0.0,20,641,0.9743918053777209,936.445145,1,ACTIVE_EVIDENCE_APPLIED,"{""contract_after"": ""API_BEHAVIOR"", ""contract_before"": ""API_BEHAVIOR"", ""entropy_after"": ""1.094884015"", ""entropy_before"": ""1.074635531"", ""event_id"": ""trace-1d6ba4fa4089b8eeb855aa3e"", ""event_kind"": ""traceback_frame"", ""observed_node"": ""file:tests/rules/test_man.py"", ""rank_after"": ""3"", ""rank_before"": ""6""}",EXECUTED_SLICE_GRAPH,"[""function:thefuck/rules/man.py::get_new_command"",""class:thefuck/types.py::Command"",""file:tests/rules/test_man.py"",""class:thefuck/types.py::Rule"",""function:thefuck/types.py::Command.__init__"",""class:thefuck/conf.py::Settings"",""class:thefuck/exceptions.py::EmptyCommand"",""class:thefuck/shells/fish.py::Fish"",""function:thefuck/shells/generic.py::Generic.split_command"",""function:thefuck/types.py::Command.script_parts""]",[],"[{""command"": [""python"", ""-m"", ""pytest"", ""tests/rules/test_man.py::test_get_new_command"", ""-x"", ""-vv"", ""--showlocals""], ""distinguished_hypotheses"": [""function:thefuck/rules/man.py::get_new_command"", ""class:thefuck/types.py::Command"", ""file:tests/rules/test_man.py""], ""estimated_cost"": 1.0, ""expected_observation"": ""runtime types and values at the top candidate frames"", ""safety_level"": ""READ_ONLY_TEST_EXECUTION"", ""timeout_seconds"": 300, ""utility"": 3.284652044853014}]"
bugsinpy-youtube-dl-36,ytdl-org/youtube-dl,R0,DIAGNOSIS_CANDIDATES,True,,0.0,0.0,0.0,0.0,0.0,0.0,0.0,"[""CONFIGURATION""]",UNKNOWN_CONTRACT,0.0,1.0,1.0,0.0,0.0,0.0,0.0,0.0,20,2956,0.9895506792058516,396.507522,0,NOT_REQUESTED,{},EXECUTED_SLICE_GRAPH,"[""class:youtube_dl/downloader/rtmp.py::RtmpFD"",""class:youtube_dl/extractor/academicearth.py::AcademicEarthCourseIE"",""class:youtube_dl/extractor/bambuser.py::BambuserChannelIE"",""class:youtube_dl/extractor/bliptv.py::BlipTVUserIE"",""class:youtube_dl/extractor/brightcove.py::BrightcoveIE"",""class:youtube_dl/extractor/daum.py::DaumIE"",""class:youtube_dl/extractor/livestream.py::LivestreamOriginalIE"",""class:youtube_dl/extractor/naver.py::NaverIE"",""class:youtube_dl/extractor/prosiebensat1.py::ProSiebenSat1IE"",""class:youtube_dl/extractor/teachertube.py::TeacherTubeUserIE""]",[],[]
bugsinpy-youtube-dl-36,ytdl-org/youtube-dl,R1,DIAGNOSIS_CANDIDATES,True,,0.0,0.0,0.0,0.0,0.0,0.0,0.0,"[""CONFIGURATION""]",UNKNOWN_CONTRACT,0.0,1.0,1.0,0.0,0.0,0.0,0.0,0.0,20,1043,0.9895506792058516,37.060989,0,NOT_REQUESTED,{},EXECUTED_SLICE_GRAPH,"[""class:youtube_dl/extractor/youtube.py::YoutubeBaseInfoExtractor"",""function:youtube_dl/extractor/common.py::InfoExtractor.suitable"",""class:youtube_dl/utils.py::AttrParser"",""class:youtube_dl/extractor/vimeo.py::VimeoAlbumIE"",""class:youtube_dl/postprocessor/ffmpeg.py::FFmpegAudioFixPP"",""class:youtube_dl/extractor/arte.py::ArteTVConcertIE"",""class:youtube_dl/extractor/francetv.py::CultureboxIE"",""class:youtube_dl/extractor/smotri.py::SmotriBroadcastIE"",""class:youtube_dl/extractor/rutube.py::RutubeChannelIE"",""class:youtube_dl/extractor/mtv.py::MTVIE""]",[],[]
bugsinpy-youtube-dl-36,ytdl-org/youtube-dl,R3,DIAGNOSIS_CANDIDATES,True,,1.0,1.0,1.0,0.3333333333333333,1.0,1.0,0.0,"[""CONFIGURATION""]",UNKNOWN_CONTRACT,0.0,1.0,1.0,0.0,0.0,0.0,0.0,0.0,20,3876,0.9895506792058516,376.786238,0,NOT_REQUESTED,{},EXECUTED_SLICE_GRAPH,"[""class:youtube_dl/downloader/rtmp.py::RtmpFD"",""function:youtube_dl/extractor/common.py::InfoExtractor.suitable"",""class:youtube_dl/extractor/facebook.py::FacebookIE"",""class:youtube_dl/YoutubeDL.py::YoutubeDL"",""class:youtube_dl/extractor/bambuser.py::BambuserChannelIE"",""class:youtube_dl/downloader/common.py::FileDownloader"",""class:test/test_all_urls.py::TestAllURLsMatching"",""class:youtube_dl/extractor/youtube.py::YoutubeBaseInfoExtractor"",""class:youtube_dl/extractor/academicearth.py::AcademicEarthCourseIE"",""class:youtube_dl/extractor/common.py::InfoExtractor""]",[],[]
bugsinpy-youtube-dl-36,ytdl-org/youtube-dl,R5,DIAGNOSIS_CANDIDATES,True,,1.0,1.0,1.0,0.3333333333333333,1.0,1.0,0.0,"[""CONFIGURATION""]",UNKNOWN_CONTRACT,0.0,1.0,1.0,0.0,0.0,0.0,0.0,0.0,20,3876,0.9895506792058516,206.107436,0,NOT_REQUESTED,{},EXECUTED_SLICE_GRAPH,"[""class:youtube_dl/downloader/rtmp.py::RtmpFD"",""function:youtube_dl/extractor/common.py::InfoExtractor.suitable"",""class:youtube_dl/extractor/facebook.py::FacebookIE"",""class:youtube_dl/extractor/bambuser.py::BambuserChannelIE"",""class:youtube_dl/YoutubeDL.py::YoutubeDL"",""class:youtube_dl/downloader/common.py::FileDownloader"",""class:test/test_all_urls.py::TestAllURLsMatching"",""class:youtube_dl/extractor/youtube.py::YoutubeBaseInfoExtractor"",""class:youtube_dl/extractor/academicearth.py::AcademicEarthCourseIE"",""class:youtube_dl/extractor/common.py::InfoExtractor""]",[],[]
bugsinpy-youtube-dl-36,ytdl-org/youtube-dl,R6,DIAGNOSIS_CANDIDATES,True,,1.0,1.0,1.0,0.3333333333333333,1.0,1.0,0.0,"[""CONFIGURATION""]",UNKNOWN_CONTRACT,0.0,1.0,1.0,0.0,0.0,0.0,0.0,0.0,20,3876,0.9895506792058516,205.715414,1,ACTIVE_EVIDENCE_UNAVAILABLE,"{""contract_after"": ""UNKNOWN_CONTRACT"", ""contract_before"": ""UNKNOWN_CONTRACT"", ""reason"": ""probe_did_not_distinguish_candidates""}",EXECUTED_SLICE_GRAPH,"[""class:youtube_dl/downloader/rtmp.py::RtmpFD"",""function:youtube_dl/extractor/common.py::InfoExtractor.suitable"",""class:youtube_dl/extractor/facebook.py::FacebookIE"",""class:youtube_dl/extractor/bambuser.py::BambuserChannelIE"",""class:youtube_dl/YoutubeDL.py::YoutubeDL"",""class:youtube_dl/downloader/common.py::FileDownloader"",""class:test/test_all_urls.py::TestAllURLsMatching"",""class:youtube_dl/extractor/youtube.py::YoutubeBaseInfoExtractor"",""class:youtube_dl/extractor/academicearth.py::AcademicEarthCourseIE"",""class:youtube_dl/extractor/common.py::InfoExtractor""]",[],"[{""command"": [""python"", ""-m"", ""pytest"", ""test/test_all_urls.py"", ""-x"", ""-vv"", ""--showlocals""], ""distinguished_hypotheses"": [""class:youtube_dl/downloader/rtmp.py::RtmpFD"", ""function:youtube_dl/extractor/common.py::InfoExtractor.suitable"", ""class:youtube_dl/extractor/facebook.py::FacebookIE""], ""estimated_cost"": 1.0, ""expected_observation"": ""runtime types and values at the top candidate frames"", ""safety_level"": ""READ_ONLY_TEST_EXECUTION"", ""timeout_seconds"": 300, ""utility"": 3.21761600267648}]"
bugsinpy-pandas-71,pandas-dev/pandas,R0,DIAGNOSIS_CANDIDATES,True,,1.0,1.0,1.0,1.0,1.0,1.0,1.0,"[""DATA_CONTRACT""]",DATA_CONTRACT,1.0,1.0,1.0,1.0,0.0,0.0,0.0,0.0,20,5114,0.9982212735681252,9332.031189,0,NOT_REQUESTED,{},DATAFLOW_ASSERTION,"[""function:pandas/core/reshape/tile.py::cut"",""function:pandas/core/construction.py::array"",""function:pandas/core/construction.py::extract_array"",""function:pandas/core/reshape/tile.py::_bins_to_cuts"",""function:pandas/core/reshape/tile.py::_convert_bin_to_numeric_type"",""function:pandas/core/dtypes/common.py::is_datetime64tz_dtype"",""function:pandas/core/dtypes/common.py::is_extension_array_dtype"",""function:pandas/core/reshape/tile.py::_coerce_to_type"",""function:pandas/core/reshape/tile.py::_preprocess_for_cut"",""class:pandas/core/arrays/interval.py::IntervalArray""]",[],[]
bugsinpy-pandas-71,pandas-dev/pandas,R1,DIAGNOSIS_CANDIDATES,True,,0.0,0.0,0.0,0.0,0.0,0.0,1.0,"[""DATA_CONTRACT""]",DATA_CONTRACT,0.0,1.0,1.0,1.0,0.0,0.0,0.0,0.0,20,12659,0.9982212735681252,325.751068,0,NOT_REQUESTED,{},DATAFLOW_ASSERTION,"[""function:pandas/util/_decorators.py::Appender.__init__"",""function:pandas/util/_decorators.py::Appender.__call__"",""function:pandas/core/dtypes/common.py::is_datetime64tz_dtype"",""class:pandas/tseries/offsets.py::BQuarterBegin"",""function:pandas/core/dtypes/common.py::is_extension_array_dtype"",""function:pandas/core/arrays/datetimes.py::DatetimeArray._generate_range"",""function:pandas/core/dtypes/common.py::is_bool_dtype"",""function:pandas/core/indexes/datetimes.py::date_range"",""class:pandas/io/pytables.py::AppendableFrameTable"",""function:pandas/core/dtypes/common.py::is_timedelta64_dtype""]",[],[]
bugsinpy-pandas-71,pandas-dev/pandas,R3,DIAGNOSIS_CANDIDATES,True,,1.0,1.0,1.0,1.0,1.0,1.0,1.0,"[""DATA_CONTRACT""]",DATA_CONTRACT,1.0,1.0,1.0,1.0,0.0,0.0,0.0,0.0,20,23266,0.9982212735681252,11449.984074,0,NOT_REQUESTED,{},DATAFLOW_ASSERTION,"[""function:pandas/core/reshape/tile.py::cut"",""function:pandas/core/reshape/tile.py::_bins_to_cuts"",""function:pandas/core/dtypes/common.py::is_datetime64tz_dtype"",""function:pandas/core/reshape/tile.py::_convert_bin_to_numeric_type"",""class:pandas/tests/arrays/test_integer.py::TestArithmeticOps"",""function:pandas/core/construction.py::array"",""class:pandas/core/arrays/interval.py::IntervalArray"",""function:pandas/core/reshape/tile.py::_coerce_to_type"",""class:pandas/core/series.py::Series"",""function:pandas/core/dtypes/common.py::is_extension_array_dtype""]",[],[]
bugsinpy-pandas-71,pandas-dev/pandas,R5,DIAGNOSIS_CANDIDATES,True,,1.0,1.0,1.0,1.0,1.0,1.0,1.0,"[""DATA_CONTRACT""]",DATA_CONTRACT,1.0,1.0,1.0,1.0,0.0,0.0,0.0,0.0,20,6463,0.9982212735681252,1932.929019,0,NOT_REQUESTED,{},DATAFLOW_ASSERTION,"[""function:pandas/core/reshape/tile.py::cut"",""function:pandas/core/reshape/tile.py::_bins_to_cuts"",""class:pandas/tests/arrays/test_integer.py::TestArithmeticOps"",""function:pandas/core/dtypes/common.py::is_datetime64tz_dtype"",""function:pandas/core/dtypes/common.py::is_extension_array_dtype"",""function:pandas/core/construction.py::array"",""class:pandas/core/arrays/interval.py::IntervalArray"",""function:pandas/core/dtypes/common.py::is_bool_dtype"",""function:pandas/core/dtypes/common.py::is_timedelta64_dtype"",""function:pandas/core/dtypes/common.py::is_datetime64_dtype""]",[],[]
bugsinpy-pandas-71,pandas-dev/pandas,R6,DIAGNOSIS_CANDIDATES,True,,1.0,1.0,1.0,0.5,1.0,1.0,1.0,"[""DATA_CONTRACT""]",DATA_CONTRACT,1.0,1.0,1.0,1.0,0.0,0.0,0.0,0.0,20,6463,0.9982212735681252,1894.368311,1,ACTIVE_EVIDENCE_APPLIED,"{""contract_after"": ""DATA_TYPE"", ""contract_before"": ""DATA_TYPE"", ""entropy_after"": ""0.710393249"", ""entropy_before"": ""0.777948125"", ""event_id"": ""trace-9d7ffa5189160aab78d9ea14"", ""event_kind"": ""traceback_frame"", ""observed_node"": ""function:pandas/core/reshape/tile.py::_bins_to_cuts"", ""rank_after"": ""1"", ""rank_before"": ""2""}",DATAFLOW_ASSERTION,"[""function:pandas/core/reshape/tile.py::_bins_to_cuts"",""function:pandas/core/reshape/tile.py::cut"",""class:pandas/tests/arrays/test_integer.py::TestArithmeticOps"",""function:pandas/core/dtypes/common.py::is_datetime64tz_dtype"",""function:pandas/core/dtypes/common.py::is_extension_array_dtype"",""function:pandas/core/construction.py::array"",""class:pandas/core/arrays/interval.py::IntervalArray"",""function:pandas/core/dtypes/common.py::is_bool_dtype"",""function:pandas/core/dtypes/common.py::is_timedelta64_dtype"",""function:pandas/core/dtypes/common.py::is_datetime64_dtype""]",[],"[{""command"": [""python"", ""-m"", ""pytest"", ""pandas/tests/arrays/test_integer.py::test_cut"", ""-x"", ""-vv"", ""--showlocals""], ""distinguished_hypotheses"": [""function:pandas/core/reshape/tile.py::_bins_to_cuts"", ""function:pandas/core/reshape/tile.py::cut"", ""class:pandas/tests/arrays/test_integer.py::TestArithmeticOps""], ""estimated_cost"": 1.0, ""expected_observation"": ""runtime types and values at the top candidate frames"", ""safety_level"": ""READ_ONLY_TEST_EXECUTION"", ""timeout_seconds"": 300, ""utility"": 2.131179747885123}]"
bugsinpy-httpie-5,jakubroztocil/httpie,R0,DIAGNOSIS_CANDIDATES,True,,0.0,1.0,1.0,0.14285714285714285,0.0,0.0,1.0,"[""CONFIGURATION""]",CONFIGURATION,0.0,1.0,1.0,1.0,0.0,0.0,0.0,0.0,13,305,0.7936507936507937,57.413045,0,NOT_REQUESTED,{},EXECUTED_SLICE_GRAPH,"[""function:httpie/cli.py::parse_items"",""class:httpie/cli.py::ParseError"",""class:httpie/solarized.py::SolarizedStyle"",""file:httpie/__init__.py"",""class:httpie/__main__.py::HTTPMessage"",""class:httpie/cli.py::HTTPieArgumentParser"",""class:httpie/cli.py::KeyValueType"",""function:httpie/cli.py::KeyValueType.__call__"",""function:httpie/cli.py::KeyValueType.__init__"",""function:httpie/cli.py::_""]",[],[]
bugsinpy-httpie-5,jakubroztocil/httpie,R1,DIAGNOSIS_CANDIDATES,True,,0.0,1.0,1.0,0.16666666666666666,0.0,0.0,1.0,"[""CONFIGURATION""]",CONFIGURATION,0.0,1.0,1.0,1.0,0.0,0.0,0.0,0.0,20,479,0.6825396825396826,71.47917,0,NOT_REQUESTED,{},EXECUTED_SLICE_GRAPH,"[""class:tests/tests.py::BaseTest"",""class:httpie/cli.py::HTTPieArgumentParser"",""function:httpie/cli.py::_"",""class:httpie/pretty.py::HTTPLexer"",""class:httpie/solarized.py::SolarizedStyle"",""function:httpie/cli.py::KeyValueType.__init__"",""class:httpie/pygson.py::JSONLexer"",""class:httpie/__main__.py::HTTPMessage"",""function:httpie/cli.py::KeyValueType.__call__"",""class:httpie/cli.py::ParseError""]",[],[]
bugsinpy-httpie-5,jakubroztocil/httpie,R3,DIAGNOSIS_CANDIDATES,True,,0.0,1.0,1.0,0.14285714285714285,0.0,0.0,1.0,"[""CONFIGURATION""]",CONFIGURATION,0.0,1.0,1.0,1.0,0.0,0.0,0.0,0.0,20,526,0.6825396825396826,84.089874,0,NOT_REQUESTED,{},EXECUTED_SLICE_GRAPH,"[""function:httpie/cli.py::parse_items"",""class:tests/tests.py::BaseTest"",""class:httpie/cli.py::HTTPieArgumentParser"",""class:tests/tests.py::TestItemParsing"",""class:httpie/cli.py::ParseError"",""class:httpie/solarized.py::SolarizedStyle"",""function:httpie/cli.py::KeyValueType.__call__"",""function:httpie/cli.py::_"",""class:httpie/__main__.py::HTTPMessage"",""class:httpie/cli.py::KeyValueType""]",[],[]
bugsinpy-httpie-5,jakubroztocil/httpie,R5,DIAGNOSIS_CANDIDATES,True,,0.0,1.0,1.0,0.14285714285714285,0.0,0.0,1.0,"[""CONFIGURATION""]",CONFIGURATION,0.0,1.0,1.0,1.0,0.0,0.0,0.0,0.0,20,527,0.6825396825396826,259.875707,0,NOT_REQUESTED,{},EXECUTED_SLICE_GRAPH,"[""function:httpie/cli.py::parse_items"",""class:tests/tests.py::BaseTest"",""class:httpie/cli.py::HTTPieArgumentParser"",""class:tests/tests.py::TestItemParsing"",""class:httpie/cli.py::ParseError"",""class:httpie/solarized.py::SolarizedStyle"",""function:httpie/cli.py::KeyValueType.__call__"",""function:httpie/cli.py::_"",""class:httpie/__main__.py::HTTPMessage"",""class:httpie/cli.py::KeyValueType""]",[],[]
bugsinpy-httpie-5,jakubroztocil/httpie,R6,DIAGNOSIS_CANDIDATES,True,,0.0,1.0,1.0,0.14285714285714285,0.0,0.0,1.0,"[""CONFIGURATION""]",CONFIGURATION,0.0,1.0,1.0,1.0,0.0,0.0,0.0,0.0,20,527,0.6825396825396826,256.59936,1,ACTIVE_EVIDENCE_UNAVAILABLE,"{""contract_after"": ""PROTOCOL_RESPONSE"", ""contract_before"": ""PROTOCOL_RESPONSE"", ""reason"": ""probe_did_not_distinguish_candidates""}",EXECUTED_SLICE_GRAPH,"[""function:httpie/cli.py::parse_items"",""class:tests/tests.py::BaseTest"",""class:httpie/cli.py::HTTPieArgumentParser"",""class:tests/tests.py::TestItemParsing"",""class:httpie/cli.py::ParseError"",""class:httpie/solarized.py::SolarizedStyle"",""function:httpie/cli.py::KeyValueType.__call__"",""function:httpie/cli.py::_"",""class:httpie/__main__.py::HTTPMessage"",""class:httpie/cli.py::KeyValueType""]",[],"[{""command"": [""python"", ""-m"", ""pytest"", ""tests/tests.py::TestItemParsing::test_escape_longsep"", ""-x"", ""-vv"", ""--showlocals""], ""distinguished_hypotheses"": [""function:httpie/cli.py::parse_items"", ""class:tests/tests.py::BaseTest"", ""class:httpie/cli.py::HTTPieArgumentParser""], ""estimated_cost"": 1.0, ""expected_observation"": ""runtime types and values at the top candidate frames"", ""safety_level"": ""READ_ONLY_TEST_EXECUTION"", ""timeout_seconds"": 300, ""utility"": 3.164905457055257}]"
bugsinpy-fastapi-5,tiangolo/fastapi,R0,DIAGNOSIS_CANDIDATES,True,,0.0,0.0,0.0,0.0,0.0,0.0,1.0,"[""CONFIGURATION""]",CONFIGURATION,0.0,1.0,1.0,1.0,0.0,0.0,0.0,0.0,20,1332,0.9867109634551495,189.914348,0,NOT_REQUESTED,{},EXECUTED_SLICE_GRAPH,"[""class:fastapi/routing.py::APIRoute"",""function:fastapi/routing.py::APIRoute.__init__"",""class:fastapi/security/api_key.py::APIKeyCookie"",""class:fastapi/security/api_key.py::APIKeyHeader"",""class:fastapi/security/api_key.py::APIKeyQuery"",""class:fastapi/security/base.py::SecurityBase"",""class:fastapi/security/http.py::HTTPBase"",""class:fastapi/security/http.py::HTTPBasic"",""class:fastapi/security/http.py::HTTPBearer"",""class:fastapi/security/http.py::HTTPDigest""]",[],[]
bugsinpy-fastapi-5,tiangolo/fastapi,R1,DIAGNOSIS_CANDIDATES,True,,0.0,0.0,0.0,0.0,0.0,0.0,1.0,"[""CONFIGURATION""]",CONFIGURATION,0.0,1.0,1.0,1.0,0.0,0.0,0.0,0.0,20,1428,0.9867109634551495,85.237925,0,NOT_REQUESTED,{},EXECUTED_SLICE_GRAPH,"[""class:tests/test_filter_pydantic_sub_model.py::ModelA"",""class:fastapi/openapi/models.py::APIKey"",""function:fastapi/applications.py::FastAPI.__init__"",""function:fastapi/routing.py::APIRoute.__init__"",""function:fastapi/param_functions.py::Depends"",""class:fastapi/security/oauth2.py::OAuth2"",""function:fastapi/dependencies/utils.py::get_dependant"",""function:fastapi/params.py::Body.__init__"",""class:fastapi/params.py::Body"",""function:fastapi/dependencies/utils.py::get_flat_dependant""]",[],[]
bugsinpy-fastapi-5,tiangolo/fastapi,R3,DIAGNOSIS_CANDIDATES,True,,0.0,0.0,0.0,0.0,0.0,0.0,1.0,"[""CONFIGURATION""]",CONFIGURATION,0.0,1.0,1.0,1.0,0.0,0.0,0.0,0.0,20,1843,0.9867109634551495,326.702878,0,NOT_REQUESTED,{},EXECUTED_SLICE_GRAPH,"[""class:tests/test_filter_pydantic_sub_model.py::ModelA"",""function:fastapi/routing.py::APIRoute.__init__"",""class:fastapi/routing.py::APIRoute"",""function:fastapi/applications.py::FastAPI.get"",""class:fastapi/applications.py::FastAPI"",""function:fastapi/routing.py::APIRouter.api_route.decorator"",""function:fastapi/routing.py::APIRouter.get"",""function:fastapi/applications.py::FastAPI.__init__"",""function:fastapi/dependencies/utils.py::get_dependant"",""function:fastapi/dependencies/utils.py::solve_dependencies""]",[],[]
bugsinpy-fastapi-5,tiangolo/fastapi,R5,DIAGNOSIS_CANDIDATES,True,,0.0,1.0,1.0,0.125,0.0,0.0,1.0,"[""CONFIGURATION""]",CONFIGURATION,0.0,1.0,1.0,1.0,0.0,0.0,0.0,0.0,20,2325,0.9867109634551495,492.842928,0,NOT_REQUESTED,{},EXECUTED_SLICE_GRAPH,"[""class:tests/test_filter_pydantic_sub_model.py::ModelA"",""function:fastapi/routing.py::APIRoute.__init__"",""class:fastapi/routing.py::APIRoute"",""function:fastapi/routing.py::APIRouter.api_route.decorator"",""function:fastapi/applications.py::FastAPI.get"",""function:fastapi/routing.py::APIRouter.get"",""class:fastapi/applications.py::FastAPI"",""function:fastapi/utils.py::create_cloned_field"",""function:fastapi/routing.py::get_request_handler"",""function:fastapi/dependencies/utils.py::get_body_field""]",[],[]
bugsinpy-fastapi-5,tiangolo/fastapi,R6,DIAGNOSIS_CANDIDATES,True,,0.0,1.0,1.0,0.125,0.0,0.0,1.0,"[""CONFIGURATION""]",CONFIGURATION,0.0,1.0,1.0,1.0,0.0,0.0,0.0,0.0,20,2325,0.9867109634551495,501.571257,1,ACTIVE_EVIDENCE_UNAVAILABLE,"{""contract_after"": ""FILTERING_POLICY"", ""contract_before"": ""FILTERING_POLICY"", ""reason"": ""probe_did_not_distinguish_candidates""}",EXECUTED_SLICE_GRAPH,"[""class:tests/test_filter_pydantic_sub_model.py::ModelA"",""function:fastapi/routing.py::APIRoute.__init__"",""class:fastapi/routing.py::APIRoute"",""function:fastapi/routing.py::APIRouter.api_route.decorator"",""function:fastapi/applications.py::FastAPI.get"",""function:fastapi/routing.py::APIRouter.get"",""class:fastapi/applications.py::FastAPI"",""function:fastapi/utils.py::create_cloned_field"",""function:fastapi/routing.py::get_request_handler"",""function:fastapi/dependencies/utils.py::get_body_field""]",[],"[{""command"": [""python"", ""-m"", ""pytest"", ""tests/test_filter_pydantic_sub_model.py::test_filter_sub_model"", ""-x"", ""-vv"", ""--showlocals""], ""distinguished_hypotheses"": [""class:tests/test_filter_pydantic_sub_model.py::ModelA"", ""function:fastapi/routing.py::APIRoute.__init__"", ""class:fastapi/routing.py::APIRoute""], ""estimated_cost"": 1.0, ""expected_observation"": ""runtime types and values at the top candidate frames"", ""safety_level"": ""READ_ONLY_TEST_EXECUTION"", ""timeout_seconds"": 300, ""utility"": 1.9163534943524305}]"
bugsinpy-tornado-8,tornadoweb/tornado,R0,DIAGNOSIS_CONFIRMED,True,,0.0,0.0,0.0,0.0,0.0,0.0,1.0,"[""CONFIGURATION""]",CONFIGURATION,0.0,1.0,1.0,1.0,1.0,0.0,0.0,1.0,20,2789,0.9942096120440069,534.313408,0,NOT_REQUESTED,{},EXECUTED_SLICE_GRAPH,"[""function:tornado/netutil.py::add_accept_handler"",""function:tornado/netutil.py::add_accept_handler.accept_handler"",""function:tornado/netutil.py::bind_sockets"",""class:tornado/tcpserver.py::TCPServer"",""function:tornado/testing.py::bind_unused_port"",""class:tornado/httpserver.py::_HTTPRequestContext"",""class:tornado/httputil.py::HTTPServerRequest"",""class:tornado/ioloop.py::PollIOLoop"",""class:tornado/iostream.py::BaseIOStream"",""function:tornado/iostream.py::BaseIOStream._handle_write""]",[],[]
bugsinpy-tornado-8,tornadoweb/tornado,R1,DIAGNOSIS_CANDIDATES,True,,0.0,0.0,0.0,0.0,0.0,0.0,1.0,"[""CONFIGURATION""]",CONFIGURATION,0.0,1.0,1.0,1.0,0.0,0.0,0.0,0.0,20,972,0.9942096120440069,116.299196,0,NOT_REQUESTED,{},EXECUTED_SLICE_GRAPH,"[""function:tornado/gen.py::_argument_adapter.wrapper"",""function:tornado/simple_httpclient.py::_HTTPConnection.__init__"",""function:tornado/http1connection.py::HTTP1Connection._read_message"",""function:tornado/web.py::RequestHandler.finish"",""function:tornado/gen.py::Runner.run"",""function:tornado/concurrent.py::Future.add_done_callback"",""function:tornado/concurrent.py::Future.set_result"",""class:tornado/gen.py::BadYieldError"",""function:tornado/stack_context.py::wrap"",""function:tornado/ioloop.py::IOLoop.current""]",[],[]
bugsinpy-tornado-8,tornadoweb/tornado,R3,DIAGNOSIS_CONFIRMED,True,,1.0,1.0,1.0,0.5,1.0,1.0,1.0,"[""CONFIGURATION""]",CONFIGURATION,1.0,1.0,1.0,1.0,1.0,0.0,1.0,0.0,20,3157,0.9942096120440069,936.455057,0,NOT_REQUESTED,{},EXECUTED_SLICE_GRAPH,"[""function:tornado/web.py::RequestHandler._stack_context_handle_exception"",""function:tornado/websocket.py::WebSocketProtocol13.accept_connection"",""function:tornado/websocket.py::WebSocketHandler.get"",""function:tornado/websocket.py::WebSocketProtocol13._handle_websocket_headers"",""function:tornado/websocket.py::WebSocketProtocol._abort"",""function:tornado/web.py::addslash.wrapper"",""function:tornado/testing.py::_TestMethodWrapper.__call__"",""class:tornado/httputil.py::HTTPServerRequest"",""function:tornado/netutil.py::add_accept_handler"",""class:tornado/web.py::RequestHandler""]",[],[]
bugsinpy-tornado-8,tornadoweb/tornado,R5,DIAGNOSIS_CONFIRMED,True,,1.0,1.0,1.0,0.5,1.0,1.0,1.0,"[""CONFIGURATION""]",CONFIGURATION,1.0,1.0,1.0,1.0,1.0,0.0,1.0,0.0,20,3024,0.9942096120440069,696.558441,0,NOT_REQUESTED,{},EXECUTED_SLICE_GRAPH,"[""function:tornado/web.py::RequestHandler._stack_context_handle_exception"",""function:tornado/websocket.py::WebSocketProtocol13.accept_connection"",""function:tornado/websocket.py::WebSocketHandler.get"",""function:tornado/websocket.py::WebSocketProtocol13._handle_websocket_headers"",""function:tornado/websocket.py::WebSocketProtocol._abort"",""class:tornado/httputil.py::HTTPServerRequest"",""function:tornado/testing.py::_TestMethodWrapper.__call__"",""function:tornado/web.py::addslash.wrapper"",""class:tornado/web.py::RequestHandler"",""function:tornado/web.py::RequestHandler._execute""]",[],[]
bugsinpy-tornado-8,tornadoweb/tornado,R6,DIAGNOSIS_CONFIRMED,True,,1.0,1.0,1.0,0.5,1.0,1.0,1.0,"[""CONFIGURATION""]",CONFIGURATION,1.0,1.0,1.0,1.0,1.0,0.0,1.0,0.0,20,3024,0.9942096120440069,699.926581,1,ACTIVE_EVIDENCE_UNAVAILABLE,"{""contract_after"": ""PROTOCOL_RESPONSE"", ""contract_before"": ""PROTOCOL_RESPONSE"", ""reason"": ""probe_did_not_distinguish_candidates""}",EXECUTED_SLICE_GRAPH,"[""function:tornado/web.py::RequestHandler._stack_context_handle_exception"",""function:tornado/websocket.py::WebSocketProtocol13.accept_connection"",""function:tornado/websocket.py::WebSocketHandler.get"",""function:tornado/websocket.py::WebSocketProtocol13._handle_websocket_headers"",""function:tornado/websocket.py::WebSocketProtocol._abort"",""class:tornado/httputil.py::HTTPServerRequest"",""function:tornado/testing.py::_TestMethodWrapper.__call__"",""function:tornado/web.py::addslash.wrapper"",""class:tornado/web.py::RequestHandler"",""function:tornado/web.py::RequestHandler._execute""]",[],"[{""command"": [""python"", ""-m"", ""pytest"", ""tornado/test/websocket_test.py"", ""-x"", ""-vv"", ""--showlocals""], ""distinguished_hypotheses"": [""function:tornado/web.py::RequestHandler._stack_context_handle_exception"", ""function:tornado/websocket.py::WebSocketProtocol13.accept_connection"", ""function:tornado/websocket.py::WebSocketHandler.get""], ""estimated_cost"": 1.0, ""expected_observation"": ""runtime types and values at the top candidate frames"", ""safety_level"": ""READ_ONLY_TEST_EXECUTION"", ""timeout_seconds"": 300, ""utility"": 3.082482613060259}]"
bugsinpy-black-23,psf/black,R0,DIAGNOSIS_CANDIDATES,True,,1.0,1.0,1.0,0.5,1.0,1.0,1.0,"[""CONFIGURATION"", ""DATA_CONTRACT""]",CONFIGURATION,1.0,1.0,1.0,1.0,0.0,0.0,0.0,0.0,20,875,0.9406528189910979,166.963987,0,NOT_REQUESTED,{},EXECUTED_SLICE_GRAPH,"[""function:black.py::Visitor.visit"",""function:black.py::lib2to3_parse"",""function:black.py::Line.append"",""function:black.py::BracketTracker.mark"",""function:black.py::EmptyLineTracker.maybe_empty_lines"",""function:black.py::Line.append_comment"",""function:black.py::Line.maybe_adapt_standalone_comment"",""function:black.py::Line.maybe_decrement_after_for_loop_variable"",""function:black.py::Line.maybe_increment_for_loop_variable"",""function:black.py::Line.maybe_remove_trailing_comma""]",[],[]
bugsinpy-black-23,psf/black,R1,DIAGNOSIS_CANDIDATES,True,,1.0,1.0,1.0,0.25,0.0,0.0,1.0,"[""CONFIGURATION"", ""DATA_CONTRACT""]",CONFIGURATION,0.0,1.0,1.0,1.0,0.0,0.0,0.0,0.0,20,805,0.9406528189910979,146.153776,0,NOT_REQUESTED,{},EXECUTED_SLICE_GRAPH,"[""function:black.py::Visitor.visit"",""function:black.py::format_str"",""function:black.py::DebugVisitor.visit_default"",""function:black.py::lib2to3_parse"",""function:black.py::Line.__bool__"",""function:black.py::Line.append"",""function:black.py::EmptyLineTracker._maybe_empty_lines"",""function:blib2to3/pgen2/tokenize.py::generate_tokens"",""function:blib2to3/pytree.py::Leaf.prefix"",""function:black.py::LineGenerator.line""]",[],[]
bugsinpy-black-23,psf/black,R3,DIAGNOSIS_CANDIDATES,True,,1.0,1.0,1.0,0.3333333333333333,1.0,1.0,1.0,"[""CONFIGURATION"", ""DATA_CONTRACT""]",CONFIGURATION,1.0,1.0,1.0,1.0,0.0,0.0,0.0,0.0,20,1024,0.9406528189910979,242.305523,0,NOT_REQUESTED,{},EXECUTED_SLICE_GRAPH,"[""function:black.py::Visitor.visit"",""function:tests/test_black.py::BlackTestCase.assertFormatEqual"",""function:black.py::whitespace"",""function:black.py::Line.append"",""function:black.py::lib2to3_parse"",""function:black.py::EmptyLineTracker._maybe_empty_lines"",""function:black.py::LineGenerator.visit_simple_stmt"",""function:blib2to3/pgen2/tokenize.py::generate_tokens"",""function:black.py::format_str"",""function:black.py::DebugVisitor.visit_default""]",[],[]
bugsinpy-black-23,psf/black,R5,DIAGNOSIS_CANDIDATES,True,,1.0,1.0,1.0,0.3333333333333333,1.0,1.0,1.0,"[""CONFIGURATION"", ""DATA_CONTRACT""]",CONFIGURATION,1.0,1.0,1.0,1.0,0.0,0.0,0.0,0.0,20,1024,0.9406528189910979,913.579931,0,NOT_REQUESTED,{},EXECUTED_SLICE_GRAPH,"[""function:tests/test_black.py::BlackTestCase.assertFormatEqual"",""function:black.py::Visitor.visit"",""function:black.py::whitespace"",""function:black.py::format_str"",""function:black.py::Line.append"",""function:black.py::lib2to3_parse"",""function:black.py::EmptyLineTracker._maybe_empty_lines"",""function:black.py::LineGenerator.visit_simple_stmt"",""function:blib2to3/pgen2/tokenize.py::generate_tokens"",""function:black.py::DebugVisitor.visit_default""]",[],[]
bugsinpy-black-23,psf/black,R6,DIAGNOSIS_CANDIDATES,True,,1.0,1.0,1.0,0.3333333333333333,1.0,1.0,1.0,"[""CONFIGURATION"", ""DATA_CONTRACT""]",CONFIGURATION,1.0,1.0,1.0,1.0,0.0,0.0,0.0,0.0,20,1024,0.9406528189910979,921.428195,1,ACTIVE_EVIDENCE_UNAVAILABLE,"{""contract_after"": ""OUTPUT_FORMAT"", ""contract_before"": ""OUTPUT_FORMAT"", ""reason"": ""probe_did_not_distinguish_candidates""}",EXECUTED_SLICE_GRAPH,"[""function:tests/test_black.py::BlackTestCase.assertFormatEqual"",""function:black.py::Visitor.visit"",""function:black.py::whitespace"",""function:black.py::format_str"",""function:black.py::Line.append"",""function:black.py::lib2to3_parse"",""function:black.py::EmptyLineTracker._maybe_empty_lines"",""function:black.py::LineGenerator.visit_simple_stmt"",""function:blib2to3/pgen2/tokenize.py::generate_tokens"",""function:black.py::DebugVisitor.visit_default""]",[],"[{""command"": [""python"", ""-m"", ""pytest"", ""tests/python2.py;tests/test_black.py"", ""-x"", ""-vv"", ""--showlocals""], ""distinguished_hypotheses"": [""function:tests/test_black.py::BlackTestCase.assertFormatEqual"", ""function:black.py::Visitor.visit"", ""function:black.py::whitespace""], ""estimated_cost"": 1.0, ""expected_observation"": ""runtime types and values at the top candidate frames"", ""safety_level"": ""READ_ONLY_TEST_EXECUTION"", ""timeout_seconds"": 300, ""utility"": 2.816512823245823}]"
bugsinpy-thefuck-22,nvbn/thefuck,R0,DIAGNOSIS_CONFIRMED,True,,1.0,1.0,1.0,0.3333333333333333,1.0,1.0,1.0,"[""CONFIGURATION""]",CONFIGURATION,1.0,1.0,1.0,1.0,1.0,0.0,1.0,0.0,17,164,0.9710884353741497,115.537246,0,NOT_REQUESTED,{},CONFIGURATION_MATCHER,"[""function:thefuck/types.py::SortedCorrectedCommandsSequence.__iter__"",""function:thefuck/types.py::CorrectedCommand.__init__"",""function:thefuck/types.py::SortedCorrectedCommandsSequence._realise"",""class:thefuck/types.py::SortedCorrectedCommandsSequence"",""function:thefuck/types.py::SortedCorrectedCommandsSequence._remove_duplicates"",""function:thefuck/types.py::SortedCorrectedCommandsSequence._realise_first"",""class:thefuck/conf.py::_DefaultRulesNames"",""class:thefuck/types.py::CorrectedCommand"",""file:thefuck/__init__.py"",""file:thefuck/logs.py""]",[],[]
bugsinpy-thefuck-22,nvbn/thefuck,R1,DIAGNOSIS_CONFIRMED,True,,1.0,1.0,1.0,0.25,0.0,0.0,1.0,"[""CONFIGURATION""]",CONFIGURATION,0.0,1.0,1.0,1.0,1.0,0.0,0.0,1.0,20,225,0.9659863945578231,106.677708,0,NOT_REQUESTED,{},CONFIGURATION_MATCHER,"[""class:thefuck/types.py::CorrectedCommand"",""function:thefuck/types.py::SortedCorrectedCommandsSequence.__iter__"",""class:tests/test_types.py::TestCorrectedCommand"",""function:thefuck/types.py::SortedCorrectedCommandsSequence._realise"",""class:thefuck/types.py::Settings"",""class:thefuck/types.py::RulesNamesList"",""class:thefuck/types.py::SortedCorrectedCommandsSequence"",""function:thefuck/types.py::SortedCorrectedCommandsSequence._remove_duplicates"",""function:thefuck/types.py::CorrectedCommand.__init__"",""function:thefuck/types.py::SortedCorrectedCommandsSequence._realise_first""]",[],[]
bugsinpy-thefuck-22,nvbn/thefuck,R3,DIAGNOSIS_CONFIRMED,True,,1.0,1.0,1.0,0.5,1.0,1.0,1.0,"[""CONFIGURATION""]",CONFIGURATION,1.0,1.0,1.0,1.0,1.0,0.0,1.0,0.0,20,209,0.9659863945578231,207.624135,0,NOT_REQUESTED,{},CONFIGURATION_MATCHER,"[""function:thefuck/types.py::SortedCorrectedCommandsSequence.__iter__"",""function:thefuck/types.py::SortedCorrectedCommandsSequence._realise"",""class:thefuck/types.py::CorrectedCommand"",""class:thefuck/types.py::SortedCorrectedCommandsSequence"",""class:tests/test_types.py::TestCorrectedCommand"",""function:thefuck/types.py::SortedCorrectedCommandsSequence._remove_duplicates"",""function:thefuck/types.py::SortedCorrectedCommandsSequence._realise_first"",""function:thefuck/types.py::CorrectedCommand.__init__"",""class:tests/test_types.py::TestSortedCorrectedCommandsSequence"",""class:thefuck/types.py::Settings""]",[],[]
bugsinpy-thefuck-22,nvbn/thefuck,R5,DIAGNOSIS_CONFIRMED,True,,1.0,1.0,1.0,0.5,1.0,1.0,1.0,"[""CONFIGURATION""]",CONFIGURATION,1.0,1.0,1.0,1.0,1.0,0.0,1.0,0.0,20,225,0.9659863945578231,645.75089,0,NOT_REQUESTED,{},CONFIGURATION_MATCHER,"[""function:thefuck/types.py::SortedCorrectedCommandsSequence.__iter__"",""function:thefuck/types.py::SortedCorrectedCommandsSequence._realise"",""class:thefuck/types.py::CorrectedCommand"",""class:thefuck/types.py::SortedCorrectedCommandsSequence"",""class:tests/test_types.py::TestCorrectedCommand"",""function:thefuck/types.py::SortedCorrectedCommandsSequence._remove_duplicates"",""function:thefuck/types.py::SortedCorrectedCommandsSequence._realise_first"",""class:tests/test_types.py::TestSortedCorrectedCommandsSequence"",""function:thefuck/types.py::CorrectedCommand.__init__"",""class:thefuck/types.py::Settings""]",[],[]
bugsinpy-thefuck-22,nvbn/thefuck,R6,DIAGNOSIS_CONFIRMED,True,,1.0,1.0,1.0,0.5,1.0,1.0,1.0,"[""CONFIGURATION""]",CONFIGURATION,1.0,1.0,1.0,1.0,1.0,0.0,1.0,0.0,20,225,0.9659863945578231,626.143974,1,ACTIVE_EVIDENCE_UNAVAILABLE,"{""contract_after"": ""CONTROL_FLOW"", ""contract_before"": ""CONTROL_FLOW"", ""reason"": ""probe_did_not_distinguish_candidates""}",CONFIGURATION_MATCHER,"[""function:thefuck/types.py::SortedCorrectedCommandsSequence.__iter__"",""function:thefuck/types.py::SortedCorrectedCommandsSequence._realise"",""class:thefuck/types.py::CorrectedCommand"",""class:thefuck/types.py::SortedCorrectedCommandsSequence"",""class:tests/test_types.py::TestCorrectedCommand"",""function:thefuck/types.py::SortedCorrectedCommandsSequence._remove_duplicates"",""function:thefuck/types.py::SortedCorrectedCommandsSequence._realise_first"",""class:tests/test_types.py::TestSortedCorrectedCommandsSequence"",""function:thefuck/types.py::CorrectedCommand.__init__"",""class:thefuck/types.py::Settings""]",[],"[{""command"": [""python"", ""-m"", ""pytest"", ""tests/test_types.py::TestSortedCorrectedCommandsSequence::test_with_blank"", ""-x"", ""-vv"", ""--showlocals""], ""distinguished_hypotheses"": [""function:thefuck/types.py::SortedCorrectedCommandsSequence.__iter__"", ""function:thefuck/types.py::SortedCorrectedCommandsSequence._realise"", ""class:thefuck/types.py::CorrectedCommand""], ""estimated_cost"": 1.0, ""expected_observation"": ""runtime types and values at the top candidate frames"", ""safety_level"": ""READ_ONLY_TEST_EXECUTION"", ""timeout_seconds"": 300, ""utility"": 2.5476793826920563}]"
bugsinpy-youtube-dl-8,ytdl-org/youtube-dl,R0,DIAGNOSIS_CANDIDATES,True,,1.0,1.0,1.0,0.5,1.0,1.0,1.0,"[""CONFIGURATION""]",CONFIGURATION,1.0,1.0,1.0,1.0,0.0,0.0,0.0,0.0,19,2687,0.9938211382113821,1063.754701,0,NOT_REQUESTED,{},EXECUTED_SLICE_GRAPH,"[""class:youtube_dl/downloader/rtmp.py::RtmpFD"",""class:youtube_dl/YoutubeDL.py::YoutubeDL"",""function:youtube_dl/YoutubeDL.py::YoutubeDL.__init__"",""function:youtube_dl/YoutubeDL.py::YoutubeDL._build_format_filter"",""function:youtube_dl/YoutubeDL.py::YoutubeDL._build_format_filter._filter"",""function:youtube_dl/YoutubeDL.py::YoutubeDL._calc_cookies"",""function:youtube_dl/YoutubeDL.py::YoutubeDL._calc_headers"",""function:youtube_dl/YoutubeDL.py::YoutubeDL._setup_opener"",""function:youtube_dl/YoutubeDL.py::YoutubeDL.add_extra_info"",""function:youtube_dl/YoutubeDL.py::YoutubeDL.build_format_selector""]",[],[]
bugsinpy-youtube-dl-8,ytdl-org/youtube-dl,R1,DIAGNOSIS_CANDIDATES,True,,1.0,1.0,1.0,0.5,1.0,1.0,1.0,"[""CONFIGURATION""]",CONFIGURATION,1.0,1.0,1.0,1.0,0.0,0.0,0.0,0.0,20,1595,0.9934959349593496,79.425391,0,NOT_REQUESTED,{},EXECUTED_SLICE_GRAPH,"[""function:youtube_dl/YoutubeDL.py::YoutubeDL.process_video_result"",""function:youtube_dl/YoutubeDL.py::YoutubeDL.build_format_selector"",""function:youtube_dl/YoutubeDL.py::YoutubeDL.build_format_selector._build_selector_function.selector_function"",""function:youtube_dl/YoutubeDL.py::YoutubeDL.build_format_selector._parse_format_selection"",""function:youtube_dl/YoutubeDL.py::YoutubeDL.__init__"",""class:youtube_dl/utils.py::ContentTooShortError"",""class:youtube_dl/extractor/youtube.py::YoutubeBaseInfoExtractor"",""function:youtube_dl/extractor/common.py::InfoExtractor.__init__"",""class:youtube_dl/extractor/twitch.py::TwitchBaseIE"",""class:youtube_dl/postprocessor/ffmpeg.py::FFmpegEmbedSubtitlePP""]",[],[]
bugsinpy-youtube-dl-8,ytdl-org/youtube-dl,R3,DIAGNOSIS_CANDIDATES,True,,1.0,1.0,1.0,1.0,1.0,1.0,1.0,"[""CONFIGURATION""]",CONFIGURATION,1.0,1.0,1.0,1.0,0.0,0.0,0.0,0.0,20,3141,0.9934959349593496,1053.724611,0,NOT_REQUESTED,{},EXECUTED_SLICE_GRAPH,"[""function:youtube_dl/YoutubeDL.py::YoutubeDL.build_format_selector"",""function:youtube_dl/YoutubeDL.py::YoutubeDL.process_video_result"",""function:youtube_dl/YoutubeDL.py::YoutubeDL.build_format_selector._build_selector_function"",""function:youtube_dl/YoutubeDL.py::YoutubeDL.process_ie_result"",""function:youtube_dl/YoutubeDL.py::YoutubeDL.build_format_selector._build_selector_function.selector_function"",""function:youtube_dl/YoutubeDL.py::YoutubeDL.build_format_selector._build_selector_function._merge"",""function:youtube_dl/YoutubeDL.py::YoutubeDL.build_format_selector._build_selector_function.final_selector"",""function:youtube_dl/YoutubeDL.py::YoutubeDL.build_format_selector._parse_format_selection"",""class:youtube_dl/YoutubeDL.py::YoutubeDL"",""function:youtube_dl/YoutubeDL.py::YoutubeDL.__init__""]",[],[]
bugsinpy-youtube-dl-8,ytdl-org/youtube-dl,R5,DIAGNOSIS_CANDIDATES,True,,1.0,1.0,1.0,1.0,1.0,1.0,1.0,"[""CONFIGURATION""]",CONFIGURATION,1.0,1.0,1.0,1.0,0.0,0.0,0.0,0.0,20,3199,0.9934959349593496,458.204721,0,NOT_REQUESTED,{},EXECUTED_SLICE_GRAPH,"[""function:youtube_dl/YoutubeDL.py::YoutubeDL.build_format_selector"",""function:youtube_dl/YoutubeDL.py::YoutubeDL.build_format_selector._build_selector_function"",""function:youtube_dl/YoutubeDL.py::YoutubeDL.process_video_result"",""function:youtube_dl/YoutubeDL.py::YoutubeDL.build_format_selector._build_selector_function.selector_function"",""function:youtube_dl/YoutubeDL.py::YoutubeDL.process_ie_result"",""function:youtube_dl/YoutubeDL.py::YoutubeDL.build_format_selector._build_selector_function._merge"",""function:youtube_dl/YoutubeDL.py::YoutubeDL.build_format_selector._build_selector_function.final_selector"",""function:youtube_dl/YoutubeDL.py::YoutubeDL.build_format_selector._parse_format_selection"",""function:youtube_dl/YoutubeDL.py::YoutubeDL.build_format_selector.TokenIterator.__iter__"",""class:youtube_dl/YoutubeDL.py::YoutubeDL.build_format_selector.TokenIterator""]",[],[]
bugsinpy-youtube-dl-8,ytdl-org/youtube-dl,R6,DIAGNOSIS_CANDIDATES,True,,1.0,1.0,1.0,1.0,1.0,1.0,1.0,"[""CONFIGURATION""]",CONFIGURATION,1.0,1.0,1.0,1.0,0.0,0.0,0.0,0.0,20,3199,0.9934959349593496,471.453732,1,ACTIVE_EVIDENCE_UNAVAILABLE,"{""contract_after"": ""API_BEHAVIOR"", ""contract_before"": ""API_BEHAVIOR"", ""reason"": ""probe_did_not_distinguish_candidates""}",EXECUTED_SLICE_GRAPH,"[""function:youtube_dl/YoutubeDL.py::YoutubeDL.build_format_selector"",""function:youtube_dl/YoutubeDL.py::YoutubeDL.build_format_selector._build_selector_function"",""function:youtube_dl/YoutubeDL.py::YoutubeDL.process_video_result"",""function:youtube_dl/YoutubeDL.py::YoutubeDL.build_format_selector._build_selector_function.selector_function"",""function:youtube_dl/YoutubeDL.py::YoutubeDL.process_ie_result"",""function:youtube_dl/YoutubeDL.py::YoutubeDL.build_format_selector._build_selector_function._merge"",""function:youtube_dl/YoutubeDL.py::YoutubeDL.build_format_selector._build_selector_function.final_selector"",""function:youtube_dl/YoutubeDL.py::YoutubeDL.build_format_selector._parse_format_selection"",""function:youtube_dl/YoutubeDL.py::YoutubeDL.build_format_selector.TokenIterator.__iter__"",""class:youtube_dl/YoutubeDL.py::YoutubeDL.build_format_selector.TokenIterator""]",[],"[{""command"": [""python"", ""-m"", ""pytest"", ""test/test_YoutubeDL.py"", ""-x"", ""-vv"", ""--showlocals""], ""distinguished_hypotheses"": [""function:youtube_dl/YoutubeDL.py::YoutubeDL.build_format_selector"", ""function:youtube_dl/YoutubeDL.py::YoutubeDL.build_format_selector._build_selector_function"", ""function:youtube_dl/YoutubeDL.py::YoutubeDL.process_video_result""], ""estimated_cost"": 1.0, ""expected_observation"": ""runtime types and values at the top candidate frames"", ""safety_level"": ""READ_ONLY_TEST_EXECUTION"", ""timeout_seconds"": 300, ""utility"": 3.125550660559357}]"
bugsinpy-pandas-48,pandas-dev/pandas,R0,DIAGNOSIS_CANDIDATES,True,,0.0,0.0,0.0,0.0,0.0,0.0,1.0,"[""DATA_CONTRACT""]",DATA_CONTRACT,0.0,1.0,1.0,1.0,0.0,0.0,0.0,0.0,20,9009,0.9982369534555712,11379.789973,0,NOT_REQUESTED,{},DATAFLOW_ASSERTION,"[""class:pandas/core/frame.py::DataFrame"",""class:pandas/core/accessor.py::CachedAccessor"",""function:pandas/core/generic.py::NDFrame._get_axis_name"",""function:pandas/core/generic.py::_make_cum_function"",""function:pandas/core/generic.py::_make_min_count_stat_function"",""function:pandas/core/generic.py::_make_stat_function"",""function:pandas/core/generic.py::_make_stat_function_ddof"",""function:pandas/core/generic.py::NDFrame._get_axis"",""function:pandas/core/generic.py::_doc_parms"",""function:pandas/core/ops/methods.py::_add_methods""]",[],[]
bugsinpy-pandas-48,pandas-dev/pandas,R1,DIAGNOSIS_CANDIDATES,True,,0.0,0.0,0.0,0.0,0.0,0.0,1.0,"[""DATA_CONTRACT""]",DATA_CONTRACT,0.0,1.0,1.0,1.0,0.0,0.0,0.0,0.0,20,1083,0.9982369534555712,346.912877,0,NOT_REQUESTED,{},DATAFLOW_ASSERTION,"[""function:pandas/core/series.py::Series.__init__"",""function:pandas/core/indexes/base.py::Index.__new__"",""function:pandas/core/indexes/base.py::Index.__len__"",""function:pandas/util/_decorators.py::Appender.__init__"",""function:pandas/core/dtypes/generic.py::create_pandas_abc_type._check"",""function:pandas/util/_decorators.py::Appender.__call__"",""function:pandas/core/dtypes/common.py::is_object_dtype"",""function:pandas/core/groupby/ops.py::BaseGrouper._cython_operation"",""function:pandas/core/dtypes/common.py::is_bool_dtype"",""function:pandas/core/dtypes/common.py::is_extension_array_dtype""]",[],[]
bugsinpy-pandas-48,pandas-dev/pandas,R3,DIAGNOSIS_CANDIDATES,True,,1.0,1.0,1.0,0.25,0.0,0.0,1.0,"[""DATA_CONTRACT""]",DATA_CONTRACT,0.0,1.0,1.0,1.0,0.0,0.0,0.0,0.0,20,21088,0.9982369534555712,13041.115345,0,NOT_REQUESTED,{},DATAFLOW_ASSERTION,"[""function:pandas/core/arrays/integer.py::coerce_to_array"",""class:pandas/core/frame.py::DataFrame"",""class:pandas/core/arrays/integer.py::Int16Dtype"",""function:pandas/core/groupby/generic.py::DataFrameGroupBy._cython_agg_blocks"",""function:pandas/core/arrays/integer.py::integer_array"",""function:pandas/core/arrays/integer.py::IntegerArray._from_sequence"",""function:pandas/core/groupby/generic.py::DataFrameGroupBy._cython_agg_general"",""function:pandas/core/groupby/groupby.py::GroupBy.var"",""function:pandas/core/groupby/groupby.py::GroupBy.median"",""function:pandas/core/groupby/groupby.py::GroupBy.mean""]",[],[]
bugsinpy-pandas-48,pandas-dev/pandas,R5,DIAGNOSIS_CANDIDATES,True,,0.0,1.0,1.0,0.16666666666666666,0.0,0.0,1.0,"[""DATA_CONTRACT""]",DATA_CONTRACT,0.0,1.0,1.0,1.0,0.0,0.0,0.0,0.0,20,9458,0.9982369534555712,2032.104616,0,NOT_REQUESTED,{},DATAFLOW_ASSERTION,"[""function:pandas/core/arrays/integer.py::coerce_to_array"",""class:pandas/core/arrays/integer.py::Int16Dtype"",""function:pandas/core/arrays/integer.py::integer_array"",""function:pandas/core/arrays/integer.py::IntegerArray._from_sequence"",""class:pandas/core/frame.py::DataFrame"",""function:pandas/core/groupby/generic.py::DataFrameGroupBy._cython_agg_blocks"",""function:pandas/core/arrays/integer.py::safe_cast"",""function:pandas/core/dtypes/cast.py::maybe_cast_to_integer_array"",""function:pandas/core/construction.py::_try_cast"",""function:pandas/core/groupby/generic.py::DataFrameGroupBy._cython_agg_general""]",[],[]
bugsinpy-pandas-48,pandas-dev/pandas,R6,DIAGNOSIS_CANDIDATES,True,,0.0,1.0,1.0,0.16666666666666666,0.0,0.0,1.0,"[""DATA_CONTRACT""]",DATA_CONTRACT,0.0,1.0,1.0,1.0,0.0,0.0,0.0,0.0,20,9458,0.9982369534555712,2098.48375,1,ACTIVE_EVIDENCE_APPLIED,"{""contract_after"": ""DATA_TYPE"", ""contract_before"": ""DATA_TYPE"", ""entropy_after"": ""1.096804217"", ""entropy_before"": ""1.053589670"", ""event_id"": ""trace-5313a4bfec06c1ec5652aca5"", ""event_kind"": ""traceback_frame"", ""observed_node"": ""function:pandas/core/arrays/integer.py::integer_array"", ""rank_after"": ""2"", ""rank_before"": ""3""}",DATAFLOW_ASSERTION,"[""function:pandas/core/arrays/integer.py::coerce_to_array"",""function:pandas/core/arrays/integer.py::integer_array"",""class:pandas/core/arrays/integer.py::Int16Dtype"",""function:pandas/core/arrays/integer.py::IntegerArray._from_sequence"",""class:pandas/core/frame.py::DataFrame"",""function:pandas/core/groupby/generic.py::DataFrameGroupBy._cython_agg_blocks"",""function:pandas/core/arrays/integer.py::safe_cast"",""function:pandas/core/dtypes/cast.py::maybe_cast_to_integer_array"",""function:pandas/core/construction.py::_try_cast"",""function:pandas/core/groupby/generic.py::DataFrameGroupBy._cython_agg_general""]",[],"[{""command"": [""python"", ""-m"", ""pytest"", ""pandas/tests/groupby/test_function.py::test_apply_to_nullable_integer_returns_float"", ""-x"", ""-vv"", ""--showlocals""], ""distinguished_hypotheses"": [""function:pandas/core/arrays/integer.py::coerce_to_array"", ""function:pandas/core/arrays/integer.py::integer_array"", ""class:pandas/core/arrays/integer.py::Int16Dtype""], ""estimated_cost"": 1.0, ""expected_observation"": ""runtime types and values at the top candidate frames"", ""safety_level"": ""READ_ONLY_TEST_EXECUTION"", ""timeout_seconds"": 300, ""utility"": 3.2904126522395867}]"
bugsinpy-httpie-2,jakubroztocil/httpie,R0,DIAGNOSIS_CANDIDATES,True,,0.0,0.0,0.0,0.0,0.0,0.0,1.0,"[""CONFIGURATION""]",CONFIGURATION,0.0,1.0,1.0,1.0,0.0,0.0,0.0,0.0,20,603,0.9481865284974094,159.371097,0,NOT_REQUESTED,{},EXECUTED_SLICE_GRAPH,"[""function:httpie/core.py::main"",""function:httpie/output/streams.py::write"",""function:httpie/plugins/manager.py::PluginManager.load_installed_plugins"",""function:httpie/core.py::decode_args"",""function:httpie/input.py::HTTPieArgumentParser.parse_args"",""function:httpie/output/streams.py::build_output_stream"",""class:httpie/context.py::Environment"",""function:httpie/client.py::get_requests_kwargs"",""function:httpie/client.py::get_requests_session"",""function:httpie/config.py::BaseConfigDict.is_new""]",[],[]
bugsinpy-httpie-2,jakubroztocil/httpie,R1,DIAGNOSIS_CANDIDATES,True,,0.0,0.0,0.0,0.0,0.0,0.0,1.0,"[""CONFIGURATION""]",CONFIGURATION,0.0,1.0,1.0,1.0,0.0,0.0,0.0,0.0,20,572,0.9481865284974094,120.50924,0,NOT_REQUESTED,{},EXECUTED_SLICE_GRAPH,"[""class:httpie/input.py::AuthCredentials"",""class:httpie/downloads.py::ContentRangeError"",""function:httpie/core.py::main"",""function:httpie/input.py::HTTPieArgumentParser.parse_args"",""function:httpie/output/streams.py::build_output_stream"",""class:httpie/input.py::KeyValueArgType"",""function:httpie/context.py::Environment.config"",""function:httpie/context.py::Environment.__init__"",""class:httpie/output/streams.py::BaseStream"",""function:httpie/client.py::get_requests_kwargs""]",[],[]
bugsinpy-httpie-2,jakubroztocil/httpie,R3,DIAGNOSIS_CANDIDATES,True,,0.0,0.0,0.0,0.0,0.0,0.0,1.0,"[""CONFIGURATION""]",CONFIGURATION,0.0,1.0,1.0,1.0,0.0,0.0,0.0,0.0,20,1134,0.9481865284974094,217.668645,0,NOT_REQUESTED,{},EXECUTED_SLICE_GRAPH,"[""function:httpie/core.py::main"",""class:httpie/input.py::AuthCredentials"",""class:httpie/downloads.py::ContentRangeError"",""class:httpie/output/formatters/xml.py::XMLFormatter"",""function:httpie/input.py::HTTPieArgumentParser.parse_args"",""class:httpie/__init__.py::ExitStatus"",""class:tests/test_redirects.py::TestRedirects"",""function:tests/utils.py::http"",""function:httpie/output/streams.py::build_output_stream"",""class:httpie/input.py::HTTPieArgumentParser""]",[],[]
bugsinpy-httpie-2,jakubroztocil/httpie,R5,DIAGNOSIS_CANDIDATES,True,,0.0,0.0,0.0,0.0,0.0,0.0,1.0,"[""CONFIGURATION""]",CONFIGURATION,0.0,1.0,1.0,1.0,0.0,0.0,0.0,0.0,20,1111,0.9481865284974094,727.078141,0,NOT_REQUESTED,{},EXECUTED_SLICE_GRAPH,"[""function:httpie/core.py::main"",""class:httpie/input.py::AuthCredentials"",""class:httpie/downloads.py::ContentRangeError"",""class:httpie/output/formatters/xml.py::XMLFormatter"",""function:httpie/input.py::HTTPieArgumentParser.parse_args"",""class:httpie/__init__.py::ExitStatus"",""class:tests/test_redirects.py::TestRedirects"",""function:tests/utils.py::http"",""function:httpie/output/streams.py::build_output_stream"",""class:httpie/input.py::HTTPieArgumentParser""]",[],[]
bugsinpy-httpie-2,jakubroztocil/httpie,R6,DIAGNOSIS_CANDIDATES,True,,0.0,0.0,0.0,0.0,0.0,0.0,1.0,"[""CONFIGURATION""]",CONFIGURATION,0.0,1.0,1.0,1.0,0.0,0.0,0.0,0.0,20,1111,0.9481865284974094,725.989792,1,ACTIVE_EVIDENCE_UNAVAILABLE,"{""contract_after"": ""PIPELINE_CONFIGURATION"", ""contract_before"": ""PIPELINE_CONFIGURATION"", ""reason"": ""probe_did_not_distinguish_candidates""}",EXECUTED_SLICE_GRAPH,"[""function:httpie/core.py::main"",""class:httpie/input.py::AuthCredentials"",""class:httpie/downloads.py::ContentRangeError"",""class:httpie/output/formatters/xml.py::XMLFormatter"",""function:httpie/input.py::HTTPieArgumentParser.parse_args"",""class:httpie/__init__.py::ExitStatus"",""class:tests/test_redirects.py::TestRedirects"",""function:tests/utils.py::http"",""function:httpie/output/streams.py::build_output_stream"",""class:httpie/input.py::HTTPieArgumentParser""]",[],"[{""command"": [""python"", ""-m"", ""pytest"", ""tests/test_redirects.py::TestRedirects::test_max_redirects"", ""-x"", ""-vv"", ""--showlocals""], ""distinguished_hypotheses"": [""function:httpie/core.py::main"", ""class:httpie/input.py::AuthCredentials"", ""class:httpie/downloads.py::ContentRangeError""], ""estimated_cost"": 1.0, ""expected_observation"": ""runtime types and values at the top candidate frames"", ""safety_level"": ""READ_ONLY_TEST_EXECUTION"", ""timeout_seconds"": 300, ""utility"": 2.50024833422111}]"
