p_113,mu_low,mu_medium,mu_high,U_model,U_rules,U_trace,u_M,I_pre,action
0.7035770563720608,0.2964229436279392,0.18569177451175678,0.7035770563720608,0.5928458872558784,0.2964229436279392,0.02,0.35970753235352704,0.6743235322764167,block
