{
  "experiment": "ch3_reduction",
  "generated_at": "2026-06-11T06:59:59.343443+00:00",
  "runtime_seconds": 8.3e-05,
  "explain_plan": {
    "path": "configs/explain_plan_chapter2.yaml",
    "sha256": "4469dad3fbeeb4f53ad953c24bd4e29a8de0d17d6465fb2c71b2b15a954cacfc"
  },
  "status": "ok",
  "sample_id": "sample_113",
  "p_malignant": 0.7035770563720608,
  "reductions": {
    "F0": {
      "value": 0.7035770563720608,
      "Delta": 0.0
    },
    "F_int": {
      "value": 0.7035770563720608,
      "Delta": 0.06
    },
    "F_H": {
      "value": 0.7002437230387275,
      "Delta": 0.09
    },
    "F_N_src": {
      "value": 0.7035770563720608,
      "Delta": 0.106811
    },
    "F_ML": {
      "value": 0.7065770563720608,
      "Delta": 0.08
    }
  }
}