pipeline,batch_size,cache,serialization,repetition,model_ms,explainer_ms,fuzzyxai_ms,serialization_ms,total_ms,peak_ram_mb,peak_vram_mb,throughput_objects_per_second,overhead_ratio
tabular_shap,1,warm,False,0,0.0426,0.154543,0.03155,0.00012,0.228813,840.23828125,0.0,4370.381053524057,0.16064481112694848
tabular_shap,1,warm,False,1,0.048562,0.134625,0.028524,0.00012,0.211831,840.23828125,0.0,4720.744366971784,0.15636480754638704
tabular_shap,1,warm,False,2,0.043934,0.129325,0.028193,0.00013,0.201582,840.23828125,0.0,4960.760385351867,0.16347202742714664
tabular_shap,1,warm,False,3,0.043262,0.129055,0.027352,0.00011,0.199779,840.23828125,0.0,5005.531111878626,0.15936906979578336
tabular_shap,1,warm,False,4,0.04237,0.130076,0.027703,0.00011,0.200259,840.23828125,0.0,4993.533374280307,0.16128527191120698
tabular_shap,1,warm,False,5,0.050986,0.13682,0.029235,0.00011,0.217151,840.36328125,0.0,4605.090467002224,0.15625166395109846
tabular_shap,1,warm,False,6,0.045376,0.136519,0.029586,9e-05,0.211571,840.36328125,0.0,4726.545698607087,0.1631490695181286
tabular_shap,1,warm,False,7,0.046999,0.130708,0.028263,0.00011,0.20608,840.36328125,0.0,4852.484472049689,0.15966169031045485
tabular_shap,1,warm,False,8,0.043653,0.133573,0.028484,0.00013,0.20584,840.36328125,0.0,4858.142246404975,0.16145486553891641
tabular_shap,1,warm,False,9,0.043693,0.13714,0.030067,0.00011,0.21101,840.36328125,0.0,4739.111890431733,0.166877726963552
tabular_shap,1,warm,False,10,0.046828,0.135788,0.028073,0.00011,0.210799,840.36328125,0.0,4743.855521136248,0.15432930301835546
tabular_shap,1,warm,False,11,0.044454,0.125307,0.027613,0.00014,0.197514,840.36328125,0.0,5062.932247840659,0.16348277873009703
tabular_shap,1,warm,False,12,0.04244,0.125899,0.027221,0.000101,0.195661,840.36328125,0.0,5110.880553610582,0.16230344721068793
tabular_shap,1,warm,False,13,0.042841,0.129896,0.028424,9e-05,0.201251,840.36328125,0.0,4968.919409096104,0.16507175648529268
tabular_shap,1,warm,False,14,0.048983,0.130848,0.027943,0.0001,0.207874,840.36328125,0.0,4810.606425045941,0.15594085558107335
tabular_shap,1,warm,False,15,0.043473,0.127521,0.027673,0.00011,0.198777,840.36328125,0.0,5030.763116457136,0.16247938524158745
tabular_shap,1,warm,False,16,0.042601,0.125849,0.027502,9e-05,0.196042,840.36328125,0.0,5100.947756093082,0.16379934698723658
tabular_shap,1,warm,False,17,0.041929,0.127161,0.027623,0.00012,0.196833,840.36328125,0.0,5080.4489084655515,0.16407238748595424
tabular_shap,1,warm,False,18,0.042911,0.127051,0.029326,0.00011,0.199398,840.36328125,0.0,5015.095437266172,0.17319165460514704
tabular_shap,1,warm,False,19,0.044444,0.130137,0.027853,0.0001,0.202534,840.36328125,0.0,4937.442602229749,0.16011478912367325
tabular_shap,1,warm,False,20,0.043132,0.133934,0.028704,0.000111,0.205881,840.36328125,0.0,4857.174775719955,0.1627359289756362
tabular_shap,1,warm,False,21,0.044765,0.129826,0.027642,0.00011,0.202343,840.36328125,0.0,4942.103260305521,0.15895435618101736
tabular_shap,1,warm,False,22,0.04261,0.128424,0.027893,9e-05,0.199017,840.36328125,0.0,5024.696382721074,0.16361074406258402
tabular_shap,1,warm,False,23,0.04227,0.14266,0.029426,0.00011,0.214466,840.36328125,0.0,4662.7437449292665,0.1597144865624831
tabular_shap,1,warm,False,24,0.045567,0.127371,0.027522,0.000101,0.200561,840.36328125,0.0,4986.014230084613,0.15972776370722455
tabular_shap,1,warm,False,25,0.043232,0.125638,0.027652,0.000111,0.196633,840.36328125,0.0,5085.616351273692,0.1644045715639249
tabular_shap,1,warm,False,26,0.041669,0.125168,0.027902,0.000111,0.19485,840.36328125,0.0,5132.152938157557,0.16790639965954793
tabular_shap,1,warm,False,27,0.043012,0.124957,0.028043,0.00011,0.196122,840.36328125,0.0,5098.867031745546,0.16760830867600568
tabular_shap,1,warm,False,28,0.042621,0.136729,0.028675,0.00011,0.208135,840.36328125,0.0,4804.573954404593,0.16049623640925564
tabular_shap,1,warm,False,29,0.043752,0.130668,0.028524,0.0001,0.203044,840.36328125,0.0,4925.040877839287,0.16410962045636968
tabular_shap,1,warm,True,0,0.044023,0.130307,0.028564,0.008426,0.21132,840.36328125,0.0,4732.159757713421,0.21218378936499738
tabular_shap,1,warm,True,1,0.045196,0.128884,0.028193,0.005922,0.208195,840.36328125,0.0,4803.189317706958,0.1959731158088235
tabular_shap,1,warm,True,2,0.043643,0.128764,0.035898,0.00501,0.213315,840.36328125,0.0,4687.902866652603,0.2372757486644974
tabular_shap,1,warm,True,3,0.045366,0.129906,0.028023,0.005,0.208295,840.36328125,0.0,4800.883362538707,0.1884100141494363
tabular_shap,1,warm,True,4,0.043122,0.135256,0.027923,0.004849,0.21115,840.36328125,0.0,4735.969689793985,0.18372220789559254
tabular_shap,1,warm,True,5,0.045446,0.128364,0.027622,0.004869,0.206301,840.36328125,0.0,4847.286246794732,0.18693400839997695
tabular_shap,1,warm,True,6,0.045075,0.134515,0.028103,0.00494,0.212633,840.36328125,0.0,4702.938866497674,0.18399131354752493
tabular_shap,1,warm,True,7,0.044384,0.140025,0.030087,0.00507,0.219566,840.36328125,0.0,4554.4392118998385,0.19064687732160576
tabular_shap,1,warm,True,8,0.045546,0.128854,0.027823,0.00496,0.207183,840.36328125,0.0,4826.650835251927,0.18797591743119266
tabular_shap,1,warm,True,9,0.043282,0.127302,0.027301,0.00499,0.202875,840.36328125,0.0,4929.143561306223,0.18929676874736198
tabular_shap,1,warm,True,10,0.04211,0.132611,0.028284,0.004919,0.207924,840.36328125,0.0,4809.449606587022,0.1900343976968996
tabular_shap,1,warm,True,11,0.043112,0.127963,0.033423,0.00552,0.210018,840.36328125,0.0,4761.4966336218795,0.22763700131521264
tabular_shap,1,warm,True,12,0.044815,0.128013,0.028313,0.004829,0.20597,840.36328125,0.0,4855.075981939118,0.19176290878792793
tabular_shap,1,warm,True,13,0.043732,0.127041,0.028114,0.004839,0.203726,840.36328125,0.0,4908.553645582792,0.19296375890802414
tabular_shap,1,warm,True,14,0.043342,0.125007,0.027302,0.004769,0.20042,840.36328125,0.0,4989.522003792037,0.19050306209125092
tabular_shap,1,warm,True,15,0.04236,0.125158,0.027331,0.004799,0.199648,840.36328125,0.0,5008.81551530694,0.1918002841485691
tabular_shap,1,warm,True,16,0.042641,0.132952,0.029315,0.004869,0.209777,840.36328125,0.0,4766.9668266778535,0.19467746436361358
tabular_shap,1,warm,True,17,0.044605,0.125959,0.027742,0.004779,0.203085,840.36328125,0.0,4924.046581480661,0.1906674327525152
tabular_shap,1,warm,True,18,0.041318,0.125368,0.027702,0.004819,0.199207,840.36328125,0.0,5019.903919038989,0.19510336800931094
tabular_shap,1,warm,True,19,0.04239,0.133493,0.027642,0.004739,0.208264,840.36328125,0.0,4801.597971805017,0.18410534275626408
tabular_shap,1,warm,True,20,0.043403,0.129215,0.028193,0.004859,0.20567,840.36328125,0.0,4862.15782564302,0.19147481722647697
tabular_shap,1,warm,True,21,0.056968,0.132491,0.028624,0.005,0.223083,840.36328125,0.0,4482.636507488244,0.17747375421595174
tabular_shap,1,warm,True,22,0.044023,0.128143,0.027903,0.004849,0.204918,840.36328125,0.0,4880.0007808001255,0.19023500575026428
tabular_shap,1,warm,True,23,0.042951,0.125989,0.027212,0.004789,0.200941,840.36328125,0.0,4976.585166790252,0.18942228009944362
tabular_shap,1,warm,True,24,0.040777,0.125308,0.027382,0.004839,0.198306,840.36328125,0.0,5042.711768680726,0.19400307071680162
tabular_shap,1,warm,True,25,0.043172,0.127622,0.033664,0.004939,0.209397,840.36328125,0.0,4775.617606746992,0.22602082040352706
tabular_shap,1,warm,True,26,0.044234,0.127923,0.027802,0.00505,0.205009,840.36328125,0.0,4877.8346316503175,0.19082581597030618
tabular_shap,1,warm,True,27,0.0426,0.125669,0.027251,0.004769,0.200289,840.36328125,0.0,4992.785425060787,0.1902905466841783
tabular_shap,1,warm,True,28,0.044204,0.125989,0.027261,0.00486,0.202314,840.36328125,0.0,4942.811668989789,0.18873279159542403
tabular_shap,1,warm,True,29,0.042611,0.123323,0.027152,0.004779,0.197865,840.36328125,0.0,5053.950926136507,0.1924319307676546
tabular_shap,1,cold,False,0,6.5385729999999995,0.200641,0.056707,0.000221,6.796142,840.61328125,0.0,147.14230514900956,0.008447275898940143
tabular_shap,1,cold,False,1,5.551082,0.195901,0.05824,0.000311,5.805534,840.73828125,0.0,172.24944337592376,0.010188128275305495
tabular_shap,1,cold,False,2,4.907301,0.194568,0.053622,0.000221,5.155712,840.73828125,0.0,193.95963156980062,0.010553583402474661
tabular_shap,1,cold,False,3,4.8030040000000005,0.22701,0.063941,0.000331,5.094286,840.73828125,0.0,196.29836251831955,0.012777698034240061
tabular_shap,1,cold,False,4,4.657839,0.218845,0.067928,0.000321,4.944933000000001,840.73828125,0.0,202.22720914519974,0.013994960510051504
tabular_shap,1,cold,False,5,5.26,0.204428,0.060424,0.00021,5.525062,840.73828125,0.0,180.99344405546944,0.011096129366147747
tabular_shap,1,cold,False,6,4.933372,0.203375,0.056998,0.000201,5.193946,840.73828125,0.0,192.531843804306,0.01113525739149699
tabular_shap,1,cold,False,7,4.842799,0.212553,0.055175,0.00023,5.110757,840.73828125,0.0,195.66573014526026,0.01095967204657559
tabular_shap,1,cold,False,8,4.7859110000000005,0.188848,0.048853,0.00021,5.023822,840.73828125,0.0,199.0516383741303,0.009862387303585962
tabular_shap,1,cold,False,9,4.710649,0.190451,0.051027,0.00028,4.952407,840.73828125,0.0,201.92201489094091,0.010468466262675726
tabular_shap,1,cold,False,10,4.857496,0.242931,0.054603,0.000191,5.155221,840.86328125,0.0,193.97810491538579,0.01074302210383562
tabular_shap,1,cold,False,11,4.788457,0.242851,0.06871,0.000341,5.100359,840.86328125,0.0,196.0646299603616,0.013724264147613302
tabular_shap,1,cold,False,12,4.738632,0.191753,0.051799,0.00012,4.982304,840.86328125,0.0,200.71035408517827,0.010530414967593807
tabular_shap,1,cold,False,13,4.917029,0.192405,0.051407,0.00016,5.161001,840.86328125,0.0,193.76086150729287,0.010092507310985913
tabular_shap,1,cold,False,14,4.63192,0.183929,0.048141,0.00022,4.86421,840.86328125,0.0,205.58322934248315,0.010042050737055917
tabular_shap,1,cold,False,15,4.653821,0.188678,0.048492,0.0002,4.891191,840.86328125,0.0,204.44918221349357,0.010055138885934721
tabular_shap,1,cold,False,16,4.664973,0.195741,0.050215,0.00023,4.911159,840.86328125,0.0,203.61792399716646,0.010378104945075971
tabular_shap,1,cold,False,17,4.517984,0.1904,0.058421,0.000211,4.767016,840.86328125,0.0,209.7748360819431,0.01245268015522948
tabular_shap,1,cold,False,18,4.566134999999999,0.187355,0.050566,0.000221,4.804277,840.86328125,0.0,208.14786491286827,0.010684149961396786
tabular_shap,1,cold,False,19,4.919865,0.186434,0.054583,0.000241,5.161123,840.86328125,0.0,193.75628133644557,0.010736543238067336
tabular_shap,1,cold,False,20,4.538473000000001,0.179199,0.044825,0.00013,4.762627,840.86328125,0.0,209.96815413006308,0.00952906433512122
tabular_shap,1,cold,False,21,4.536629,0.18464,0.048833,0.00014,4.770242,840.86328125,0.0,209.63297040275944,0.01037284679182652
tabular_shap,1,cold,False,22,4.540748000000001,0.19006,0.049544,0.00023,4.780582,840.86328125,0.0,209.17955177842362,0.010521247110430183
tabular_shap,1,cold,False,23,4.524054,0.185612,0.048843,0.00021,4.758718999999999,840.86328125,0.0,210.14058615354264,0.010415388267448266
tabular_shap,1,cold,False,24,4.506934,0.180782,0.054343,0.000141,4.7421999999999995,840.86328125,0.0,210.87259078065037,0.011622717758499023
tabular_shap,1,cold,False,25,4.599037,0.181785,0.046528,0.000121,4.827471,840.86328125,0.0,207.1478005771552,0.009757527052879193
tabular_shap,1,cold,False,26,4.569972,0.187094,0.049734,0.000251,4.807051,840.86328125,0.0,208.02774923752628,0.010507527118606301
tabular_shap,1,cold,False,27,4.546898,0.188728,0.049463,0.000251,4.78534,840.86328125,0.0,208.97156732854927,0.01049787293168844
tabular_shap,1,cold,False,28,4.527762,0.196032,0.049954,0.000271,4.774019,840.86328125,0.0,209.4671177471225,0.010632343408709185
tabular_shap,1,cold,False,29,4.592015,0.18973,0.048321,0.000231,4.830297000000001,840.86328125,0.0,207.02660726659246,0.010153615468829895
tabular_shap,1,cold,True,0,4.570783,0.184339,0.053812,0.006553,4.815487,840.86328125,0.0,207.66331629594265,0.012694732122540707
tabular_shap,1,cold,True,1,4.530829000000001,0.186273,0.04766,0.006442,4.771204,840.86328125,0.0,209.59070289176483,0.011469330109885262
tabular_shap,1,cold,True,2,4.549664,0.187255,0.049404,0.006482,4.792805,840.86328125,0.0,208.6460851213433,0.011797964035272716
tabular_shap,1,cold,True,3,4.534053999999999,0.189249,0.048552,0.006262,4.778117,840.86328125,0.0,209.28746617129718,0.01160501454173065
tabular_shap,1,cold,True,4,4.5956209999999995,0.182586,0.046308,0.006422,4.830937,840.98828125,0.0,206.99918049024447,0.011035520227566535
tabular_shap,1,cold,True,5,4.6387529999999995,0.187225,0.049353,0.006683,4.882014,840.98828125,0.0,204.83349699529745,0.011611325207035757
tabular_shap,1,cold,True,6,4.558039,0.195841,0.052209,0.006452,4.812541,840.98828125,0.0,207.79043752562316,0.012339604701843547
tabular_shap,1,cold,True,7,4.686063,0.205249,0.054693,0.006483,4.952488,840.98828125,0.0,201.91871237244797,0.012507073766711263
tabular_shap,1,cold,True,8,4.642289,0.192354,0.058491,0.006443,4.899577,840.98828125,0.0,204.09925183337256,0.013430981356844757
tabular_shap,1,cold,True,9,4.99097,0.187135,0.050776,0.006433,5.235314,840.98828125,0.0,191.01051054435322,0.011048250276887009
tabular_shap,1,cold,True,10,4.532902,0.189709,0.045817,0.006532,4.774959999999999,840.98828125,0.0,209.4258381222042,0.0110847579866307
tabular_shap,1,cold,True,11,4.491784,0.187986,0.049103,0.006562,4.735435,840.98828125,0.0,211.17384147390896,0.011894815343489105
tabular_shap,1,cold,True,12,4.514476999999999,0.193407,0.049994,0.006633,4.764511,840.98828125,0.0,209.8851277707198,0.012028121338588634
tabular_shap,1,cold,True,13,4.541579,0.214086,0.061056,0.006773,4.823493999999999,840.98828125,0.0,207.31859519261351,0.014262779232767659
tabular_shap,1,cold,True,14,5.345211,0.234875,0.060706,0.006822,5.647614,840.98828125,0.0,177.06592553952873,0.0121016056024943
tabular_shap,1,cold,True,15,5.020746,0.186584,0.048792,0.006332,5.262454,840.98828125,0.0,190.02541399886823,0.010585847257615707
tabular_shap,1,cold,True,16,4.60568,0.182075,0.04724,0.006212,4.841207000000001,840.98828125,0.0,206.5600582664612,0.0111643139634338
tabular_shap,1,cold,True,17,4.576936,0.192896,0.050535,0.006533,4.8269,841.11328125,0.0,207.17230520624003,0.011964362686149112
tabular_shap,1,cold,True,18,4.788246,0.215568,0.060715,0.006723,5.071251999999999,841.11328125,0.0,197.18996413508935,0.013477319500684877
tabular_shap,1,cold,True,19,4.991561,0.204608,0.056907,0.006332,5.259408,841.11328125,0.0,190.13546771803976,0.012170312397460513
tabular_shap,1,cold,True,20,4.797014,0.197043,0.053221,0.006222,5.0535,841.11328125,0.0,197.88265558523796,0.01190274760580426
tabular_shap,1,cold,True,21,4.81165,0.204107,0.057569,0.006743,5.080069,841.11328125,0.0,196.84771998175617,0.01282199277197839
tabular_shap,1,cold,True,22,5.057226,0.208856,0.057629,0.006763,5.330474,841.11328125,0.0,187.60057735953689,0.012227686541911045
tabular_shap,1,cold,True,23,5.1104270000000005,0.203115,0.060154,0.006472,5.380168,841.11328125,0.0,185.8678018976359,0.012538905310243147
tabular_shap,1,cold,True,24,5.098804,0.209257,0.065584,0.006693,5.380338,841.11328125,0.0,185.86192912043816,0.013616459946485167
tabular_shap,1,cold,True,25,4.995128,0.198627,0.055445,0.006372,5.255572,841.11328125,0.0,190.27424607635476,0.011902178674196223
tabular_shap,1,cold,True,26,4.770543,0.196723,0.053822,0.006653,5.027741,841.11328125,0.0,198.89648253559602,0.012174705361057771
tabular_shap,1,cold,True,27,4.6641319999999995,0.194168,0.051858,0.006412,4.91657,841.11328125,0.0,203.39382943800248,0.011993907333841057
tabular_shap,1,cold,True,28,4.60554,0.188517,0.050716,0.006362,4.851135,841.11328125,0.0,206.13732662562472,0.011905991105237169
tabular_shap,1,cold,True,29,4.620367,0.192615,0.046719,0.006352,4.866053,841.11328125,0.0,205.5053654368335,0.011026635877715726
tabular_shap,8,warm,False,0,0.044926,0.247909,0.057389,0.0001,0.350324,841.11328125,0.0,22836.00324271246,0.19631874605153074
tabular_shap,8,warm,False,1,0.045727,0.248581,0.058852,0.00011,0.35327,841.11328125,0.0,22645.56854530529,0.20034113921470023
tabular_shap,8,warm,False,2,0.046598,0.241408,0.056717,0.00011,0.344833,841.11328125,0.0,23199.635765718478,0.19731186155843974
tabular_shap,8,warm,False,3,0.044163,0.241248,0.056467,0.00013,0.342008,841.11328125,0.0,23391.265701387103,0.19829999544516508
tabular_shap,8,warm,False,4,0.049144,0.252468,0.058661,0.000101,0.360374,841.11328125,0.0,22199.159761803017,0.19482646579048574
tabular_shap,8,warm,False,5,0.048662,0.251717,0.059413,0.0001,0.359892,841.11328125,0.0,22228.89088948907,0.1981263670229943
tabular_shap,8,warm,False,6,0.048993,0.252328,0.059723,0.00011,0.361154,841.11328125,0.0,22151.215271047808,0.19856896797767165
tabular_shap,8,warm,False,7,0.048211,0.243892,0.056788,0.00011,0.349001,841.11328125,0.0,22922.57042243432,0.19478745511001255
tabular_shap,8,warm,False,8,0.044405,0.241728,0.056477,0.0001,0.34271,841.11328125,0.0,23343.351521694723,0.19772972708495704
tabular_shap,8,warm,False,9,0.043733,0.257518,0.057519,0.00013,0.3589,841.11328125,0.0,22290.331568682086,0.1913653398660917
tabular_shap,8,warm,False,10,0.046809,0.240245,0.05778,9e-05,0.344924,841.11328125,0.0,23193.515093179944,0.20159969901133584
tabular_shap,8,warm,False,11,0.045125,0.236769,0.054884,0.00012,0.336898,841.11328125,0.0,23746.059638228784,0.1951229894925043
tabular_shap,8,warm,False,12,0.044294,0.245836,0.057139,0.0001,0.347369,841.11328125,0.0,23030.26464652862,0.1972874228793989
tabular_shap,8,warm,False,13,0.044665,0.239434,0.056216,0.00011,0.340425,841.11328125,0.0,23500.036718807372,0.19826187350184268
tabular_shap,8,warm,False,14,0.044384,0.239043,0.055185,0.00012,0.338732,841.11328125,0.0,23617.49111391897,0.19512961009360436
tabular_shap,8,warm,False,15,0.053422,0.248911,0.059503,9e-05,0.361926,841.11328125,0.0,22103.966004100283,0.1971104709045986
tabular_shap,8,warm,False,16,0.04763,0.240977,0.057669,9e-05,0.346366,841.11328125,0.0,23096.955243874974,0.20013028097031602
tabular_shap,8,warm,False,17,0.044184,0.24293,0.057409,0.00011,0.344633,841.11328125,0.0,23213.09915185139,0.20033505854817252
tabular_shap,8,warm,False,18,0.045727,0.23742,0.057028,0.0001,0.340275,841.11328125,0.0,23510.39600323268,0.2017609227715639
tabular_shap,8,warm,False,19,0.044374,0.243401,0.056928,0.000101,0.344804,841.23828125,0.0,23201.586988550018,0.19817218312918078
tabular_shap,8,warm,False,20,0.045286,0.247348,0.05769,0.00011,0.350434,841.23828125,0.0,22828.835101616853,0.19751635148342297
tabular_shap,8,warm,False,21,0.045676,0.240366,0.056978,0.00012,0.34314,841.23828125,0.0,23314.0992014921,0.1996140426930311
tabular_shap,8,warm,False,22,0.044314,0.240035,0.057559,0.0001,0.342008,841.23828125,0.0,23391.265701387103,0.20277546254778459
tabular_shap,8,warm,False,23,0.044104,0.24812,0.057589,8e-05,0.349893,841.23828125,0.0,22864.13274915474,0.19734518725361366
tabular_shap,8,warm,False,24,0.044845,0.238853,0.056708,9e-05,0.340496,841.23828125,0.0,23495.136506743103,0.2002058527025217
tabular_shap,8,warm,False,25,0.043533,0.245395,0.056867,0.000101,0.345896,841.23828125,0.0,23128.339153965353,0.19717022926126923
tabular_shap,8,warm,False,26,0.044585,0.257729,0.05835,0.00011,0.360774,841.23828125,0.0,22174.546946287704,0.19337510006152545
tabular_shap,8,warm,False,27,0.046188,0.238402,0.056557,0.0001,0.341247,841.23828125,0.0,23443.429539307304,0.19908289117678066
tabular_shap,8,warm,False,28,0.044104,0.23769,0.054624,0.0001,0.336518,841.23828125,0.0,23772.87396216547,0.19419859897655736
tabular_shap,8,warm,False,29,0.046298,0.239143,0.057109,0.00011,0.34266,841.23828125,0.0,23346.75771902177,0.20045823830493867
tabular_shap,8,warm,True,0,0.044444,0.237751,0.057609,0.006132,0.345936,841.23828125,0.0,23125.664862864804,0.225875724233243
tabular_shap,8,warm,True,1,0.044134,0.246567,0.058411,0.00518,0.354292,841.23828125,0.0,22580.244544048415,0.21875053749385107
tabular_shap,8,warm,True,2,0.046758,0.249102,0.05783,0.00507,0.35876,841.23828125,0.0,22299.029992195337,0.21260055431623062
tabular_shap,8,warm,True,3,0.044825,0.239203,0.056507,0.00493,0.345465,841.23828125,0.0,23157.193927025888,0.21630613883138283
tabular_shap,8,warm,True,4,0.044494,0.24797,0.057189,0.004829,0.354482,841.23828125,0.0,22568.14168279348,0.21205344931341977
tabular_shap,8,warm,True,5,0.045496,0.243181,0.057349,0.004909,0.350935,841.23828125,0.0,22796.24431874849,0.21566664472749816
tabular_shap,8,warm,True,6,0.045556,0.239644,0.056538,0.004739,0.346477,841.23828125,0.0,23089.55572808585,0.2148562412342216
tabular_shap,8,warm,True,7,0.044855,0.247509,0.057318,0.00484,0.354522,841.23828125,0.0,22565.59536502671,0.21260483506861308
tabular_shap,8,warm,True,8,0.04756,0.240336,0.056857,0.004819,0.349572,841.23828125,0.0,22885.128099504538,0.2142301386611832
tabular_shap,8,warm,True,9,0.044043,0.23711,0.057158,0.00495,0.343261,841.23828125,0.0,23305.88094773365,0.2209046319975245
tabular_shap,8,warm,True,10,0.052469,0.242019,0.056727,0.004689,0.355904,841.23828125,0.0,22477.971587843913,0.20855179158403736
tabular_shap,8,warm,True,11,0.045436,0.23743,0.055886,0.004909,0.343661,841.23828125,0.0,23278.754353854525,0.21492508820430875
tabular_shap,8,warm,True,12,0.043603,0.242951,0.060564,0.004709,0.351827,841.23828125,0.0,22738.448157759354,0.2277860368377339
tabular_shap,8,warm,True,13,0.046678,0.238352,0.055615,0.004769,0.345414,841.23828125,0.0,23160.613061427735,0.21185138406483528
tabular_shap,8,warm,True,14,0.044455,0.236869,0.055304,0.00489,0.341518,841.23828125,0.0,23424.82680268683,0.21396681406492157
tabular_shap,8,warm,True,15,0.044003,0.251276,0.05786,0.004889,0.358028,841.23828125,0.0,22344.621091087847,0.2125074929134818
tabular_shap,8,warm,True,16,0.04764,0.247319,0.056828,0.004939,0.356726,841.23828125,0.0,22426.175832431614,0.20940876528602276
tabular_shap,8,warm,True,17,0.044133,0.23731,0.055165,0.004829,0.341437,841.23828125,0.0,23430.383936128776,0.21316572094527134
tabular_shap,8,warm,True,18,0.043723,0.248992,0.056527,0.004759,0.354001,841.23828125,0.0,22598.80621806153,0.20937088977332902
tabular_shap,8,warm,True,19,0.045797,0.238031,0.056327,0.004829,0.344984,841.23828125,0.0,23189.48125130441,0.21546852319010107
tabular_shap,8,warm,True,20,0.045096,0.239033,0.055425,0.004779,0.344333,841.23828125,0.0,23233.323555976338,0.2118896698330688
tabular_shap,8,warm,True,21,0.044895,0.245776,0.057108,0.004829,0.352608,841.23828125,0.0,22688.08421816862,0.21308283248070842
tabular_shap,8,warm,True,22,0.045456,0.235667,0.054433,0.004799,0.340355,841.23828125,0.0,23504.869915235562,0.21069780843260777
tabular_shap,8,warm,True,23,0.044444,0.236738,0.062349,0.004959,0.34849,841.23828125,0.0,22956.182386869063,0.23937520893940584
tabular_shap,8,warm,True,24,0.046148,0.244273,0.056317,0.004949,0.351687,841.23828125,0.0,22747.499907588277,0.21095581931058707
tabular_shap,8,warm,True,25,0.046168,0.241618,0.056527,0.004909,0.349222,841.23828125,0.0,22908.064211303983,0.21347807051072676
tabular_shap,8,warm,True,26,0.045156,0.245756,0.057339,0.005009,0.35326,841.23828125,0.0,22646.209590669758,0.2143191068089319
tabular_shap,8,warm,True,27,0.045938,0.238562,0.055816,0.004879,0.345195,841.23828125,0.0,23175.30671069975,0.21333919156414763
tabular_shap,8,warm,True,28,0.044164,0.237971,0.055415,0.00505,0.3426,841.23828125,0.0,23350.84646818447,0.21431229730448192
tabular_shap,8,warm,True,29,0.043392,0.248811,0.057399,0.00505,0.354652,841.23828125,0.0,22557.323799104473,0.21371786052846822
tabular_shap,8,cold,False,0,5.5596179999999995,0.316419,0.079721,0.000231,5.955989,841.23828125,0.0,1343.1858252256677,0.01360644938076462
tabular_shap,8,cold,False,1,4.711892,0.31656,0.080452,0.000241,5.109145,841.23828125,0.0,1565.8197213036624,0.016047284532098548
tabular_shap,8,cold,False,2,4.618404,0.31651,0.080733,0.00024,5.015887,841.23828125,0.0,1594.9322622299903,0.01640818867360201
tabular_shap,8,cold,False,3,4.5666459999999995,0.310799,0.077186,0.000201,4.954832,841.23828125,0.0,1614.5855197512249,0.0158662988511403
tabular_shap,8,cold,False,4,4.482307,0.305519,0.074191,0.00014,4.862157,841.23828125,0.0,1645.360279398629,0.015525000281965132
tabular_shap,8,cold,False,5,4.523696,0.309446,0.07896,0.00015,4.912252,841.23828125,0.0,1628.5809441372307,0.016368234163200667
tabular_shap,8,cold,False,6,4.592485,0.313114,0.079801,0.00012,4.98552,841.23828125,0.0,1604.6470578796193,0.01629179229692439
tabular_shap,8,cold,False,7,4.514708000000001,0.314375,0.07899,0.000291,4.908364000000001,841.23828125,0.0,1629.8709712645596,0.016417402641453874
tabular_shap,8,cold,False,8,4.463781,0.307072,0.08433,0.00015,4.855333,841.23828125,0.0,1647.6727754821347,0.01770752525806182
tabular_shap,8,cold,False,9,4.536258,0.304908,0.078038,0.000151,4.9193549999999995,841.23828125,0.0,1626.229454877723,0.01615086117683219
tabular_shap,8,cold,False,10,4.836117,0.313965,0.080503,0.00024,5.230824999999999,841.23828125,0.0,1529.39545865136,0.015678002796848674
tabular_shap,8,cold,False,11,4.913083,0.306631,0.080513,0.00012,5.300347,841.23828125,0.0,1509.335143529282,0.015447781238588932
tabular_shap,8,cold,False,12,4.754041,0.31612,0.083498,0.000351,5.1540099999999995,841.23828125,0.0,1552.1894602455177,0.016537739136883427
tabular_shap,8,cold,False,13,4.794719,0.314275,0.080022,0.000231,5.189247,841.23828125,0.0,1541.6494917277978,0.01570818051459837
tabular_shap,8,cold,False,14,4.603165,0.311,0.086624,0.000231,5.00102,841.23828125,0.0,1599.6736665720196,0.017674416711689577
tabular_shap,8,cold,False,15,4.657528,0.313585,0.080052,0.0002,5.051365,841.23828125,0.0,1583.7303382353089,0.01614366842998741
tabular_shap,8,cold,False,16,4.557609,0.309657,0.077687,0.000211,4.945164,841.23828125,0.0,1617.7421011719732,0.016004467395042722
tabular_shap,8,cold,False,17,4.668639,0.315758,0.077748,0.00022,5.062365,841.23828125,0.0,1580.2890546217034,0.01564241371624291
tabular_shap,8,cold,False,18,4.617222,0.319095,0.080362,0.00027,5.016949,841.23828125,0.0,1594.594643078891,0.01633444529595648
tabular_shap,8,cold,False,19,4.618392999999999,0.35309,0.094158,0.000301,5.065942,841.23828125,0.0,1579.1732317503834,0.01900016554416459
tabular_shap,8,cold,False,20,4.713054,0.348731,0.102164,0.00029,5.164238999999999,841.23828125,0.0,1549.1149809294266,0.020240685845013175
tabular_shap,8,cold,False,21,4.955552,0.369721,0.108245,0.000541,5.4340589999999995,841.23828125,0.0,1472.196014066097,0.020428248467261677
tabular_shap,8,cold,False,22,6.1407300000000005,0.392684,0.107193,0.000431,6.641038,841.23828125,0.0,1204.6309628103318,0.016472857835122645
tabular_shap,8,cold,False,23,5.759677,0.356957,0.09504,0.000331,6.2120049999999996,841.23828125,0.0,1287.828969873656,0.01559207237183065
tabular_shap,8,cold,False,24,5.188955,0.312823,0.081294,0.000231,5.583303,841.23828125,0.0,1432.8436052995871,0.014817937037808506
tabular_shap,8,cold,False,25,4.694457,0.315308,0.080943,0.000201,5.090909,841.23828125,0.0,1571.4285994897964,0.016197166932979894
tabular_shap,8,cold,False,26,4.73245,0.314476,0.080733,0.00028,5.1279390000000005,841.23828125,0.0,1560.0809604014398,0.01605194924593703
tabular_shap,8,cold,False,27,4.659693,0.306371,0.083939,0.000231,5.050234,841.23828125,0.0,1584.0850146745677,0.01694903650053644
tabular_shap,8,cold,False,28,4.6227219999999996,0.308224,0.087225,0.000201,5.018371999999999,841.23828125,0.0,1594.1424828609759,0.017730066401051646
tabular_shap,8,cold,False,29,4.597144,0.321329,0.080572,0.000241,4.999286000000001,841.23828125,0.0,1600.2285126316037,0.016430505972077108
tabular_shap,8,cold,True,0,4.550456,0.319565,0.08938,0.006432,4.965833,841.23828125,0.0,1611.0086666224981,0.01967383713540455
tabular_shap,8,cold,True,1,4.761876,0.339072,0.082637,0.006302,5.189887000000001,841.23828125,0.0,1541.4593805221575,0.01743577860429081
tabular_shap,8,cold,True,2,4.72231,0.309687,0.080342,0.006272,5.118611,841.23828125,0.0,1562.924004187855,0.017212649371611308
tabular_shap,8,cold,True,3,4.647798999999999,0.304818,0.076535,0.006312,5.035463999999999,841.23828125,0.0,1588.73144560263,0.016727923843091443
tabular_shap,8,cold,True,4,4.6242149999999995,0.308785,0.078409,0.006151,5.01756,841.23828125,0.0,1594.400465564936,0.017141698763429965
tabular_shap,8,cold,True,5,4.5707640000000005,0.306882,0.079531,0.006322,4.9634990000000005,841.23828125,0.0,1611.766215728058,0.017601318340855404
tabular_shap,8,cold,True,6,4.610289,0.351917,0.090301,0.006302,5.058809,841.23828125,0.0,1581.3998907648024,0.01946775285024443
tabular_shap,8,cold,True,7,6.162681,0.391682,0.102585,0.006211,6.663158999999999,841.23828125,0.0,1200.6317123754666,0.016599019614873325
tabular_shap,8,cold,True,8,6.185434,0.338852,0.10013,0.006412,6.630827999999999,841.23828125,0.0,1206.4858265061318,0.01633006278388164
tabular_shap,8,cold,True,9,7.58085,0.379459,0.105059,0.006472,8.07184,841.23828125,0.0,991.099922694206,0.014010888270794514
tabular_shap,8,cold,True,10,8.671015,0.523102,0.150144,0.007585,9.351846,841.23828125,0.0,855.4460798434875,0.01715542667120725
tabular_shap,8,cold,True,11,7.0471770000000005,0.578437,0.104007,0.006743,7.736364,841.23828125,0.0,1034.077507211398,0.01452342067143708
tabular_shap,8,cold,True,12,6.821922,0.35374,0.106913,0.006492,7.289067,841.23828125,0.0,1097.534156291882,0.015804116749088794
tabular_shap,8,cold,True,13,7.257175,0.383387,0.108416,0.006582,7.75556,841.23828125,0.0,1031.518033514021,0.015050987087075533
tabular_shap,8,cold,True,14,5.760288,0.331458,0.087877,0.006412,6.186035,841.23828125,0.0,1293.235489291606,0.015478156837136678
tabular_shap,8,cold,True,15,5.018232,0.33756,0.087826,0.006242,5.44986,841.23828125,0.0,1467.927616489231,0.017563788885005243
tabular_shap,8,cold,True,16,4.855854,0.324405,0.09001,0.006172,5.276441,841.23828125,0.0,1516.1734964912903,0.018567025316687837
tabular_shap,8,cold,True,17,4.935074,0.306591,0.089179,0.006352,5.337196,841.36328125,0.0,1498.9144112376612,0.018225315810911226
tabular_shap,8,cold,True,18,4.705289,0.314937,0.078709,0.006152,5.105086999999999,841.36328125,0.0,1567.0643810771494,0.016903820664647372
tabular_shap,8,cold,True,19,4.608034999999999,0.321059,0.083177,0.006222,5.018492999999999,841.36328125,0.0,1594.1040467726068,0.01813700448804588
tabular_shap,8,cold,True,20,4.913282,0.324465,0.092555,0.006493,5.3367949999999995,841.36328125,0.0,1499.027037763302,0.018910420835523366
tabular_shap,8,cold,True,21,4.7690280000000005,0.31602,0.083267,0.006202,5.174517000000001,841.36328125,0.0,1546.0380166883206,0.01759452418148265
tabular_shap,8,cold,True,22,4.6194560000000005,0.310819,0.082096,0.006192,5.018563,841.36328125,0.0,1594.081811865269,0.01790731754313907
tabular_shap,8,cold,True,23,4.625417,0.310819,0.081625,0.006432,5.024293,841.36328125,0.0,1592.2638269702823,0.017838895871267094
tabular_shap,8,cold,True,24,4.6604030000000005,0.303265,0.077988,0.006312,5.047968,841.36328125,0.0,1584.796100133757,0.016983408237617827
tabular_shap,8,cold,True,25,5.395106999999999,0.309997,0.081465,0.006241,5.792809999999999,841.36328125,0.0,1381.0223363100122,0.015373251740897273
tabular_shap,8,cold,True,26,4.898996,0.334323,0.116661,0.006873,5.356853,841.36328125,0.0,1493.414136994239,0.02360528758136089
tabular_shap,8,cold,True,27,5.688363,0.386402,0.088798,0.007013,6.1705760000000005,841.36328125,0.0,1296.4754019721984,0.015771968133746737
tabular_shap,8,cold,True,28,4.914255,0.31136,0.080854,0.006021,5.31249,841.36328125,0.0,1505.8851875485882,0.01662483745932297
tabular_shap,8,cold,True,29,4.686273,0.309867,0.082256,0.006472,5.084868,841.36328125,0.0,1573.2955113092414,0.017759310187464725
tabular_shap,32,warm,False,0,0.051137,0.632499,0.16353,0.0001,0.847266,841.36328125,0.0,37768.540222315074,0.23935252093219198
tabular_shap,32,warm,False,1,0.050646,0.629884,0.158731,0.00012,0.839381,841.36328125,0.0,38123.331359656695,0.23342247953800718
tabular_shap,32,warm,False,2,0.050125,0.628421,0.157569,0.00015,0.836265,841.36328125,0.0,38265.382384770375,0.23243671025987922
tabular_shap,32,warm,False,3,0.048331,0.633491,0.15819,0.00011,0.840122,841.36328125,0.0,38089.70601888773,0.23217203316994756
tabular_shap,32,warm,False,4,0.049734,0.643249,0.159022,0.0001,0.852105,841.36328125,0.0,37554.05730514432,0.22961890840035037
tabular_shap,32,warm,False,5,0.051528,0.636436,0.157418,0.000101,0.845483,841.36328125,0.0,37848.188550213315,0.22896401555895365
tabular_shap,32,warm,False,6,0.049764,0.634513,0.158159,0.000121,0.842557,841.36328125,0.0,37979.626304214435,0.23130983505217917
tabular_shap,32,warm,False,7,0.049755,0.625526,0.163289,9e-05,0.83866,841.36328125,0.0,38156.10616936542,0.24194224330315822
tabular_shap,32,warm,False,8,0.050265,0.625997,0.155985,0.000101,0.832348,841.36328125,0.0,38445.45790943211,0.2308069949220864
tabular_shap,32,warm,False,9,0.050336,0.627349,0.156006,9e-05,0.833781,841.36328125,0.0,38379.3825956696,0.2303371035215476
tabular_shap,32,warm,False,10,0.047721,0.636096,0.15869,0.000101,0.842608,841.36328125,0.0,37977.32753546133,0.23221271188051773
tabular_shap,32,warm,False,11,0.050375,0.645003,0.159081,8e-05,0.854539,841.36328125,0.0,37447.09135569003,0.2288841464642252
tabular_shap,32,warm,False,12,0.051568,0.636907,0.15804,0.00011,0.846625,841.36328125,0.0,37797.135685811314,0.22971059225098955
tabular_shap,32,warm,False,13,0.050575,0.637349,0.157418,0.00011,0.845452,841.36328125,0.0,37849.57632130505,0.22899041173152845
tabular_shap,32,warm,False,14,0.049804,0.631267,0.163209,0.000111,0.844391,841.36328125,0.0,37897.13533185456,0.23979878749792605
tabular_shap,32,warm,False,15,0.051016,0.629684,0.161195,9e-05,0.841985,841.36328125,0.0,38005.427650136284,0.23693991479359486
tabular_shap,32,warm,False,16,0.050416,0.624764,0.15799,9e-05,0.83326,841.36328125,0.0,38403.37949739577,0.23413015788382358
tabular_shap,32,warm,False,17,0.04741,0.635826,0.157879,0.00011,0.841225,841.36328125,0.0,38039.763440221104,0.23123635171448811
tabular_shap,32,warm,False,18,0.048672,0.636546,0.169582,0.0001,0.8549,841.36328125,0.0,37431.27851210668,0.24763214042830164
tabular_shap,32,warm,False,19,0.051348,0.633611,0.158209,0.000101,0.843269,841.36328125,0.0,37947.55884539809,0.2311233227098264
tabular_shap,32,warm,False,20,0.049544,0.637488,0.15811,0.00018,0.845322,841.36328125,0.0,37855.39711494555,0.23039683741077563
tabular_shap,32,warm,False,21,0.050105,0.625996,0.164923,0.00014,0.841164,841.36328125,0.0,38042.52202899791,0.24413955903038156
tabular_shap,32,warm,False,22,0.050806,0.628711,0.155535,0.00012,0.835172,841.36328125,0.0,38315.46076736289,0.22906711679030842
tabular_shap,32,warm,False,23,0.050545,0.62752,0.157559,0.0001,0.835724,841.36328125,0.0,38290.15320847552,0.23251310715049445
tabular_shap,32,warm,False,24,0.048742,0.640434,0.156357,0.0001,0.845633,841.36328125,0.0,37841.47496609049,0.2270203837626383
tabular_shap,32,warm,False,25,0.048893,0.636707,0.158039,0.0001,0.843739,841.36328125,0.0,37926.42037407302,0.23065781796966162
tabular_shap,32,warm,False,26,0.051818,0.634963,0.157719,0.000121,0.844621,841.36328125,0.0,37886.8155066,0.22982581055678591
tabular_shap,32,warm,False,27,0.050055,0.636927,0.168951,9e-05,0.856023,841.36328125,0.0,37382.17314254407,0.24606321563010386
tabular_shap,32,warm,False,28,0.050265,0.626938,0.16308,0.0001,0.840383,841.36328125,0.0,38077.87639683335,0.24096172048853887
tabular_shap,32,warm,False,29,0.049514,0.624784,0.157108,9e-05,0.831496,841.36328125,0.0,38484.85140036753,0.23312837944054407
tabular_shap,32,warm,True,0,0.049885,0.6279,0.157939,0.006012,0.841736,841.36328125,0.0,38016.6703099309,0.24189234049145378
tabular_shap,32,warm,True,1,0.048192,0.634793,0.157849,0.00524,0.846074,841.36328125,0.0,37821.75081612246,0.23878855318930864
tabular_shap,32,warm,True,2,0.048933,0.635595,0.157939,0.00506,0.847527,841.36328125,0.0,37756.9092194113,0.23811882055956804
tabular_shap,32,warm,True,3,0.050266,0.634522,0.15819,0.00507,0.848048,841.36328125,0.0,37733.71318604607,0.23840955156924476
tabular_shap,32,warm,True,4,0.049454,0.634934,0.157228,0.0052,0.846816,841.36328125,0.0,37788.61051279144,0.23733320864772617
tabular_shap,32,warm,True,5,0.051017,0.625426,0.160374,0.005029,0.841846,841.36328125,0.0,38011.70285301588,0.24451875472138818
tabular_shap,32,warm,True,6,0.049875,0.626397,0.17392,0.004979,0.855171,841.36328125,0.0,37419.416701455026,0.2645370501809923
tabular_shap,32,warm,True,7,0.050656,0.626017,0.156587,0.005039,0.838299,841.36328125,0.0,38172.53748364247,0.2388539220568871
tabular_shap,32,warm,True,8,0.048462,0.634884,0.156527,0.005229,0.845102,841.36328125,0.0,37865.25176842559,0.23671170973416103
tabular_shap,32,warm,True,9,0.049023,0.637348,0.158831,0.005119,0.850321,841.36328125,0.0,37632.8468895864,0.23886498701139763
tabular_shap,32,warm,True,10,0.05241,0.635464,0.155946,0.005059,0.848879,841.36328125,0.0,37696.77421634885,0.23406176131093778
tabular_shap,32,warm,True,11,0.050756,0.636076,0.155495,0.004959,0.847286,841.36328125,0.0,37767.64870421558,0.2336146248281967
tabular_shap,32,warm,True,12,0.049534,0.635063,0.157018,0.00513,0.846745,841.36328125,0.0,37791.77910705112,0.23685175365945219
tabular_shap,32,warm,True,13,0.050105,0.623541,0.161517,0.005039,0.840202,841.36328125,0.0,38086.079299977864,0.2472455859605787
tabular_shap,32,warm,True,14,0.049955,0.624373,0.155866,0.00506,0.835254,841.36328125,0.0,38311.69919569376,0.2386464747126028
tabular_shap,32,warm,True,15,0.046979,0.630104,0.16856,0.005029,0.850672,841.36328125,0.0,37617.31901367389,0.2563777262167267
tabular_shap,32,warm,True,16,0.049483,0.637238,0.157178,0.00503,0.848929,841.36328125,0.0,37694.55396152093,0.23620655258831466
tabular_shap,32,warm,True,17,0.050776,0.641757,0.159061,0.00516,0.856754,841.36328125,0.0,37350.27790941157,0.2371309381646795
tabular_shap,32,warm,True,18,0.050907,0.632769,0.157449,0.005009,0.846134,841.36328125,0.0,37819.06884725115,0.23762425476395252
tabular_shap,32,warm,True,19,0.049274,0.629783,0.157649,0.00516,0.841866,841.36328125,0.0,38010.79981849843,0.23975748722124948
tabular_shap,32,warm,True,20,0.050706,0.628591,0.164381,0.00514,0.848818,841.36328125,0.0,37699.48328145727,0.24955358260083585
tabular_shap,32,warm,True,21,0.050275,0.62772,0.15802,0.005019,0.841034,841.36328125,0.0,38048.40232380617,0.24047227486928371
tabular_shap,32,warm,True,22,0.048202,0.6332,0.157328,0.004989,0.843719,841.36328125,0.0,37927.31940373513,0.23821033692299112
tabular_shap,32,warm,True,23,0.048722,0.634032,0.155715,0.00496,0.843429,841.36328125,0.0,37940.36012515576,0.2353336633692369
tabular_shap,32,warm,True,24,0.050867,0.634382,0.16868,0.00502,0.858949,841.36328125,0.0,37254.83119486722,0.253484499794965
tabular_shap,32,warm,True,25,0.049003,0.636587,0.157038,0.005119,0.847747,841.36328125,0.0,37747.11087152181,0.23652182791464288
tabular_shap,32,warm,True,26,0.050145,0.638119,0.158721,0.00518,0.852165,841.36328125,0.0,37551.41316529076,0.23813681959248195
tabular_shap,32,warm,True,27,0.051227,0.637839,0.165534,0.00522,0.85982,841.36328125,0.0,37217.09194947779,0.2478049998113388
tabular_shap,32,warm,True,28,0.052149,0.630916,0.157569,0.005089,0.845723,841.36328125,0.0,37837.4479587288,0.2381296069920139
tabular_shap,32,warm,True,29,0.055696,0.629874,0.15837,0.005009,0.848949,841.36328125,0.0,37693.665932818105,0.23831118631211987
tabular_shap,32,cold,False,0,5.124975,0.729923,0.188728,9e-05,6.043716,841.36328125,0.0,5294.755742989909,0.032249579753567015
tabular_shap,32,cold,False,1,4.9077020000000005,0.719624,0.185732,0.000231,5.813289,841.48828125,0.0,5504.629135073105,0.03304642382545458
tabular_shap,32,cold,False,2,4.753821,0.710908,0.185311,0.00023,5.65027,841.48828125,0.0,5663.44617159888,0.033952461320588816
tabular_shap,32,cold,False,3,4.681103,0.704255,0.194339,0.00013,5.579827,841.48828125,0.0,5734.944828934661,0.03611069124838126
tabular_shap,32,cold,False,4,4.668188,0.740784,0.193337,0.00026,5.602569,841.48828125,0.0,5711.665487743212,0.035791828835497766
tabular_shap,32,cold,False,5,4.6256070000000005,0.70683,0.185331,0.000211,5.517979,841.48828125,0.0,5799.224679905451,0.03479497273010445
tabular_shap,32,cold,False,6,4.5334840000000005,0.713552,0.182106,0.00012,5.4292620000000005,841.48828125,0.0,5893.987064908637,0.034729321468348985
tabular_shap,32,cold,False,7,4.508865,0.699687,0.192865,0.000151,5.401568,841.48828125,0.0,5924.205712119147,0.03705751617724082
tabular_shap,32,cold,False,8,4.589038,0.72261,0.18488,0.000221,5.496749,841.48828125,0.0,5821.6229265698685,0.03484812999656604
tabular_shap,32,cold,False,9,4.639665,0.714023,0.189459,0.00021,5.543357,841.48828125,0.0,5772.675294050157,0.03542772757769971
tabular_shap,32,cold,False,10,4.942729,0.722259,0.196422,0.000311,5.861721,841.48828125,0.0,5459.147577989467,0.03472787585781294
tabular_shap,32,cold,False,11,4.817902,0.727359,0.188548,0.00022,5.7340290000000005,841.48828125,0.0,5580.71820006491,0.034041319245388085
tabular_shap,32,cold,False,12,4.680432000000001,0.704445,0.184981,0.00021,5.570068,841.48828125,0.0,5744.99270026865,0.03439094337716534
tabular_shap,32,cold,False,13,4.679831,0.698504,0.190391,0.00015,5.5688759999999995,841.48828125,0.0,5746.222397482006,0.035427506839942106
tabular_shap,32,cold,False,14,4.717242000000001,0.711849,0.182897,0.00021,5.612198,841.48828125,0.0,5701.865828682451,0.033727008812340774
tabular_shap,32,cold,False,15,4.7179530000000005,0.715987,0.187566,0.00022,5.621726000000001,841.48828125,0.0,5692.202003441647,0.03455798186950904
tabular_shap,32,cold,False,16,4.651586,0.707662,0.186814,0.00021,5.546272,841.48828125,0.0,5769.641301400292,0.0348974333712491
tabular_shap,32,cold,False,17,4.633263,0.71238,0.185722,0.000221,5.531586000000001,841.48828125,0.0,5784.959322696962,0.034784028787556515
tabular_shap,32,cold,False,18,4.606291,0.711348,0.191533,0.000291,5.509462999999999,841.48828125,0.0,5808.188565745882,0.036073152013515776
tabular_shap,32,cold,False,19,4.579199999999999,0.712711,0.186644,0.00019,5.478745,841.48828125,0.0,5840.7536762525,0.03530558242570596
tabular_shap,32,cold,False,20,4.594939999999999,0.708933,0.192876,0.000271,5.49702,841.48828125,0.0,5821.335923827819,0.036416218864969055
tabular_shap,32,cold,False,21,4.555124999999999,0.71752,0.186103,0.0001,5.458848,841.48828125,0.0,5862.04268739485,0.03531491310338549
tabular_shap,32,cold,False,22,4.7685379999999995,0.781351,0.209127,0.00011,5.759126,841.48828125,0.0,5556.398661880293,0.03770111438264802
tabular_shap,32,cold,False,23,5.395177,0.753017,0.204738,0.000341,6.353273,841.48828125,0.0,5036.773958871278,0.033355974128337525
tabular_shap,32,cold,False,24,5.23923,0.745303,0.214036,0.000301,6.19887,841.48828125,0.0,5162.23118084425,0.035815158843639096
tabular_shap,32,cold,False,25,5.150233,0.743489,0.203216,0.000541,6.097479,841.48828125,0.0,5248.070555060542,0.034571871560959276
tabular_shap,32,cold,False,26,5.5457019999999995,0.732177,0.193858,0.00012,6.471857,841.48828125,0.0,4944.4850218414895,0.0308986522358905
tabular_shap,32,cold,False,27,4.831869,0.760371,0.217823,0.000311,5.8103739999999995,841.48828125,0.0,5507.3907462755415,0.03900655193625452
tabular_shap,32,cold,False,28,4.916729,0.747687,0.212072,0.000151,5.876639,841.48828125,0.0,5445.289390755498,0.0374659982600148
tabular_shap,32,cold,False,29,4.87004,0.720616,0.191293,0.00011,5.782059,841.61328125,0.0,5534.3606836249855,0.03423623274263342
tabular_shap,32,cold,True,0,4.660795,0.710126,0.187896,0.006703,5.56552,841.61328125,0.0,5749.687360749759,0.03623196096163023
tabular_shap,32,cold,True,1,4.681144000000001,0.727509,0.186112,0.006292,5.601057,841.61328125,0.0,5713.207346399082,0.03557336734303346
tabular_shap,32,cold,True,2,4.69006,0.718863,0.186052,0.006443,5.601418,841.61328125,0.0,5712.839141803022,0.03558841566056681
tabular_shap,32,cold,True,3,4.664481,0.710537,0.188698,0.006252,5.569968,841.61328125,0.0,5745.095842561393,0.03626964598072043
tabular_shap,32,cold,True,4,4.662388,0.700418,0.183177,0.006312,5.552295,841.61328125,0.0,5763.382529206392,0.03533392779824592
tabular_shap,32,cold,True,5,4.65864,0.697953,0.188437,0.006332,5.551362,841.61328125,0.0,5764.351162831752,0.03636061205322114
tabular_shap,32,cold,True,6,4.575223,0.70691,0.189479,0.006813,5.478425,841.61328125,0.0,5841.094840214113,0.03716150274898417
tabular_shap,32,cold,True,7,4.563701,0.703703,0.191383,0.006552,5.465338999999999,841.61328125,0.0,5855.080535717912,0.03757733410993347
tabular_shap,32,cold,True,8,5.0268489999999995,0.70188,0.185131,0.008186,5.922046,841.61328125,0.0,5403.537898895078,0.03374518152281248
tabular_shap,32,cold,True,9,4.542801,0.700979,0.185732,0.006081,5.435593,841.61328125,0.0,5887.1221594405615,0.036579147103806796
tabular_shap,32,cold,True,10,4.478419,0.708924,0.186724,0.006041,5.380108,841.61328125,0.0,5947.835991396456,0.03716064274138032
tabular_shap,32,cold,True,11,4.504799,0.700488,0.186504,0.006352,5.398143,841.61328125,0.0,5927.964487046749,0.037050022409907464
tabular_shap,32,cold,True,12,4.488047,0.708303,0.188157,0.006051,5.390558,841.61328125,0.0,5936.305666315064,0.03737392592877693
tabular_shap,32,cold,True,13,4.594157999999999,0.702942,0.186574,0.006272,5.489946,841.61328125,0.0,5828.836932093685,0.03640595797700629
tabular_shap,32,cold,True,14,4.591233,0.701209,0.182646,0.006362,5.48145,841.61328125,0.0,5837.8713661531165,0.03571281461374542
tabular_shap,32,cold,True,15,4.5755930000000005,0.694357,0.185331,0.006462,5.461743,841.61328125,0.0,5858.935508316667,0.036393703925084675
tabular_shap,32,cold,True,16,4.916138999999999,0.714825,0.196412,0.006352,5.833728,841.61328125,0.0,5485.343163068282,0.03600875445128046
tabular_shap,32,cold,True,17,4.789088,0.723141,0.192395,0.006241,5.710865,841.61328125,0.0,5603.3543079726105,0.03603551303837341
tabular_shap,32,cold,True,18,4.862837,0.718652,0.18999,0.006192,5.777671,841.61328125,0.0,5538.563895382759,0.03514868523435234
tabular_shap,32,cold,True,19,5.430973,0.7913,0.227061,0.006392,6.455726,841.61328125,0.0,4956.839865880305,0.03751892596162207
tabular_shap,32,cold,True,20,4.865042,0.720155,0.191423,0.006382,5.783002,841.61328125,0.0,5533.458228096757,0.0354159396705255
tabular_shap,32,cold,True,21,4.595770000000001,0.711359,0.188808,0.006232,5.502169,841.61328125,0.0,5815.888243345487,0.03675056702032303
tabular_shap,32,cold,True,22,4.8550830000000005,0.722068,0.190732,0.006322,5.774205,841.61328125,0.0,5541.888450444693,0.0353323766919705
tabular_shap,32,cold,True,23,4.552039,0.707952,0.185942,0.006573,5.452506,841.61328125,0.0,5868.861033807208,0.03659987250928757
tabular_shap,32,cold,True,24,4.539996,0.70703,0.186623,0.006423,5.440072,841.61328125,0.0,5882.275087535606,0.03679150818006239
tabular_shap,32,cold,True,25,4.52642,0.707972,0.186764,0.006452,5.427608,841.61328125,0.0,5895.783188469027,0.036912787578767516
tabular_shap,32,cold,True,26,4.525729,0.705968,0.194008,0.006442,5.432147,841.61328125,0.0,5890.856782778522,0.038314527771772716
tabular_shap,32,cold,True,27,4.492586,0.708733,0.186624,0.006282,5.394225,841.61328125,0.0,5932.270159290723,0.03708790020377524
tabular_shap,32,cold,True,28,4.812472,0.71228,0.187385,0.006392,5.718529,841.61328125,0.0,5595.844665647407,0.0350743345583657
tabular_shap,32,cold,True,29,4.724325,0.71198,0.198105,0.006683,5.641093000000001,841.61328125,0.0,5672.659536015449,0.03767043975641543
image_gradcam,1,warm,False,0,0.066987,0.231419,0.17421,9e-05,0.472706,852.98046875,0.0,2115.479811976154,0.5841035367921557
image_gradcam,1,warm,False,1,0.067408,0.241337,0.176375,9e-05,0.48521,852.98046875,0.0,2060.9632942437297,0.5715558146690635
image_gradcam,1,warm,False,2,0.066937,0.229825,0.174962,9e-05,0.471814,852.98046875,0.0,2119.4792863289344,0.5898733665361469
image_gradcam,1,warm,False,3,0.065785,2.457688,0.185412,0.0001,2.708985,852.98046875,0.0,369.14194799897376,0.0735145571202862
image_gradcam,1,warm,False,4,0.074461,0.241428,0.175943,8e-05,0.491912,852.98046875,0.0,2032.8839304591063,0.5572305461728645
image_gradcam,1,warm,False,5,0.074742,0.230206,0.176815,8e-05,0.481843,852.98046875,0.0,2075.364797247236,0.5800825058698532
image_gradcam,1,warm,False,6,0.066626,0.233673,0.174831,8.1e-05,0.475211,852.98046875,0.0,2104.3283930717093,0.5824594820495572
image_gradcam,1,warm,False,7,0.074461,0.23179,0.174911,0.00011,0.481272,852.98046875,0.0,2077.8270915407506,0.5714952767501168
image_gradcam,1,warm,False,8,0.065374,0.319886,0.181635,0.0001,0.566995,852.98046875,0.0,1763.6839831039074,0.47172039661527276
image_gradcam,1,warm,False,9,0.067548,0.228693,0.174451,9e-05,0.470782,852.98046875,0.0,2124.1253913701034,0.5891858318058608
image_gradcam,1,warm,False,10,0.065705,0.225287,0.179921,7e-05,0.470983,852.98046875,0.0,2123.2188847580487,0.6185427778083247
image_gradcam,1,warm,False,11,0.451425,2.360124,0.19533,8e-05,3.006959,852.98046875,0.0,332.5619005779593,0.06950261226107032
image_gradcam,1,warm,False,12,0.069672,0.239203,0.176074,9e-05,0.485039,852.98046875,0.0,2061.6898847309185,0.5703407527316876
image_gradcam,1,warm,False,13,0.652446,0.243602,0.177727,0.0001,1.073875,852.98046875,0.0,931.2070771737865,0.198457002303448
image_gradcam,1,warm,False,14,0.064823,0.231319,0.181714,8e-05,0.477936,852.98046875,0.0,2092.3303538549094,0.6138744251068743
image_gradcam,1,warm,False,15,0.069662,0.233092,0.175683,0.0001,0.478537,852.98046875,0.0,2089.702572632837,0.5806133032098668
image_gradcam,1,warm,False,16,0.064262,0.230166,0.184991,0.00011,0.479529,852.98046875,0.0,2085.3796120776847,0.6286800168462238
image_gradcam,1,warm,False,17,0.720285,1.801114,0.185622,9e-05,2.707111,852.98046875,0.0,369.39748684113806,0.07365434824079807
image_gradcam,1,warm,False,18,0.069802,0.244644,0.176163,8.1e-05,0.49069,852.98046875,0.0,2037.9465650410646,0.5604905134744916
image_gradcam,1,warm,False,19,0.065705,0.231449,0.175432,9e-05,0.472676,852.98046875,0.0,2115.6140781423214,0.5906768880782356
image_gradcam,1,warm,False,20,0.069502,0.232661,0.174691,9e-05,0.476944,852.98046875,0.0,2096.682210070784,0.5784328326102137
image_gradcam,1,warm,False,21,0.065253,0.230968,0.173679,8.1e-05,0.469981,852.98046875,0.0,2127.745589715329,0.5865890669466378
image_gradcam,1,warm,False,22,0.067068,0.240716,0.172427,8e-05,0.480291,852.98046875,0.0,2082.071077742452,0.5604807267434304
image_gradcam,1,warm,False,23,0.105389,0.228504,0.172737,0.0001,0.50673,852.98046875,0.0,1973.4375308349613,0.517641879284681
image_gradcam,1,warm,False,24,0.071756,2.516229,0.185251,9e-05,2.773326,852.98046875,0.0,360.57787652803887,0.07161594831500183
image_gradcam,1,warm,False,25,0.075864,0.249142,0.176134,9e-05,0.50123,852.98046875,0.0,1995.092073499192,0.542217682135099
image_gradcam,1,warm,False,26,0.294678,0.233232,0.17381,7e-05,0.70179,852.98046875,0.0,1424.9276849199903,0.3293743251690629
image_gradcam,1,warm,False,27,0.067858,0.229886,0.172988,0.00011,0.470842,852.98046875,0.0,2123.8547113469062,0.5813651996345854
image_gradcam,1,warm,False,28,0.066947,0.230337,0.173689,8e-05,0.471053,852.98046875,0.0,2122.903367561612,0.5845218713418818
image_gradcam,1,warm,False,29,0.072988,0.231078,0.173759,9.1e-05,0.477916,852.98046875,0.0,2092.4179144452164,0.5717508698769346
image_gradcam,1,warm,True,0,0.065083,0.504246,0.180732,0.006252,0.756313,852.98046875,0.0,1322.2039023525974,0.328428729258478
image_gradcam,1,warm,True,1,0.710567,1.997105,0.191644,0.005831,2.905147,852.98046875,0.0,344.21666098135483,0.07293165494195754
image_gradcam,1,warm,True,2,0.069502,0.238672,0.176314,0.005291,0.489779,852.98046875,0.0,2041.7371916721625,0.5892937106959055
image_gradcam,1,warm,True,3,0.064522,0.239945,0.177156,0.00534,0.486963,852.98046875,0.0,2053.5441091006915,0.5993950083260255
image_gradcam,1,warm,True,4,0.066026,0.231007,0.174361,0.00541,0.476804,852.98046875,0.0,2097.2978414610616,0.6052223153656328
image_gradcam,1,warm,True,5,0.065735,0.260433,0.175884,0.005149,0.507201,852.98046875,0.0,1971.6049455738455,0.5550299232297466
image_gradcam,1,warm,True,6,0.065434,0.228152,0.17415,0.005,0.472736,852.98046875,0.0,2115.3455628511474,0.6102130210568624
image_gradcam,1,warm,True,7,0.065294,0.2376,0.174,0.00518,0.482074,852.98046875,0.0,2074.3703248878805,0.5915600837256597
image_gradcam,1,warm,True,8,0.524534,2.644793,0.183448,0.005219,3.357994,852.98046875,0.0,297.79683942258384,0.05952904197010911
image_gradcam,1,warm,True,9,0.067027,0.234735,0.183808,0.00532,0.49089,852.98046875,0.0,2037.116258224857,0.6267455809545271
image_gradcam,1,warm,True,10,0.06845,0.231389,0.17447,0.00518,0.479489,852.98046875,0.0,2085.553578914219,0.5991548797854848
image_gradcam,1,warm,True,11,0.064993,0.228694,0.179039,0.00504,0.477766,852.98046875,0.0,2093.0748525428767,0.6267863405598476
image_gradcam,1,warm,True,12,0.066185,0.231098,0.174641,0.00529,0.477214,852.98046875,0.0,2095.4959410243623,0.6052515616432826
image_gradcam,1,warm,True,13,0.065113,0.228253,0.194208,0.00524,0.492814,852.98046875,0.0,2029.1631325408778,0.6798606518819494
image_gradcam,1,warm,True,14,0.069381,2.481003,0.191493,0.00553,2.747407,852.98046875,0.0,363.9795632754812,0.07725228828286251
image_gradcam,1,warm,True,15,0.082477,0.244684,0.176234,0.00535,0.508745,852.98046875,0.0,1965.6212837472603,0.5550294808977841
image_gradcam,1,warm,True,16,0.066727,0.231428,0.174171,0.005079,0.477405,852.98046875,0.0,2094.6575758527874,0.6011973637872918
image_gradcam,1,warm,True,17,0.21611,0.233041,0.174922,0.00519,0.629263,852.98046875,0.0,1589.1606530178956,0.40100545250928976
image_gradcam,1,warm,True,18,0.065114,0.217542,0.140146,0.004228,0.42703,852.98046875,0.0,2341.7558485352315,0.5107763500509453
image_gradcam,1,warm,True,19,0.063099,0.204959,0.138282,0.004068,0.410408,853.10546875,0.0,2436.599676419563,0.5310417894634742
image_gradcam,1,warm,True,20,0.061857,0.201592,0.129776,0.003888,0.397113,853.10546875,0.0,2518.1749275395164,0.5073619562040471
image_gradcam,1,warm,True,21,0.059693,0.209407,0.128043,0.003817,0.40096,853.10546875,0.0,2494.0143655227453,0.4900037160906725
image_gradcam,1,warm,True,22,0.103166,0.200209,0.130267,0.004068,0.43771,853.10546875,0.0,2284.6176692330537,0.4428018129377832
image_gradcam,1,warm,True,23,0.060685,0.280152,0.131248,0.004068,0.476153,853.10546875,0.0,2100.165283007773,0.3970108879024284
image_gradcam,1,warm,True,24,0.064122,0.20591,0.129846,0.003838,0.403716,853.10546875,0.0,2476.9887742868746,0.49506725128873613
image_gradcam,1,warm,True,25,0.060214,0.202955,0.135717,0.003858,0.402744,853.10546875,0.0,2482.966847426653,0.530362618697491
image_gradcam,1,warm,True,26,0.062549,0.204918,0.129997,0.004147,0.401611,853.10546875,0.0,2489.9716392230293,0.5015347687752134
image_gradcam,1,warm,True,27,0.059563,0.200269,0.130257,0.003958,0.394047,853.10546875,0.0,2537.768337279563,0.5165453061978509
image_gradcam,1,warm,True,28,0.065363,0.204178,0.130236,0.004218,0.403995,853.10546875,0.0,2475.278159383161,0.49882578160650876
image_gradcam,1,warm,True,29,0.059984,0.20016,0.128744,0.003787,0.392675,853.10546875,0.0,2546.6352581651495,0.5094524571006828
image_gradcam,1,cold,False,0,5.665879,0.371544,0.220558,0.000241,6.258222,853.10546875,0.0,159.7897933310771,0.03657172936201422
image_gradcam,1,cold,False,1,9.678174,1.875435,0.22704,0.000221,11.78087,853.10546875,0.0,84.88337448762273,0.01967013077904921
image_gradcam,1,cold,False,2,8.183021,0.420467,0.204438,0.00021,8.808136,853.10546875,0.0,113.53139869774945,0.023786631654510355
image_gradcam,1,cold,False,3,9.068129,0.681912,0.238723,0.00021,9.988973999999999,853.10546875,0.0,100.11038170687,0.024505845667725904
image_gradcam,1,cold,False,4,5.938115000000001,0.391803,0.184329,0.000321,6.514568000000001,853.10546875,0.0,153.5021201712838,0.029170994000238225
image_gradcam,1,cold,False,5,7.207052,0.398144,0.212443,0.00024,7.817879,853.10546875,0.0,127.91193110049414,0.027965485702143637
image_gradcam,1,cold,False,6,16.689905,4.66917,0.301662,0.00024,21.660977,853.10546875,0.0,46.16596933739416,0.01413460086637647
image_gradcam,1,cold,False,7,6.808817,0.374921,0.181634,0.000301,7.365673,853.10546875,0.0,135.7649192409166,0.0253259514754018
image_gradcam,1,cold,False,8,5.640662,0.361154,0.176695,0.0002,6.178711,853.10546875,0.0,161.8460549457646,0.029473579329989456
image_gradcam,1,cold,False,9,15.159013,0.633191,0.240365,0.000321,16.032890000000002,853.10546875,0.0,62.37178699535767,0.015240811225589537
image_gradcam,1,cold,False,10,7.299195,0.434825,0.21653,0.000271,7.950821,853.10546875,0.0,125.77317487087183,0.028032123009767235
image_gradcam,1,cold,False,11,9.350764,0.380622,0.214967,0.00022,9.946572999999999,853.10546875,0.0,100.53713977668491,0.022112677474719428
image_gradcam,1,cold,False,12,12.293783000000001,0.454772,0.243972,0.00023,12.992757000000001,853.10546875,0.0,76.96595880304696,0.019155268969698918
image_gradcam,1,cold,False,13,6.3884490000000005,0.355654,0.207563,0.000201,6.951867,853.10546875,0.0,143.8462502231415,0.03080676555503378
image_gradcam,1,cold,False,14,5.843316,0.36397,0.208355,0.0002,6.4158409999999995,853.23046875,0.0,155.8642117222045,0.033598419663601775
image_gradcam,1,cold,False,15,5.753976,0.342329,0.21097,0.00025,6.307525,853.23046875,0.0,158.54079056365214,0.034647216633682205
image_gradcam,1,cold,False,16,5.626135,0.334213,0.202845,0.00024,6.1634329999999995,853.23046875,0.0,162.24724110735042,0.03407267495119413
image_gradcam,1,cold,False,17,5.669065,0.399678,0.207112,0.000211,6.276066,853.23046875,0.0,159.3354818129701,0.034162428694047516
image_gradcam,1,cold,False,18,8.837321000000001,0.472065,0.219506,0.000211,9.529103000000001,853.23046875,0.0,104.94167184466365,0.02360166395506642
image_gradcam,1,cold,False,19,10.572309,0.520898,0.222351,0.000241,11.315799,853.23046875,0.0,88.37201862634711,0.02006561312702449
image_gradcam,1,cold,False,20,10.346161,0.528962,0.212363,0.00023,11.087716,853.23046875,0.0,90.18990024636273,0.019548560508235172
image_gradcam,1,cold,False,21,7.911285,0.496682,0.255554,0.000311,8.663832,853.23046875,0.0,115.42236737739144,0.030431256449983686
image_gradcam,1,cold,False,22,5.594895,0.373308,0.214236,0.00028,6.1827190000000005,853.23046875,0.0,161.74113686874657,0.03594314737618677
image_gradcam,1,cold,False,23,7.19072,1.629159,0.232971,0.000231,9.053080999999999,853.23046875,0.0,110.45963247208327,0.02644049878688812
image_gradcam,1,cold,False,24,7.131978,0.88627,0.276304,0.000301,8.294853,853.23046875,0.0,120.55668738192226,0.034496937485595354
image_gradcam,1,cold,False,25,6.810901,0.620045,0.273839,0.00028,7.705065,853.23046875,0.0,129.78475846731988,0.03688884295485393
image_gradcam,1,cold,False,26,5.3428379999999995,0.408484,0.212402,0.000321,5.964045,853.23046875,0.0,167.67143775742807,0.03698680059993164
image_gradcam,1,cold,False,27,9.255323,0.519004,0.225137,0.00026,9.999724,853.23046875,0.0,100.0027600761781,0.023060104291579356
image_gradcam,1,cold,False,28,5.267894,0.346437,0.210108,0.000231,5.824669999999999,853.23046875,0.0,171.68354602063295,0.03746465963620599
image_gradcam,1,cold,False,29,5.2299430000000005,0.373157,0.218815,0.00024,5.822155,853.23046875,0.0,171.75770827125007,0.039095322232335666
image_gradcam,1,cold,True,0,5.4809790000000005,0.345926,0.209446,0.006543,6.042894,853.23046875,0.0,165.48362423699638,0.03706753413690458
image_gradcam,1,cold,True,1,5.820602,0.346768,0.217713,0.009718,6.394800999999999,853.23046875,0.0,156.3770319045112,0.036876496788744634
image_gradcam,1,cold,True,2,7.342077999999999,0.35364,0.217111,0.006933,7.9197619999999995,853.23046875,0.0,126.26642063233717,0.029112813125428974
image_gradcam,1,cold,True,3,5.073016000000001,0.340726,0.208094,0.006563,5.628399,853.23046875,0.0,177.6704174668498,0.039650393387789806
image_gradcam,1,cold,True,4,4.998544,0.340325,0.205219,0.006743,5.5508310000000005,853.23046875,0.0,180.1532058893524,0.03970166715085162
image_gradcam,1,cold,True,5,4.992202,0.344103,0.207413,0.006432,5.55015,853.23046875,0.0,180.1753105771916,0.04007360898599312
image_gradcam,1,cold,True,6,4.7921640000000005,0.345234,0.203967,0.006662,5.348027,853.23046875,0.0,186.9848450652923,0.04099915949669463
image_gradcam,1,cold,True,7,11.947115,12.051874,0.261376,0.007314,24.267679,853.23046875,0.0,41.20707217200293,0.011195888293461027
image_gradcam,1,cold,True,8,5.811475,0.42728,0.218845,0.006853,6.464453,853.23046875,0.0,154.69212940367885,0.03617676924322241
image_gradcam,1,cold,True,9,11.816948,0.424725,0.235547,0.006823,12.484043,853.23046875,0.0,80.10225533507054,0.019798764433586812
image_gradcam,1,cold,True,10,5.4619740000000006,0.366214,0.217071,0.006793,6.052052000000001,853.23046875,0.0,165.23321346214473,0.03841056602841225
image_gradcam,1,cold,True,11,7.013223,3.11847,0.223765,0.006732,10.36219,853.23046875,0.0,96.50469640105035,0.022750097145659662
image_gradcam,1,cold,True,12,6.591914999999999,0.382465,0.213965,0.006603,7.194948,853.23046875,0.0,138.9864110206217,0.03162546348205862
image_gradcam,1,cold,True,13,7.334671999999999,0.36374,0.212302,0.006552,7.917266,853.23046875,0.0,126.30622742749834,0.028428460311035575
image_gradcam,1,cold,True,14,9.426427,0.904685,0.189108,0.006142,10.526361999999999,853.23046875,0.0,94.99958295183085,0.018899224013833166
image_gradcam,1,cold,True,15,5.82974,0.347088,0.179791,0.006001,6.36262,853.23046875,0.0,157.16795911118376,0.03007886895992571
image_gradcam,1,cold,True,16,5.916635,0.358399,0.178939,0.006152,6.460125000000001,853.23046875,0.0,154.7957663357907,0.029496413883972575
image_gradcam,1,cold,True,17,9.72849,0.584818,0.245836,0.007394,10.566538000000001,853.23046875,0.0,94.63837635373098,0.02455371254305602
image_gradcam,1,cold,True,18,11.155725,0.461194,0.193026,0.006292,11.816237,853.23046875,0.0,84.62931134505851,0.01715756131208283
image_gradcam,1,cold,True,19,11.244653,0.396511,0.192365,0.006262,11.839791,853.23046875,0.0,84.46095036643806,0.017062469010830875
image_gradcam,1,cold,True,20,6.586794,0.386633,0.17975,0.006302,7.159479,853.23046875,0.0,139.67496796903797,0.026680138761042454
image_gradcam,1,cold,True,21,5.6387979999999995,0.341277,0.182927,0.006101,6.169103,853.23046875,0.0,162.09812026156803,0.0316096370028804
image_gradcam,1,cold,True,22,9.931985000000001,0.55933,0.201693,0.005971,10.698979,853.23046875,0.0,93.4668625856729,0.019793896189371878
image_gradcam,1,cold,True,23,10.999669,0.52186,0.189339,0.006021,11.716889,853.23046875,0.0,85.34688687415235,0.016956082825465266
image_gradcam,1,cold,True,24,6.435048,0.350554,0.177687,0.006151,6.9694400000000005,853.23046875,0.0,143.4835510457081,0.02709236409680379
image_gradcam,1,cold,True,25,5.582711,0.363319,0.177977,0.006542,6.130549,853.23046875,0.0,163.11752829966778,0.03103230222518218
image_gradcam,1,cold,True,26,7.233952,0.362347,0.207223,0.006672,7.810194,853.23046875,0.0,128.03779265918362,0.02815779105061557
image_gradcam,1,cold,True,27,11.86547,4.07267,0.304767,0.006983,16.24989,853.23046875,0.0,61.53887810932874,0.019559998845536556
image_gradcam,1,cold,True,28,9.621597000000001,0.713653,0.23198,0.008075,10.575305,853.23046875,0.0,94.55992049401885,0.023226820831619935
image_gradcam,1,cold,True,29,7.568977,0.574539,0.269391,0.007504,8.420411,853.23046875,0.0,118.75904869726669,0.03400189795169556
image_gradcam,8,warm,False,0,0.145316,0.518533,1.167422,0.000391,1.831662,861.73046875,0.0,4367.618043066897,1.7591545667764807
image_gradcam,8,warm,False,1,0.211912,0.655031,1.289034,0.000601,2.156578,861.73046875,0.0,3709.5806411824656,1.487566079892219
image_gradcam,8,warm,False,2,0.251917,0.545985,0.898654,0.00035,1.696906,861.73046875,0.0,4714.462675009694,1.1267097964411668
image_gradcam,8,warm,False,3,0.134174,0.422902,0.967052,0.000431,1.524559,861.73046875,0.0,5247.419089717092,1.7367163546805102
image_gradcam,8,warm,False,4,0.164411,0.578627,1.27694,0.000321,2.020299,861.73046875,0.0,3959.8099093253027,1.7189713042939931
image_gradcam,8,warm,False,5,0.257608,0.677394,1.089105,0.00034,2.024447,861.73046875,0.0,3951.696438582981,1.1651793258196237
image_gradcam,8,warm,False,6,0.16881,0.502983,0.883214,0.000211,1.555218,861.73046875,0.0,5143.973385081706,1.3150256105675409
image_gradcam,8,warm,False,7,0.126419,0.400099,1.045622,0.00026,1.5724,861.73046875,0.0,5087.763927753752,1.9864126202712915
image_gradcam,8,warm,False,8,0.201151,0.496131,1.217547,0.000481,1.91531,861.73046875,0.0,4176.869540700983,1.7468226628537664
image_gradcam,8,warm,False,9,0.201732,0.635475,1.013631,0.000341,1.851179,861.73046875,0.0,4321.57019931622,1.2111365528477422
image_gradcam,8,warm,False,10,0.146739,0.470501,0.880479,0.000301,1.49802,861.73046875,0.0,5340.382638416043,1.4269651999222344
image_gradcam,8,warm,False,11,0.128954,0.494227,0.942426,0.00027,1.565877,861.73046875,0.0,5108.958111013828,1.512716209255417
image_gradcam,8,warm,False,12,0.139815,0.410438,0.868025,0.0002,1.418478,861.73046875,0.0,5639.847780508404,1.5778650911489807
image_gradcam,8,warm,False,13,0.115449,0.396702,0.924462,0.00015,1.436763,861.73046875,0.0,5568.072117670068,1.8053503751823192
image_gradcam,8,warm,False,14,0.116672,0.386502,0.984667,0.00022,1.488061,861.73046875,0.0,5376.123693853948,1.9573487501341482
image_gradcam,8,warm,False,15,0.150936,0.415919,0.878585,0.00015,1.44559,861.73046875,0.0,5534.072593197242,1.5501936121230295
image_gradcam,8,warm,False,16,0.145936,0.477665,0.887903,0.0001,1.511604,861.73046875,0.0,5292.391393513116,1.4239922642843739
image_gradcam,8,warm,False,17,0.120859,0.414947,0.921547,0.00013,1.457483,861.73046875,0.0,5488.914793517317,1.7201692403593838
image_gradcam,8,warm,False,18,0.122362,0.400058,0.903442,0.00011,1.425972,861.73046875,0.0,5610.208335086523,1.7295509360284829
image_gradcam,8,warm,False,19,0.138914,0.502682,0.904936,0.00011,1.546642,861.73046875,0.0,5172.496285501105,1.4106166497297365
image_gradcam,8,warm,False,20,0.130377,0.371594,0.881271,0.00013,1.383372,861.73046875,0.0,5782.970885633075,1.7558803197794297
image_gradcam,8,warm,False,21,0.112904,0.361244,0.86514,0.00013,1.339418,861.73046875,0.0,5972.743385559997,1.8248943367893569
image_gradcam,8,warm,False,22,0.107704,0.370833,0.906048,0.00019,1.384775,861.73046875,0.0,5777.111805166905,1.8937678800176372
image_gradcam,8,warm,False,23,0.154603,0.401251,0.888053,0.00013,1.444037,861.73046875,0.0,5540.0242514561605,1.5978710236860756
image_gradcam,8,warm,False,24,0.118365,0.383797,0.883204,0.000241,1.385607,861.73046875,0.0,5773.64288719673,1.7592828609094278
image_gradcam,8,warm,False,25,0.117853,0.39528,0.89186,0.00011,1.405103,861.73046875,0.0,5693.532787276093,1.738282277694087
image_gradcam,8,warm,False,26,0.114908,0.365283,0.884035,0.000121,1.364347,861.73046875,0.0,5863.610943550285,1.8412589990233053
image_gradcam,8,warm,False,27,0.113826,0.409897,0.972043,0.0002,1.495966,861.73046875,0.0,5347.715121867744,1.8564069173971736
image_gradcam,8,warm,False,28,0.139795,0.392895,0.875049,0.00013,1.407869,861.73046875,0.0,5682.34686607916,1.642942424299311
image_gradcam,8,warm,False,29,0.124245,0.403264,0.878956,9.1e-05,1.406556,861.73046875,0.0,5687.651255975588,1.6664113787632058
image_gradcam,8,warm,True,0,0.118335,0.409837,0.866652,0.006082,1.400906,861.73046875,0.0,5710.590146662232,1.6523670319517128
image_gradcam,8,warm,True,1,0.118134,0.381543,1.076521,0.006632,1.58283,861.73046875,0.0,5054.2382947,2.167706338294538
image_gradcam,8,warm,True,2,0.206692,0.490319,0.903803,0.00522,1.606034,861.73046875,0.0,4981.214594460641,1.3041731048720895
image_gradcam,8,warm,True,3,0.13186,0.42755,0.900377,0.019116,1.478903,861.85546875,0.0,5409.41495148769,1.643683523712483
image_gradcam,8,warm,True,4,0.11044,0.360583,0.878135,0.005049,1.354207,861.85546875,0.0,5907.5163545898085,1.8750337032374216
image_gradcam,8,warm,True,5,0.312622,0.394157,0.937116,0.005972,1.649867,861.85546875,0.0,4848.875697253173,1.3343463798443358
image_gradcam,8,warm,True,6,0.14773,0.399767,0.900988,0.005541,1.454026,861.85546875,0.0,5501.96488921106,1.6557698033048582
image_gradcam,8,warm,True,7,0.124496,0.406109,0.866212,0.00505,1.401867,861.85546875,0.0,5706.675454946867,1.642016189067197
image_gradcam,8,warm,True,8,0.111572,0.368388,0.868356,0.004839,1.353155,861.85546875,0.0,5912.109107973587,1.8193078589882492
image_gradcam,8,warm,True,9,0.108746,0.409236,0.938098,0.00568,1.46176,861.85546875,0.0,5472.854640980736,1.8220285646991596
image_gradcam,8,warm,True,10,0.171305,0.426197,0.903363,0.00547,1.506335,861.85546875,0.0,5310.903617057295,1.5210543228307185
image_gradcam,8,warm,True,11,0.129315,0.438862,0.879217,0.004959,1.452353,861.85546875,0.0,5508.302733564085,1.5561629562618695
image_gradcam,8,warm,True,12,0.113776,0.382375,0.868466,0.004578,1.369195,861.85546875,0.0,5842.849265444294,1.7596336599140179
image_gradcam,8,warm,True,13,0.113565,0.785198,0.956694,0.006171,1.861628,861.85546875,0.0,4297.3139639068595,1.0713224732215278
image_gradcam,8,warm,True,14,0.145837,0.414055,0.868977,0.005009,1.433878,861.85546875,0.0,5579.275224251994,1.5609903338500997
image_gradcam,8,warm,True,15,0.134736,0.390119,0.884957,0.00495,1.414762,861.85546875,0.0,5654.66134940011,1.6955292414095322
image_gradcam,8,warm,True,16,0.111682,0.364822,0.869017,0.004529,1.35005,861.85546875,0.0,5925.70645531647,1.8332395950506188
image_gradcam,8,warm,True,17,0.107494,0.367406,1.23956,0.008186,1.722646,861.85546875,0.0,4644.018562142193,2.6273868182775324
image_gradcam,8,warm,True,18,0.163389,0.547769,0.914964,0.00547,1.631592,861.85546875,0.0,4903.186580958965,1.2942749712440835
image_gradcam,8,warm,True,19,0.117442,0.370493,0.895808,0.005761,1.389504,861.85546875,0.0,5757.450140481783,1.8477235697377725
image_gradcam,8,warm,True,20,0.112654,0.367236,0.855672,0.00534,1.340902,861.85546875,0.0,5966.13324463682,1.7941861676634228
image_gradcam,8,warm,True,21,0.112734,0.458088,1.286148,0.007635,1.864605,861.85546875,0.0,4290.452937753572,2.26652616752683
image_gradcam,8,warm,True,22,0.18451,0.508153,0.947335,0.005771,1.645769,861.85546875,0.0,4860.949501418486,1.3760024716203982
image_gradcam,8,warm,True,23,0.12106,0.382254,0.863326,0.00499,1.37163,861.85546875,0.0,5832.476688319736,1.7251973916878927
image_gradcam,8,warm,True,24,0.134835,0.366826,0.891269,0.006984,1.399914,861.85546875,0.0,5714.6367562578835,1.7905577670977013
image_gradcam,8,warm,True,25,0.147069,0.521308,1.294404,0.006352,1.969133,861.85546875,0.0,4062.7017067917704,1.9461411748160096
image_gradcam,8,warm,True,26,0.136439,0.407162,0.888875,0.00527,1.437746,861.85546875,0.0,5564.265176185501,1.6448553258732048
image_gradcam,8,warm,True,27,0.126479,0.391993,0.867054,0.004899,1.390425,861.85546875,0.0,5753.63647805527,1.6817745220571214
image_gradcam,8,warm,True,28,0.106923,0.350113,1.177432,0.008195,1.642663,861.85546875,0.0,4870.140740979738,2.5941654486736274
image_gradcam,8,warm,True,29,0.14799,0.407643,0.878866,0.006232,1.440731,861.85546875,0.0,5552.736770431122,1.592954342164702
image_gradcam,8,cold,False,0,6.7621579999999994,0.63836,1.062975,0.0002,8.463693,861.85546875,0.0,945.2138682251353,0.14366224094043148
image_gradcam,8,cold,False,1,11.101893,6.220039,1.065239,0.000231,18.387402,861.85546875,0.0,435.080496961996,0.061509882384944134
image_gradcam,8,cold,False,2,14.556001,15.621449,1.301197,0.00022,31.478867,861.98046875,0.0,254.1387528337662,0.04312547945568628
image_gradcam,8,cold,False,3,9.631326,7.182635,1.313019,0.00029,18.12727,861.98046875,0.0,441.32403831354634,0.07810824587971864
image_gradcam,8,cold,False,4,5.572011,3.962762,1.284925,0.000311,10.820008999999999,861.98046875,0.0,739.3709191923963,0.13479460916374203
image_gradcam,8,cold,False,5,8.064967,0.583496,3.555529,0.000281,12.204273,861.98046875,0.0,655.508115886952,0.4111493568279127
image_gradcam,8,cold,False,6,8.248736000000001,0.693885,1.194554,0.000451,10.137626000000001,861.98046875,0.0,789.1393902280474,0.13363028579652428
image_gradcam,8,cold,False,7,5.89855,0.577975,1.274035,0.000241,7.750801,861.98046875,0.0,1032.1513866760351,0.19675304271966831
image_gradcam,8,cold,False,8,5.062054,0.562607,1.265638,0.000321,6.89062,861.98046875,0.0,1160.9985748742492,0.22507294217375948
image_gradcam,8,cold,False,9,4.999196,0.548309,1.279876,0.000331,6.827712,861.98046875,0.0,1171.6955841136826,0.23077167122877762
image_gradcam,8,cold,False,10,5.151625,3.180759,1.3296,0.000281,9.662265000000001,861.98046875,0.0,827.9632156642359,0.15960390207652453
image_gradcam,8,cold,False,11,8.173393,1.021496,1.077302,0.00022,10.272411,861.98046875,0.0,778.7850388774358,0.11718705902811878
image_gradcam,8,cold,False,12,5.875017000000001,0.578146,1.277221,0.00023,7.730614000000001,861.98046875,0.0,1034.846649955618,0.19795734277903715
image_gradcam,8,cold,False,13,10.237174,0.59599,1.0867,0.00021,11.920074,861.98046875,0.0,671.1367731441936,0.10033172210814865
image_gradcam,8,cold,False,14,7.085210999999999,0.54878,3.418319,0.000271,11.052581,861.98046875,0.0,723.812836114931,0.44781163614156744
image_gradcam,8,cold,False,15,5.974253999999999,0.569279,1.061101,0.000211,7.604844999999999,861.98046875,0.0,1051.960953839296,0.1621925036520791
image_gradcam,8,cold,False,16,6.167581,0.545965,1.052094,0.00023,7.76587,861.98046875,0.0,1030.1485860566813,0.1567463751644809
image_gradcam,8,cold,False,17,8.239588,1.562912,2.077177,0.000261,11.879938,861.98046875,0.0,673.4041877996333,0.21192940576383573
image_gradcam,8,cold,False,18,14.891646,8.368332,1.118219,0.000281,24.378478,861.98046875,0.0,328.1583042222734,0.048086889850024794
image_gradcam,8,cold,False,19,5.208904,3.702607,1.080629,0.00023,9.992370000000001,861.98046875,0.0,800.6108660908272,0.12128796115496013
image_gradcam,8,cold,False,20,7.783373,4.101714,1.094715,0.000281,12.980083,861.98046875,0.0,616.3288786366004,0.09213192970316499
image_gradcam,8,cold,False,21,5.40778,0.652898,1.071421,0.00033,7.132429,861.98046875,0.0,1121.6375234860382,0.1768368159469947
image_gradcam,8,cold,False,22,5.948956,1.143929,1.058807,0.00026,8.151952,861.98046875,0.0,981.3600472622999,0.1493139956449315
image_gradcam,8,cold,False,23,13.169221,11.385281,1.346782,0.000291,25.901575,861.98046875,0.0,308.8615267604383,0.05486053026039787
image_gradcam,8,cold,False,24,11.484409,0.607551,1.090327,0.00021,13.182497,861.98046875,0.0,606.8653002538139,0.0901869506680472
image_gradcam,8,cold,False,25,5.197972,0.552688,1.06033,0.000511,6.811501,861.98046875,0.0,1174.4841555480943,0.18447291267437127
image_gradcam,8,cold,False,26,4.747088,0.542308,1.05,0.000261,6.339657,861.98046875,0.0,1261.8979228686978,0.19855972213084444
image_gradcam,8,cold,False,27,4.757027,2.987873,1.08156,0.000201,8.826661,861.98046875,0.0,906.3449927441419,0.13967397900553913
image_gradcam,8,cold,False,28,4.971362,0.558279,1.052986,0.00024,6.582867,861.98046875,0.0,1215.275958028622,0.1904691461886947
image_gradcam,8,cold,False,29,6.830516,0.547798,1.057445,0.00022,8.435979,861.98046875,0.0,948.3190984709659,0.14334778921038058
image_gradcam,8,cold,True,0,4.692886,0.544592,1.047515,0.006503,6.2914959999999995,861.98046875,0.0,1271.5576708623832,0.20124533219996343
image_gradcam,8,cold,True,1,4.672296,0.599907,1.043148,0.006432,6.321783,861.98046875,0.0,1265.4657712863602,0.1990780704005517
image_gradcam,8,cold,True,2,4.685681,2.923341,1.074957,0.006322,8.690301,861.98046875,0.0,920.5665028173363,0.14210485920529603
image_gradcam,8,cold,True,3,5.454258,0.642227,1.057535,0.006181,7.160201000000001,862.10546875,0.0,1117.2870705724602,0.17448021277834683
image_gradcam,8,cold,True,4,4.672487,0.539352,1.048036,0.006262,6.2661370000000005,862.10546875,0.0,1276.7036533034625,0.20228905766275587
image_gradcam,8,cold,True,5,11.08936,0.61218,1.088964,0.006432,12.796936,862.10546875,0.0,625.1496451963188,0.093611268260417
image_gradcam,8,cold,True,6,5.048138000000001,0.579718,1.068175,0.006643,6.702674,862.10546875,0.0,1193.5534982008674,0.19098178773586247
image_gradcam,8,cold,True,7,7.384487,0.589738,1.628507,0.007885,9.610617,862.10546875,0.0,832.4127368721488,0.20521016148904753
image_gradcam,8,cold,True,8,6.61038,0.546426,1.046724,0.006482,8.210011999999999,862.10546875,0.0,974.4200130279957,0.14716145721988272
image_gradcam,8,cold,True,9,4.645515,0.527169,1.056733,0.006302,6.235719,862.10546875,0.0,1282.931447039227,0.2055093641908147
image_gradcam,8,cold,True,10,4.612663,0.526138,1.044199,0.006182,6.189182000000001,862.10546875,0.0,1292.5779206363618,0.2044019606908304
image_gradcam,8,cold,True,11,4.887204,0.567425,1.052786,0.006141,6.5135559999999995,862.10546875,0.0,1228.2077562548016,0.1941336431863652
image_gradcam,8,cold,True,12,4.6312180000000005,0.560222,1.042125,0.006362,6.239927,862.10546875,0.0,1282.06628058309,0.20196458015502441
image_gradcam,8,cold,True,13,4.582737,1.645468,1.249328,0.007084,7.484617,862.10546875,0.0,1068.8589676666154,0.2017293907313584
image_gradcam,8,cold,True,14,6.094613,0.579308,1.05489,0.006291,7.7351019999999995,862.10546875,0.0,1034.2462193775855,0.1590041296563145
image_gradcam,8,cold,True,15,10.480564000000001,0.895448,1.072633,0.007534,12.456179,862.10546875,0.0,642.2515283378634,0.0949512887293016
image_gradcam,8,cold,True,16,5.082071999999999,0.543801,1.050471,0.006352,6.682696,862.10546875,0.0,1197.1216407270358,0.1878504900483889
image_gradcam,8,cold,True,17,7.637436,2.252289,1.452202,0.007405,11.349332,862.10546875,0.0,704.8873008561209,0.14758822919747516
image_gradcam,8,cold,True,18,5.564597,0.713061,1.331584,0.007024,7.6162659999999995,862.10546875,0.0,1050.3834818794408,0.2132336613431315
image_gradcam,8,cold,True,19,16.08043,12.175528,1.325082,0.007053,29.588093,862.10546875,0.0,270.37903389042344,0.04714527817460658
image_gradcam,8,cold,True,20,10.970033,0.66519,1.295947,0.007454,12.938624,862.10546875,0.0,618.3037701690689,0.11202200421942923
image_gradcam,8,cold,True,21,5.550601,3.152956,1.287982,0.006903,9.998442,862.10546875,0.0,800.1246594219378,0.14877652895247312
image_gradcam,8,cold,True,22,11.257988000000001,0.596261,1.294664,0.01048,13.159393000000001,862.10546875,0.0,607.9307761383826,0.11009925639321394
image_gradcam,8,cold,True,23,5.172395000000001,0.53829,1.274866,0.006783,6.9923340000000005,862.10546875,0.0,1144.1101068684648,0.22442999394993768
image_gradcam,8,cold,True,24,5.8346990000000005,0.945322,1.285266,0.006983,8.07227,862.10546875,0.0,991.0471280073635,0.19059660729664404
image_gradcam,8,cold,True,25,5.865007,0.547738,1.259778,0.006763,7.679286,862.10546875,0.0,1041.7635181187418,0.1975037211053925
image_gradcam,8,cold,True,26,7.821344,1.868171,1.290326,0.009177,10.989018000000002,862.10546875,0.0,727.9995355362962,0.13411434937661998
image_gradcam,8,cold,True,27,10.041322,4.082868,2.114408,0.007895,16.246493,862.10546875,0.0,492.4139628164675,0.15026015651163008
image_gradcam,8,cold,True,28,7.8444389999999995,0.58005,1.282491,0.007003,9.713982999999999,862.10546875,0.0,823.5550751941815,0.15306495147658217
image_gradcam,8,cold,True,29,5.7605189999999995,0.549451,1.45038,0.007033,7.767383,862.10546875,0.0,1029.9479245455,0.23096987782826228
image_gradcam,32,warm,False,0,0.243893,0.715165,2.383628,0.000221,3.342907,863.60546875,0.0,9572.5068032105,2.4856150514358877
image_gradcam,32,warm,False,1,0.136619,0.544402,2.527511,0.000391,3.208923,863.60546875,0.0,9972.193162628086,3.7119295880743763
image_gradcam,32,warm,False,2,0.269982,0.627289,2.347339,0.000121,3.244731,863.60546875,0.0,9862.142655277125,2.6162218549356884
image_gradcam,32,warm,False,3,0.145025,0.648149,2.429735,0.00013,3.223039,863.60546875,0.0,9928.51777468408,3.0634703104236904
image_gradcam,32,warm,False,4,0.161796,0.525356,2.317323,0.00015,3.004625,863.60546875,0.0,10650.247535050132,3.372576955317019
image_gradcam,32,warm,False,5,0.139064,0.573798,2.379139,0.000281,3.092282,863.60546875,0.0,10348.344685251863,3.337840984650606
image_gradcam,32,warm,False,6,0.151126,0.510137,2.417673,0.00027,3.079206,863.60546875,0.0,10392.289440849361,3.656552687811053
image_gradcam,32,warm,False,7,0.176144,0.590018,2.388918,0.00024,3.15532,863.60546875,0.0,10141.602119594843,3.118345728449074
image_gradcam,32,warm,False,8,0.156016,0.49608,2.428724,0.00026,3.08108,863.60546875,0.0,10385.968556480195,3.7248871331828437
image_gradcam,32,warm,False,9,0.172877,0.543671,2.377055,0.000231,3.093834,863.60546875,0.0,10343.15351114507,3.3176926039846597
image_gradcam,32,warm,False,10,0.140676,0.485801,2.528433,0.000391,3.155301,863.60546875,0.0,10141.66318839312,4.036579156138215
image_gradcam,32,warm,False,11,0.204849,0.604826,2.311441,0.000251,3.121367,863.60546875,0.0,10251.918470336876,2.8550863000586655
image_gradcam,32,warm,False,12,0.137561,0.492453,2.437891,0.000491,3.068396,863.60546875,0.0,10428.901615045777,3.870361611011819
image_gradcam,32,warm,False,13,0.180623,0.59116,2.370573,0.000231,3.142587,863.60546875,0.0,10182.693430603513,3.071853098604141
image_gradcam,32,warm,False,14,0.147029,0.489688,2.337661,0.000321,2.974699,863.60546875,0.0,10757.390915854006,3.671932742489992
image_gradcam,32,warm,False,15,0.18461,0.540946,2.315819,0.00025,3.041625,863.60546875,0.0,10520.692064274854,3.192129897623339
image_gradcam,32,warm,False,16,0.131319,0.509977,2.856554,0.00031,3.49816,863.60546875,0.0,9147.666201660302,4.4548289713330504
image_gradcam,32,warm,False,17,0.236278,0.593154,2.369612,0.00034,3.199384,863.60546875,0.0,10001.925370633848,2.8573192256869766
image_gradcam,32,warm,False,18,0.132481,0.494968,2.986241,0.00027,3.61396,863.60546875,0.0,8854.552900419483,4.75976692926437
image_gradcam,32,warm,False,19,0.178629,0.559991,2.370734,0.00015,3.109504,863.60546875,0.0,10291.030337957436,3.2098832958760934
image_gradcam,32,warm,False,20,0.135486,0.634984,2.866122,0.000261,3.636853,863.60546875,0.0,8798.815899350346,3.720304489467468
image_gradcam,32,warm,False,21,0.185502,0.519074,2.495269,0.000491,3.200336,863.60546875,0.0,9998.950110238424,3.542215460078117
image_gradcam,32,warm,False,22,0.257208,0.861242,2.592164,0.000501,3.711115,863.60546875,0.0,8622.745455206858,2.318087531852117
image_gradcam,32,warm,False,23,0.196052,0.578706,2.941797,0.00039,3.716945,863.60546875,0.0,8609.22074445546,3.7975561401108475
image_gradcam,32,warm,False,24,0.324135,0.73842,2.35846,0.000421,3.421436,863.60546875,0.0,9352.798064906081,2.220008376037005
image_gradcam,32,warm,False,25,0.180652,0.635906,2.849972,0.00033,3.66686,863.60546875,0.0,8726.812586245453,3.490630181811947
image_gradcam,32,warm,False,26,0.378959,0.639452,2.562276,0.000461,3.581148,863.60546875,0.0,8935.68207736737,2.51640742293632
image_gradcam,32,warm,False,27,0.232411,0.747637,2.492244,0.00019,3.472482,863.60546875,0.0,9215.310547326091,2.54317543630516
image_gradcam,32,warm,False,28,0.146378,0.517371,2.914724,0.000331,3.578804,863.60546875,0.0,8941.53465794718,4.391803226822187
image_gradcam,32,warm,False,29,0.217613,0.578717,2.359823,0.00027,3.156423,863.60546875,0.0,10138.058175345952,2.9637122800848896
image_gradcam,32,warm,True,0,0.138462,0.553028,3.025505,0.007464,3.724459,863.60546875,0.0,8591.851863586095,4.3861357358747055
image_gradcam,32,warm,True,1,0.26425,0.592994,2.417463,0.008506,3.283213,863.60546875,0.0,9746.550101988509,2.8299632310054084
image_gradcam,32,warm,True,2,0.188858,0.709004,2.690009,0.006171,3.594042,863.60546875,0.0,8903.624387249787,3.002889085405107
image_gradcam,32,warm,True,3,0.146928,0.499938,2.633702,0.008857,3.289425,863.60546875,0.0,9728.143976530853,4.0851721994972685
image_gradcam,32,warm,True,4,0.217192,0.684357,2.360845,0.006182,3.268576,863.60546875,0.0,9790.196097627835,2.6255112034953174
image_gradcam,32,warm,True,5,0.142701,0.480911,2.876453,0.007855,3.50792,863.60546875,0.0,9122.214873771352,4.625164365021841
image_gradcam,32,warm,True,6,0.283688,0.730134,2.353772,0.005801,3.373395,863.60546875,0.0,9485.992597961402,2.3274036270666842
image_gradcam,32,warm,True,7,0.143983,0.490059,2.961744,0.006301,3.602087,863.60546875,0.0,8883.738788097011,4.681148882881576
image_gradcam,32,warm,True,8,0.180893,0.621528,2.47945,0.008085,3.289956,863.60546875,0.0,9726.573850835695,3.100037262235161
image_gradcam,32,warm,True,9,0.222882,0.71711,2.821007,0.006181,3.76718,863.60546875,0.0,8494.417574949963,3.0076724057226016
image_gradcam,32,warm,True,10,0.166826,0.59592,2.743479,0.007705,3.51393,863.60546875,0.0,9106.612823818345,3.6069464802175295
image_gradcam,32,warm,True,11,0.243522,0.692001,2.355876,0.00556,3.296959,863.60546875,0.0,9705.913843635906,2.524188074478126
image_gradcam,32,warm,True,12,0.141618,0.484388,2.967786,0.006983,3.600775,863.60546875,0.0,8886.975720504613,4.7519816103999
image_gradcam,32,warm,True,13,0.191022,0.615226,2.330107,0.00539,3.141745,863.60546875,0.0,10185.422432438025,2.8967476508468852
image_gradcam,32,warm,True,14,0.134685,0.555112,2.881382,0.006612,3.577791,863.60546875,0.0,8944.066324723832,4.1867302989140285
image_gradcam,32,warm,True,15,0.180482,0.534553,2.489279,0.007704,3.212018,863.60546875,0.0,9962.584269453035,3.492112973490808
image_gradcam,32,warm,True,16,0.195911,0.730034,2.541527,0.005841,3.473313,863.60546875,0.0,9213.105758104726,2.751100767324193
image_gradcam,32,warm,True,17,0.149753,0.50077,2.660332,0.008436,3.319291,863.60546875,0.0,9640.613010429033,4.1024959916866885
image_gradcam,32,warm,True,18,0.236368,0.674328,2.344764,0.006222,3.261682,863.60546875,0.0,9810.88898304617,2.5815266565352215
image_gradcam,32,warm,True,19,0.137611,0.49569,2.96007,0.006753,3.600124,863.60546875,0.0,8888.582726594972,4.684696534507288
image_gradcam,32,warm,True,20,0.196743,0.547447,2.322733,0.00568,3.072603,863.60546875,0.0,10414.622390201403,3.128788347061906
image_gradcam,32,warm,True,21,0.134936,0.509936,2.973657,0.006382,3.624911,863.60546875,0.0,8827.802944679193,4.621132565842525
image_gradcam,32,warm,True,22,0.186243,0.534042,2.358701,0.005891,3.084877,863.60546875,0.0,10373.18505729726,3.2828560916859297
image_gradcam,32,warm,True,23,0.159262,0.703914,2.770782,0.006503,3.640461,863.60546875,0.0,8790.095540097805,3.2175187910692604
image_gradcam,32,warm,True,24,0.181294,0.539984,2.583376,0.008907,3.313561,863.60546875,0.0,9657.284112168149,3.594013681271299
image_gradcam,32,warm,True,25,0.3271,0.845422,2.472928,0.005711,3.651161,863.60546875,0.0,8764.335508623148,2.1139381606485848
image_gradcam,32,warm,True,26,0.178498,0.53822,3.048579,0.007103,3.7724,863.60546875,0.0,8482.663556356694,4.263436944516532
image_gradcam,32,warm,True,27,0.203035,0.572525,2.3321,0.00528,3.11294,863.60546875,0.0,10279.671307509941,3.0137964825416477
image_gradcam,32,warm,True,28,0.143221,0.556014,2.935885,0.006212,3.641332,863.60546875,0.0,8787.992965211632,4.207594013457564
image_gradcam,32,warm,True,29,0.182636,0.577795,2.415378,0.006322,3.182131,863.60546875,0.0,10056.154193526289,3.1846413415549866
image_gradcam,32,cold,False,0,8.623294000000001,1.141524,3.519821,0.000301,13.28494,863.85546875,0.0,2408.7425310163235,0.36049028256338206
image_gradcam,32,cold,False,1,14.242577,1.320373,3.66672,0.000441,19.230111,863.85546875,0.0,1664.0569573415357,0.23563405395506637
image_gradcam,32,cold,False,2,7.545742,0.662766,2.577817,0.00031,10.786635,863.85546875,0.0,2966.634172751743,0.314079854706848
image_gradcam,32,cold,False,3,22.472565,56.109583,2.962185,0.00019,81.544523,863.85546875,0.0,392.423657932244,0.037697811467306795
image_gradcam,32,cold,False,4,19.829275000000003,56.223499,2.898163,0.000291,78.951228,863.85546875,0.0,405.31351836604745,0.03811108849231456
image_gradcam,32,cold,False,5,10.805901,0.960992,2.85438,0.000431,14.621704,863.85546875,0.0,2188.5274110322575,0.24261383187558516
image_gradcam,32,cold,False,6,19.900098999999997,2.322242,2.840354,0.00036,25.063055,863.85546875,0.0,1276.7797062249595,0.1278314467409172
image_gradcam,32,cold,False,7,7.3359950000000005,0.778907,3.600805,0.00029,11.715997,863.85546875,0.0,2731.3083128990215,0.4437632148854046
image_gradcam,32,cold,False,8,6.3775580000000005,0.735174,2.812491,0.0004,9.925623,863.85546875,0.0,3223.978988522937,0.3954726538269683
image_gradcam,32,cold,False,9,5.399034,1.464976,2.982133,0.00026,9.846403,863.85546875,0.0,3249.9177618466356,0.4344971816766001
image_gradcam,32,cold,False,10,13.408025,0.787122,6.01964,0.000421,20.215208,863.85546875,0.0,1582.9666457055498,0.42409289597353234
image_gradcam,32,cold,False,11,9.021139,0.758027,3.556201,0.00021,13.335577,863.85546875,0.0,2399.5962079481073,0.3636722190828952
image_gradcam,32,cold,False,12,5.825722,0.724203,4.920035,0.000231,11.470191,863.85546875,0.0,2789.840204055887,0.7511942503158434
image_gradcam,32,cold,False,13,6.264805,0.773546,4.821088,0.00033,11.859769,863.85546875,0.0,2698.1975787218116,0.6850209658483926
image_gradcam,32,cold,False,14,6.153303,3.309633,2.883396,0.00042,12.346752,863.85546875,0.0,2591.7747436734776,0.30474854738529356
image_gradcam,32,cold,False,15,4.911749,6.321071,6.004462,0.00038,17.237662,863.85546875,0.0,1856.4002473189228,0.5345800965385362
image_gradcam,32,cold,False,16,12.912034,22.836284,3.696547,0.000691,39.445556,863.85546875,0.0,811.2447445283822,0.10342411075116878
image_gradcam,32,cold,False,17,20.910585,4.086626,5.205347,0.00028,30.202838,863.98046875,0.0,1059.5030837830539,0.20824831218170697
image_gradcam,32,cold,False,18,6.6557450000000005,0.766643,2.857807,0.000241,10.280436,863.98046875,0.0,3112.708449330359,0.38505774691379646
image_gradcam,32,cold,False,19,15.314316999999999,0.834722,2.932589,0.00029,19.081918,863.98046875,0.0,1676.9802700126893,0.18161322169077682
image_gradcam,32,cold,False,20,13.568218,1.563985,4.89102,0.000391,20.023614000000002,863.98046875,0.0,1598.113107853557,0.32324513489542794
image_gradcam,32,cold,False,21,18.246596,0.996859,2.90696,0.000571,22.150986,863.98046875,0.0,1444.6309523196844,0.1510919426890857
image_gradcam,32,cold,False,22,7.262656,0.795528,2.815636,0.000241,10.874061,863.98046875,0.0,2942.7828297082388,0.34944312515077836
image_gradcam,32,cold,False,23,5.311739,3.206578,2.841095,0.00022,11.359632000000001,863.98046875,0.0,2816.9926631426083,0.33355356463019636
image_gradcam,32,cold,False,24,10.299402,0.837567,2.906149,0.00028,14.043398,863.98046875,0.0,2278.650793775125,0.26097127503901646
image_gradcam,32,cold,False,25,5.598782,0.766092,2.805247,0.000211,9.170332,863.98046875,0.0,3489.513792957551,0.4407719618644454
image_gradcam,32,cold,False,26,9.813532,3.018681,2.825847,0.00022,15.65828,863.98046875,0.0,2043.647194966497,0.22023223897545965
image_gradcam,32,cold,False,27,5.912436,0.998212,5.124132,0.000241,12.035021,863.98046875,0.0,2658.9068685463862,0.7415184509470025
image_gradcam,32,cold,False,28,6.358783000000001,0.792292,2.814464,0.000221,9.96576,863.98046875,0.0,3210.9944449796108,0.3936030596798383
image_gradcam,32,cold,False,29,5.1346419999999995,1.456992,3.04939,0.000351,9.641375,863.98046875,0.0,3319.028665517107,0.4626684369914956
image_gradcam,32,cold,True,0,10.280165,3.030644,5.411297,0.008616,18.730722,863.98046875,0.0,1708.423199063015,0.40718133661147116
image_gradcam,32,cold,True,1,12.557481,3.95139,2.822139,0.006693,19.337703,863.98046875,0.0,1654.7984008235103,0.17135223844198674
image_gradcam,32,cold,True,2,10.089234000000001,0.800557,3.088184,0.007835,13.98581,863.98046875,0.0,2288.033370966715,0.28430472173432897
image_gradcam,32,cold,True,3,6.636599,0.978866,2.835364,0.006613,10.457442,863.98046875,0.0,3060.021752929636,0.3731849598153232
image_gradcam,32,cold,True,4,13.874839,7.936994,4.246849,0.008416,26.067098,863.98046875,0.0,1227.6011698732248,0.19508974784466765
image_gradcam,32,cold,True,5,7.590047,1.286899,5.387041,0.007895,14.271882,863.98046875,0.0,2242.171004496814,0.6077468534786626
image_gradcam,32,cold,True,6,6.62151,0.792993,5.804081,0.008206,13.22679,863.98046875,0.0,2419.3322794117094,0.783907835764582
image_gradcam,32,cold,True,7,7.538519000000001,0.877373,3.43408,0.007514,11.857486000000002,863.98046875,0.0,2698.7170805008745,0.4089398960918224
image_gradcam,32,cold,True,8,10.702255000000001,1.302599,3.480117,0.007875,15.492846,863.98046875,0.0,2065.469443122329,0.29054847314261373
image_gradcam,32,cold,True,9,5.579855,0.726568,3.419251,0.006963,9.732637,863.98046875,0.0,3287.906453307567,0.5432895953855299
image_gradcam,32,cold,True,10,5.917366,0.693565,3.395065,0.006973,10.012969,863.98046875,0.0,3195.8552952675673,0.5146080030180318
image_gradcam,32,cold,True,11,20.021549999999998,10.378692,3.778652,0.007735,34.186629,863.98046875,0.0,936.0384728193001,0.12455121245416402
image_gradcam,32,cold,True,12,7.706537,0.75434,6.423275,0.008416,14.892568,863.98046875,0.0,2148.7227723250953,0.7601683607975864
image_gradcam,32,cold,True,13,10.195122999999999,0.783626,3.817987,0.007955,14.804691,863.98046875,0.0,2161.4770615610955,0.34848615265728367
image_gradcam,32,cold,True,14,7.248789,1.014072,3.855828,0.008045,12.126733999999999,863.98046875,0.0,2638.7978824306697,0.4676192664986134
image_gradcam,32,cold,True,15,6.549213,0.734483,3.421595,0.007194,10.712485000000001,863.98046875,0.0,2987.168710154553,0.4707485046053542
image_gradcam,32,cold,True,16,8.985942999999999,0.745603,3.45021,0.007203,13.188959,863.98046875,0.0,2426.2718536011826,0.3552789042974262
image_gradcam,32,cold,True,17,8.024801,0.728471,3.405946,0.007454,12.166672,863.98046875,0.0,2630.135833365114,0.38995703549484123
image_gradcam,32,cold,True,18,7.705876,1.151623,5.226636,0.007976,14.092111,863.98046875,0.0,2270.774052233906,0.5909808174971287
image_gradcam,32,cold,True,19,6.4611860000000005,0.699997,4.449975,0.007785,11.618943,863.98046875,0.0,2754.1231590515595,0.622489328927916
image_gradcam,32,cold,True,20,11.240756000000001,0.762996,4.167579,0.007895,16.179226,863.98046875,0.0,1977.8449228659022,0.34784740637760597
image_gradcam,32,cold,True,21,6.894688,0.926166,4.461667,0.008766,12.291287,863.98046875,0.0,2603.4702468504724,0.5716042007688674
image_gradcam,32,cold,True,22,15.397143999999999,3.889302,4.213677,0.008325,23.508448,863.98046875,0.0,1361.2127861439428,0.21891031660265453
image_gradcam,32,cold,True,23,6.667738,0.870741,4.211312,0.007925,11.757716,863.98046875,0.0,2721.6170215371762,0.5596934076489436
image_gradcam,32,cold,True,24,6.929865,0.713843,4.227794,0.008626,11.880128,863.98046875,0.0,2693.5736719335014,0.5542362424100973
image_gradcam,32,cold,True,25,13.693315,0.789757,3.869714,0.008046,18.360832000000002,863.98046875,0.0,1742.8404115891915,0.2677443017613943
image_gradcam,32,cold,True,26,8.291386,1.410964,3.529881,0.007284,13.239515,863.98046875,0.0,2417.0069674002407,0.3645678624250826
image_gradcam,32,cold,True,27,6.662579,0.749961,3.461782,0.007744,10.882066,863.98046875,0.0,2940.618077486389,0.46806169005496095
image_gradcam,32,cold,True,28,21.095775,5.326256,2.89638,0.007083,29.325494,863.98046875,0.0,1091.2007142999876,0.10988795675850961
image_gradcam,32,cold,True,29,8.919367,0.890227,4.073832,0.008185,13.891611,863.98046875,0.0,2303.548522917896,0.41612496908638635
text_token_masking,1,warm,False,0,0.069552,0.373959,0.033994,9.1e-05,0.477596,863.98046875,0.0,2093.8198812385363,0.07685265979874233
text_token_masking,1,warm,False,1,0.076666,0.378016,0.024296,0.0001,0.479078,863.98046875,0.0,2087.3427709057814,0.053655082013363185
text_token_masking,1,warm,False,2,0.067548,0.368839,0.029907,0.00012,0.466414,863.98046875,0.0,2144.0179754467063,0.06880819089477917
text_token_masking,1,warm,False,3,0.071356,0.373147,0.023825,0.00011,0.468438,863.98046875,0.0,2134.75422574599,0.05384665570311111
text_token_masking,1,warm,False,4,0.066416,0.365332,0.022433,8e-05,0.454261,863.98046875,0.0,2201.37762211592,0.0521438431677738
text_token_masking,1,warm,False,5,0.073069,0.372275,0.029596,8.1e-05,0.475021,863.98046875,0.0,2105.170087217197,0.06663837393116333
text_token_masking,1,warm,False,6,0.077086,0.387404,0.029135,9e-05,0.493715,863.98046875,0.0,2025.4600326099064,0.06291846971947727
text_token_masking,1,warm,False,7,0.09468,0.42723,0.027772,0.000121,0.549803,863.98046875,0.0,1818.8332911970285,0.05344408039700332
text_token_masking,1,warm,False,8,0.081314,0.446136,0.027231,9.1e-05,0.554772,863.98046875,0.0,1802.542305667914,0.05180017063228743
text_token_masking,1,warm,False,9,0.073799,0.46389,0.030698,0.0001,0.568487,863.98046875,0.0,1759.0551762837144,0.057278463944771034
text_token_masking,1,warm,False,10,0.071856,0.394778,0.025018,0.00011,0.491762,863.98046875,0.0,2033.504012103416,0.05384948374957675
text_token_masking,1,warm,False,11,0.066987,0.360273,0.024617,0.0001,0.451977,863.98046875,0.0,2212.5019635954927,0.05785002106445723
text_token_masking,1,warm,False,12,0.067839,0.385561,0.025448,0.00011,0.478958,863.98046875,0.0,2087.865741881334,0.05636965152183502
text_token_masking,1,warm,False,13,0.069993,0.367396,0.023475,0.00011,0.460974,863.98046875,0.0,2169.3197447144526,0.0539222522742913
text_token_masking,1,warm,False,14,0.067208,0.389137,0.025288,0.00012,0.481753,863.98046875,0.0,2075.752512179478,0.05567717406786532
text_token_masking,1,warm,False,15,0.067738,0.402944,0.024807,0.00011,0.495599,863.98046875,0.0,2017.7603263929104,0.052938077088140176
text_token_masking,1,warm,False,16,0.069582,0.378457,0.023635,9e-05,0.471764,863.98046875,0.0,2119.703919756488,0.05295297953972757
text_token_masking,1,warm,False,17,0.064813,0.371364,0.023615,0.0001,0.459892,863.98046875,0.0,2174.4235603141606,0.05437012955749615
text_token_masking,1,warm,False,18,0.069051,0.409186,0.025578,0.0001,0.503915,863.98046875,0.0,1984.4616651617835,0.053693043407348234
text_token_masking,1,warm,False,19,0.070814,0.373488,0.024827,9e-05,0.469219,863.98046875,0.0,2131.200995697105,0.056081224032302354
text_token_masking,1,warm,False,20,0.069432,0.478186,0.04204,0.00013,0.589788,863.98046875,0.0,1695.524493546834,0.077006234272796
text_token_masking,1,warm,False,21,0.1267,0.708783,0.046058,0.00014,0.881681,863.98046875,0.0,1134.1970622027695,0.055294961118299235
text_token_masking,1,warm,False,22,0.131439,0.698234,0.050566,0.00025,0.880489,863.98046875,0.0,1135.73253044615,0.061248226711005424
text_token_masking,1,warm,False,23,0.119426,0.578627,0.039435,0.00014,0.737628,863.98046875,0.0,1355.696909553325,0.056693402936453245
text_token_masking,1,warm,False,24,0.099619,0.555814,0.035898,0.00013,0.691461,863.98046875,0.0,1446.2131631429684,0.054968242368022356
text_token_masking,1,warm,False,25,0.099889,0.548911,0.032782,0.00014,0.681722,863.98046875,0.0,1466.873593634942,0.05074290998766954
text_token_masking,1,warm,False,26,0.096393,0.568738,0.037841,0.000131,0.703103,863.98046875,0.0,1422.2667233677,0.05708950567632542
text_token_masking,1,warm,False,27,0.119917,0.533972,0.030909,0.00011,0.684908,863.98046875,0.0,1460.0501089197382,0.047437714963854724
text_token_masking,1,warm,False,28,0.071114,0.619004,0.039344,0.000271,0.729733,863.98046875,0.0,1370.3642291084548,0.057403226694565275
text_token_masking,1,warm,False,29,0.088628,0.382855,0.024537,9e-05,0.49611,863.98046875,0.0,2015.6820060067323,0.05223306036484879
text_token_masking,1,warm,True,0,0.068059,0.388937,0.024817,0.005851,0.487664,863.98046875,0.0,2050.5922110305455,0.06710780838344318
text_token_masking,1,warm,True,1,0.066997,0.364931,0.022643,0.004859,0.45943,863.98046875,0.0,2176.6101473565072,0.06367264914522791
text_token_masking,1,warm,True,2,0.06848,0.447889,0.026259,0.004289,0.546917,863.98046875,0.0,1828.4310050702393,0.059159244648691156
text_token_masking,1,warm,True,3,0.069481,0.364631,0.022693,0.004238,0.461043,863.98046875,0.0,2168.9950828881474,0.062036985846970365
text_token_masking,1,warm,True,4,0.065494,0.552518,0.033032,0.005921,0.656965,863.98046875,0.0,1522.151103940088,0.06302952046238584
text_token_masking,1,warm,True,5,0.082857,0.456826,0.025688,0.004329,0.5697,863.98046875,0.0,1755.30981218185,0.055619687853795646
text_token_masking,1,warm,True,6,0.067017,0.356906,0.022633,0.004168,0.450724,863.98046875,0.0,2218.652656614691,0.06322138690281018
text_token_masking,1,warm,True,7,0.065564,0.376003,0.024747,0.004048,0.470362,863.98046875,0.0,2126.0220851174204,0.06521094194086062
text_token_masking,1,warm,True,8,0.06874,0.461345,0.035658,0.00571,0.571453,863.98046875,0.0,1749.9251906980978,0.07804031428921776
text_token_masking,1,warm,True,9,0.134776,0.589347,0.029846,0.004459,0.758428,863.98046875,0.0,1318.5167214290611,0.047374548246637664
text_token_masking,1,warm,True,10,0.070844,0.362437,0.023114,0.003957,0.460352,863.98046875,0.0,2172.250799388294,0.062479084012453806
text_token_masking,1,warm,True,11,0.077597,0.35829,0.023875,0.004168,0.46393,863.98046875,0.0,2155.49759662018,0.06433548144358514
text_token_masking,1,warm,True,12,0.064262,0.356235,0.022262,0.003817,0.446576,863.98046875,0.0,2239.2605066102974,0.062019467439720144
text_token_masking,1,warm,True,13,0.064282,0.406069,0.024146,0.004038,0.498535,863.98046875,0.0,2005.877220255348,0.05992120777887152
text_token_masking,1,warm,True,14,0.066927,0.399347,0.023785,0.004118,0.494177,863.98046875,0.0,2023.5664549341634,0.05984249604309912
text_token_masking,1,warm,True,15,0.065825,0.37487,0.023725,0.003868,0.468288,863.98046875,0.0,2135.438021046877,0.06261246440281829
text_token_masking,1,warm,True,16,0.064311,0.349673,0.021451,0.003887,0.439322,863.98046875,0.0,2276.2347435366314,0.06120526397155445
text_token_masking,1,warm,True,17,0.063049,0.381183,0.023835,0.004018,0.472085,863.98046875,0.0,2118.2626010146478,0.06269922022726863
text_token_masking,1,warm,True,18,0.064553,0.34842,0.02122,0.003818,0.438011,863.98046875,0.0,2283.047686017018,0.060628660953621655
text_token_masking,1,warm,True,19,0.062198,0.365633,0.022022,0.003777,0.45363,863.98046875,0.0,2204.4397416396623,0.060301848159670525
text_token_masking,1,warm,True,20,0.067518,0.707751,0.046648,0.006453,0.82837,863.98046875,0.0,1207.1900237816435,0.0684936454314567
text_token_masking,1,warm,True,21,0.106622,0.417872,0.027292,0.004398,0.556184,863.98046875,0.0,1797.966140701638,0.060420138266596
text_token_masking,1,warm,True,22,0.07396,0.397744,0.025499,0.004158,0.501361,863.98046875,0.0,1994.570778341355,0.06287205535674915
text_token_masking,1,warm,True,23,0.068239,0.360273,0.023605,0.003947,0.456064,863.98046875,0.0,2192.6747123210775,0.06429691583899634
text_token_masking,1,warm,True,24,0.065834,0.369341,0.024155,0.004118,0.463448,863.98046875,0.0,2157.7393796067736,0.0649692652381226
text_token_masking,1,warm,True,25,0.093006,0.365222,0.024877,0.004088,0.487193,863.98046875,0.0,2052.574647008475,0.06321089064832354
text_token_masking,1,warm,True,26,0.065424,0.365452,0.022543,0.003877,0.457296,863.98046875,0.0,2186.767432909975,0.06131694501434287
text_token_masking,1,warm,True,27,0.065534,0.355825,0.022412,0.003777,0.447548,863.98046875,0.0,2234.397204322218,0.062153650450091254
text_token_masking,1,warm,True,28,0.064061,0.352629,0.028033,0.003817,0.44854,863.98046875,0.0,2229.4555669505507,0.07643571959970241
text_token_masking,1,warm,True,29,0.067047,0.35887,0.020939,0.003727,0.450583,863.98046875,0.0,2219.3469349709153,0.05791269190945654
text_token_masking,1,cold,False,0,4.800239,0.497182,0.047891,0.00021,5.345522,863.98046875,0.0,187.07246925557504,0.009080078777956293
text_token_masking,1,cold,False,1,4.460413999999999,0.46921,0.041098,0.00026,4.970981999999999,863.98046875,0.0,201.16749567791638,0.008389686515645008
text_token_masking,1,cold,False,2,4.181907000000001,0.585019,0.041148,0.0002,4.808274000000001,863.98046875,0.0,207.97483670855695,0.008673933683887686
text_token_masking,1,cold,False,3,4.202345,0.720005,0.041689,0.00021,4.964249,863.98046875,0.0,201.44033870984313,0.008511991223704125
text_token_masking,1,cold,False,4,4.096763999999999,0.482455,0.038232,0.000231,4.617682,863.98046875,0.0,216.5588708793719,0.008399467245397089
text_token_masking,1,cold,False,5,4.181947,0.465463,0.039044,0.00028,4.686734,863.98046875,0.0,213.36820054221124,0.008461487150907712
text_token_masking,1,cold,False,6,4.002717,0.456225,0.039254,0.00021,4.498406,863.98046875,0.0,222.30096616445914,0.008850530013622066
text_token_masking,1,cold,False,7,4.240437,0.625175,0.056157,0.00038,4.922149,863.98046875,0.0,203.1632931063241,0.011619709915217241
text_token_masking,1,cold,False,8,3.901205,0.80205,0.050576,0.00021,4.754041,863.98046875,0.0,210.34736553597247,0.010798053688349877
text_token_masking,1,cold,False,9,4.07789,0.618492,0.043873,0.000281,4.740536,863.98046875,0.0,210.94661025673045,0.009401705397899916
text_token_masking,1,cold,False,10,5.58736,1.105625,0.071856,0.000231,6.765072,863.98046875,0.0,147.81808678459004,0.010770530637675118
text_token_masking,1,cold,False,11,7.196862,0.767324,0.066346,0.00026,8.030792,863.98046875,0.0,124.52071974968347,0.008363189910431524
text_token_masking,1,cold,False,12,5.974323999999999,0.48543,0.050105,0.000331,6.51019,863.98046875,0.0,153.60534792379332,0.007807727662694276
text_token_masking,1,cold,False,13,5.054741,0.499577,0.051247,0.000101,5.605666,863.98046875,0.0,178.39093517166378,0.009244699349227033
text_token_masking,1,cold,False,14,5.334081,0.536867,0.051769,0.00029,5.923007,863.98046875,0.0,168.8331619395351,0.008867222124944727
text_token_masking,1,cold,False,15,5.250082,0.568627,0.052289,0.000191,5.871189,863.98046875,0.0,170.32325138911384,0.009019182777485521
text_token_masking,1,cold,False,16,6.146541,0.484979,0.052049,0.00028,6.683849,863.98046875,0.0,149.61439134845804,0.007890951094168456
text_token_masking,1,cold,False,17,4.77986,0.489719,0.049353,0.00021,5.319142,863.98046875,0.0,188.00024515231965,0.009405495201798853
text_token_masking,1,cold,False,18,5.801966999999999,0.569269,0.058511,0.000451,6.430198,863.98046875,0.0,155.5162064993955,0.009254405267674907
text_token_masking,1,cold,False,19,5.394805,0.471534,0.050947,0.00028,5.917566,863.98046875,0.0,168.98839827050514,0.00873236272230432
text_token_masking,1,cold,False,20,5.712237,0.469861,0.048802,0.000461,6.231361,863.98046875,0.0,160.4785856572906,0.007968654007102444
text_token_masking,1,cold,False,21,4.767326,0.500309,0.044063,0.000281,5.311979,863.98046875,0.0,188.2537562742624,0.008418199058970486
text_token_masking,1,cold,False,22,4.226782,0.765871,0.045947,0.000191,5.038791,863.98046875,0.0,198.46030525973393,0.009241178988405563
text_token_masking,1,cold,False,23,4.780482,0.463188,0.050245,0.000211,5.294125999999999,863.98046875,0.0,188.88859086466775,0.009622268373105097
text_token_masking,1,cold,False,24,4.457598,0.501992,0.049463,0.000281,5.009334,863.98046875,0.0,199.62733568973442,0.010029861339344581
text_token_masking,1,cold,False,25,4.297896000000001,0.450634,0.042441,0.00019,4.791161000000001,863.98046875,0.0,208.71767824124464,0.008977725738281109
text_token_masking,1,cold,False,26,4.164103,0.468869,0.054293,0.00035,4.687615,863.98046875,0.0,213.3280996839544,0.011794373028803111
text_token_masking,1,cold,False,27,4.488057,0.494257,0.04249,0.000201,5.025005,863.98046875,0.0,199.0047771096745,0.008568508528366537
text_token_masking,1,cold,False,28,4.654421999999999,0.612531,0.043042,0.00019,5.310185,863.98046875,0.0,188.3173561749732,0.008208161341101774
text_token_masking,1,cold,False,29,4.264864,0.503123,0.039816,0.00017,4.8079730000000005,863.98046875,0.0,207.98785683696642,0.008386348368818958
text_token_masking,1,cold,True,0,4.364632,0.497203,0.04222,0.005841,4.909896,863.98046875,0.0,203.67030177421276,0.00988536221406115
text_token_masking,1,cold,True,1,4.253924,0.484458,0.040737,0.00548,4.784599,863.98046875,0.0,209.0039311549411,0.009753751386021643
text_token_masking,1,cold,True,2,4.120981,0.465432,0.049524,0.0054,4.641337,863.98046875,0.0,215.4551587182745,0.01197537160303706
text_token_masking,1,cold,True,3,4.008387,0.702301,0.047651,0.007834,4.766173,863.98046875,0.0,209.81193926447907,0.011778534260812858
text_token_masking,1,cold,True,4,4.119589,0.460873,0.038433,0.00534,4.6242350000000005,863.98046875,0.0,216.2519854635415,0.009556459588574252
text_token_masking,1,cold,True,5,4.295382,0.471493,0.041739,0.005671,4.814285,863.98046875,0.0,207.71516434943092,0.00994571915563131
text_token_masking,1,cold,True,6,4.165245,0.455914,0.049664,0.00543,4.676253,863.98046875,0.0,213.84642789857605,0.011922117373585285
text_token_masking,1,cold,True,7,4.14131,0.518904,0.04271,0.0051,4.708024,863.98046875,0.0,212.4033352421313,0.01025918552238159
text_token_masking,1,cold,True,8,4.0190779999999995,0.471403,0.038824,0.00536,4.5346649999999995,863.98046875,0.0,220.52345652876235,0.009839480447640244
text_token_masking,1,cold,True,9,4.159243,0.473248,0.040296,0.00537,4.678157000000001,863.98046875,0.0,213.75939285492126,0.00985776335021482
text_token_masking,1,cold,True,10,4.180704,0.46394,0.040266,0.00515,4.69006,863.98046875,0.0,213.21688848330297,0.009778144460587291
text_token_masking,1,cold,True,11,4.074623,0.473518,0.041088,0.005179,4.594408,863.98046875,0.0,217.65589821365452,0.010172727714466196
text_token_masking,1,cold,True,12,3.96243,0.703573,0.040838,0.00516,4.712001,863.98046875,0.0,212.22406361968092,0.009858116250675364
text_token_masking,1,cold,True,13,4.029048,0.447628,0.037752,0.005149,4.519577,863.98046875,0.0,221.2596444313262,0.009583226483221033
text_token_masking,1,cold,True,14,4.168532,0.472766,0.039344,0.00507,4.685712,863.98046875,0.0,213.41473825109185,0.009569305827809375
text_token_masking,1,cold,True,15,4.064504,0.52228,0.039806,0.00529,4.63188,863.98046875,0.0,215.89505773033846,0.00983172523493585
text_token_masking,1,cold,True,16,3.885425,0.604175,0.046548,0.006673,4.542821,863.98046875,0.0,220.1275374926725,0.01185428545972915
text_token_masking,1,cold,True,17,4.698135,0.474409,0.053271,0.007244,5.233059,863.98046875,0.0,191.09281970640882,0.011699272156988903
text_token_masking,1,cold,True,18,4.516741,0.460112,0.039014,0.00519,5.021057,863.98046875,0.0,199.16125230205515,0.008881917950962185
text_token_masking,1,cold,True,19,4.764552,0.507341,0.04721,0.00529,5.324393,863.98046875,0.0,187.81483635787217,0.00995847222240664
text_token_masking,1,cold,True,20,4.927149999999999,0.481292,0.051367,0.005581,5.465389999999999,863.98046875,0.0,182.96955935441022,0.010529464862524183
text_token_masking,1,cold,True,21,5.474587,0.463629,0.04749,0.00528,5.9909859999999995,863.98046875,0.0,166.91743228910903,0.008886507328126831
text_token_masking,1,cold,True,22,4.65299,0.483596,0.047521,0.00537,5.189477,863.98046875,0.0,192.69764563943534,0.010296917057360667
text_token_masking,1,cold,True,23,4.249214,0.452608,0.043913,0.00534,4.751075,863.98046875,0.0,210.47868114058394,0.010475300851457158
text_token_masking,1,cold,True,24,4.021843,0.586432,0.041268,0.00541,4.654953,863.98046875,0.0,214.824940230331,0.010129169808659423
text_token_masking,1,cold,True,25,4.081245,0.481272,0.038653,0.00526,4.60643,863.98046875,0.0,217.08785328334525,0.009624731261275301
text_token_masking,1,cold,True,26,4.111263,0.515567,0.04215,0.00546,4.674440000000001,863.98046875,0.0,213.9293690795047,0.010289982558252626
text_token_masking,1,cold,True,27,4.021762,0.472255,0.040567,0.0052,4.539784,863.98046875,0.0,220.2747972150217,0.010183984617770696
text_token_masking,1,cold,True,28,3.918828,0.668698,0.039905,0.005371,4.632802,863.98046875,0.0,215.85209123981556,0.009869371857510998
text_token_masking,1,cold,True,29,4.059355,0.467185,0.037912,0.00529,4.569742,863.98046875,0.0,218.830734864244,0.009544155138361753
text_token_masking,8,warm,False,0,0.099849,2.478518,0.075213,0.00031,2.65389,863.98046875,0.0,3014.442949783149,0.02929102024653589
text_token_masking,8,warm,False,1,0.114426,2.262138,0.045978,0.00018,2.422722,863.98046875,0.0,3302.0709763646014,0.019422157366685684
text_token_masking,8,warm,False,2,0.092084,2.603014,0.053,0.000181,2.748279,863.98046875,0.0,2910.912611128637,0.019732492102328004
text_token_masking,8,warm,False,3,0.095231,2.20033,0.046258,0.0001,2.341919,863.98046875,0.0,3416.002005193177,0.02019462780557781
text_token_masking,8,warm,False,4,0.098547,2.509567,0.050786,0.00011,2.65901,863.98046875,0.0,3008.6385534465835,0.01951448441287459
text_token_masking,8,warm,False,5,0.096744,2.169772,0.045527,9e-05,2.312133,863.98046875,0.0,3460.0085721712376,0.020126484878112482
text_token_masking,8,warm,False,6,0.102244,2.153451,0.043062,0.00011,2.298867,863.98046875,0.0,3479.975135577656,0.019139112335665946
text_token_masking,8,warm,False,7,0.08978,2.546447,0.057299,0.00012,2.693646,863.98046875,0.0,2969.952250592691,0.02178074953332926
text_token_masking,8,warm,False,8,0.102474,2.182236,0.045436,0.00011,2.330256,863.98046875,0.0,3433.0991959681687,0.019935133999501028
text_token_masking,8,warm,False,9,0.09503,2.69571,0.059222,0.000161,2.850123,863.98046875,0.0,2806.896404120103,0.021278585608118277
text_token_masking,8,warm,False,10,0.103757,2.190161,0.046207,0.000131,2.340256,863.98046875,0.0,3418.4294367795655,0.020200373335053826
text_token_masking,8,warm,False,11,0.092074,2.106854,0.04215,9e-05,2.241168,863.98046875,0.0,3569.5672970522514,0.019209360197332517
text_token_masking,8,warm,False,12,0.088588,2.444413,0.055115,0.00015,2.588266,863.98046875,0.0,3090.8724219226306,0.021817993755233415
text_token_masking,8,warm,False,13,0.098517,2.170394,0.059613,0.00012,2.328644,863.98046875,0.0,3435.475753271002,0.026326726786550902
text_token_masking,8,warm,False,14,0.08956,2.222773,0.050024,0.000111,2.362468,863.98046875,0.0,3386.2892534417397,0.021681565760640873
text_token_masking,8,warm,False,15,0.091192,2.149845,0.043713,0.00011,2.28486,863.98046875,0.0,3501.3086140945175,0.019554786467157838
text_token_masking,8,warm,False,16,0.08973,2.146037,0.043393,0.00011,2.27927,863.98046875,0.0,3509.8957122236507,0.01945775208239499
text_token_masking,8,warm,False,17,0.08976,2.167348,0.049313,0.0001,2.306521,863.98046875,0.0,3468.427124660907,0.021892173524705065
text_token_masking,8,warm,False,18,0.091273,2.143423,0.046027,0.00011,2.280833,863.98046875,0.0,3507.490465106389,0.0206457612131583
text_token_masking,8,warm,False,19,0.089539,2.102636,0.044224,0.00014,2.236539,863.98046875,0.0,3576.9552867175576,0.020237435423723017
text_token_masking,8,warm,False,20,0.091594,2.148803,0.054573,0.000131,2.295101,863.98046875,0.0,3485.6853794233893,0.024417101076282463
text_token_masking,8,warm,False,21,0.095421,2.176525,0.043983,9.1e-05,2.31602,863.98046875,0.0,3454.2016044766456,0.019399228678850643
text_token_masking,8,warm,False,22,0.091122,2.140538,0.046137,0.0001,2.277897,863.98046875,0.0,3512.0112981403468,0.020718657860068292
text_token_masking,8,warm,False,23,0.091494,2.151818,0.045356,0.000101,2.288769,863.98046875,0.0,3495.3287116349443,0.0202633427717589
text_token_masking,8,warm,False,24,0.099539,2.132152,0.042861,0.0001,2.274652,863.98046875,0.0,3517.021504827991,0.019250424902013768
text_token_masking,8,warm,False,25,0.090672,2.168219,0.051899,0.00012,2.31091,863.98046875,0.0,3461.8397081669127,0.02302855693346868
text_token_masking,8,warm,False,26,0.093467,2.100211,0.04199,0.00013,2.235798,863.98046875,0.0,3578.1407801599253,0.019200630174528804
text_token_masking,8,warm,False,27,0.090411,2.175443,0.044886,0.00011,2.31085,863.98046875,0.0,3461.9295930069025,0.019858296253862782
text_token_masking,8,warm,False,28,0.092776,2.138945,0.043973,0.00012,2.275814,863.98046875,0.0,3515.2257609804665,0.019757397990160953
text_token_masking,8,warm,False,29,0.091123,2.119377,0.043111,0.000111,2.253722,863.98046875,0.0,3549.6835900789897,0.019553042298122596
text_token_masking,8,warm,True,0,0.090131,2.122513,0.046498,0.010259,2.269401,863.98046875,0.0,3525.1592821189383,0.025651211853330223
text_token_masking,8,warm,True,1,0.092745,2.163211,0.045015,0.004699,2.30567,863.98046875,0.0,3469.7072868190157,0.022036777313032704
text_token_masking,8,warm,True,2,0.090943,2.102745,0.04218,0.004338,2.240206,863.98046875,0.0,3571.1001577533493,0.021205385633690847
text_token_masking,8,warm,True,3,0.090651,2.139997,0.04784,0.004629,2.283117,863.98046875,0.0,3503.9816181124315,0.023521864498567233
text_token_masking,8,warm,True,4,0.093197,2.127593,0.04224,0.004278,2.267308,863.98046875,0.0,3528.4134312585675,0.02094660008375398
text_token_masking,8,warm,True,5,0.089961,2.131881,0.043703,0.004398,2.269943,863.98046875,0.0,3524.317570969844,0.02164915417027853
text_token_masking,8,warm,True,6,0.090561,2.130899,0.041699,0.004378,2.267537,863.98046875,0.0,3528.0570945479612,0.02074176442519784
text_token_masking,8,warm,True,7,0.08957,2.117714,0.048903,0.004438,2.260625,863.98046875,0.0,3538.8443461432125,0.024165897999532455
text_token_masking,8,warm,True,8,0.095501,2.154293,0.048653,0.004568,2.303015,863.98046875,0.0,3473.7072923971405,0.02365594361083726
text_token_masking,8,warm,True,9,0.091183,2.212073,0.048502,0.004518,2.356276,863.98046875,0.0,3395.1880000475326,0.023019586185816947
text_token_masking,8,warm,True,10,0.107564,2.371365,0.052389,0.005009,2.536327,863.98046875,0.0,3154.1674239954073,0.02315435415859026
text_token_masking,8,warm,True,11,0.101362,2.185082,0.04789,0.004569,2.338903,863.98046875,0.0,3420.406917259929,0.02294348779152256
text_token_masking,8,warm,True,12,0.090642,2.146067,0.042782,0.004328,2.283819,863.98046875,0.0,3502.904564678725,0.021062194500938658
text_token_masking,8,warm,True,13,0.100812,2.380532,0.056868,0.004949,2.543161,863.98046875,0.0,3145.691523265731,0.024912708596631503
text_token_masking,8,warm,True,14,0.11078,2.657968,0.055545,0.004719,2.829012,863.98046875,0.0,2827.8423704105885,0.021765794503508445
text_token_masking,8,warm,True,15,0.099899,2.277377,0.060885,0.00494,2.443101,863.98046875,0.0,3274.5269229557025,0.027689254423970962
text_token_masking,8,warm,True,16,0.109227,2.229656,0.048011,0.004819,2.391713,863.98046875,0.0,3344.8829353689175,0.022587705327714126
text_token_masking,8,warm,True,17,0.09476,2.17884,0.043112,0.004308,2.32102,863.98046875,0.0,3446.7604759976216,0.02085679099225897
text_token_masking,8,warm,True,18,0.091914,2.277487,0.055025,0.004839,2.429265,863.98046875,0.0,3293.1771544067856,0.02526545738775328
text_token_masking,8,warm,True,19,0.102614,2.181946,0.044735,0.004568,2.333863,863.98046875,0.0,3427.793319487905,0.02158096088524705
text_token_masking,8,warm,True,20,0.090682,2.191334,0.045406,0.004428,2.33185,863.98046875,0.0,3430.752406887235,0.021837708412210957
text_token_masking,8,warm,True,21,0.104999,2.253712,0.057208,0.004519,2.420438,863.98046875,0.0,3305.186912451383,0.02616980206561974
text_token_masking,8,warm,True,22,0.097294,2.150957,0.047611,0.004548,2.30041,863.98046875,0.0,3477.640942266814,0.023199811764789604
text_token_masking,8,warm,True,23,0.098436,2.23681,0.052039,0.004698,2.391983,863.98046875,0.0,3344.5053748291684,0.02429594141259636
text_token_masking,8,warm,True,24,0.106923,2.134796,0.044895,0.004709,2.291323,863.98046875,0.0,3491.43267884973,0.022127661852355263
text_token_masking,8,warm,True,25,0.089109,2.166056,0.045256,0.004558,2.304979,863.98046875,0.0,3470.747455833654,0.022088849374657726
text_token_masking,8,warm,True,26,0.096563,2.223114,0.049994,0.004679,2.37435,863.98046875,0.0,3369.3431886621597,0.02356922968154618
text_token_masking,8,warm,True,27,0.096142,2.227772,0.044475,0.004358,2.372747,863.98046875,0.0,3371.6194773399775,0.021013256084347356
text_token_masking,8,warm,True,28,0.090472,2.290141,0.061175,0.0049,2.446688,863.98046875,0.0,3269.7262585176372,0.027755456262735685
text_token_masking,8,warm,True,29,0.09498,2.143172,0.047741,0.004658,2.290551,863.98046875,0.0,3492.6094201788133,0.023411725387730592
text_token_masking,8,cold,False,0,4.774890999999999,2.486143,0.065444,0.00021,7.326687999999999,863.98046875,0.0,1091.898549521967,0.00904196289399003
text_token_masking,8,cold,False,1,5.079768,2.845424,0.089018,0.000221,8.014431,863.98046875,0.0,998.1993731058386,0.01126016883881173
text_token_masking,8,cold,False,2,4.7911,3.546632,0.078209,0.0002,8.416141,863.98046875,0.0,950.5544168045664,0.009404116131341235
text_token_masking,8,cold,False,3,4.7278009999999995,2.639974,0.062308,0.0002,7.430282999999999,863.98046875,0.0,1076.6750068604385,0.008483972434011626
text_token_masking,8,cold,False,4,5.549699,3.126406,0.138192,0.00045,8.814747,863.98046875,0.0,907.5700073978298,0.015979751282401495
text_token_masking,8,cold,False,5,8.048686,3.403882,0.085853,0.00022,11.538641,863.98046875,0.0,693.3225498566079,0.007515606980024044
text_token_masking,8,cold,False,6,6.734515,3.004434,0.099398,0.000311,9.838657999999999,863.98046875,0.0,813.1190249727149,0.010238168410164178
text_token_masking,8,cold,False,7,6.150578,3.22333,0.104388,0.00029,9.478586,863.98046875,0.0,844.0077454590801,0.011166954060142257
text_token_masking,8,cold,False,8,5.385909,2.379169,0.065504,0.000181,7.830763,863.98046875,0.0,1021.6118148384772,0.008459026425748719
text_token_masking,8,cold,False,9,4.620158,2.417883,0.079611,0.00036,7.118012,863.98046875,0.0,1123.9093162529089,0.011362678904541762
text_token_masking,8,cold,False,10,5.28144,2.996661,0.099137,0.000481,8.377718999999999,863.98046875,0.0,954.9138613983115,0.012033919373537483
text_token_masking,8,cold,False,11,5.320303999999999,2.510719,0.066787,0.00012,7.89793,863.98046875,0.0,1012.9236394852829,0.008543839036100393
text_token_masking,8,cold,False,12,4.5634500000000005,2.397915,0.091664,0.00034,7.053369,863.98046875,0.0,1134.2097655744367,0.013216373512953277
text_token_masking,8,cold,False,13,4.998324,2.399809,0.06335,0.00013,7.461613,863.98046875,0.0,1072.1542379643652,0.008580543226243704
text_token_masking,8,cold,False,14,4.502523,2.783737,0.065223,0.000231,7.351713999999999,863.98046875,0.0,1088.1816131585097,0.008983209492936019
text_token_masking,8,cold,False,15,4.140396999999999,2.766945,0.064462,0.000431,6.9722349999999995,863.98046875,0.0,1147.4082557458262,0.009394786011753871
text_token_masking,8,cold,False,16,4.126732,2.931186,0.06308,0.0003,7.1212979999999995,863.98046875,0.0,1123.3907077052527,0.008979985315782927
text_token_masking,8,cold,False,17,4.435035,2.498496,0.061296,0.000291,6.995118,863.98046875,0.0,1143.6547603628703,0.008882487148323128
text_token_masking,8,cold,False,18,4.348663,2.526989,0.062549,0.00027,6.938471,863.98046875,0.0,1152.9917758537867,0.009136442623914066
text_token_masking,8,cold,False,19,4.269572999999999,2.426679,0.059593,0.000261,6.756106,863.98046875,0.0,1184.1140443918434,0.008938433021935257
text_token_masking,8,cold,False,20,4.477086,2.956835,0.066656,0.00024,7.500817,863.98046875,0.0,1066.5504837673016,0.008998750457531094
text_token_masking,8,cold,False,21,4.213456,3.271752,0.065624,0.000221,7.551053,863.98046875,0.0,1059.4548866230975,0.008796682737473695
text_token_masking,8,cold,False,22,4.369482,2.810747,0.063431,0.00023,7.24389,863.98046875,0.0,1104.3790007854896,0.008866151762012046
text_token_masking,8,cold,False,23,4.218745999999999,2.748399,0.062489,0.00037,7.030004,863.98046875,0.0,1137.9794378495374,0.009022203499424801
text_token_masking,8,cold,False,24,4.307614,2.410249,0.060514,0.000231,6.778608,863.98046875,0.0,1180.183306071099,0.009042310032223045
text_token_masking,8,cold,False,25,4.293818,2.657818,0.069552,0.00022,7.021408,863.98046875,0.0,1139.3726158628012,0.010036774077353879
text_token_masking,8,cold,False,26,4.212173,2.960993,0.070453,0.000251,7.243869999999999,863.98046875,0.0,1104.3820499263516,0.009856735505633077
text_token_masking,8,cold,False,27,4.280603999999999,3.143709,0.066316,0.0002,7.490829,863.98046875,0.0,1067.9725835418217,0.008959212791809829
text_token_masking,8,cold,False,28,4.632912,2.885118,0.080553,0.000381,7.5989640000000005,863.98046875,0.0,1052.7750888147384,0.010765320170310575
text_token_masking,8,cold,False,29,4.5434019999999995,2.434474,0.061397,0.00027,7.039543,863.98046875,0.0,1136.4374079396914,0.008837502988015266
text_token_masking,8,cold,True,0,4.326651,2.785339,0.066326,0.005551,7.183867,863.98046875,0.0,1113.6063627013139,0.010106454030447173
text_token_masking,8,cold,True,1,4.054935,2.579008,0.061477,0.00547,6.700889999999999,863.98046875,0.0,1193.8712618771538,0.010091585049796176
text_token_masking,8,cold,True,2,6.169294,4.78011,0.102204,0.007384,11.058992,863.98046875,0.0,723.3932351158224,0.010008581288990707
text_token_masking,8,cold,True,3,7.3197339999999995,3.947903,0.108045,0.008135,11.383817,863.98046875,0.0,702.7519855598522,0.010310946296903246
text_token_masking,8,cold,True,4,7.113684,7.60814,0.104769,0.007093,14.833686,863.98046875,0.0,539.3130203780773,0.007598379113892409
text_token_masking,8,cold,True,5,12.000136000000001,4.467678,0.104498,0.007544,16.579856,863.98046875,0.0,482.51323775067766,0.006803695985393082
text_token_masking,8,cold,True,6,7.606808,4.139346,0.100029,0.007485,11.853667999999999,863.98046875,0.0,674.8965805352402,0.00915312365221842
text_token_masking,8,cold,True,7,7.075492,4.206283,0.103887,0.007564,11.393226,863.98046875,0.0,702.1716237350158,0.009878853283282108
text_token_masking,8,cold,True,8,6.8497829999999995,3.748755,0.113886,0.007715,10.720139,863.98046875,0.0,746.2589804106085,0.011473374912653048
text_token_masking,8,cold,True,9,6.952748,3.760398,0.103025,0.007544,10.823715,863.98046875,0.0,739.1177613231687,0.010320871198805655
text_token_masking,8,cold,True,10,6.979578,3.685737,0.088217,0.00545,10.758982,863.98046875,0.0,743.5647722061436,0.008782394144007936
text_token_masking,8,cold,True,11,6.019188,2.561405,0.072838,0.0052,8.658631,863.98046875,0.0,923.9335871917858,0.00909470942159825
text_token_masking,8,cold,True,12,5.700615,4.635115,0.117753,0.007915,10.461397999999999,863.98046875,0.0,764.7161497918348,0.012158599344216616
text_token_masking,8,cold,True,13,6.2336849999999995,5.154981,0.127111,0.008335,11.524111999999999,863.98046875,0.0,694.1966548051598,0.011893052267930238
text_token_masking,8,cold,True,14,9.360612,3.759706,0.083017,0.005992,13.209327,863.98046875,0.0,605.6326715206611,0.006784058130298366
text_token_masking,8,cold,True,15,5.4695979999999995,3.131956,0.110921,0.008355,8.72083,863.98046875,0.0,917.3438766722893,0.013866796627679139
text_token_masking,8,cold,True,16,5.4381770000000005,3.156023,0.092966,0.006171,8.693337,863.98046875,0.0,920.2450106328561,0.01153533778594866
text_token_masking,8,cold,True,17,5.721605,2.349894,0.061967,0.00534,8.138806,863.98046875,0.0,982.9451641923889,0.008338847592002428
text_token_masking,8,cold,True,18,4.442321000000001,2.559521,0.063921,0.005651,7.071414000000001,863.98046875,0.0,1131.3154625086297,0.009936242491618634
text_token_masking,8,cold,True,19,4.916079,3.129692,0.082236,0.005981,8.133988,863.98046875,0.0,983.5273914837346,0.010964393592609086
text_token_masking,8,cold,True,20,4.946987,2.520727,0.067258,0.005611,7.540583,863.98046875,0.0,1060.9259257540166,0.00975787235558298
text_token_masking,8,cold,True,21,4.707122,2.451877,0.062098,0.00522,7.226317,863.98046875,0.0,1107.0646361071622,0.009403269926424072
text_token_masking,8,cold,True,22,4.4522889999999995,2.774619,0.072778,0.00556,7.3052459999999995,863.98046875,0.0,1095.1034366262272,0.010839767159067195
text_token_masking,8,cold,True,23,4.804567,3.137156,0.095671,0.006382,8.043776,863.98046875,0.0,994.557779828777,0.012850234136849145
text_token_masking,8,cold,True,24,5.198634,2.424746,0.069091,0.00521,7.697681,863.98046875,0.0,1039.2740359076972,0.009746464166813146
text_token_masking,8,cold,True,25,4.5490509999999995,2.327853,0.094439,0.005931,6.9772739999999995,863.98046875,0.0,1146.579595412191,0.014595230644487695
text_token_masking,8,cold,True,26,4.336549,2.403045,0.073028,0.005401,6.818023,863.98046875,0.0,1173.3606648144191,0.011637051133940708
text_token_masking,8,cold,True,27,4.084922,2.832008,0.063711,0.00537,6.9860109999999995,863.98046875,0.0,1145.145634611798,0.00998723422096219
text_token_masking,8,cold,True,28,4.201695,2.758668,0.075624,0.00552,7.041506999999999,863.98046875,0.0,1136.1204355828945,0.01165801266399468
text_token_masking,8,cold,True,29,4.077459,3.439469,0.063951,0.005401,7.58628,863.98046875,0.0,1054.535292659907,0.009226109389367571
text_token_masking,32,warm,False,0,0.171906,8.390844,0.114898,0.0002,8.677848,863.98046875,0.0,3687.550185253303,0.013441709731102744
text_token_masking,32,warm,False,1,0.16343,8.421412,0.109899,0.0002,8.694941,863.98046875,0.0,3680.3009934167467,0.012824813782245497
text_token_masking,32,warm,False,2,0.160405,8.365395,0.113115,0.00022,8.639135,863.98046875,0.0,3704.074539870022,0.013293180698585469
text_token_masking,32,warm,False,3,0.164522,8.396364,0.112363,0.000191,8.67344,863.98046875,0.0,3689.4242653433935,0.013147470951020724
text_token_masking,32,warm,False,4,0.160885,8.213849,0.125428,0.00026,8.500422,863.98046875,0.0,3764.5189850574475,0.01500799906002985
text_token_masking,32,warm,False,5,0.16362,8.23588,0.11608,0.000201,8.515781,863.98046875,0.0,3757.7293262943235,0.013843800226203943
text_token_masking,32,warm,False,6,0.17367,8.714598,0.115218,0.000251,9.003737,863.98046875,0.0,3554.0798226336465,0.012991169933219835
text_token_masking,32,warm,False,7,0.179049,8.668431,0.114276,0.000241,8.961997,863.98046875,0.0,3570.632750713931,0.012943459606577239
text_token_masking,32,warm,False,8,0.186404,8.486966,0.112994,0.000241,8.786605,863.98046875,0.0,3641.907198514102,0.013055479012194799
text_token_masking,32,warm,False,9,0.165013,10.517775,0.117393,0.00023,10.800411,863.98046875,0.0,2962.8502100521914,0.011010515232540418
text_token_masking,32,warm,False,10,0.174771,10.088172,0.118745,0.00024,10.381928,863.98046875,0.0,3082.279129656842,0.01159365300966789
text_token_masking,32,warm,False,11,0.179209,9.374439,0.117643,0.00023,9.671521,863.98046875,0.0,3308.6832981079187,0.01233800952264517
text_token_masking,32,warm,False,12,0.174992,9.079559,0.127402,0.0002,9.382153,863.98046875,0.0,3410.730991063565,0.013788027101476884
text_token_masking,32,warm,False,13,0.177316,8.572148,0.127191,0.00018,8.876835,863.98046875,0.0,3604.8884540492195,0.014557577469888443
text_token_masking,32,warm,False,14,0.173148,8.406955,0.119046,0.00021,8.699359,863.98046875,0.0,3678.4319396406104,0.013899133844896735
text_token_masking,32,warm,False,15,0.165914,8.4252,0.111431,0.00033,8.702875,863.98046875,0.0,3676.9458368642545,0.013008906644702885
text_token_masking,32,warm,False,16,0.1634,8.581235,0.116601,0.00019,8.861426,863.98046875,0.0,3611.1569402035293,0.01335573182871555
text_token_masking,32,warm,False,17,0.176224,8.387969,0.129976,0.000261,8.69443,863.98046875,0.0,3680.5172967060516,0.015207153785534729
text_token_masking,32,warm,False,18,0.169331,8.523225,0.128203,0.00025,8.821009,863.98046875,0.0,3627.7029079099684,0.014777356625600114
text_token_masking,32,warm,False,19,0.181745,8.450507,0.138933,0.000281,8.771466,863.98046875,0.0,3648.192901847878,0.01612719369175043
text_token_masking,32,warm,False,20,0.191233,8.398198,0.111652,0.00021,8.701293,863.98046875,0.0,3677.614349959253,0.01302321422687952
text_token_masking,32,warm,False,21,0.164321,8.401805,0.114547,0.00016,8.680833,863.98046875,0.0,3686.282180523459,0.01339076730834919
text_token_masking,32,warm,False,22,0.161225,8.363843,0.118745,0.000211,8.644024,863.98046875,0.0,3701.9795410100664,0.0139536716891877
text_token_masking,32,warm,False,23,0.169591,8.405573,0.112293,0.0002,8.687657,863.98046875,0.0,3683.386671458139,0.013118466305717301
text_token_masking,32,warm,False,24,0.157428,8.274333,0.108075,0.000191,8.540027,863.98046875,0.0,3747.0607528524206,0.012840259585156649
text_token_masking,32,warm,False,25,1.320483,8.649003,0.12113,0.000291,10.090907,863.98046875,0.0,3171.1718282608294,0.012179263805576336
text_token_masking,32,warm,False,26,0.168319,8.761747,0.127492,0.000491,9.058049,863.98046875,0.0,3532.7695842669873,0.014331696988577686
text_token_masking,32,warm,False,27,0.17948,8.944834,0.128293,0.000161,9.252768,863.98046875,0.0,3458.424549280821,0.014078209057689157
text_token_masking,32,warm,False,28,0.186483,8.385394,0.119977,0.000191,8.692045,863.98046875,0.0,3681.527189516391,0.014018866579630107
text_token_masking,32,warm,False,29,0.168239,8.547791,0.122463,0.00031,8.838803,863.98046875,0.0,3620.3997305970047,0.014085885431784885
text_token_masking,32,warm,True,0,0.171806,8.341631,0.115439,0.005761,8.634637,863.98046875,0.0,3706.0040856378796,0.01423631842227763
text_token_masking,32,warm,True,1,0.169001,8.438875,0.118865,0.00513,8.731871,863.98046875,0.0,3664.735770833078,0.014404831110485329
text_token_masking,32,warm,True,2,0.182255,8.553954,0.118735,0.00529,8.860234,863.98046875,0.0,3611.6427624823455,0.014196661274930581
text_token_masking,32,warm,True,3,0.175081,8.408819,0.117162,0.005089,8.706151,863.98046875,0.0,3675.5622547782596,0.014241894709863815
text_token_masking,32,warm,True,4,0.167006,8.317455,0.112664,0.005089,8.602214,863.98046875,0.0,3719.9725559024687,0.01387866595179116
text_token_masking,32,warm,True,5,0.163439,8.461308,0.114748,0.005129,8.744624,863.98046875,0.0,3659.3911870882043,0.01389919031827832
text_token_masking,32,warm,True,6,0.175833,8.38334,0.117783,0.00525,8.682206,863.98046875,0.0,3685.6992335818795,0.014374402760640542
text_token_masking,32,warm,True,7,0.163981,8.373481,0.115128,0.00502,8.65761,863.98046875,0.0,3696.170190156406,0.014073034819950004
text_token_masking,32,warm,True,8,0.169141,8.506654,0.123754,0.005411,8.80496,863.98046875,0.0,3634.3152041576573,0.014887972802492454
text_token_masking,32,warm,True,9,0.171104,8.341781,0.117052,0.005,8.634937,863.98046875,0.0,3705.8753294899543,0.014337325125383465
text_token_masking,32,warm,True,10,0.180712,8.449606,0.116621,0.00525,8.752189,863.98046875,0.0,3656.2281733175555,0.014121264129548878
text_token_masking,32,warm,True,11,0.171775,8.488519,0.12106,0.0052,8.786554,863.98046875,0.0,3641.9283373208655,0.01457918172292996
text_token_masking,32,warm,True,12,0.16904,8.549064,0.118314,0.00535,8.841768,863.98046875,0.0,3619.1856651294174,0.014184735580121548
text_token_masking,32,warm,True,13,0.16342,8.568902,0.124425,0.00512,8.861867,863.98046875,0.0,3610.9772353839203,0.0148351148755165
text_token_masking,32,warm,True,14,0.231829,8.379513,0.129185,0.005701,8.746228,863.98046875,0.0,3658.720079101528,0.01566376065426272
text_token_masking,32,warm,True,15,0.169631,8.321863,0.119026,0.00526,8.61578,863.98046875,0.0,3714.1152629245403,0.014636529213822679
text_token_masking,32,warm,True,16,0.166656,8.311053,0.115539,0.00511,8.598358,863.98046875,0.0,3721.640806302785,0.014231321221334681
text_token_masking,32,warm,True,17,0.198286,8.335309,0.128534,0.005019,8.667148,863.98046875,0.0,3692.102638607302,0.015650262286879095
text_token_masking,32,warm,True,18,0.168079,8.308658,0.119567,0.004979,8.601283,863.98046875,0.0,3720.375204489841,0.014692681865675437
text_token_masking,32,warm,True,19,0.171415,8.443795,0.119135,0.00527,8.739615,863.98046875,0.0,3661.488520947433,0.014440158742503087
text_token_masking,32,warm,True,20,0.166496,8.331011,0.11585,0.004939,8.618296,863.98046875,0.0,3713.030975032651,0.014214639658431583
text_token_masking,32,warm,True,21,0.16384,8.273151,0.114387,0.00526,8.556638,863.98046875,0.0,3739.786584403828,0.014181240681660084
text_token_masking,32,warm,True,22,0.162358,8.612224,0.125217,0.00536,8.905159,863.98046875,0.0,3593.4226441100045,0.014881278675155126
text_token_masking,32,warm,True,23,0.168339,8.487207,0.123875,0.004929,8.78435,863.98046875,0.0,3642.842099870793,0.01488109473394284
text_token_masking,32,warm,True,24,0.17413,8.225531,0.124836,0.00505,8.529547,863.98046875,0.0,3751.664654641096,0.015463243099929866
text_token_masking,32,warm,True,25,0.177496,8.396124,0.120559,0.00518,8.699359,863.98046875,0.0,3678.4319396406104,0.014665800443686563
text_token_masking,32,warm,True,26,0.174671,8.38304,0.116651,0.004939,8.679301,863.98046875,0.0,3686.932853233227,0.014208238628296751
text_token_masking,32,warm,True,27,0.160334,8.241922,0.139724,0.006262,8.548242,863.98046875,0.0,3743.4597663472796,0.017374619387935806
text_token_masking,32,warm,True,28,0.1741,8.261709,0.114768,0.005019,8.555596,863.98046875,0.0,3740.2420591154605,0.01419982363280155
text_token_masking,32,warm,True,29,0.164421,8.403248,0.130617,0.00531,8.703596,863.98046875,0.0,3676.6412411605506,0.01586510870109478
text_token_masking,32,cold,False,0,5.240203,12.290816,0.12666,0.0002,17.657879,863.98046875,0.0,1812.2221813842987,0.00723631638297808
text_token_masking,32,cold,False,1,5.799101,10.281949,0.166926,0.000241,16.248217,863.98046875,0.0,1969.4468630004142,0.010395278915244962
text_token_masking,32,cold,False,2,4.7404649999999995,10.839906,0.119537,0.00021,15.700118,863.98046875,0.0,2038.201241544809,0.0076857604995413786
text_token_masking,32,cold,False,3,5.0068909999999995,11.040556,0.123414,0.000241,16.171102,863.98046875,0.0,1978.8385479233266,0.0077055870631633815
text_token_masking,32,cold,False,4,4.540635999999999,9.634913,0.129776,0.00023,14.305555,863.98046875,0.0,2236.8932907531375,0.009171143918306094
text_token_masking,32,cold,False,5,4.9014,9.448308,0.124065,0.000401,14.474174,863.98046875,0.0,2210.8342762771817,0.00867376534769906
text_token_masking,32,cold,False,6,4.34162,9.921836,0.125948,0.000261,14.389664999999999,863.98046875,0.0,2223.818275130102,0.008848416540843958
text_token_masking,32,cold,False,7,4.782185,9.029194,0.123734,0.000361,13.935474,863.98046875,0.0,2296.2979228406584,0.008984982600216821
text_token_masking,32,cold,False,8,4.671775,9.663977,0.123655,0.00021,14.459617,863.98046875,0.0,2213.060000136933,0.008640286187986512
text_token_masking,32,cold,False,9,4.518644999999999,9.463908,0.120248,0.00024,14.103041000000001,863.98046875,0.0,2269.0141792823265,0.008617024373159895
text_token_masking,32,cold,False,10,4.740917,8.990751,0.122813,0.00025,13.854731,863.98046875,0.0,2309.6803539527405,0.00896198480767231
text_token_masking,32,cold,False,11,4.868508,9.888764,0.145616,0.00033,14.903217999999999,863.98046875,0.0,2147.18727190329,0.009889768244428915
text_token_masking,32,cold,False,12,4.798716,9.18009,0.122001,0.00021,14.101016999999999,863.98046875,0.0,2269.339863926127,0.008742592178473613
text_token_masking,32,cold,False,13,4.7526589999999995,9.497331,0.122452,0.000211,14.372653,863.98046875,0.0,2226.4504681216476,0.008607935865218151
text_token_masking,32,cold,False,14,5.232266999999999,9.563607,0.127372,0.0001,14.923346,863.98046875,0.0,2144.2912333467307,0.008615374799758366
text_token_masking,32,cold,False,15,5.258987,10.423638,0.162918,0.000301,15.845844,863.98046875,0.0,2019.4569629740138,0.010407632650783908
text_token_masking,32,cold,False,16,4.501913,11.029746,0.120329,0.00022,15.652208000000002,863.98046875,0.0,2044.4399921084616,0.007761501846003702
text_token_masking,32,cold,False,17,5.032619,10.872589,0.122422,0.00023,16.02786,863.98046875,0.0,1996.523553362707,0.007711436404981312
text_token_masking,32,cold,False,18,4.942468,9.784336,0.124416,0.00025,14.851469999999999,863.98046875,0.0,2154.668864428909,0.008465244733344724
text_token_masking,32,cold,False,19,5.602459,11.335586,0.156156,0.00027,17.094471,863.98046875,0.0,1871.9502931678903,0.009235186233121945
text_token_masking,32,cold,False,20,5.444579,11.679398,0.151838,0.00028,17.276094999999998,863.98046875,0.0,1852.2704349565108,0.00888333358541652
text_token_masking,32,cold,False,21,5.162525,9.017171,0.122282,0.00024,14.302218,863.98046875,0.0,2237.41520371176,0.008640664792813613
text_token_masking,32,cold,False,22,4.662687,9.741153,0.127292,0.00023,14.531362000000001,863.98046875,0.0,2202.133564630762,0.008853333555496312
text_token_masking,32,cold,False,23,4.707041,9.277575,0.129486,0.0003,14.114402000000002,863.98046875,0.0,2267.1877986754234,0.009280626654317857
text_token_masking,32,cold,False,24,4.70665,9.27478,0.161937,0.00031,14.143677,863.98046875,0.0,2262.495106470545,0.011604463921072452
text_token_masking,32,cold,False,25,5.572242,9.196111,0.123564,0.00024,14.892157000000001,863.98046875,0.0,2148.782073678111,0.008383060724510038
text_token_masking,32,cold,False,26,4.477366,9.216549,0.12105,0.00023,13.815195,863.98046875,0.0,2316.290142846337,0.008856488447606108
text_token_masking,32,cold,False,27,4.634314,9.427419,0.122502,0.000231,14.184466,863.98046875,0.0,2255.9890516851324,0.008728156053027033
text_token_masking,32,cold,False,28,4.508375,9.159271,0.146718,0.000271,13.814634999999999,863.98046875,0.0,2316.384037652823,0.01075452202961651
text_token_masking,32,cold,False,29,4.55262,9.122501,0.115869,0.000181,13.791170999999999,863.98046875,0.0,2320.3250833449897,0.008486213760009874
text_token_masking,32,cold,True,0,4.480382,8.899198,0.117162,0.005641,13.502383,863.98046875,0.0,2369.9520299490837,0.009178389755134317
text_token_masking,32,cold,True,1,4.395281000000001,8.904908,0.117493,0.00548,13.423162,863.98046875,0.0,2383.939045062557,0.009245958835622561
text_token_masking,32,cold,True,2,4.309328000000001,9.06973,0.117994,0.005711,13.502763,863.98046875,0.0,2369.8853338387116,0.009246166658370117
text_token_masking,32,cold,True,3,4.371385,9.55447,0.117042,0.005551,14.048448,863.98046875,0.0,2277.831686461024,0.008803265580461666
text_token_masking,32,cold,True,4,5.462784,10.396355,0.121991,0.005591,15.986721,863.98046875,0.0,2001.6612537367732,0.008044699021806921
text_token_masking,32,cold,True,5,4.7850090000000005,9.903001,0.117362,0.006172,14.811544,863.98046875,0.0,2160.4769901098766,0.008410533489560532
text_token_masking,32,cold,True,6,4.874589,9.887561,0.121971,0.005641,14.889762000000001,863.98046875,0.0,2149.1277026456164,0.00864454026005697
text_token_masking,32,cold,True,7,4.920706999999999,9.954648,0.180733,0.007243,15.063330999999998,863.98046875,0.0,2124.364126367535,0.012636740434093843
text_token_masking,32,cold,True,8,4.977325,9.873835,0.122472,0.005881,14.979513,863.98046875,0.0,2136.2510249832553,0.008642624549193463
text_token_masking,32,cold,True,9,4.439175,9.401399,0.119597,0.005751,13.965921999999999,863.98046875,0.0,2291.291616837041,0.009056560804486864
text_token_masking,32,cold,True,10,4.71068,11.708533,0.132411,0.008556,16.560180000000003,863.98046875,0.0,1932.3461459959972,0.008585490668767133
text_token_masking,32,cold,True,11,6.163754,11.439613,0.171976,0.007093,17.782436,863.98046875,0.0,1799.5284785504075,0.010172428944985355
text_token_masking,32,cold,True,12,5.118963,9.360381,0.122803,0.005511,14.607657999999999,863.98046875,0.0,2190.631790530693,0.008861865565180298
text_token_masking,32,cold,True,13,4.496022,9.104376,0.118886,0.00562,13.724904,863.98046875,0.0,2331.528147665004,0.009154585034937948
text_token_masking,32,cold,True,14,4.913434,9.087425,0.127331,0.007274,14.135463999999999,863.98046875,0.0,2263.80966341112,0.009614052966321568
text_token_masking,32,cold,True,15,4.582135999999999,8.871916,0.117693,0.00542,13.577164999999999,863.98046875,0.0,2356.8985130548244,0.009150626145937297
text_token_masking,32,cold,True,16,4.407784,8.900771,0.117383,0.00553,13.431468,863.98046875,0.0,2382.464820673362,0.00923563827928727
text_token_masking,32,cold,True,17,4.439254,9.122,0.153611,0.006112,13.720977,863.98046875,0.0,2332.1954406016425,0.011777893106345475
text_token_masking,32,cold,True,18,4.53706,10.665966,0.160294,0.006592,15.369912,863.98046875,0.0,2081.989799290978,0.010977156784445411
text_token_masking,32,cold,True,19,5.955908999999999,9.126729,0.131079,0.005901,15.219617999999999,863.98046875,0.0,2102.549485801812,0.009081965634924076
text_token_masking,32,cold,True,20,5.938426,9.418582,0.123153,0.005651,15.485812,863.98046875,0.0,2066.407625250778,0.008387310861594915
text_token_masking,32,cold,True,21,4.661837,9.12231,0.121611,0.00566,13.911418,863.98046875,0.0,2300.2687432726125,0.009233142972140387
text_token_masking,32,cold,True,22,4.852778,9.539862,0.12139,0.00544,14.51947,863.98046875,0.0,2203.937196054677,0.00881214287302399
text_token_masking,32,cold,True,23,4.605999,9.262827,0.122242,0.00555,13.996618000000002,863.98046875,0.0,2286.2665823986904,0.009214334363990148
text_token_masking,32,cold,True,24,4.780301,10.088101,0.124095,0.005701,14.998198,863.98046875,0.0,2133.5896485697813,0.008729653664193367
text_token_masking,32,cold,True,25,4.409598000000001,9.483786,0.122853,0.005751,14.021988,863.98046875,0.0,2282.130037481133,0.009256492154827073
text_token_masking,32,cold,True,26,4.535827,9.008394,0.118174,0.005531,13.667926,863.98046875,0.0,2341.2476772262303,0.009133415646422189
text_token_masking,32,cold,True,27,4.539935,9.144923,0.129165,0.006863,13.820886,863.98046875,0.0,2315.3363684498954,0.009940037375616174
text_token_masking,32,cold,True,28,4.572126000000001,9.608613,0.120759,0.00538,14.306878000000001,863.98046875,0.0,2236.6864385088065,0.008895093549073852
text_token_masking,32,cold,True,29,4.813173000000001,9.065072,0.151217,0.006813,14.036275,863.98046875,0.0,2279.807142564534,0.011386886454303118
