accuracy,roc_auc,observer_action,I_pre,I_final,rho,pipeline_seconds
0.7567567567567568,0.8298701298701298,request_more_data,0.7539000124176166,0.7539000124176166,0.4736525883846673,0.11049580899998546
