run_id,pipeline_id,repository_commit,case_id,mode_id,pipeline_status,detected,stage,contract_id,component_id,root_cause,dependent_violations,evidence_refs,diagnostic_cut,action,repair_plan,repair_executed,target_contract_repaired,recertified,contracts_checked,new_critical_violations,rollback_verified,reported_symptom_count,proposed_repair_count,redundant_repair_count,evidence_completeness,runtime_breakdown_ms,peak_rss_kb,artifact_bytes,canonical_sha256,expected_invalid,expected_stage,expected_contract,expected_root_cause,expected_action,fault_category,repairable,detected_correct,stage_correct,contract_correct,component_correct,root_cause_correct,action_correct,false_certification,false_blocking
external:db8fb0cf37bf193e031d,ext1-sklearn-column-transformer,5799d3eac08bda44fbce3309e641cbf98c5d312a,C1_BASELINE,B_LOCAL_STRONG,VALID,False,,,,,[],[],null,ACCEPT,null,False,False,False,0,0,False,0,0,0,1.0,"{""audit"": 0.7962890003909706, ""diagnostic_cut"": 0.0, ""graph_build"": 0.6327690007310594, ""recertification"": 0.0, ""repair_planning"": 0.0, ""total"": 1.42905800112203}",392868,13965,bc7246dcf2a7ef9770a60b446df603f0d8a092fcb78b63b0f9bfaa7564559c5d,False,,,,ACCEPT,CONTROL,False,True,True,True,True,True,True,False,False
external:c38f6a6d9a72c4733ba7,ext1-sklearn-column-transformer,5799d3eac08bda44fbce3309e641cbf98c5d312a,C1_BASELINE,B_PAIRWISE_RULES,VALID,False,,,,,[],[],null,ACCEPT,null,False,False,False,0,0,False,0,0,0,1.0,"{""audit"": 0.6731419998686761, ""diagnostic_cut"": 0.0, ""graph_build"": 0.5543049992411397, ""recertification"": 0.0, ""repair_planning"": 0.0, ""total"": 1.2274469991098158}",392868,13965,e2766e2df83d4d27a57c13308558e70e382024a4a25c0cc79d7b2a2ee8e5f386,False,,,,ACCEPT,CONTROL,False,True,True,True,True,True,True,False,False
external:3214f2441ae9a9141152,ext1-sklearn-column-transformer,5799d3eac08bda44fbce3309e641cbf98c5d312a,C1_BASELINE,B_MLFLOW_QUERY,VALID,False,,,,,[],[],null,ACCEPT,null,False,False,False,0,0,False,0,0,0,1.0,"{""audit"": 0.649599000098533, ""diagnostic_cut"": 0.0, ""graph_build"": 0.5462310000439174, ""recertification"": 0.0, ""repair_planning"": 0.0, ""total"": 1.1958300001424504}",392868,13965,958ce0e6093fe649dfc5cb98d8eeb666f6255ed873a322483223f7d1ed66ea89,False,,,,ACCEPT,CONTROL,False,True,True,True,True,True,True,False,False
external:e22c96320b96413a60e8,ext1-sklearn-column-transformer,5799d3eac08bda44fbce3309e641cbf98c5d312a,C1_BASELINE,B_GREEDY_CROSS_STAGE,VALID,False,,,,,[],[],null,ACCEPT,null,False,False,False,0,0,False,0,0,0,1.0,"{""audit"": 0.6866479998279829, ""diagnostic_cut"": 0.0, ""graph_build"": 0.5495969999174122, ""recertification"": 0.0, ""repair_planning"": 0.0, ""total"": 1.236244999745395}",392868,13965,250058ede7e31db3a539692fd6ae65fbd2a98cf193a4349bbb349be8c6a4b03a,False,,,,ACCEPT,CONTROL,False,True,True,True,True,True,True,False,False
external:dc1618697de2fa59f056,ext1-sklearn-column-transformer,5799d3eac08bda44fbce3309e641cbf98c5d312a,C1_BASELINE,O_FUZZYXAI,VALID,False,,,,,[],[],null,ACCEPT,null,False,False,False,0,0,False,0,0,0,1.0,"{""audit"": 0.6920679998074775, ""diagnostic_cut"": 0.0, ""graph_build"": 0.5482639999172534, ""recertification"": 0.0, ""repair_planning"": 0.0, ""total"": 1.2403319997247308}",392996,13965,675f04b980d788e0ec3354787915c7c55c46f8a14973064b52a50a1b7faa62c8,False,,,,ACCEPT,CONTROL,False,True,True,True,True,True,True,False,False
external:b7ef7eab8ea509b1fcfd,ext1-sklearn-column-transformer,5799d3eac08bda44fbce3309e641cbf98c5d312a,C2_CONSISTENT_RETRAIN,B_LOCAL_STRONG,VALID,False,,,,,[],[],null,ACCEPT,null,False,False,False,0,0,False,0,0,0,1.0,"{""audit"": 0.6608499998037587, ""diagnostic_cut"": 0.0, ""graph_build"": 0.5449179998322506, ""recertification"": 0.0, ""repair_planning"": 0.0, ""total"": 1.2057679996360093}",392996,13974,55adb14561d58b40fb45d4405b344d15d871177349bedad83d2f90a42457ace6,False,,,,ACCEPT,CONTROL,False,True,True,True,True,True,True,False,False
external:9286e3edcf444d655f14,ext1-sklearn-column-transformer,5799d3eac08bda44fbce3309e641cbf98c5d312a,C2_CONSISTENT_RETRAIN,B_PAIRWISE_RULES,VALID,False,,,,,[],[],null,ACCEPT,null,False,False,False,0,0,False,0,0,0,1.0,"{""audit"": 0.6854359999124426, ""diagnostic_cut"": 0.0, ""graph_build"": 0.5342280001059407, ""recertification"": 0.0, ""repair_planning"": 0.0, ""total"": 1.2196640000183834}",392996,13974,b1a6420ec70a195cccdee1acb7a8cc926048994f5b9e1516ceee74529bead419,False,,,,ACCEPT,CONTROL,False,True,True,True,True,True,True,False,False
external:756f7c19d7a34e39f6f9,ext1-sklearn-column-transformer,5799d3eac08bda44fbce3309e641cbf98c5d312a,C2_CONSISTENT_RETRAIN,B_MLFLOW_QUERY,VALID,False,,,,,[],[],null,ACCEPT,null,False,False,False,0,0,False,0,0,0,1.0,"{""audit"": 0.6560620004165685, ""diagnostic_cut"": 0.0, ""graph_build"": 0.5511899998964509, ""recertification"": 0.0, ""repair_planning"": 0.0, ""total"": 1.2072520003130194}",392996,13974,43919bc4e6eebbb29b20dc22afcf4024ddf5c32f218ed6f9b1f8bff643c39d90,False,,,,ACCEPT,CONTROL,False,True,True,True,True,True,True,False,False
external:dedf84b01514ca4186cb,ext1-sklearn-column-transformer,5799d3eac08bda44fbce3309e641cbf98c5d312a,C2_CONSISTENT_RETRAIN,B_GREEDY_CROSS_STAGE,VALID,False,,,,,[],[],null,ACCEPT,null,False,False,False,0,0,False,0,0,0,1.0,"{""audit"": 0.6588969999938854, ""diagnostic_cut"": 0.0, ""graph_build"": 0.5460900001708069, ""recertification"": 0.0, ""repair_planning"": 0.0, ""total"": 1.2049870001646923}",392996,13974,f421757d9f4e9d0093a8b3f33107debfb330974b909ed0865a05fdef02e77d1d,False,,,,ACCEPT,CONTROL,False,True,True,True,True,True,True,False,False
external:26c521f8c1f894a04cf3,ext1-sklearn-column-transformer,5799d3eac08bda44fbce3309e641cbf98c5d312a,C2_CONSISTENT_RETRAIN,O_FUZZYXAI,VALID,False,,,,,[],[],null,ACCEPT,null,False,False,False,0,0,False,0,0,0,1.0,"{""audit"": 0.6666809995294898, ""diagnostic_cut"": 0.0, ""graph_build"": 0.5320350001056795, ""recertification"": 0.0, ""repair_planning"": 0.0, ""total"": 1.1987159996351693}",392996,13974,9eab4b631b52ecb7761d8f320313bfac063941dbab5513be0f0edc5670c112b3,False,,,,ACCEPT,CONTROL,False,True,True,True,True,True,True,False,False
external:5f3a5931117d483a64f1,ext1-sklearn-column-transformer,5799d3eac08bda44fbce3309e641cbf98c5d312a,E1_TARGET_LEAKAGE,B_LOCAL_STRONG,INVALID,True,DATA_PREPARATION,TARGET_NOT_IN_FEATURES,external.data_preparation.target_not_in_features,,[],"[""dataset_manifest.json""]",null,BLOCK,null,False,False,False,0,0,False,1,0,0,1.0,"{""audit"": 0.678461999996216, ""diagnostic_cut"": 0.0, ""graph_build"": 0.5468120007208199, ""recertification"": 0.0, ""repair_planning"": 0.0, ""total"": 1.225274000717036}",392996,13965,0cf8a626654adb9008107a26cf15efd3ee5bb539ed0c47131a1004256eb52453,True,DATA_PREPARATION,TARGET_NOT_IN_FEATURES,TARGET_NOT_IN_FEATURES,BLOCK,LOCAL,False,True,True,True,True,False,True,False,False
external:1e95aa0c333da3c48106,ext1-sklearn-column-transformer,5799d3eac08bda44fbce3309e641cbf98c5d312a,E1_TARGET_LEAKAGE,B_PAIRWISE_RULES,INVALID,True,DATA_PREPARATION,TARGET_NOT_IN_FEATURES,external.data_preparation.target_not_in_features,,[],"[""dataset_manifest.json""]",null,BLOCK,"{""operations"": [""repair_target_not_in_features""]}",False,False,False,0,0,False,1,1,0,1.0,"{""audit"": 0.6594070000573993, ""diagnostic_cut"": 0.0, ""graph_build"": 0.5398180001066066, ""recertification"": 0.0, ""repair_planning"": 0.0, ""total"": 1.199225000164006}",392996,13965,cd09c4cde5c6883f3efebc88156ea0512204f76555b9a7bbbccca85bea8813f0,True,DATA_PREPARATION,TARGET_NOT_IN_FEATURES,TARGET_NOT_IN_FEATURES,BLOCK,LOCAL,False,True,True,True,True,False,True,False,False
external:5c776b332104bd97713e,ext1-sklearn-column-transformer,5799d3eac08bda44fbce3309e641cbf98c5d312a,E1_TARGET_LEAKAGE,B_MLFLOW_QUERY,VALID,False,,,,,[],[],null,ACCEPT,null,False,False,False,0,0,False,0,0,0,1.0,"{""audit"": 0.7326920003833948, ""diagnostic_cut"": 0.0, ""graph_build"": 0.5653649996020249, ""recertification"": 0.0, ""repair_planning"": 0.0, ""total"": 1.2980569999854197}",392996,13965,1b44fe9cce1fe7d3be8b4284d4962825f130ad2d71551a122400ec58f8ab2351,True,DATA_PREPARATION,TARGET_NOT_IN_FEATURES,TARGET_NOT_IN_FEATURES,BLOCK,LOCAL,False,False,False,False,False,False,False,True,False
external:274b43ed300e25da81b9,ext1-sklearn-column-transformer,5799d3eac08bda44fbce3309e641cbf98c5d312a,E1_TARGET_LEAKAGE,B_GREEDY_CROSS_STAGE,INVALID,True,DATA_PREPARATION,TARGET_NOT_IN_FEATURES,external.data_preparation.target_not_in_features,TARGET_NOT_IN_FEATURES,[],"[""dataset_manifest.json""]",null,BLOCK,null,False,False,False,0,0,False,1,0,0,1.0,"{""audit"": 0.6685340003969031, ""diagnostic_cut"": 0.0, ""graph_build"": 0.5399889996624552, ""recertification"": 0.0, ""repair_planning"": 0.0, ""total"": 1.2085230000593583}",392996,13965,4a6a1535b6cf101c3b021bc6a58c3173d20a11f80d743da869a31c5e28a48c58,True,DATA_PREPARATION,TARGET_NOT_IN_FEATURES,TARGET_NOT_IN_FEATURES,BLOCK,LOCAL,False,True,True,True,True,True,True,False,False
external:430a26ea015787145bee,ext1-sklearn-column-transformer,5799d3eac08bda44fbce3309e641cbf98c5d312a,E1_TARGET_LEAKAGE,O_FUZZYXAI,INVALID,True,DATA_PREPARATION,TARGET_NOT_IN_FEATURES,external.data_preparation.target_not_in_features,TARGET_NOT_IN_FEATURES,[],"[""dataset_manifest.json""]","{""atoms"": [], ""optimal"": false, ""size"": 0, ""solver"": ""unavailable""}",BLOCK,null,False,False,False,0,0,False,1,0,0,1.0,"{""audit"": 0.6884709991936688, ""diagnostic_cut"": 0.014786999599891715, ""graph_build"": 0.5431549998320406, ""recertification"": 0.0, ""repair_planning"": 0.0, ""total"": 1.2464129986256012}",393124,13965,54784c20aad3afbc13fbe0b3318825dcd22c8b6b6fc9412cce6d40f3c889397f,True,DATA_PREPARATION,TARGET_NOT_IN_FEATURES,TARGET_NOT_IN_FEATURES,BLOCK,LOCAL,False,True,True,True,True,True,True,False,False
external:6dabde90f0f1f5ba1019,ext1-sklearn-column-transformer,5799d3eac08bda44fbce3309e641cbf98c5d312a,E2_TRAIN_TEST_OVERLAP,B_LOCAL_STRONG,VALID,False,,,,,[],[],null,ACCEPT,null,False,False,False,0,0,False,0,0,0,1.0,"{""audit"": 0.7184260002759402, ""diagnostic_cut"": 0.0, ""graph_build"": 0.5530529997486155, ""recertification"": 0.0, ""repair_planning"": 0.0, ""total"": 1.2714790000245557}",393124,13965,294ebde7d51dceff64eb60a59eaef1ebb81a1857ee4492841c1f398ae871f216,True,DATA_SPLIT,TRAIN_VALIDATION_TEST_DISJOINTNESS,TRAIN_VALIDATION_TEST_DISJOINTNESS,BLOCK,CROSS_STAGE,True,False,False,False,False,False,False,True,False
external:d59a5ad67399e9a90af0,ext1-sklearn-column-transformer,5799d3eac08bda44fbce3309e641cbf98c5d312a,E2_TRAIN_TEST_OVERLAP,B_PAIRWISE_RULES,INVALID,True,DATA_SPLIT,TRAIN_VALIDATION_TEST_DISJOINTNESS,external.data_split.train_validation_test_disjointness,,[],"[""split_manifest.json""]",null,BLOCK,"{""operations"": [""restore_split_manifest""]}",False,False,False,0,0,False,1,1,0,1.0,"{""audit"": 0.6947729998501018, ""diagnostic_cut"": 0.0, ""graph_build"": 0.5594550002570031, ""recertification"": 0.0, ""repair_planning"": 0.0, ""total"": 1.254228000107105}",393124,13965,b7649dc95b4c80750662e7133ce84c3ab421922e776953610c962f9c40e6a270,True,DATA_SPLIT,TRAIN_VALIDATION_TEST_DISJOINTNESS,TRAIN_VALIDATION_TEST_DISJOINTNESS,BLOCK,CROSS_STAGE,True,True,True,True,True,False,True,False,False
external:4791eabaff127feceba3,ext1-sklearn-column-transformer,5799d3eac08bda44fbce3309e641cbf98c5d312a,E2_TRAIN_TEST_OVERLAP,B_MLFLOW_QUERY,VALID,False,,,,,[],[],null,ACCEPT,null,False,False,False,0,0,False,0,0,0,1.0,"{""audit"": 0.6947520005269325, ""diagnostic_cut"": 0.0, ""graph_build"": 0.5559789997278131, ""recertification"": 0.0, ""repair_planning"": 0.0, ""total"": 1.2507310002547456}",393124,13965,9382b0f92d6184fd5e76c76908d491e6f3cd19b6ca9e70d42f4b1cd920b4ab4d,True,DATA_SPLIT,TRAIN_VALIDATION_TEST_DISJOINTNESS,TRAIN_VALIDATION_TEST_DISJOINTNESS,BLOCK,CROSS_STAGE,True,False,False,False,False,False,False,True,False
external:16311c34d0ddc009a81c,ext1-sklearn-column-transformer,5799d3eac08bda44fbce3309e641cbf98c5d312a,E2_TRAIN_TEST_OVERLAP,B_GREEDY_CROSS_STAGE,INVALID,True,DATA_SPLIT,TRAIN_VALIDATION_TEST_DISJOINTNESS,external.data_split.train_validation_test_disjointness,TRAIN_VALIDATION_TEST_DISJOINTNESS,[],"[""split_manifest.json""]",null,BLOCK,null,False,False,False,0,0,False,1,0,0,1.0,"{""audit"": 0.697668000611884, ""diagnostic_cut"": 0.0, ""graph_build"": 0.5452690002130112, ""recertification"": 0.0, ""repair_planning"": 0.0, ""total"": 1.2429370008248952}",393124,13965,f5896faeb88ec06f45cca084af3178dab518c52199af409ed636e8a3716bb846,True,DATA_SPLIT,TRAIN_VALIDATION_TEST_DISJOINTNESS,TRAIN_VALIDATION_TEST_DISJOINTNESS,BLOCK,CROSS_STAGE,True,True,True,True,True,True,True,False,False
external:a8edbb4b02f78a296226,ext1-sklearn-column-transformer,5799d3eac08bda44fbce3309e641cbf98c5d312a,E2_TRAIN_TEST_OVERLAP,O_FUZZYXAI,INVALID,True,DATA_SPLIT,TRAIN_VALIDATION_TEST_DISJOINTNESS,external.data_split.train_validation_test_disjointness,TRAIN_VALIDATION_TEST_DISJOINTNESS,[],"[""split_manifest.json""]","{""atoms"": [""node:cause:train_validation_test_disjointness/field:_/violation:source_component""], ""optimal"": true, ""size"": 1, ""solver"": ""exact_branch_and_bound""}",BLOCK,"{""fully_executable"": false, ""operations"": [""restore_split_manifest""], ""rollback"": [""restore_previous_artifact_snapshot""], ""step_ids"": [""step:issue:TRAIN_VALIDATION_TEST_DISJOINTNESS:1""]}",True,True,True,28,0,True,1,1,0,1.0,"{""audit"": 0.6715600002280553, ""diagnostic_cut"": 0.15620600061083678, ""graph_build"": 0.5436560004454805, ""recertification"": 2.6872819998970954, ""repair_planning"": 0.09118700018007075, ""total"": 4.149891001361539}",393252,13965,aa925556d5e62c00f2652d2698328578c68a75fb1a521ee045615304f224b2f8,True,DATA_SPLIT,TRAIN_VALIDATION_TEST_DISJOINTNESS,TRAIN_VALIDATION_TEST_DISJOINTNESS,BLOCK,CROSS_STAGE,True,True,True,True,True,True,True,False,False
external:c3e0aa1cd2d4336b16d9,ext1-sklearn-column-transformer,5799d3eac08bda44fbce3309e641cbf98c5d312a,E3_PREPROCESSOR_FIT_SCOPE,B_LOCAL_STRONG,VALID,False,,,,,[],[],null,ACCEPT,null,False,False,False,0,0,False,0,0,0,1.0,"{""audit"": 0.6778419992770068, ""diagnostic_cut"": 0.0, ""graph_build"": 0.5529729996851529, ""recertification"": 0.0, ""repair_planning"": 0.0, ""total"": 1.2308149989621597}",393252,13965,130ab518771d7649676f4d323d084ba7a02eb6a075c8d184c9153f5bc5511e97,True,PREPROCESSING,PREPROCESSOR_FIT_SCOPE,PREPROCESSOR_FIT_SCOPE,BLOCK,CROSS_STAGE,True,False,False,False,False,False,False,True,False
external:ba577d55e5272e9e6981,ext1-sklearn-column-transformer,5799d3eac08bda44fbce3309e641cbf98c5d312a,E3_PREPROCESSOR_FIT_SCOPE,B_PAIRWISE_RULES,INVALID,True,PREPROCESSING,PREPROCESSOR_FIT_SCOPE,external.preprocessing.preprocessor_fit_scope,,[],"[""preprocessor_manifest.json""]",null,BLOCK,"{""operations"": [""refit_preprocessor_on_train""]}",False,False,False,0,0,False,1,1,0,1.0,"{""audit"": 0.7266809998327517, ""diagnostic_cut"": 0.0, ""graph_build"": 0.5542849994526478, ""recertification"": 0.0, ""repair_planning"": 0.0, ""total"": 1.2809659992853994}",393252,13965,b0654e4f6d65d28c4efec6ea6116f8ff4a91816353ae0df9fd0eea6967342977,True,PREPROCESSING,PREPROCESSOR_FIT_SCOPE,PREPROCESSOR_FIT_SCOPE,BLOCK,CROSS_STAGE,True,True,True,True,True,False,True,False,False
external:5cfa950e32f7628f9c61,ext1-sklearn-column-transformer,5799d3eac08bda44fbce3309e641cbf98c5d312a,E3_PREPROCESSOR_FIT_SCOPE,B_MLFLOW_QUERY,VALID,False,,,,,[],[],null,ACCEPT,null,False,False,False,0,0,False,0,0,0,1.0,"{""audit"": 0.6957539999348228, ""diagnostic_cut"": 0.0, ""graph_build"": 0.5516199998965021, ""recertification"": 0.0, ""repair_planning"": 0.0, ""total"": 1.247373999831325}",393252,13965,dac323eb13f9d13b2823cc293efb426851f8abd68b6fa50179d6759f5202d8e6,True,PREPROCESSING,PREPROCESSOR_FIT_SCOPE,PREPROCESSOR_FIT_SCOPE,BLOCK,CROSS_STAGE,True,False,False,False,False,False,False,True,False
external:0e00d1306d78493586da,ext1-sklearn-column-transformer,5799d3eac08bda44fbce3309e641cbf98c5d312a,E3_PREPROCESSOR_FIT_SCOPE,B_GREEDY_CROSS_STAGE,INVALID,True,PREPROCESSING,PREPROCESSOR_FIT_SCOPE,external.preprocessing.preprocessor_fit_scope,PREPROCESSOR_FIT_SCOPE,[],"[""preprocessor_manifest.json""]",null,BLOCK,null,False,False,False,0,0,False,1,0,0,1.0,"{""audit"": 0.705773000845511, ""diagnostic_cut"": 0.0, ""graph_build"": 0.5556979995162692, ""recertification"": 0.0, ""repair_planning"": 0.0, ""total"": 1.2614710003617802}",393252,13965,d959b33a8f08ab82b7ccb3c4223ee0821d253ab3f2d7c090f3c352780c46f5f7,True,PREPROCESSING,PREPROCESSOR_FIT_SCOPE,PREPROCESSOR_FIT_SCOPE,BLOCK,CROSS_STAGE,True,True,True,True,True,True,True,False,False
external:48e9020d82f28bfc554b,ext1-sklearn-column-transformer,5799d3eac08bda44fbce3309e641cbf98c5d312a,E3_PREPROCESSOR_FIT_SCOPE,O_FUZZYXAI,INVALID,True,PREPROCESSING,PREPROCESSOR_FIT_SCOPE,external.preprocessing.preprocessor_fit_scope,PREPROCESSOR_FIT_SCOPE,[],"[""preprocessor_manifest.json""]","{""atoms"": [""node:cause:preprocessor_fit_scope/field:_/violation:source_component""], ""optimal"": true, ""size"": 1, ""solver"": ""exact_branch_and_bound""}",BLOCK,"{""fully_executable"": false, ""operations"": [""restore_split_manifest""], ""rollback"": [""restore_previous_artifact_snapshot""], ""step_ids"": [""step:issue:PREPROCESSOR_FIT_SCOPE:1""]}",True,True,True,28,0,True,1,1,0,1.0,"{""audit"": 0.682850999510265, ""diagnostic_cut"": 0.12896599946543574, ""graph_build"": 0.5527630000869976, ""recertification"": 2.6529890001256717, ""repair_planning"": 0.05727500047214562, ""total"": 4.074843999660516}",393508,13965,df2e9687bc019856ec6995b6aa957c95d7c6c7b5442fd35f21a44209bd970752,True,PREPROCESSING,PREPROCESSOR_FIT_SCOPE,PREPROCESSOR_FIT_SCOPE,BLOCK,CROSS_STAGE,True,True,True,True,True,True,True,False,False
external:61dc25a5500926d7ab85,ext1-sklearn-column-transformer,5799d3eac08bda44fbce3309e641cbf98c5d312a,E4_FEATURE_SCHEMA_OR_ORDER,B_LOCAL_STRONG,VALID,False,,,,,[],[],null,ACCEPT,null,False,False,False,0,0,False,0,0,0,1.0,"{""audit"": 0.7068149998303852, ""diagnostic_cut"": 0.0, ""graph_build"": 0.555437000002712, ""recertification"": 0.0, ""repair_planning"": 0.0, ""total"": 1.2622519998330972}",393508,13965,1a6e06e0698f1a178e0b2ae0ae692b86e8726e70a1f500feb75cc5017030277d,True,PREPROCESSING,FEATURE_ORDER,FEATURE_ORDER,BLOCK,GLOBAL,True,False,False,False,False,False,False,True,False
external:c11dc3495dd766ad16a3,ext1-sklearn-column-transformer,5799d3eac08bda44fbce3309e641cbf98c5d312a,E4_FEATURE_SCHEMA_OR_ORDER,B_PAIRWISE_RULES,INVALID,True,PREPROCESSING,FEATURE_ORDER,external.preprocessing.feature_order,,"[""MODEL_INPUT_SCHEMA"", ""PREDICTION_OUTPUT_SANITY"", ""EXPLANATION_OUTPUT_CONSISTENCY"", ""USER_CLAIM_EVIDENCE_BINDING""]","[""preprocessor_manifest.json"", ""prediction_manifest.json"", ""explanation_manifest.json""]",null,BLOCK,"{""operations"": [""restore_feature_schema"", ""repair_model_input_schema"", ""repair_prediction_output_sanity"", ""repair_explanation_output_consistency"", ""repair_user_claim_evidence_binding""]}",False,False,False,0,0,False,5,5,4,1.0,"{""audit"": 0.708317000317038, ""diagnostic_cut"": 0.0, ""graph_build"": 0.5516209994311794, ""recertification"": 0.0, ""repair_planning"": 0.0, ""total"": 1.2599379997482174}",393508,13965,ec913a0f4e94c5a3d8fc280c533125420a7e8d7c34a204c4a04e85e759c8b337,True,PREPROCESSING,FEATURE_ORDER,FEATURE_ORDER,BLOCK,GLOBAL,True,True,True,True,True,False,True,False,False
external:f0300589ec3a99fb6cfd,ext1-sklearn-column-transformer,5799d3eac08bda44fbce3309e641cbf98c5d312a,E4_FEATURE_SCHEMA_OR_ORDER,B_MLFLOW_QUERY,VALID,False,,,,,[],[],null,ACCEPT,null,False,False,False,0,0,False,0,0,0,1.0,"{""audit"": 0.7344449995798641, ""diagnostic_cut"": 0.0, ""graph_build"": 0.549385999875085, ""recertification"": 0.0, ""repair_planning"": 0.0, ""total"": 1.283830999454949}",393508,13965,fa89d5dbb28632c8b264c38dc2342f0b0e0f36487c36100b6494ed820c07ea2c,True,PREPROCESSING,FEATURE_ORDER,FEATURE_ORDER,BLOCK,GLOBAL,True,False,False,False,False,False,False,True,False
external:ee4124c075a0f9a6ffd2,ext1-sklearn-column-transformer,5799d3eac08bda44fbce3309e641cbf98c5d312a,E4_FEATURE_SCHEMA_OR_ORDER,B_GREEDY_CROSS_STAGE,INVALID,True,PREPROCESSING,FEATURE_ORDER,external.preprocessing.feature_order,FEATURE_ORDER,[],"[""preprocessor_manifest.json"", ""prediction_manifest.json"", ""explanation_manifest.json""]",null,BLOCK,null,False,False,False,0,0,False,5,0,0,1.0,"{""audit"": 0.708327000211284, ""diagnostic_cut"": 0.0, ""graph_build"": 0.5530930002350942, ""recertification"": 0.0, ""repair_planning"": 0.0, ""total"": 1.2614200004463783}",393508,13965,f563110a74b0e068ab167a6212e224150cf07097ce3c73fecf57ce2b6070bb54,True,PREPROCESSING,FEATURE_ORDER,FEATURE_ORDER,BLOCK,GLOBAL,True,True,True,True,True,True,True,False,False
external:d6f39a2e4e260b0be5c8,ext1-sklearn-column-transformer,5799d3eac08bda44fbce3309e641cbf98c5d312a,E4_FEATURE_SCHEMA_OR_ORDER,O_FUZZYXAI,INVALID,True,PREPROCESSING,FEATURE_ORDER,external.preprocessing.feature_order,FEATURE_ORDER,"[""MODEL_INPUT_SCHEMA"", ""PREDICTION_OUTPUT_SANITY"", ""EXPLANATION_OUTPUT_CONSISTENCY"", ""USER_CLAIM_EVIDENCE_BINDING""]","[""preprocessor_manifest.json"", ""prediction_manifest.json"", ""explanation_manifest.json""]","{""atoms"": [""node:cause:feature_order/field:_/violation:source_component""], ""optimal"": false, ""size"": 1, ""solver"": ""exact_branch_and_bound""}",BLOCK,"{""fully_executable"": false, ""operations"": [""restore_split_manifest""], ""rollback"": [""restore_previous_artifact_snapshot""], ""step_ids"": [""step:issue:EXPLANATION_OUTPUT_CONSISTENCY:1""]}",True,True,True,28,0,True,5,1,0,1.0,"{""audit"": 0.7055220003167051, ""diagnostic_cut"": 0.12756399974023225, ""graph_build"": 0.5547760001718416, ""recertification"": 2.694214000257489, ""repair_planning"": 0.11470999925222714, ""total"": 4.196785999738495}",393636,13965,8e67f6627fe1c12cd586cf9c141f2f2b831075705fb4833894d378ff9b5ded14,True,PREPROCESSING,FEATURE_ORDER,FEATURE_ORDER,BLOCK,GLOBAL,True,True,True,True,True,True,True,False,False
external:e4e2a7bd45591b33d239,ext1-sklearn-column-transformer,5799d3eac08bda44fbce3309e641cbf98c5d312a,E5_MODEL_ARTIFACT_MISMATCH,B_LOCAL_STRONG,INVALID,True,MODEL_ARTIFACT,MODEL_ARTIFACT_HASH,external.model_artifact.model_artifact_hash,,[],"[""model_manifest.json""]",null,BLOCK,null,False,False,False,0,0,False,1,0,0,1.0,"{""audit"": 0.684544000250753, ""diagnostic_cut"": 0.0, ""graph_build"": 0.5626209995170939, ""recertification"": 0.0, ""repair_planning"": 0.0, ""total"": 1.247164999767847}",393636,13965,4f3323da38451a2aff792960f0df6c36a1c46f431be0c76103e95be7a5d446b4,True,MODEL_ARTIFACT,MODEL_ARTIFACT_HASH,MODEL_ARTIFACT_HASH,BLOCK,LOCAL,True,True,True,True,True,False,True,False,False
external:25a7c1f84f463d0196c6,ext1-sklearn-column-transformer,5799d3eac08bda44fbce3309e641cbf98c5d312a,E5_MODEL_ARTIFACT_MISMATCH,B_PAIRWISE_RULES,INVALID,True,MODEL_ARTIFACT,MODEL_ARTIFACT_HASH,external.model_artifact.model_artifact_hash,,[],"[""model_manifest.json""]",null,BLOCK,"{""operations"": [""restore_registered_model""]}",False,False,False,0,0,False,1,1,0,1.0,"{""audit"": 0.6718700005876599, ""diagnostic_cut"": 0.0, ""graph_build"": 0.5432950001704739, ""recertification"": 0.0, ""repair_planning"": 0.0, ""total"": 1.2151650007581338}",393636,13965,f5714ebe05137a6c28a01e503a46c45907edb643425895a9d0c803d8d3363bc4,True,MODEL_ARTIFACT,MODEL_ARTIFACT_HASH,MODEL_ARTIFACT_HASH,BLOCK,LOCAL,True,True,True,True,True,False,True,False,False
external:8c4756455e6538745cc6,ext1-sklearn-column-transformer,5799d3eac08bda44fbce3309e641cbf98c5d312a,E5_MODEL_ARTIFACT_MISMATCH,B_MLFLOW_QUERY,INVALID,True,MODEL_ARTIFACT,MODEL_ARTIFACT_HASH,external.model_artifact.model_artifact_hash,,[],"[""model_manifest.json""]",null,BLOCK,null,False,False,False,0,0,False,1,0,0,1.0,"{""audit"": 0.7232250000015483, ""diagnostic_cut"": 0.0, ""graph_build"": 0.5545359999814536, ""recertification"": 0.0, ""repair_planning"": 0.0, ""total"": 1.277760999983002}",393636,13965,6b113513418ab1641d460a31574b4d7c07683bf9b88b663f62eb0433f0055afe,True,MODEL_ARTIFACT,MODEL_ARTIFACT_HASH,MODEL_ARTIFACT_HASH,BLOCK,LOCAL,True,True,True,True,True,False,True,False,False
external:7a80bb8c0cd12cba5e3d,ext1-sklearn-column-transformer,5799d3eac08bda44fbce3309e641cbf98c5d312a,E5_MODEL_ARTIFACT_MISMATCH,B_GREEDY_CROSS_STAGE,INVALID,True,MODEL_ARTIFACT,MODEL_ARTIFACT_HASH,external.model_artifact.model_artifact_hash,MODEL_ARTIFACT_HASH,[],"[""model_manifest.json""]",null,BLOCK,null,False,False,False,0,0,False,1,0,0,1.0,"{""audit"": 0.7097799998518894, ""diagnostic_cut"": 0.0, ""graph_build"": 0.5475030002344283, ""recertification"": 0.0, ""repair_planning"": 0.0, ""total"": 1.2572830000863178}",393636,13965,fcff3a1d815ebbd3bb0b45edb286033875bdc78441a1914bd3d37373e347e5e2,True,MODEL_ARTIFACT,MODEL_ARTIFACT_HASH,MODEL_ARTIFACT_HASH,BLOCK,LOCAL,True,True,True,True,True,True,True,False,False
external:b754713d726f448c8b68,ext1-sklearn-column-transformer,5799d3eac08bda44fbce3309e641cbf98c5d312a,E5_MODEL_ARTIFACT_MISMATCH,O_FUZZYXAI,INVALID,True,MODEL_ARTIFACT,MODEL_ARTIFACT_HASH,external.model_artifact.model_artifact_hash,MODEL_ARTIFACT_HASH,[],"[""model_manifest.json""]","{""atoms"": [""node:cause:model_artifact_hash/field:_/violation:source_component""], ""optimal"": true, ""size"": 1, ""solver"": ""exact_branch_and_bound""}",BLOCK,"{""fully_executable"": false, ""operations"": [""restore_registered_model""], ""rollback"": [""restore_previous_artifact_snapshot""], ""step_ids"": [""step:issue:MODEL_ARTIFACT_HASH:1""]}",True,True,True,28,0,True,1,1,0,1.0,"{""audit"": 0.6902139994053869, ""diagnostic_cut"": 0.11849699967569904, ""graph_build"": 0.5358520002118894, ""recertification"": 2.5384289992871345, ""repair_planning"": 0.054990000535326544, ""total"": 3.9379819991154363}",393636,13965,1f5a449a2143f55c4e27b56c8f2b14c94e33863be1664b081d55e53ffffe76f1,True,MODEL_ARTIFACT,MODEL_ARTIFACT_HASH,MODEL_ARTIFACT_HASH,BLOCK,LOCAL,True,True,True,True,True,True,True,False,False
external:e18a68ef5ee40deea94c,ext1-sklearn-column-transformer,5799d3eac08bda44fbce3309e641cbf98c5d312a,E6_MODEL_EXPLAINER_VERSION,B_LOCAL_STRONG,VALID,False,,,,,[],[],null,ACCEPT,null,False,False,False,0,0,False,0,0,0,1.0,"{""audit"": 0.6872289995953906, ""diagnostic_cut"": 0.0, ""graph_build"": 0.5564089997278643, ""recertification"": 0.0, ""repair_planning"": 0.0, ""total"": 1.243637999323255}",393636,13965,9921ed2da4fa2bd6507125c3fe4b089f60be771e6a86f083c504b4031e148c4d,True,POST_HOC_EXPLANATION,MODEL_EXPLAINER_VERSION,MODEL_EXPLAINER_VERSION,BLOCK,CROSS_STAGE,True,False,False,False,False,False,False,True,False
external:fc0f0795e41129179e2a,ext1-sklearn-column-transformer,5799d3eac08bda44fbce3309e641cbf98c5d312a,E6_MODEL_EXPLAINER_VERSION,B_PAIRWISE_RULES,INVALID,True,POST_HOC_EXPLANATION,MODEL_EXPLAINER_VERSION,external.post_hoc_explanation.model_explainer_version,,[],"[""explanation_manifest.json""]",null,BLOCK,"{""operations"": [""rebuild_explanation_for_registered_model""]}",False,False,False,0,0,False,1,1,0,1.0,"{""audit"": 0.7072059997881297, ""diagnostic_cut"": 0.0, ""graph_build"": 0.5442769997898722, ""recertification"": 0.0, ""repair_planning"": 0.0, ""total"": 1.251482999578002}",393636,13965,e5ef46f53527ff72d8b8a21cb207b099f916faed988577f14196d28cf065115d,True,POST_HOC_EXPLANATION,MODEL_EXPLAINER_VERSION,MODEL_EXPLAINER_VERSION,BLOCK,CROSS_STAGE,True,True,True,True,True,False,True,False,False
external:89f519a1ef87f0e5c21c,ext1-sklearn-column-transformer,5799d3eac08bda44fbce3309e641cbf98c5d312a,E6_MODEL_EXPLAINER_VERSION,B_MLFLOW_QUERY,INVALID,True,POST_HOC_EXPLANATION,MODEL_EXPLAINER_VERSION,external.post_hoc_explanation.model_explainer_version,,[],"[""explanation_manifest.json""]",null,BLOCK,null,False,False,False,0,0,False,1,0,0,1.0,"{""audit"": 0.6656189998466289, ""diagnostic_cut"": 0.0, ""graph_build"": 0.5561090001720004, ""recertification"": 0.0, ""repair_planning"": 0.0, ""total"": 1.2217280000186292}",393636,13965,de81263d3c8e1576d139c58ef10c7cb9e80ca9e4780c6cb63f704b6f6d22539e,True,POST_HOC_EXPLANATION,MODEL_EXPLAINER_VERSION,MODEL_EXPLAINER_VERSION,BLOCK,CROSS_STAGE,True,True,True,True,True,False,True,False,False
external:30c147298186df148456,ext1-sklearn-column-transformer,5799d3eac08bda44fbce3309e641cbf98c5d312a,E6_MODEL_EXPLAINER_VERSION,B_GREEDY_CROSS_STAGE,INVALID,True,POST_HOC_EXPLANATION,MODEL_EXPLAINER_VERSION,external.post_hoc_explanation.model_explainer_version,MODEL_EXPLAINER_VERSION,[],"[""explanation_manifest.json""]",null,BLOCK,null,False,False,False,0,0,False,1,0,0,1.0,"{""audit"": 0.6657889998678002, ""diagnostic_cut"": 0.0, ""graph_build"": 0.5475529997056583, ""recertification"": 0.0, ""repair_planning"": 0.0, ""total"": 1.2133419995734585}",393636,13965,77e9123731ec60c4ac6f80b97115b464a7a4a5c96a06064350c03f50ac2864ae,True,POST_HOC_EXPLANATION,MODEL_EXPLAINER_VERSION,MODEL_EXPLAINER_VERSION,BLOCK,CROSS_STAGE,True,True,True,True,True,True,True,False,False
external:63c749fb78cbc4737fb2,ext1-sklearn-column-transformer,5799d3eac08bda44fbce3309e641cbf98c5d312a,E6_MODEL_EXPLAINER_VERSION,O_FUZZYXAI,INVALID,True,POST_HOC_EXPLANATION,MODEL_EXPLAINER_VERSION,external.post_hoc_explanation.model_explainer_version,MODEL_EXPLAINER_VERSION,[],"[""explanation_manifest.json""]","{""atoms"": [""node:cause:model_explainer_version/field:_/violation:source_component""], ""optimal"": true, ""size"": 1, ""solver"": ""exact_branch_and_bound""}",BLOCK,"{""fully_executable"": false, ""operations"": [""rebuild_explanation_for_registered_model""], ""rollback"": [""restore_previous_artifact_snapshot""], ""step_ids"": [""step:issue:MODEL_EXPLAINER_VERSION:1""]}",True,True,True,28,0,True,1,1,0,1.0,"{""audit"": 0.6770100007997826, ""diagnostic_cut"": 0.11171500045747962, ""graph_build"": 0.5435849998320919, ""recertification"": 2.562102999945637, ""repair_planning"": 0.05527099983737571, ""total"": 3.9496840008723666}",393636,13965,b3a50fff5f5328ab13452d6457f3544ec31ed46f77d4d25cff6c85e2fa14506c,True,POST_HOC_EXPLANATION,MODEL_EXPLAINER_VERSION,MODEL_EXPLAINER_VERSION,BLOCK,CROSS_STAGE,True,True,True,True,True,True,True,False,False
external:9e36d711d0b2008b9b72,ext1-sklearn-column-transformer,5799d3eac08bda44fbce3309e641cbf98c5d312a,E7_PREDICTION_EXPLANATION_BINDING,B_LOCAL_STRONG,VALID,False,,,,,[],[],null,ACCEPT,null,False,False,False,0,0,False,0,0,0,1.0,"{""audit"": 0.6621929996981635, ""diagnostic_cut"": 0.0, ""graph_build"": 0.5757849994552089, ""recertification"": 0.0, ""repair_planning"": 0.0, ""total"": 1.2379779991533724}",393636,13965,5453fd2b19d8a72e4c63d0134cdd6e3f05d90d16421f1e2705316fc22dcdff45,True,INFERENCE,PREDICTION_OBJECT_BINDING,PREDICTION_OBJECT_BINDING,BLOCK,CROSS_STAGE,True,False,False,False,False,False,False,True,False
external:11f7ebb9a87efa658485,ext1-sklearn-column-transformer,5799d3eac08bda44fbce3309e641cbf98c5d312a,E7_PREDICTION_EXPLANATION_BINDING,B_PAIRWISE_RULES,INVALID,True,INFERENCE,PREDICTION_OBJECT_BINDING,external.inference.prediction_object_binding,,[],"[""prediction_manifest.json""]",null,BLOCK,"{""operations"": [""rebuild_explanation_for_registered_model""]}",False,False,False,0,0,False,1,1,0,1.0,"{""audit"": 0.6763390001651715, ""diagnostic_cut"": 0.0, ""graph_build"": 0.547323000319011, ""recertification"": 0.0, ""repair_planning"": 0.0, ""total"": 1.2236620004841825}",393636,13965,1a42090d571a8cb7d8db03c46e5c6c9d41741eff933f79eb671bbf55e3259a4d,True,INFERENCE,PREDICTION_OBJECT_BINDING,PREDICTION_OBJECT_BINDING,BLOCK,CROSS_STAGE,True,True,True,True,True,False,True,False,False
external:558eadfbd2efc3937b11,ext1-sklearn-column-transformer,5799d3eac08bda44fbce3309e641cbf98c5d312a,E7_PREDICTION_EXPLANATION_BINDING,B_MLFLOW_QUERY,VALID,False,,,,,[],[],null,ACCEPT,null,False,False,False,0,0,False,0,0,0,1.0,"{""audit"": 0.6732530000590486, ""diagnostic_cut"": 0.0, ""graph_build"": 0.5487649996211985, ""recertification"": 0.0, ""repair_planning"": 0.0, ""total"": 1.2220179996802472}",393636,13965,20efcfa453f8f819b48dd811c8cf5f2a09e360130bed2e21ebcb90da8e8aaec1,True,INFERENCE,PREDICTION_OBJECT_BINDING,PREDICTION_OBJECT_BINDING,BLOCK,CROSS_STAGE,True,False,False,False,False,False,False,True,False
external:97299a70eaab5b9b2cc9,ext1-sklearn-column-transformer,5799d3eac08bda44fbce3309e641cbf98c5d312a,E7_PREDICTION_EXPLANATION_BINDING,B_GREEDY_CROSS_STAGE,INVALID,True,INFERENCE,PREDICTION_OBJECT_BINDING,external.inference.prediction_object_binding,PREDICTION_OBJECT_BINDING,[],"[""prediction_manifest.json""]",null,BLOCK,null,False,False,False,0,0,False,1,0,0,1.0,"{""audit"": 0.6746460003341781, ""diagnostic_cut"": 0.0, ""graph_build"": 0.5496169997059042, ""recertification"": 0.0, ""repair_planning"": 0.0, ""total"": 1.2242630000400823}",393636,13965,159b1f12221c7ca0228c8bed1cc03fa072763dc9076e32fe262d4f364645e855,True,INFERENCE,PREDICTION_OBJECT_BINDING,PREDICTION_OBJECT_BINDING,BLOCK,CROSS_STAGE,True,True,True,True,True,True,True,False,False
external:197927bd31f521e7233b,ext1-sklearn-column-transformer,5799d3eac08bda44fbce3309e641cbf98c5d312a,E7_PREDICTION_EXPLANATION_BINDING,O_FUZZYXAI,INVALID,True,INFERENCE,PREDICTION_OBJECT_BINDING,external.inference.prediction_object_binding,PREDICTION_OBJECT_BINDING,[],"[""prediction_manifest.json""]","{""atoms"": [""node:cause:prediction_object_binding/field:_/violation:source_component""], ""optimal"": true, ""size"": 1, ""solver"": ""exact_branch_and_bound""}",BLOCK,"{""fully_executable"": false, ""operations"": [""rebuild_explanation_for_registered_model""], ""rollback"": [""restore_previous_artifact_snapshot""], ""step_ids"": [""step:issue:PREDICTION_OBJECT_BINDING:1""]}",True,True,True,28,0,True,1,1,0,1.0,"{""audit"": 0.7837959992684773, ""diagnostic_cut"": 0.12268499995116144, ""graph_build"": 0.6090160004532663, ""recertification"": 2.5195340003847377, ""repair_planning"": 0.053076999392942525, ""total"": 4.088107999450585}",393764,13965,3a6afbf3d97731a2dc142f8a201a8a9038915a6cef314b777be47995eaf00255,True,INFERENCE,PREDICTION_OBJECT_BINDING,PREDICTION_OBJECT_BINDING,BLOCK,CROSS_STAGE,True,True,True,True,True,True,True,False,False
external:72637e18e25facc4bb1e,ext1-sklearn-column-transformer,5799d3eac08bda44fbce3309e641cbf98c5d312a,E8_EXPLANATION_PROVENANCE,B_LOCAL_STRONG,INVALID,True,POST_HOC_EXPLANATION,REQUIRED_PROVENANCE,external.post_hoc_explanation.required_provenance,,[],"[""explanation_manifest.json""]",null,BLOCK,null,False,False,False,0,0,False,1,0,0,1.0,"{""audit"": 0.9847640003499691, ""diagnostic_cut"": 0.0, ""graph_build"": 0.5887490005989093, ""recertification"": 0.0, ""repair_planning"": 0.0, ""total"": 1.5735130009488785}",393764,13965,65f3df430ca025945702e39fc8ea2e98e2d081ebbf4f033d0ab00307a072fab1,True,POST_HOC_EXPLANATION,REQUIRED_PROVENANCE,REQUIRED_PROVENANCE,BLOCK,LOCAL,True,True,True,True,True,False,True,False,False
external:2c4419ce6036cb5f3713,ext1-sklearn-column-transformer,5799d3eac08bda44fbce3309e641cbf98c5d312a,E8_EXPLANATION_PROVENANCE,B_PAIRWISE_RULES,INVALID,True,POST_HOC_EXPLANATION,REQUIRED_PROVENANCE,external.post_hoc_explanation.required_provenance,,[],"[""explanation_manifest.json""]",null,BLOCK,"{""operations"": [""restore_explanation_provenance""]}",False,False,False,0,0,False,1,1,0,1.0,"{""audit"": 0.7135369996831287, ""diagnostic_cut"": 0.0, ""graph_build"": 0.5893389998163912, ""recertification"": 0.0, ""repair_planning"": 0.0, ""total"": 1.3028759994995198}",393764,13965,74cd2f83f7256f0f74b9eb41bfdf2b7c99b8e050b13344c54fb5843b058e57e4,True,POST_HOC_EXPLANATION,REQUIRED_PROVENANCE,REQUIRED_PROVENANCE,BLOCK,LOCAL,True,True,True,True,True,False,True,False,False
external:680d6fa359077c1dd1cb,ext1-sklearn-column-transformer,5799d3eac08bda44fbce3309e641cbf98c5d312a,E8_EXPLANATION_PROVENANCE,B_MLFLOW_QUERY,INVALID,True,POST_HOC_EXPLANATION,REQUIRED_PROVENANCE,external.post_hoc_explanation.required_provenance,,[],"[""explanation_manifest.json""]",null,BLOCK,null,False,False,False,0,0,False,1,0,0,1.0,"{""audit"": 0.6793539996579057, ""diagnostic_cut"": 0.0, ""graph_build"": 0.5453690000649658, ""recertification"": 0.0, ""repair_planning"": 0.0, ""total"": 1.2247229997228715}",393764,13965,18a3327b80a31128684712f0d20886dd89187cfb33f35a030ecf52413a43800f,True,POST_HOC_EXPLANATION,REQUIRED_PROVENANCE,REQUIRED_PROVENANCE,BLOCK,LOCAL,True,True,True,True,True,False,True,False,False
external:40367f3c8633a792ee8a,ext1-sklearn-column-transformer,5799d3eac08bda44fbce3309e641cbf98c5d312a,E8_EXPLANATION_PROVENANCE,B_GREEDY_CROSS_STAGE,INVALID,True,POST_HOC_EXPLANATION,REQUIRED_PROVENANCE,external.post_hoc_explanation.required_provenance,REQUIRED_PROVENANCE,[],"[""explanation_manifest.json""]",null,BLOCK,null,False,False,False,0,0,False,1,0,0,1.0,"{""audit"": 0.683793000462174, ""diagnostic_cut"": 0.0, ""graph_build"": 0.5450879998534219, ""recertification"": 0.0, ""repair_planning"": 0.0, ""total"": 1.2288810003155959}",393764,13965,67610c831c3abe688e4098bc29cc3d0178f70b9d3ab3b1da136af534972ba2b3,True,POST_HOC_EXPLANATION,REQUIRED_PROVENANCE,REQUIRED_PROVENANCE,BLOCK,LOCAL,True,True,True,True,True,True,True,False,False
external:e33819d799e826947106,ext1-sklearn-column-transformer,5799d3eac08bda44fbce3309e641cbf98c5d312a,E8_EXPLANATION_PROVENANCE,O_FUZZYXAI,INVALID,True,POST_HOC_EXPLANATION,REQUIRED_PROVENANCE,external.post_hoc_explanation.required_provenance,REQUIRED_PROVENANCE,[],"[""explanation_manifest.json""]","{""atoms"": [""node:cause:required_provenance/field:_/violation:source_component""], ""optimal"": true, ""size"": 1, ""solver"": ""exact_branch_and_bound""}",BLOCK,"{""fully_executable"": false, ""operations"": [""restore_explanation_provenance""], ""rollback"": [""restore_previous_artifact_snapshot""], ""step_ids"": [""step:issue:REQUIRED_PROVENANCE:1""]}",True,True,True,28,0,True,1,1,0,1.0,"{""audit"": 0.6746150002072682, ""diagnostic_cut"": 0.14156999986880692, ""graph_build"": 0.5393880001065554, ""recertification"": 2.5738639997143764, ""repair_planning"": 0.06582999958482105, ""total"": 3.995266999481828}",393764,13965,d7d890f056d2b60e2681041a0e740d0dc32cda2d8da7ad611121a8644b57a2e5,True,POST_HOC_EXPLANATION,REQUIRED_PROVENANCE,REQUIRED_PROVENANCE,BLOCK,LOCAL,True,True,True,True,True,True,True,False,False
external:f087dc6e01cb1a1f4abd,ext2-shap-tree-explainer,7716688e0f314d73ed2f90474e911c85bc53c851,C1_BASELINE,B_LOCAL_STRONG,VALID,False,,,,,[],[],null,ACCEPT,null,False,False,False,0,0,False,0,0,0,1.0,"{""audit"": 0.6427569996958482, ""diagnostic_cut"": 0.0, ""graph_build"": 0.9021820005727932, ""recertification"": 0.0, ""repair_planning"": 0.0, ""total"": 1.5449390002686414}",393764,439715,e16e3db38ffcd9ffef71ef5933f8abc4cd37a72abdcea6f344e980eb17fcf1af,False,,,,ACCEPT,CONTROL,False,True,True,True,True,True,True,False,False
external:cebd976186f924016713,ext2-shap-tree-explainer,7716688e0f314d73ed2f90474e911c85bc53c851,C1_BASELINE,B_PAIRWISE_RULES,VALID,False,,,,,[],[],null,ACCEPT,null,False,False,False,0,0,False,0,0,0,1.0,"{""audit"": 0.6546489994434523, ""diagnostic_cut"": 0.0, ""graph_build"": 0.8915830003388692, ""recertification"": 0.0, ""repair_planning"": 0.0, ""total"": 1.5462319997823215}",393764,439715,a73d81dd21861ff546be1bf0ca055274c8f5f302cffb8e34c27e90978f82ac70,False,,,,ACCEPT,CONTROL,False,True,True,True,True,True,True,False,False
external:208e92cee4ae9fded3ea,ext2-shap-tree-explainer,7716688e0f314d73ed2f90474e911c85bc53c851,C1_BASELINE,B_MLFLOW_QUERY,VALID,False,,,,,[],[],null,ACCEPT,null,False,False,False,0,0,False,0,0,0,1.0,"{""audit"": 0.6446609995691688, ""diagnostic_cut"": 0.0, ""graph_build"": 0.8939870003814576, ""recertification"": 0.0, ""repair_planning"": 0.0, ""total"": 1.5386479999506264}",393764,439715,0fc7df765953fc5fad37bd9d430fcfc7f4fbcb9016aadf999cb2bcd43f44f3d4,False,,,,ACCEPT,CONTROL,False,True,True,True,True,True,True,False,False
external:cbf92db4297734c37023,ext2-shap-tree-explainer,7716688e0f314d73ed2f90474e911c85bc53c851,C1_BASELINE,B_GREEDY_CROSS_STAGE,VALID,False,,,,,[],[],null,ACCEPT,null,False,False,False,0,0,False,0,0,0,1.0,"{""audit"": 0.6595380000362638, ""diagnostic_cut"": 0.0, ""graph_build"": 0.990393999927619, ""recertification"": 0.0, ""repair_planning"": 0.0, ""total"": 1.6499319999638828}",393764,439715,46566b668c7ba6488c2a4e0aae19bd9fd5dd198bc0bc00eb176cc384c0125313,False,,,,ACCEPT,CONTROL,False,True,True,True,True,True,True,False,False
external:3430c28cd710f87ba6b3,ext2-shap-tree-explainer,7716688e0f314d73ed2f90474e911c85bc53c851,C1_BASELINE,O_FUZZYXAI,VALID,False,,,,,[],[],null,ACCEPT,null,False,False,False,0,0,False,0,0,0,1.0,"{""audit"": 0.6382490000760299, ""diagnostic_cut"": 0.0, ""graph_build"": 0.892984999154578, ""recertification"": 0.0, ""repair_planning"": 0.0, ""total"": 1.5312339992306079}",393764,439715,472cf74478d14ba1864129c47eb7f9910a3dfb5e28cf2392fd10bc5f9ab475df,False,,,,ACCEPT,CONTROL,False,True,True,True,True,True,True,False,False
external:f619caf6c70d9d67ab23,ext2-shap-tree-explainer,7716688e0f314d73ed2f90474e911c85bc53c851,C2_CONSISTENT_RETRAIN,B_LOCAL_STRONG,VALID,False,,,,,[],[],null,ACCEPT,null,False,False,False,0,0,False,0,0,0,1.0,"{""audit"": 0.6548889996338403, ""diagnostic_cut"": 0.0, ""graph_build"": 0.8959409997260082, ""recertification"": 0.0, ""repair_planning"": 0.0, ""total"": 1.5508299993598484}",393764,436278,7ea708ca6d31427de99f590d4d768caf9f8c563b63a107afad06bbf4990ed4f0,False,,,,ACCEPT,CONTROL,False,True,True,True,True,True,True,False,False
external:9f19f05362e5a4199c21,ext2-shap-tree-explainer,7716688e0f314d73ed2f90474e911c85bc53c851,C2_CONSISTENT_RETRAIN,B_PAIRWISE_RULES,VALID,False,,,,,[],[],null,ACCEPT,null,False,False,False,0,0,False,0,0,0,1.0,"{""audit"": 0.6398519999493146, ""diagnostic_cut"": 0.0, ""graph_build"": 0.8916629994928371, ""recertification"": 0.0, ""repair_planning"": 0.0, ""total"": 1.5315149994421517}",393764,436278,a7e079915c57fd5ab9f7336ba1b52979ec6d8090c8e956d02ccc649101fabb7a,False,,,,ACCEPT,CONTROL,False,True,True,True,True,True,True,False,False
external:ec16ddc5db62b121e928,ext2-shap-tree-explainer,7716688e0f314d73ed2f90474e911c85bc53c851,C2_CONSISTENT_RETRAIN,B_MLFLOW_QUERY,VALID,False,,,,,[],[],null,ACCEPT,null,False,False,False,0,0,False,0,0,0,1.0,"{""audit"": 0.6905350001034094, ""diagnostic_cut"": 0.0, ""graph_build"": 0.8880069999577245, ""recertification"": 0.0, ""repair_planning"": 0.0, ""total"": 1.5785420000611339}",393764,436278,6b62cb9d44c9a97ec02d697ddf8f1505fb49edb23f8480284a076409faac3fdb,False,,,,ACCEPT,CONTROL,False,True,True,True,True,True,True,False,False
external:3c9537d1278d277180ce,ext2-shap-tree-explainer,7716688e0f314d73ed2f90474e911c85bc53c851,C2_CONSISTENT_RETRAIN,B_GREEDY_CROSS_STAGE,VALID,False,,,,,[],[],null,ACCEPT,null,False,False,False,0,0,False,0,0,0,1.0,"{""audit"": 0.6406429993148777, ""diagnostic_cut"": 0.0, ""graph_build"": 0.9010399999169749, ""recertification"": 0.0, ""repair_planning"": 0.0, ""total"": 1.5416829992318526}",393764,436278,73a2568eb829afe5242459d389d0221b7ea3e78285bf44ed0a4127f0f622aadf,False,,,,ACCEPT,CONTROL,False,True,True,True,True,True,True,False,False
external:93a31d2a6db974298c6c,ext2-shap-tree-explainer,7716688e0f314d73ed2f90474e911c85bc53c851,C2_CONSISTENT_RETRAIN,O_FUZZYXAI,VALID,False,,,,,[],[],null,ACCEPT,null,False,False,False,0,0,False,0,0,0,1.0,"{""audit"": 0.7069050006975885, ""diagnostic_cut"": 0.0, ""graph_build"": 0.9016820004035253, ""recertification"": 0.0, ""repair_planning"": 0.0, ""total"": 1.6085870011011139}",393764,436278,7397a1f1103a491b539bbcc5981699ea6ada88675e62919db46b372aa7b6b5d8,False,,,,ACCEPT,CONTROL,False,True,True,True,True,True,True,False,False
external:b85748c5d0fde4e5913d,ext2-shap-tree-explainer,7716688e0f314d73ed2f90474e911c85bc53c851,E1_TARGET_LEAKAGE,B_LOCAL_STRONG,INVALID,True,DATA_PREPARATION,TARGET_NOT_IN_FEATURES,external.data_preparation.target_not_in_features,,[],"[""dataset_manifest.json""]",null,BLOCK,null,False,False,False,0,0,False,1,0,0,1.0,"{""audit"": 0.6665909995717811, ""diagnostic_cut"": 0.0, ""graph_build"": 0.9061700002348516, ""recertification"": 0.0, ""repair_planning"": 0.0, ""total"": 1.5727609998066328}",393764,439715,fe3d3a96ba59242057a93e0ef507a42c0151765b513dcd4430bb29e385234d11,True,DATA_PREPARATION,TARGET_NOT_IN_FEATURES,TARGET_NOT_IN_FEATURES,BLOCK,LOCAL,False,True,True,True,True,False,True,False,False
external:98030aff8159c262af14,ext2-shap-tree-explainer,7716688e0f314d73ed2f90474e911c85bc53c851,E1_TARGET_LEAKAGE,B_PAIRWISE_RULES,INVALID,True,DATA_PREPARATION,TARGET_NOT_IN_FEATURES,external.data_preparation.target_not_in_features,,[],"[""dataset_manifest.json""]",null,BLOCK,"{""operations"": [""repair_target_not_in_features""]}",False,False,False,0,0,False,1,1,0,1.0,"{""audit"": 0.6662109999524546, ""diagnostic_cut"": 0.0, ""graph_build"": 0.9183620004478144, ""recertification"": 0.0, ""repair_planning"": 0.0, ""total"": 1.584573000400269}",393764,439715,d8bab1a6288f0761c35bafeb8061783583f5ff885d695abb2d0aa56c6eaaa3d9,True,DATA_PREPARATION,TARGET_NOT_IN_FEATURES,TARGET_NOT_IN_FEATURES,BLOCK,LOCAL,False,True,True,True,True,False,True,False,False
external:484f6ddec102f12855a0,ext2-shap-tree-explainer,7716688e0f314d73ed2f90474e911c85bc53c851,E1_TARGET_LEAKAGE,B_MLFLOW_QUERY,VALID,False,,,,,[],[],null,ACCEPT,null,False,False,False,0,0,False,0,0,0,1.0,"{""audit"": 0.6669309996141237, ""diagnostic_cut"": 0.0, ""graph_build"": 0.9168599999611615, ""recertification"": 0.0, ""repair_planning"": 0.0, ""total"": 1.5837909995752852}",393764,439715,ff58a3ffb5d020683603a2ce866275b0d9e63a005a302d3ab5581e7ae420171f,True,DATA_PREPARATION,TARGET_NOT_IN_FEATURES,TARGET_NOT_IN_FEATURES,BLOCK,LOCAL,False,False,False,False,False,False,False,True,False
external:fe895c259c4109acba18,ext2-shap-tree-explainer,7716688e0f314d73ed2f90474e911c85bc53c851,E1_TARGET_LEAKAGE,B_GREEDY_CROSS_STAGE,INVALID,True,DATA_PREPARATION,TARGET_NOT_IN_FEATURES,external.data_preparation.target_not_in_features,TARGET_NOT_IN_FEATURES,[],"[""dataset_manifest.json""]",null,BLOCK,null,False,False,False,0,0,False,1,0,0,1.0,"{""audit"": 0.6569729994225781, ""diagnostic_cut"": 0.0, ""graph_build"": 0.9094060005736537, ""recertification"": 0.0, ""repair_planning"": 0.0, ""total"": 1.5663789999962319}",393764,439715,4384b38ca032def8910fd77174044578365b7c5b075b854539d37fa590b9070e,True,DATA_PREPARATION,TARGET_NOT_IN_FEATURES,TARGET_NOT_IN_FEATURES,BLOCK,LOCAL,False,True,True,True,True,True,True,False,False
external:efc0ea3f75b1f0a5123b,ext2-shap-tree-explainer,7716688e0f314d73ed2f90474e911c85bc53c851,E1_TARGET_LEAKAGE,O_FUZZYXAI,INVALID,True,DATA_PREPARATION,TARGET_NOT_IN_FEATURES,external.data_preparation.target_not_in_features,TARGET_NOT_IN_FEATURES,[],"[""dataset_manifest.json""]","{""atoms"": [], ""optimal"": false, ""size"": 0, ""solver"": ""unavailable""}",BLOCK,null,False,False,False,0,0,False,1,0,0,1.0,"{""audit"": 0.6486880001830286, ""diagnostic_cut"": 0.015168000572884921, ""graph_build"": 0.8968129995992058, ""recertification"": 0.0, ""repair_planning"": 0.0, ""total"": 1.5606690003551194}",393764,439715,8861055bbc0a16fcad3e5c6e8d59ded641e25f67f4daa425c8c0a74f6f350daf,True,DATA_PREPARATION,TARGET_NOT_IN_FEATURES,TARGET_NOT_IN_FEATURES,BLOCK,LOCAL,False,True,True,True,True,True,True,False,False
external:04e22e314a37f824c524,ext2-shap-tree-explainer,7716688e0f314d73ed2f90474e911c85bc53c851,E2_TRAIN_TEST_OVERLAP,B_LOCAL_STRONG,VALID,False,,,,,[],[],null,ACCEPT,null,False,False,False,0,0,False,0,0,0,1.0,"{""audit"": 0.7932029993753531, ""diagnostic_cut"": 0.0, ""graph_build"": 0.906119999854127, ""recertification"": 0.0, ""repair_planning"": 0.0, ""total"": 1.69932299922948}",393764,439715,e2c02730def0cfbc98d34b75802b2e8f6124981b74ace1ac744e0c2749e91535,True,DATA_SPLIT,TRAIN_VALIDATION_TEST_DISJOINTNESS,TRAIN_VALIDATION_TEST_DISJOINTNESS,BLOCK,CROSS_STAGE,True,False,False,False,False,False,False,True,False
external:7fd0f151921bd2aaefc1,ext2-shap-tree-explainer,7716688e0f314d73ed2f90474e911c85bc53c851,E2_TRAIN_TEST_OVERLAP,B_PAIRWISE_RULES,INVALID,True,DATA_SPLIT,TRAIN_VALIDATION_TEST_DISJOINTNESS,external.data_split.train_validation_test_disjointness,,[],"[""split_manifest.json""]",null,BLOCK,"{""operations"": [""restore_split_manifest""]}",False,False,False,0,0,False,1,1,0,1.0,"{""audit"": 0.6657690000793082, ""diagnostic_cut"": 0.0, ""graph_build"": 0.9112190000450937, ""recertification"": 0.0, ""repair_planning"": 0.0, ""total"": 1.5769880001244019}",393764,439715,425b9cec5ce256854cae243bd041064c0591db3585c446f1942790e79ad42820,True,DATA_SPLIT,TRAIN_VALIDATION_TEST_DISJOINTNESS,TRAIN_VALIDATION_TEST_DISJOINTNESS,BLOCK,CROSS_STAGE,True,True,True,True,True,False,True,False,False
external:b2b931f8a5724ff510d6,ext2-shap-tree-explainer,7716688e0f314d73ed2f90474e911c85bc53c851,E2_TRAIN_TEST_OVERLAP,B_MLFLOW_QUERY,VALID,False,,,,,[],[],null,ACCEPT,null,False,False,False,0,0,False,0,0,0,1.0,"{""audit"": 0.6758279996574856, ""diagnostic_cut"": 0.0, ""graph_build"": 0.905107999642496, ""recertification"": 0.0, ""repair_planning"": 0.0, ""total"": 1.5809359992999816}",393764,439715,7efdb1ddf0affc26c45275a55cc7d757afc93fd0798b701bd9dfbe07c0781176,True,DATA_SPLIT,TRAIN_VALIDATION_TEST_DISJOINTNESS,TRAIN_VALIDATION_TEST_DISJOINTNESS,BLOCK,CROSS_STAGE,True,False,False,False,False,False,False,True,False
external:e48a5bb384bf03fefeaf,ext2-shap-tree-explainer,7716688e0f314d73ed2f90474e911c85bc53c851,E2_TRAIN_TEST_OVERLAP,B_GREEDY_CROSS_STAGE,INVALID,True,DATA_SPLIT,TRAIN_VALIDATION_TEST_DISJOINTNESS,external.data_split.train_validation_test_disjointness,TRAIN_VALIDATION_TEST_DISJOINTNESS,[],"[""split_manifest.json""]",null,BLOCK,null,False,False,False,0,0,False,1,0,0,1.0,"{""audit"": 0.6745159998899908, ""diagnostic_cut"": 0.0, ""graph_build"": 0.9077929998966283, ""recertification"": 0.0, ""repair_planning"": 0.0, ""total"": 1.582308999786619}",393764,439715,c4c5f8395fe2b36ac84690031d7df34f31e042a5c41086249b8a140ac5e9a55c,True,DATA_SPLIT,TRAIN_VALIDATION_TEST_DISJOINTNESS,TRAIN_VALIDATION_TEST_DISJOINTNESS,BLOCK,CROSS_STAGE,True,True,True,True,True,True,True,False,False
external:76045a7aa5c8beb6edcd,ext2-shap-tree-explainer,7716688e0f314d73ed2f90474e911c85bc53c851,E2_TRAIN_TEST_OVERLAP,O_FUZZYXAI,INVALID,True,DATA_SPLIT,TRAIN_VALIDATION_TEST_DISJOINTNESS,external.data_split.train_validation_test_disjointness,TRAIN_VALIDATION_TEST_DISJOINTNESS,[],"[""split_manifest.json""]","{""atoms"": [""node:cause:train_validation_test_disjointness/field:_/violation:source_component""], ""optimal"": true, ""size"": 1, ""solver"": ""exact_branch_and_bound""}",BLOCK,"{""fully_executable"": false, ""operations"": [""restore_split_manifest""], ""rollback"": [""restore_previous_artifact_snapshot""], ""step_ids"": [""step:issue:TRAIN_VALIDATION_TEST_DISJOINTNESS:1""]}",True,True,True,28,0,True,1,1,0,1.0,"{""audit"": 0.6662409996351926, ""diagnostic_cut"": 0.13640999986819224, ""graph_build"": 0.9180919996651937, ""recertification"": 2.5012509995576693, ""repair_planning"": 0.0646779999442515, ""total"": 4.286671998670499}",393764,439715,9320fc7f42446e5a0b4eb2047883065db18565c57d81773dd280a091f3902f5a,True,DATA_SPLIT,TRAIN_VALIDATION_TEST_DISJOINTNESS,TRAIN_VALIDATION_TEST_DISJOINTNESS,BLOCK,CROSS_STAGE,True,True,True,True,True,True,True,False,False
external:53b6629942cce97729c0,ext2-shap-tree-explainer,7716688e0f314d73ed2f90474e911c85bc53c851,E3_PREPROCESSOR_FIT_SCOPE,B_LOCAL_STRONG,VALID,False,,,,,[],[],null,ACCEPT,null,False,False,False,0,0,False,0,0,0,1.0,"{""audit"": 0.6901240003571729, ""diagnostic_cut"": 0.0, ""graph_build"": 0.9274880003431463, ""recertification"": 0.0, ""repair_planning"": 0.0, ""total"": 1.6176120007003192}",393764,439715,7eb1837357c0a20cfb52846ec14817d558ae5c27e30c127f9a4b11e03ccf6332,True,PREPROCESSING,PREPROCESSOR_FIT_SCOPE,PREPROCESSOR_FIT_SCOPE,BLOCK,CROSS_STAGE,True,False,False,False,False,False,False,True,False
external:7b62e901ada171474d75,ext2-shap-tree-explainer,7716688e0f314d73ed2f90474e911c85bc53c851,E3_PREPROCESSOR_FIT_SCOPE,B_PAIRWISE_RULES,INVALID,True,PREPROCESSING,PREPROCESSOR_FIT_SCOPE,external.preprocessing.preprocessor_fit_scope,,[],"[""preprocessor_manifest.json""]",null,BLOCK,"{""operations"": [""refit_preprocessor_on_train""]}",False,False,False,0,0,False,1,1,0,1.0,"{""audit"": 0.6631740006923792, ""diagnostic_cut"": 0.0, ""graph_build"": 0.8939869994719629, ""recertification"": 0.0, ""repair_planning"": 0.0, ""total"": 1.5571610001643421}",393764,439715,34616d01d8515fb5ddde9223600378d01a8bc7043ef25a31c364d07335751b10,True,PREPROCESSING,PREPROCESSOR_FIT_SCOPE,PREPROCESSOR_FIT_SCOPE,BLOCK,CROSS_STAGE,True,True,True,True,True,False,True,False,False
external:b45b09490f0f3e616210,ext2-shap-tree-explainer,7716688e0f314d73ed2f90474e911c85bc53c851,E3_PREPROCESSOR_FIT_SCOPE,B_MLFLOW_QUERY,VALID,False,,,,,[],[],null,ACCEPT,null,False,False,False,0,0,False,0,0,0,1.0,"{""audit"": 0.6683339997834992, ""diagnostic_cut"": 0.0, ""graph_build"": 0.9067609998965054, ""recertification"": 0.0, ""repair_planning"": 0.0, ""total"": 1.5750949996800045}",393764,439715,bb3e4fe8d49db8ea547956125261c98cafc342fcdb8a8a0eec0ee4073e7caf35,True,PREPROCESSING,PREPROCESSOR_FIT_SCOPE,PREPROCESSOR_FIT_SCOPE,BLOCK,CROSS_STAGE,True,False,False,False,False,False,False,True,False
external:c642f491c7ddd8a15268,ext2-shap-tree-explainer,7716688e0f314d73ed2f90474e911c85bc53c851,E3_PREPROCESSOR_FIT_SCOPE,B_GREEDY_CROSS_STAGE,INVALID,True,PREPROCESSING,PREPROCESSOR_FIT_SCOPE,external.preprocessing.preprocessor_fit_scope,PREPROCESSOR_FIT_SCOPE,[],"[""preprocessor_manifest.json""]",null,BLOCK,null,False,False,False,0,0,False,1,0,0,1.0,"{""audit"": 0.6713599996146513, ""diagnostic_cut"": 0.0, ""graph_build"": 0.9760880002431804, ""recertification"": 0.0, ""repair_planning"": 0.0, ""total"": 1.6474479998578317}",393764,439715,378452a4b8013e9fe46e4bc039a1c227d19adc2d6f2d420e5616c9f015caf317,True,PREPROCESSING,PREPROCESSOR_FIT_SCOPE,PREPROCESSOR_FIT_SCOPE,BLOCK,CROSS_STAGE,True,True,True,True,True,True,True,False,False
external:138621d4fdba0d5836c0,ext2-shap-tree-explainer,7716688e0f314d73ed2f90474e911c85bc53c851,E3_PREPROCESSOR_FIT_SCOPE,O_FUZZYXAI,INVALID,True,PREPROCESSING,PREPROCESSOR_FIT_SCOPE,external.preprocessing.preprocessor_fit_scope,PREPROCESSOR_FIT_SCOPE,[],"[""preprocessor_manifest.json""]","{""atoms"": [""node:cause:preprocessor_fit_scope/field:_/violation:source_component""], ""optimal"": true, ""size"": 1, ""solver"": ""exact_branch_and_bound""}",BLOCK,"{""fully_executable"": false, ""operations"": [""restore_split_manifest""], ""rollback"": [""restore_previous_artifact_snapshot""], ""step_ids"": [""step:issue:PREPROCESSOR_FIT_SCOPE:1""]}",True,True,True,28,0,True,1,1,0,1.0,"{""audit"": 0.6599680000363151, ""diagnostic_cut"": 0.11238499973842409, ""graph_build"": 0.9060890006367117, ""recertification"": 2.5849040002867696, ""repair_planning"": 0.04700600038631819, ""total"": 4.310352001084539}",393892,439715,dbfa751833aa6941916b0cbe7e191295ed11e0ae17576e288709a55b847760f5,True,PREPROCESSING,PREPROCESSOR_FIT_SCOPE,PREPROCESSOR_FIT_SCOPE,BLOCK,CROSS_STAGE,True,True,True,True,True,True,True,False,False
external:dbd4e6dc56b72d7a72d3,ext2-shap-tree-explainer,7716688e0f314d73ed2f90474e911c85bc53c851,E4_FEATURE_SCHEMA_OR_ORDER,B_LOCAL_STRONG,VALID,False,,,,,[],[],null,ACCEPT,null,False,False,False,0,0,False,0,0,0,1.0,"{""audit"": 0.7069550001688185, ""diagnostic_cut"": 0.0, ""graph_build"": 0.9112090001508477, ""recertification"": 0.0, ""repair_planning"": 0.0, ""total"": 1.6181640003196662}",393892,439715,8f7db9c5f6b0d4d7d700c75ce12118f235a35b674436b936867479a95b9babff,True,PREPROCESSING,FEATURE_ORDER,FEATURE_ORDER,BLOCK,GLOBAL,True,False,False,False,False,False,False,True,False
external:3781780fac02718421ce,ext2-shap-tree-explainer,7716688e0f314d73ed2f90474e911c85bc53c851,E4_FEATURE_SCHEMA_OR_ORDER,B_PAIRWISE_RULES,INVALID,True,PREPROCESSING,FEATURE_ORDER,external.preprocessing.feature_order,,"[""MODEL_INPUT_SCHEMA"", ""PREDICTION_OUTPUT_SANITY"", ""EXPLANATION_OUTPUT_CONSISTENCY"", ""USER_CLAIM_EVIDENCE_BINDING""]","[""preprocessor_manifest.json"", ""prediction_manifest.json"", ""explanation_manifest.json""]",null,BLOCK,"{""operations"": [""restore_feature_schema"", ""repair_model_input_schema"", ""repair_prediction_output_sanity"", ""repair_explanation_output_consistency"", ""repair_user_claim_evidence_binding""]}",False,False,False,0,0,False,5,5,4,1.0,"{""audit"": 0.6901540000399109, ""diagnostic_cut"": 0.0, ""graph_build"": 0.8958509997682995, ""recertification"": 0.0, ""repair_planning"": 0.0, ""total"": 1.5860049998082104}",393892,439715,429c402e2f63a43b1e5a96cec3aa50c9531b61e245d6603c3c638f175c20b143,True,PREPROCESSING,FEATURE_ORDER,FEATURE_ORDER,BLOCK,GLOBAL,True,True,True,True,True,False,True,False,False
external:a156a0f21d97cc7094e2,ext2-shap-tree-explainer,7716688e0f314d73ed2f90474e911c85bc53c851,E4_FEATURE_SCHEMA_OR_ORDER,B_MLFLOW_QUERY,VALID,False,,,,,[],[],null,ACCEPT,null,False,False,False,0,0,False,0,0,0,1.0,"{""audit"": 0.7036879997031065, ""diagnostic_cut"": 0.0, ""graph_build"": 0.8967820003817906, ""recertification"": 0.0, ""repair_planning"": 0.0, ""total"": 1.600470000084897}",393892,439715,ae7559e9060ac17caa3411a0cba69ce6487fa7f203116b23eed324051507df9d,True,PREPROCESSING,FEATURE_ORDER,FEATURE_ORDER,BLOCK,GLOBAL,True,False,False,False,False,False,False,True,False
external:383e9b82052342bc1b1e,ext2-shap-tree-explainer,7716688e0f314d73ed2f90474e911c85bc53c851,E4_FEATURE_SCHEMA_OR_ORDER,B_GREEDY_CROSS_STAGE,INVALID,True,PREPROCESSING,FEATURE_ORDER,external.preprocessing.feature_order,FEATURE_ORDER,[],"[""preprocessor_manifest.json"", ""prediction_manifest.json"", ""explanation_manifest.json""]",null,BLOCK,null,False,False,False,0,0,False,5,0,0,1.0,"{""audit"": 0.6948219997866545, ""diagnostic_cut"": 0.0, ""graph_build"": 0.9044460002769483, ""recertification"": 0.0, ""repair_planning"": 0.0, ""total"": 1.5992680000636028}",393892,439715,bcf661741b13e339551111dcea91fbcb65eb9c056ec67f5560960de1d7c6e61b,True,PREPROCESSING,FEATURE_ORDER,FEATURE_ORDER,BLOCK,GLOBAL,True,True,True,True,True,True,True,False,False
external:d7036d5fb27889c568a6,ext2-shap-tree-explainer,7716688e0f314d73ed2f90474e911c85bc53c851,E4_FEATURE_SCHEMA_OR_ORDER,O_FUZZYXAI,INVALID,True,PREPROCESSING,FEATURE_ORDER,external.preprocessing.feature_order,FEATURE_ORDER,"[""MODEL_INPUT_SCHEMA"", ""PREDICTION_OUTPUT_SANITY"", ""EXPLANATION_OUTPUT_CONSISTENCY"", ""USER_CLAIM_EVIDENCE_BINDING""]","[""preprocessor_manifest.json"", ""prediction_manifest.json"", ""explanation_manifest.json""]","{""atoms"": [""node:cause:feature_order/field:_/violation:source_component""], ""optimal"": false, ""size"": 1, ""solver"": ""exact_branch_and_bound""}",BLOCK,"{""fully_executable"": false, ""operations"": [""restore_split_manifest""], ""rollback"": [""restore_previous_artifact_snapshot""], ""step_ids"": [""step:issue:EXPLANATION_OUTPUT_CONSISTENCY:1""]}",True,True,True,28,0,True,5,1,0,1.0,"{""audit"": 0.6840630003352999, ""diagnostic_cut"": 0.10828799986484228, ""graph_build"": 0.9008899996842956, ""recertification"": 2.5726019994181115, ""repair_planning"": 0.08783000066614477, ""total"": 4.353672999968694}",393892,439715,4b7dd7c74b2badf14acdf9bcff3427b4bd19d0522da4217b726ef69ffd38fe36,True,PREPROCESSING,FEATURE_ORDER,FEATURE_ORDER,BLOCK,GLOBAL,True,True,True,True,True,True,True,False,False
external:68fdfe6b39441e56d7e3,ext2-shap-tree-explainer,7716688e0f314d73ed2f90474e911c85bc53c851,E5_MODEL_ARTIFACT_MISMATCH,B_LOCAL_STRONG,INVALID,True,MODEL_ARTIFACT,MODEL_ARTIFACT_HASH,external.model_artifact.model_artifact_hash,,[],"[""model_manifest.json""]",null,BLOCK,null,False,False,False,0,0,False,1,0,0,1.0,"{""audit"": 0.6867780002721702, ""diagnostic_cut"": 0.0, ""graph_build"": 0.9246829995390726, ""recertification"": 0.0, ""repair_planning"": 0.0, ""total"": 1.6114609998112428}",393892,439715,83517678a7074ff214642a5677d9fdbe39a7bb83cb661a325903c3558a88eca9,True,MODEL_ARTIFACT,MODEL_ARTIFACT_HASH,MODEL_ARTIFACT_HASH,BLOCK,LOCAL,True,True,True,True,True,False,True,False,False
external:219b6a193e26e22a39a2,ext2-shap-tree-explainer,7716688e0f314d73ed2f90474e911c85bc53c851,E5_MODEL_ARTIFACT_MISMATCH,B_PAIRWISE_RULES,INVALID,True,MODEL_ARTIFACT,MODEL_ARTIFACT_HASH,external.model_artifact.model_artifact_hash,,[],"[""model_manifest.json""]",null,BLOCK,"{""operations"": [""restore_registered_model""]}",False,False,False,0,0,False,1,1,0,1.0,"{""audit"": 0.728584000171395, ""diagnostic_cut"": 0.0, ""graph_build"": 0.9047569992617355, ""recertification"": 0.0, ""repair_planning"": 0.0, ""total"": 1.6333409994331305}",393892,439715,50bf497116630b27346ffca9735918980ad987524cd775b9bbfbe3b139645cfb,True,MODEL_ARTIFACT,MODEL_ARTIFACT_HASH,MODEL_ARTIFACT_HASH,BLOCK,LOCAL,True,True,True,True,True,False,True,False,False
external:b92d6e501fe3ce48eef4,ext2-shap-tree-explainer,7716688e0f314d73ed2f90474e911c85bc53c851,E5_MODEL_ARTIFACT_MISMATCH,B_MLFLOW_QUERY,INVALID,True,MODEL_ARTIFACT,MODEL_ARTIFACT_HASH,external.model_artifact.model_artifact_hash,,[],"[""model_manifest.json""]",null,BLOCK,null,False,False,False,0,0,False,1,0,0,1.0,"{""audit"": 0.6823200001235818, ""diagnostic_cut"": 0.0, ""graph_build"": 0.9122610008489573, ""recertification"": 0.0, ""repair_planning"": 0.0, ""total"": 1.5945810009725392}",393892,439715,39751bd6e484bf3fea0442fd2829a1eee4982d6ce69b86cd4e5743fb6e5766cd,True,MODEL_ARTIFACT,MODEL_ARTIFACT_HASH,MODEL_ARTIFACT_HASH,BLOCK,LOCAL,True,True,True,True,True,False,True,False,False
external:3138689f606f902d7aa5,ext2-shap-tree-explainer,7716688e0f314d73ed2f90474e911c85bc53c851,E5_MODEL_ARTIFACT_MISMATCH,B_GREEDY_CROSS_STAGE,INVALID,True,MODEL_ARTIFACT,MODEL_ARTIFACT_HASH,external.model_artifact.model_artifact_hash,MODEL_ARTIFACT_HASH,[],"[""model_manifest.json""]",null,BLOCK,null,False,False,False,0,0,False,1,0,0,1.0,"{""audit"": 0.6809779997638543, ""diagnostic_cut"": 0.0, ""graph_build"": 0.9028129998114309, ""recertification"": 0.0, ""repair_planning"": 0.0, ""total"": 1.5837909995752852}",393892,439715,47385286fe8264256c7d834d5cbadc4bedba2714553dccbb673f8565ec750829,True,MODEL_ARTIFACT,MODEL_ARTIFACT_HASH,MODEL_ARTIFACT_HASH,BLOCK,LOCAL,True,True,True,True,True,True,True,False,False
external:1454ef22c0e1c6bb600a,ext2-shap-tree-explainer,7716688e0f314d73ed2f90474e911c85bc53c851,E5_MODEL_ARTIFACT_MISMATCH,O_FUZZYXAI,INVALID,True,MODEL_ARTIFACT,MODEL_ARTIFACT_HASH,external.model_artifact.model_artifact_hash,MODEL_ARTIFACT_HASH,[],"[""model_manifest.json""]","{""atoms"": [""node:cause:model_artifact_hash/field:_/violation:source_component""], ""optimal"": true, ""size"": 1, ""solver"": ""exact_branch_and_bound""}",BLOCK,"{""fully_executable"": false, ""operations"": [""restore_registered_model""], ""rollback"": [""restore_previous_artifact_snapshot""], ""step_ids"": [""step:issue:MODEL_ARTIFACT_HASH:1""]}",True,True,True,28,0,True,1,1,0,1.0,"{""audit"": 0.6820989992775139, ""diagnostic_cut"": 0.10313900020264555, ""graph_build"": 0.9010200001284829, ""recertification"": 2.555951000431378, ""repair_planning"": 0.04480200004763901, ""total"": 4.287011000087659}",393892,439715,37927c95fce21852f9f9f62bda794c801265623fd006ba1f08966328e9d8a58e,True,MODEL_ARTIFACT,MODEL_ARTIFACT_HASH,MODEL_ARTIFACT_HASH,BLOCK,LOCAL,True,True,True,True,True,True,True,False,False
external:5b553f8007409d2808b5,ext2-shap-tree-explainer,7716688e0f314d73ed2f90474e911c85bc53c851,E6_MODEL_EXPLAINER_VERSION,B_LOCAL_STRONG,VALID,False,,,,,[],[],null,ACCEPT,null,False,False,False,0,0,False,0,0,0,1.0,"{""audit"": 0.6960649998291046, ""diagnostic_cut"": 0.0, ""graph_build"": 0.9169390004899469, ""recertification"": 0.0, ""repair_planning"": 0.0, ""total"": 1.6130040003190516}",393892,439715,8227bcb5fb60fff573e662363d8ebe7c5ecc403b46b92513ca824dc8878e8cd0,True,POST_HOC_EXPLANATION,MODEL_EXPLAINER_VERSION,MODEL_EXPLAINER_VERSION,BLOCK,CROSS_STAGE,True,False,False,False,False,False,False,True,False
external:974d985567c8f4c58dbc,ext2-shap-tree-explainer,7716688e0f314d73ed2f90474e911c85bc53c851,E6_MODEL_EXPLAINER_VERSION,B_PAIRWISE_RULES,INVALID,True,POST_HOC_EXPLANATION,MODEL_EXPLAINER_VERSION,external.post_hoc_explanation.model_explainer_version,,[],"[""explanation_manifest.json""]",null,BLOCK,"{""operations"": [""rebuild_explanation_for_registered_model""]}",False,False,False,0,0,False,1,1,0,1.0,"{""audit"": 0.6765699999959907, ""diagnostic_cut"": 0.0, ""graph_build"": 0.9164279999822611, ""recertification"": 0.0, ""repair_planning"": 0.0, ""total"": 1.5929979999782518}",393892,439715,d48a3681d27bc0940b768483895e97fd12318b0a294f80e049cf66693d50a7f7,True,POST_HOC_EXPLANATION,MODEL_EXPLAINER_VERSION,MODEL_EXPLAINER_VERSION,BLOCK,CROSS_STAGE,True,True,True,True,True,False,True,False,False
external:4c458bb7cd312de707a2,ext2-shap-tree-explainer,7716688e0f314d73ed2f90474e911c85bc53c851,E6_MODEL_EXPLAINER_VERSION,B_MLFLOW_QUERY,INVALID,True,POST_HOC_EXPLANATION,MODEL_EXPLAINER_VERSION,external.post_hoc_explanation.model_explainer_version,,[],"[""explanation_manifest.json""]",null,BLOCK,null,False,False,False,0,0,False,1,0,0,1.0,"{""audit"": 0.6630540001424379, ""diagnostic_cut"": 0.0, ""graph_build"": 0.9053080002559, ""recertification"": 0.0, ""repair_planning"": 0.0, ""total"": 1.5683620003983378}",393892,439715,f03ae9c4b81e4c44ce906150b4066c55ca82226903433ee04d6e92feef43c1d5,True,POST_HOC_EXPLANATION,MODEL_EXPLAINER_VERSION,MODEL_EXPLAINER_VERSION,BLOCK,CROSS_STAGE,True,True,True,True,True,False,True,False,False
external:fcc4eee610493f875b6e,ext2-shap-tree-explainer,7716688e0f314d73ed2f90474e911c85bc53c851,E6_MODEL_EXPLAINER_VERSION,B_GREEDY_CROSS_STAGE,INVALID,True,POST_HOC_EXPLANATION,MODEL_EXPLAINER_VERSION,external.post_hoc_explanation.model_explainer_version,MODEL_EXPLAINER_VERSION,[],"[""explanation_manifest.json""]",null,BLOCK,null,False,False,False,0,0,False,1,0,0,1.0,"{""audit"": 0.6790830002501025, ""diagnostic_cut"": 0.0, ""graph_build"": 0.8930849999160273, ""recertification"": 0.0, ""repair_planning"": 0.0, ""total"": 1.5721680001661298}",393892,439715,a640bc5f826dbbbe3803141548cc97934c4e1c43c495adf7314bbbede4386e08,True,POST_HOC_EXPLANATION,MODEL_EXPLAINER_VERSION,MODEL_EXPLAINER_VERSION,BLOCK,CROSS_STAGE,True,True,True,True,True,True,True,False,False
external:cb43a899b9d3e8fad8eb,ext2-shap-tree-explainer,7716688e0f314d73ed2f90474e911c85bc53c851,E6_MODEL_EXPLAINER_VERSION,O_FUZZYXAI,INVALID,True,POST_HOC_EXPLANATION,MODEL_EXPLAINER_VERSION,external.post_hoc_explanation.model_explainer_version,MODEL_EXPLAINER_VERSION,[],"[""explanation_manifest.json""]","{""atoms"": [""node:cause:model_explainer_version/field:_/violation:source_component""], ""optimal"": true, ""size"": 1, ""solver"": ""exact_branch_and_bound""}",BLOCK,"{""fully_executable"": false, ""operations"": [""rebuild_explanation_for_registered_model""], ""rollback"": [""restore_previous_artifact_snapshot""], ""step_ids"": [""step:issue:MODEL_EXPLAINER_VERSION:1""]}",True,True,True,28,0,True,1,1,0,1.0,"{""audit"": 0.6704770003125304, ""diagnostic_cut"": 0.10277799992763903, ""graph_build"": 0.9678819997134269, ""recertification"": 2.5441699999646517, ""repair_planning"": 0.044892000005347654, ""total"": 4.330198999923596}",393892,439715,3a4fde7a552aac86cc9fad9f4135bf4cdd40c5ea3775915fc86e023230b6bcfa,True,POST_HOC_EXPLANATION,MODEL_EXPLAINER_VERSION,MODEL_EXPLAINER_VERSION,BLOCK,CROSS_STAGE,True,True,True,True,True,True,True,False,False
external:d640253dfef9f46efa80,ext2-shap-tree-explainer,7716688e0f314d73ed2f90474e911c85bc53c851,E7_PREDICTION_EXPLANATION_BINDING,B_LOCAL_STRONG,VALID,False,,,,,[],[],null,ACCEPT,null,False,False,False,0,0,False,0,0,0,1.0,"{""audit"": 0.7668150001336471, ""diagnostic_cut"": 0.0, ""graph_build"": 0.9089449995371979, ""recertification"": 0.0, ""repair_planning"": 0.0, ""total"": 1.675759999670845}",393892,439715,712effb9236c4a877947be5962c05638d97bb97099ea3558996a3460b60578e9,True,INFERENCE,PREDICTION_OBJECT_BINDING,PREDICTION_OBJECT_BINDING,BLOCK,CROSS_STAGE,True,False,False,False,False,False,False,True,False
external:0f8dd2027e9acc2c1c63,ext2-shap-tree-explainer,7716688e0f314d73ed2f90474e911c85bc53c851,E7_PREDICTION_EXPLANATION_BINDING,B_PAIRWISE_RULES,INVALID,True,INFERENCE,PREDICTION_OBJECT_BINDING,external.inference.prediction_object_binding,,[],"[""prediction_manifest.json""]",null,BLOCK,"{""operations"": [""rebuild_explanation_for_registered_model""]}",False,False,False,0,0,False,1,1,0,1.0,"{""audit"": 0.669786000798922, ""diagnostic_cut"": 0.0, ""graph_build"": 0.8978340001704055, ""recertification"": 0.0, ""repair_planning"": 0.0, ""total"": 1.5676200009693275}",393892,439715,141c00bcded3c56feb2b7d1519caf06571002a113af31c2fc4455d5bf9c57cd5,True,INFERENCE,PREDICTION_OBJECT_BINDING,PREDICTION_OBJECT_BINDING,BLOCK,CROSS_STAGE,True,True,True,True,True,False,True,False,False
external:9741f741e3af045635d0,ext2-shap-tree-explainer,7716688e0f314d73ed2f90474e911c85bc53c851,E7_PREDICTION_EXPLANATION_BINDING,B_MLFLOW_QUERY,VALID,False,,,,,[],[],null,ACCEPT,null,False,False,False,0,0,False,0,0,0,1.0,"{""audit"": 0.6823499998063198, ""diagnostic_cut"": 0.0, ""graph_build"": 0.8953500000643544, ""recertification"": 0.0, ""repair_planning"": 0.0, ""total"": 1.5776999998706742}",393892,439715,751d48b5ad166634521fe7024042a0b85f8bd530a07d19caa5e7d9da6fcc29a2,True,INFERENCE,PREDICTION_OBJECT_BINDING,PREDICTION_OBJECT_BINDING,BLOCK,CROSS_STAGE,True,False,False,False,False,False,False,True,False
external:67303888fe2e75e429bb,ext2-shap-tree-explainer,7716688e0f314d73ed2f90474e911c85bc53c851,E7_PREDICTION_EXPLANATION_BINDING,B_GREEDY_CROSS_STAGE,INVALID,True,INFERENCE,PREDICTION_OBJECT_BINDING,external.inference.prediction_object_binding,PREDICTION_OBJECT_BINDING,[],"[""prediction_manifest.json""]",null,BLOCK,null,False,False,False,0,0,False,1,0,0,1.0,"{""audit"": 0.6970869999349816, ""diagnostic_cut"": 0.0, ""graph_build"": 0.8940269999584416, ""recertification"": 0.0, ""repair_planning"": 0.0, ""total"": 1.5911139998934232}",393892,439715,f2da64b4a0bd7eeffa3d5740f7033af0dc86cc3c88145e409566307d0b1c2ae8,True,INFERENCE,PREDICTION_OBJECT_BINDING,PREDICTION_OBJECT_BINDING,BLOCK,CROSS_STAGE,True,True,True,True,True,True,True,False,False
external:549b4458726eb5e3d8b7,ext2-shap-tree-explainer,7716688e0f314d73ed2f90474e911c85bc53c851,E7_PREDICTION_EXPLANATION_BINDING,O_FUZZYXAI,INVALID,True,INFERENCE,PREDICTION_OBJECT_BINDING,external.inference.prediction_object_binding,PREDICTION_OBJECT_BINDING,[],"[""prediction_manifest.json""]","{""atoms"": [""node:cause:prediction_object_binding/field:_/violation:source_component""], ""optimal"": true, ""size"": 1, ""solver"": ""exact_branch_and_bound""}",BLOCK,"{""fully_executable"": false, ""operations"": [""rebuild_explanation_for_registered_model""], ""rollback"": [""restore_previous_artifact_snapshot""], ""step_ids"": [""step:issue:PREDICTION_OBJECT_BINDING:1""]}",True,True,True,28,0,True,1,1,0,1.0,"{""audit"": 0.6696959999317187, ""diagnostic_cut"": 0.10322999969503144, ""graph_build"": 0.8937160000641597, ""recertification"": 2.502362999621255, ""repair_planning"": 0.04553399958240334, ""total"": 4.214538998894568}",393892,439715,a0e22513f950980f70258eb2fc27f17e21edeab6879ebd2ef212702edae3c7c3,True,INFERENCE,PREDICTION_OBJECT_BINDING,PREDICTION_OBJECT_BINDING,BLOCK,CROSS_STAGE,True,True,True,True,True,True,True,False,False
external:67c96bc1ff0c035065a3,ext2-shap-tree-explainer,7716688e0f314d73ed2f90474e911c85bc53c851,E8_EXPLANATION_PROVENANCE,B_LOCAL_STRONG,INVALID,True,POST_HOC_EXPLANATION,REQUIRED_PROVENANCE,external.post_hoc_explanation.required_provenance,,[],"[""explanation_manifest.json""]",null,BLOCK,null,False,False,False,0,0,False,1,0,0,1.0,"{""audit"": 0.6928689999767812, ""diagnostic_cut"": 0.0, ""graph_build"": 0.9197540002787719, ""recertification"": 0.0, ""repair_planning"": 0.0, ""total"": 1.612623000255553}",393892,439715,240ca3bd91a963709613d495913b79caf85a2249e4f2715cb9e042aa619f6adc,True,POST_HOC_EXPLANATION,REQUIRED_PROVENANCE,REQUIRED_PROVENANCE,BLOCK,LOCAL,True,True,True,True,True,False,True,False,False
external:beb37b8548e30687e55a,ext2-shap-tree-explainer,7716688e0f314d73ed2f90474e911c85bc53c851,E8_EXPLANATION_PROVENANCE,B_PAIRWISE_RULES,INVALID,True,POST_HOC_EXPLANATION,REQUIRED_PROVENANCE,external.post_hoc_explanation.required_provenance,,[],"[""explanation_manifest.json""]",null,BLOCK,"{""operations"": [""restore_explanation_provenance""]}",False,False,False,0,0,False,1,1,0,1.0,"{""audit"": 0.6638459999521729, ""diagnostic_cut"": 0.0, ""graph_build"": 0.9017719994517392, ""recertification"": 0.0, ""repair_planning"": 0.0, ""total"": 1.565617999403912}",393892,439715,f754ffa6e9c15fa6fdc83f62398fd7f7c8c05ac838ad4c6532a63b315659dfe5,True,POST_HOC_EXPLANATION,REQUIRED_PROVENANCE,REQUIRED_PROVENANCE,BLOCK,LOCAL,True,True,True,True,True,False,True,False,False
external:06ab3f8787f281b2ab4e,ext2-shap-tree-explainer,7716688e0f314d73ed2f90474e911c85bc53c851,E8_EXPLANATION_PROVENANCE,B_MLFLOW_QUERY,INVALID,True,POST_HOC_EXPLANATION,REQUIRED_PROVENANCE,external.post_hoc_explanation.required_provenance,,[],"[""explanation_manifest.json""]",null,BLOCK,null,False,False,False,0,0,False,1,0,0,1.0,"{""audit"": 0.6643560000156867, ""diagnostic_cut"": 0.0, ""graph_build"": 0.9226490001310594, ""recertification"": 0.0, ""repair_planning"": 0.0, ""total"": 1.5870050001467462}",393892,439715,ced05ff141d1a2b2d433edf921f91fc9488fe65916e399cb2f252637c86dc84b,True,POST_HOC_EXPLANATION,REQUIRED_PROVENANCE,REQUIRED_PROVENANCE,BLOCK,LOCAL,True,True,True,True,True,False,True,False,False
external:28ecdcb86c6df792f4cd,ext2-shap-tree-explainer,7716688e0f314d73ed2f90474e911c85bc53c851,E8_EXPLANATION_PROVENANCE,B_GREEDY_CROSS_STAGE,INVALID,True,POST_HOC_EXPLANATION,REQUIRED_PROVENANCE,external.post_hoc_explanation.required_provenance,REQUIRED_PROVENANCE,[],"[""explanation_manifest.json""]",null,BLOCK,null,False,False,False,0,0,False,1,0,0,1.0,"{""audit"": 0.7015850005700486, ""diagnostic_cut"": 0.0, ""graph_build"": 0.9479459995418438, ""recertification"": 0.0, ""repair_planning"": 0.0, ""total"": 1.6495310001118924}",393892,439715,9ef5b97cd22667516703922c80e0869457e179c8f600fd0fc1816df5f4c26055,True,POST_HOC_EXPLANATION,REQUIRED_PROVENANCE,REQUIRED_PROVENANCE,BLOCK,LOCAL,True,True,True,True,True,True,True,False,False
external:f6a453225ee1f06cc798,ext2-shap-tree-explainer,7716688e0f314d73ed2f90474e911c85bc53c851,E8_EXPLANATION_PROVENANCE,O_FUZZYXAI,INVALID,True,POST_HOC_EXPLANATION,REQUIRED_PROVENANCE,external.post_hoc_explanation.required_provenance,REQUIRED_PROVENANCE,[],"[""explanation_manifest.json""]","{""atoms"": [""node:cause:required_provenance/field:_/violation:source_component""], ""optimal"": true, ""size"": 1, ""solver"": ""exact_branch_and_bound""}",BLOCK,"{""fully_executable"": false, ""operations"": [""restore_explanation_provenance""], ""rollback"": [""restore_previous_artifact_snapshot""], ""step_ids"": [""step:issue:REQUIRED_PROVENANCE:1""]}",True,True,True,28,0,True,1,1,0,1.0,"{""audit"": 0.6738439997207024, ""diagnostic_cut"": 0.10179700075241271, ""graph_build"": 0.9456320003664587, ""recertification"": 2.5991110005634255, ""repair_planning"": 0.04529300076683285, ""total"": 4.365677002169832}",393892,439715,a2a1a266112f2ce2cc47723b11f14b47f0c65a0e537cf83ce8202054083f8ea2,True,POST_HOC_EXPLANATION,REQUIRED_PROVENANCE,REQUIRED_PROVENANCE,BLOCK,LOCAL,True,True,True,True,True,True,True,False,False
external:15053bb4d77090ecfda4,ext3-mlflow-elasticnet,6e168e696062942ee34410048ce17cf24b5118bc,C1_BASELINE,B_LOCAL_STRONG,VALID,False,,,,,[],[],null,ACCEPT,null,False,False,False,0,0,False,0,0,0,1.0,"{""audit"": 0.6545890000779764, ""diagnostic_cut"": 0.0, ""graph_build"": 0.41927799975383095, ""recertification"": 0.0, ""repair_planning"": 0.0, ""total"": 1.0738669998318073}",393892,9869,57d43d95c47050651db5faf788527fd439170762079784b173531ee5b488493f,False,,,,ACCEPT,CONTROL,False,True,True,True,True,True,True,False,False
external:dadbdc8a1232a806f78e,ext3-mlflow-elasticnet,6e168e696062942ee34410048ce17cf24b5118bc,C1_BASELINE,B_PAIRWISE_RULES,VALID,False,,,,,[],[],null,ACCEPT,null,False,False,False,0,0,False,0,0,0,1.0,"{""audit"": 0.6462840001404402, ""diagnostic_cut"": 0.0, ""graph_build"": 0.40787699981592596, ""recertification"": 0.0, ""repair_planning"": 0.0, ""total"": 1.0541609999563661}",393892,9869,9394c442f2dc8d1f82bc0666d39e760097090e4111d85e15da97ba7b72a43a60,False,,,,ACCEPT,CONTROL,False,True,True,True,True,True,True,False,False
external:01e8907eda99ad65ed73,ext3-mlflow-elasticnet,6e168e696062942ee34410048ce17cf24b5118bc,C1_BASELINE,B_MLFLOW_QUERY,VALID,False,,,,,[],[],null,ACCEPT,null,False,False,False,0,0,False,0,0,0,1.0,"{""audit"": 0.6430980001823627, ""diagnostic_cut"": 0.0, ""graph_build"": 0.3982700000051409, ""recertification"": 0.0, ""repair_planning"": 0.0, ""total"": 1.0413680001875036}",393892,9869,e174a696ee996a37776d9bc17f4206d409a7eb6d8e18a4ff786831f50284aa51,False,,,,ACCEPT,CONTROL,False,True,True,True,True,True,True,False,False
external:1187d6a9924a6f1806ec,ext3-mlflow-elasticnet,6e168e696062942ee34410048ce17cf24b5118bc,C1_BASELINE,B_GREEDY_CROSS_STAGE,VALID,False,,,,,[],[],null,ACCEPT,null,False,False,False,0,0,False,0,0,0,1.0,"{""audit"": 0.6433890002881526, ""diagnostic_cut"": 0.0, ""graph_build"": 0.39580500015290454, ""recertification"": 0.0, ""repair_planning"": 0.0, ""total"": 1.0391940004410571}",393892,9869,6a2c0d225a7e722c4952c6196f53e885527a1f1c7a59b39a4838a0a140f765f4,False,,,,ACCEPT,CONTROL,False,True,True,True,True,True,True,False,False
external:51239b19cf685e4bef69,ext3-mlflow-elasticnet,6e168e696062942ee34410048ce17cf24b5118bc,C1_BASELINE,O_FUZZYXAI,VALID,False,,,,,[],[],null,ACCEPT,null,False,False,False,0,0,False,0,0,0,1.0,"{""audit"": 0.6429069999285275, ""diagnostic_cut"": 0.0, ""graph_build"": 0.3995609995399718, ""recertification"": 0.0, ""repair_planning"": 0.0, ""total"": 1.0424679994684993}",393892,9869,07adadb41379abc0146c93abb5ddec8519571a2cbb78ef2adc7bb29d6135bab2,False,,,,ACCEPT,CONTROL,False,True,True,True,True,True,True,False,False
external:647705a1a7c4e6ca0ccd,ext3-mlflow-elasticnet,6e168e696062942ee34410048ce17cf24b5118bc,C2_CONSISTENT_RETRAIN,B_LOCAL_STRONG,VALID,False,,,,,[],[],null,ACCEPT,null,False,False,False,0,0,False,0,0,0,1.0,"{""audit"": 0.6441200002882397, ""diagnostic_cut"": 0.0, ""graph_build"": 0.4125059995203628, ""recertification"": 0.0, ""repair_planning"": 0.0, ""total"": 1.0566259998086025}",393892,9877,68f9e9411608423bb002e6b300099e5a756c7745e61d10decf8b59ac8487ab55,False,,,,ACCEPT,CONTROL,False,True,True,True,True,True,True,False,False
external:52ba9e6db05b0240b257,ext3-mlflow-elasticnet,6e168e696062942ee34410048ce17cf24b5118bc,C2_CONSISTENT_RETRAIN,B_PAIRWISE_RULES,VALID,False,,,,,[],[],null,ACCEPT,null,False,False,False,0,0,False,0,0,0,1.0,"{""audit"": 0.6423869999707676, ""diagnostic_cut"": 0.0, ""graph_build"": 0.4067449999638484, ""recertification"": 0.0, ""repair_planning"": 0.0, ""total"": 1.049131999934616}",393892,9877,031b1d5d9cbdd9ab08b17cdb5821708b2aad2d45c0a85aa983376f99edb539ef,False,,,,ACCEPT,CONTROL,False,True,True,True,True,True,True,False,False
external:809f50f8663e224ca274,ext3-mlflow-elasticnet,6e168e696062942ee34410048ce17cf24b5118bc,C2_CONSISTENT_RETRAIN,B_MLFLOW_QUERY,VALID,False,,,,,[],[],null,ACCEPT,null,False,False,False,0,0,False,0,0,0,1.0,"{""audit"": 0.7331720007641707, ""diagnostic_cut"": 0.0, ""graph_build"": 0.39702699996269075, ""recertification"": 0.0, ""repair_planning"": 0.0, ""total"": 1.1301990007268614}",393892,9877,344e4a5fb5d9590738dbfa0953b8ffb9291b07176e312dfcdc04a751ae4e1dce,False,,,,ACCEPT,CONTROL,False,True,True,True,True,True,True,False,False
external:3015227d5a1d33272483,ext3-mlflow-elasticnet,6e168e696062942ee34410048ce17cf24b5118bc,C2_CONSISTENT_RETRAIN,B_GREEDY_CROSS_STAGE,VALID,False,,,,,[],[],null,ACCEPT,null,False,False,False,0,0,False,0,0,0,1.0,"{""audit"": 0.6854759994894266, ""diagnostic_cut"": 0.0, ""graph_build"": 0.4613250002876157, ""recertification"": 0.0, ""repair_planning"": 0.0, ""total"": 1.1468009997770423}",393892,9877,6815c71ab5ed4405fc16406acf4d30c5892d412bd9378205e703ad6c110f2514,False,,,,ACCEPT,CONTROL,False,True,True,True,True,True,True,False,False
external:96eb0a35eabd12695c97,ext3-mlflow-elasticnet,6e168e696062942ee34410048ce17cf24b5118bc,C2_CONSISTENT_RETRAIN,O_FUZZYXAI,VALID,False,,,,,[],[],null,ACCEPT,null,False,False,False,0,0,False,0,0,0,1.0,"{""audit"": 0.6551999995281221, ""diagnostic_cut"": 0.0, ""graph_build"": 0.407616999837046, ""recertification"": 0.0, ""repair_planning"": 0.0, ""total"": 1.0628169993651682}",393892,9877,c01f1c107bc82cde120ec14eadf963f6ba5409a45a5fbfd9fe7e0d6e3eb09d70,False,,,,ACCEPT,CONTROL,False,True,True,True,True,True,True,False,False
external:d9f1b7776bd6598afcb8,ext3-mlflow-elasticnet,6e168e696062942ee34410048ce17cf24b5118bc,E1_TARGET_LEAKAGE,B_LOCAL_STRONG,INVALID,True,DATA_PREPARATION,TARGET_NOT_IN_FEATURES,external.data_preparation.target_not_in_features,,[],"[""dataset_manifest.json""]",null,BLOCK,null,False,False,False,0,0,False,1,0,0,1.0,"{""audit"": 0.669635999656748, ""diagnostic_cut"": 0.0, ""graph_build"": 0.40540299960412085, ""recertification"": 0.0, ""repair_planning"": 0.0, ""total"": 1.0750389992608689}",393892,9869,7a96bfdf2da135a5414c949c9cb34b714b076acfa14b0b33dedeb13fd09247ea,True,DATA_PREPARATION,TARGET_NOT_IN_FEATURES,TARGET_NOT_IN_FEATURES,BLOCK,LOCAL,False,True,True,True,True,False,True,False,False
external:f13fd7acbcd8f70625d2,ext3-mlflow-elasticnet,6e168e696062942ee34410048ce17cf24b5118bc,E1_TARGET_LEAKAGE,B_PAIRWISE_RULES,INVALID,True,DATA_PREPARATION,TARGET_NOT_IN_FEATURES,external.data_preparation.target_not_in_features,,[],"[""dataset_manifest.json""]",null,BLOCK,"{""operations"": [""repair_target_not_in_features""]}",False,False,False,0,0,False,1,1,0,1.0,"{""audit"": 0.6651680005234084, ""diagnostic_cut"": 0.0, ""graph_build"": 0.40558299951953813, ""recertification"": 0.0, ""repair_planning"": 0.0, ""total"": 1.0707510000429465}",393892,9869,8c637acf4bf5351acdb56eab26b595bac1d4bfcd423a410b424c5398e114fc50,True,DATA_PREPARATION,TARGET_NOT_IN_FEATURES,TARGET_NOT_IN_FEATURES,BLOCK,LOCAL,False,True,True,True,True,False,True,False,False
external:35c99e6f40e2f42d1db4,ext3-mlflow-elasticnet,6e168e696062942ee34410048ce17cf24b5118bc,E1_TARGET_LEAKAGE,B_MLFLOW_QUERY,VALID,False,,,,,[],[],null,ACCEPT,null,False,False,False,0,0,False,0,0,0,1.0,"{""audit"": 0.6662099995082826, ""diagnostic_cut"": 0.0, ""graph_build"": 0.3993110003648326, ""recertification"": 0.0, ""repair_planning"": 0.0, ""total"": 1.0655209998731152}",393892,9869,b9cc8497d2fe7e6d42decbaa3b5048ecf3b88478588d191d62fd99eb404c98e6,True,DATA_PREPARATION,TARGET_NOT_IN_FEATURES,TARGET_NOT_IN_FEATURES,BLOCK,LOCAL,False,False,False,False,False,False,False,True,False
external:8148ea77e31fb20dcd06,ext3-mlflow-elasticnet,6e168e696062942ee34410048ce17cf24b5118bc,E1_TARGET_LEAKAGE,B_GREEDY_CROSS_STAGE,INVALID,True,DATA_PREPARATION,TARGET_NOT_IN_FEATURES,external.data_preparation.target_not_in_features,TARGET_NOT_IN_FEATURES,[],"[""dataset_manifest.json""]",null,BLOCK,null,False,False,False,0,0,False,1,0,0,1.0,"{""audit"": 0.6548190003741183, ""diagnostic_cut"": 0.0, ""graph_build"": 0.40335900030186167, ""recertification"": 0.0, ""repair_planning"": 0.0, ""total"": 1.05817800067598}",393892,9869,64d6a08480a8b1eb99f6224a505e83af6bd811e82a72caf8258af67c5a9fb2d6,True,DATA_PREPARATION,TARGET_NOT_IN_FEATURES,TARGET_NOT_IN_FEATURES,BLOCK,LOCAL,False,True,True,True,True,True,True,False,False
external:c8d3c376165c00757036,ext3-mlflow-elasticnet,6e168e696062942ee34410048ce17cf24b5118bc,E1_TARGET_LEAKAGE,O_FUZZYXAI,INVALID,True,DATA_PREPARATION,TARGET_NOT_IN_FEATURES,external.data_preparation.target_not_in_features,TARGET_NOT_IN_FEATURES,[],"[""dataset_manifest.json""]","{""atoms"": [], ""optimal"": false, ""size"": 0, ""solver"": ""unavailable""}",BLOCK,null,False,False,False,0,0,False,1,0,0,1.0,"{""audit"": 0.6744250003976049, ""diagnostic_cut"": 0.006222000592970289, ""graph_build"": 0.40326900034415303, ""recertification"": 0.0, ""repair_planning"": 0.0, ""total"": 1.0839160013347282}",393892,9869,8ced0be5d74297dbb2e4157d38b67b3be7d34aa6b11a9bf5f498bd82ac28c89e,True,DATA_PREPARATION,TARGET_NOT_IN_FEATURES,TARGET_NOT_IN_FEATURES,BLOCK,LOCAL,False,True,True,True,True,True,True,False,False
external:073a62ba98617539b096,ext3-mlflow-elasticnet,6e168e696062942ee34410048ce17cf24b5118bc,E2_TRAIN_TEST_OVERLAP,B_LOCAL_STRONG,VALID,False,,,,,[],[],null,ACCEPT,null,False,False,False,0,0,False,0,0,0,1.0,"{""audit"": 0.7268620001923409, ""diagnostic_cut"": 0.0, ""graph_build"": 0.4116239997529192, ""recertification"": 0.0, ""repair_planning"": 0.0, ""total"": 1.1384859999452601}",393892,9869,f90bb413034e6059210cfcd0552854bb247714f972fa02a1c513147c20341234,True,DATA_SPLIT,TRAIN_VALIDATION_TEST_DISJOINTNESS,TRAIN_VALIDATION_TEST_DISJOINTNESS,BLOCK,CROSS_STAGE,True,False,False,False,False,False,False,True,False
external:b45b85d691ed3c9facf9,ext3-mlflow-elasticnet,6e168e696062942ee34410048ce17cf24b5118bc,E2_TRAIN_TEST_OVERLAP,B_PAIRWISE_RULES,INVALID,True,DATA_SPLIT,TRAIN_VALIDATION_TEST_DISJOINTNESS,external.data_split.train_validation_test_disjointness,,[],"[""split_manifest.json""]",null,BLOCK,"{""operations"": [""restore_split_manifest""]}",False,False,False,0,0,False,1,1,0,1.0,"{""audit"": 0.7576879997941433, ""diagnostic_cut"": 0.0, ""graph_build"": 0.4167830002188566, ""recertification"": 0.0, ""repair_planning"": 0.0, ""total"": 1.1744710000129999}",393892,9869,f4a7941ecccf84abdf938ffe58c4c502ca4a36c04540c2198ccd102eaa0c8c66,True,DATA_SPLIT,TRAIN_VALIDATION_TEST_DISJOINTNESS,TRAIN_VALIDATION_TEST_DISJOINTNESS,BLOCK,CROSS_STAGE,True,True,True,True,True,False,True,False,False
external:63b9e2861dec5e3240fb,ext3-mlflow-elasticnet,6e168e696062942ee34410048ce17cf24b5118bc,E2_TRAIN_TEST_OVERLAP,B_MLFLOW_QUERY,VALID,False,,,,,[],[],null,ACCEPT,null,False,False,False,0,0,False,0,0,0,1.0,"{""audit"": 0.6682529992758646, ""diagnostic_cut"": 0.0, ""graph_build"": 0.4115329993510386, ""recertification"": 0.0, ""repair_planning"": 0.0, ""total"": 1.0797859986269032}",393892,9869,864790381b60bf20ea7a3ac2ebcae5c20253402cfda1e73b4d0d4deb7244b52b,True,DATA_SPLIT,TRAIN_VALIDATION_TEST_DISJOINTNESS,TRAIN_VALIDATION_TEST_DISJOINTNESS,BLOCK,CROSS_STAGE,True,False,False,False,False,False,False,True,False
external:497e55eaccb7a8f9cc16,ext3-mlflow-elasticnet,6e168e696062942ee34410048ce17cf24b5118bc,E2_TRAIN_TEST_OVERLAP,B_GREEDY_CROSS_STAGE,INVALID,True,DATA_SPLIT,TRAIN_VALIDATION_TEST_DISJOINTNESS,external.data_split.train_validation_test_disjointness,TRAIN_VALIDATION_TEST_DISJOINTNESS,[],"[""split_manifest.json""]",null,BLOCK,null,False,False,False,0,0,False,1,0,0,1.0,"{""audit"": 0.6755980002708384, ""diagnostic_cut"": 0.0, ""graph_build"": 0.4026870001325733, ""recertification"": 0.0, ""repair_planning"": 0.0, ""total"": 1.0782850004034117}",393892,9869,d3c90e8ed3e48692c8b009c1323b7984bef6061d830e3b3065d28cce11867826,True,DATA_SPLIT,TRAIN_VALIDATION_TEST_DISJOINTNESS,TRAIN_VALIDATION_TEST_DISJOINTNESS,BLOCK,CROSS_STAGE,True,True,True,True,True,True,True,False,False
external:0bde71cfcee1979916fd,ext3-mlflow-elasticnet,6e168e696062942ee34410048ce17cf24b5118bc,E2_TRAIN_TEST_OVERLAP,O_FUZZYXAI,INVALID,True,DATA_SPLIT,TRAIN_VALIDATION_TEST_DISJOINTNESS,external.data_split.train_validation_test_disjointness,TRAIN_VALIDATION_TEST_DISJOINTNESS,[],"[""split_manifest.json""]","{""atoms"": [""node:cause:train_validation_test_disjointness/field:_/violation:source_component""], ""optimal"": true, ""size"": 1, ""solver"": ""exact_branch_and_bound""}",BLOCK,"{""fully_executable"": false, ""operations"": [""restore_split_manifest""], ""rollback"": [""restore_previous_artifact_snapshot""], ""step_ids"": [""step:issue:TRAIN_VALIDATION_TEST_DISJOINTNESS:1""]}",True,True,True,28,0,True,1,1,0,1.0,"{""audit"": 0.6692460001431755, ""diagnostic_cut"": 0.10528299935685936, ""graph_build"": 0.40323900066141505, ""recertification"": 2.6530380000622245, ""repair_planning"": 0.057004000154847745, ""total"": 3.887810000378522}",393892,9869,6f02072b4b1e52b86d8939ac03e7137cb41d44d02dfdd8d6f71aa1a072424e06,True,DATA_SPLIT,TRAIN_VALIDATION_TEST_DISJOINTNESS,TRAIN_VALIDATION_TEST_DISJOINTNESS,BLOCK,CROSS_STAGE,True,True,True,True,True,True,True,False,False
external:6a9a815aa5b8b1b09af7,ext3-mlflow-elasticnet,6e168e696062942ee34410048ce17cf24b5118bc,E3_PREPROCESSOR_FIT_SCOPE,B_LOCAL_STRONG,VALID,False,,,,,[],[],null,ACCEPT,null,False,False,False,0,0,False,0,0,0,1.0,"{""audit"": 0.681818999510142, ""diagnostic_cut"": 0.0, ""graph_build"": 0.409590000344906, ""recertification"": 0.0, ""repair_planning"": 0.0, ""total"": 1.091408999855048}",393892,9869,ffb6c8a4e16e668f8c530a14ee89aecdf24608784cb2c141ef013d8388535eec,True,PREPROCESSING,PREPROCESSOR_FIT_SCOPE,PREPROCESSOR_FIT_SCOPE,BLOCK,CROSS_STAGE,True,False,False,False,False,False,False,True,False
external:594317f17d653134824d,ext3-mlflow-elasticnet,6e168e696062942ee34410048ce17cf24b5118bc,E3_PREPROCESSOR_FIT_SCOPE,B_PAIRWISE_RULES,INVALID,True,PREPROCESSING,PREPROCESSOR_FIT_SCOPE,external.preprocessing.preprocessor_fit_scope,,[],"[""preprocessor_manifest.json""]",null,BLOCK,"{""operations"": [""refit_preprocessor_on_train""]}",False,False,False,0,0,False,1,1,0,1.0,"{""audit"": 0.6634860001213383, ""diagnostic_cut"": 0.0, ""graph_build"": 0.4084980000698124, ""recertification"": 0.0, ""repair_planning"": 0.0, ""total"": 1.0719840001911507}",393892,9869,5ff609a1adcff9057b8a53744cf5956788667878d19009735cd6bfe86e6bfc23,True,PREPROCESSING,PREPROCESSOR_FIT_SCOPE,PREPROCESSOR_FIT_SCOPE,BLOCK,CROSS_STAGE,True,True,True,True,True,False,True,False,False
external:01719ff985b451962c84,ext3-mlflow-elasticnet,6e168e696062942ee34410048ce17cf24b5118bc,E3_PREPROCESSOR_FIT_SCOPE,B_MLFLOW_QUERY,VALID,False,,,,,[],[],null,ACCEPT,null,False,False,False,0,0,False,0,0,0,1.0,"{""audit"": 0.6667019997621537, ""diagnostic_cut"": 0.0, ""graph_build"": 0.4065240000272752, ""recertification"": 0.0, ""repair_planning"": 0.0, ""total"": 1.073225999789429}",393892,9869,d13c42646afc49a77360ef404a66d4735e2edd9af8b508c74067e21f900c6c28,True,PREPROCESSING,PREPROCESSOR_FIT_SCOPE,PREPROCESSOR_FIT_SCOPE,BLOCK,CROSS_STAGE,True,False,False,False,False,False,False,True,False
external:dee1fb25e1e136080fff,ext3-mlflow-elasticnet,6e168e696062942ee34410048ce17cf24b5118bc,E3_PREPROCESSOR_FIT_SCOPE,B_GREEDY_CROSS_STAGE,INVALID,True,PREPROCESSING,PREPROCESSOR_FIT_SCOPE,external.preprocessing.preprocessor_fit_scope,PREPROCESSOR_FIT_SCOPE,[],"[""preprocessor_manifest.json""]",null,BLOCK,null,False,False,False,0,0,False,1,0,0,1.0,"{""audit"": 0.6723019996570656, ""diagnostic_cut"": 0.0, ""graph_build"": 0.39919100072438596, ""recertification"": 0.0, ""repair_planning"": 0.0, ""total"": 1.0714930003814516}",393892,9869,73287417a4bd6e98ed26c00707a008a112c49f0a4eaa86f37d3c378cd727ce3e,True,PREPROCESSING,PREPROCESSOR_FIT_SCOPE,PREPROCESSOR_FIT_SCOPE,BLOCK,CROSS_STAGE,True,True,True,True,True,True,True,False,False
external:b3c8207637418f3cf1ed,ext3-mlflow-elasticnet,6e168e696062942ee34410048ce17cf24b5118bc,E3_PREPROCESSOR_FIT_SCOPE,O_FUZZYXAI,INVALID,True,PREPROCESSING,PREPROCESSOR_FIT_SCOPE,external.preprocessing.preprocessor_fit_scope,PREPROCESSOR_FIT_SCOPE,[],"[""preprocessor_manifest.json""]","{""atoms"": [""node:cause:preprocessor_fit_scope/field:_/violation:source_component""], ""optimal"": true, ""size"": 1, ""solver"": ""exact_branch_and_bound""}",BLOCK,"{""fully_executable"": false, ""operations"": [""restore_split_manifest""], ""rollback"": [""restore_previous_artifact_snapshot""], ""step_ids"": [""step:issue:PREPROCESSOR_FIT_SCOPE:1""]}",True,True,True,28,0,True,1,1,0,1.0,"{""audit"": 0.6730830000378774, ""diagnostic_cut"": 0.10938099967461312, ""graph_build"": 0.40571299996372545, ""recertification"": 2.488978999281244, ""repair_planning"": 0.04597400038619526, ""total"": 3.723129999343655}",393892,9869,81cc05ad9ad44ecd1da17f14d03c64f81bc20977f79991f7acb0aee702784d31,True,PREPROCESSING,PREPROCESSOR_FIT_SCOPE,PREPROCESSOR_FIT_SCOPE,BLOCK,CROSS_STAGE,True,True,True,True,True,True,True,False,False
external:3d594811be1f86d6b84e,ext3-mlflow-elasticnet,6e168e696062942ee34410048ce17cf24b5118bc,E4_FEATURE_SCHEMA_OR_ORDER,B_LOCAL_STRONG,VALID,False,,,,,[],[],null,ACCEPT,null,False,False,False,0,0,False,0,0,0,1.0,"{""audit"": 0.721731000339787, ""diagnostic_cut"": 0.0, ""graph_build"": 0.4218220001348527, ""recertification"": 0.0, ""repair_planning"": 0.0, ""total"": 1.1435530004746397}",393892,9869,d134e8b050b93cef78f4b2799c73f1b67999c7af97d9a037e8f784ca15e6fbe3,True,PREPROCESSING,FEATURE_ORDER,FEATURE_ORDER,BLOCK,GLOBAL,True,False,False,False,False,False,False,True,False
external:d24e4dc9134a88623d66,ext3-mlflow-elasticnet,6e168e696062942ee34410048ce17cf24b5118bc,E4_FEATURE_SCHEMA_OR_ORDER,B_PAIRWISE_RULES,INVALID,True,PREPROCESSING,FEATURE_ORDER,external.preprocessing.feature_order,,"[""MODEL_INPUT_SCHEMA"", ""PREDICTION_OUTPUT_SANITY"", ""EXPLANATION_OUTPUT_CONSISTENCY"", ""USER_CLAIM_EVIDENCE_BINDING""]","[""preprocessor_manifest.json"", ""prediction_manifest.json"", ""explanation_manifest.json""]",null,BLOCK,"{""operations"": [""restore_feature_schema"", ""repair_model_input_schema"", ""repair_prediction_output_sanity"", ""repair_explanation_output_consistency"", ""repair_user_claim_evidence_binding""]}",False,False,False,0,0,False,5,5,4,1.0,"{""audit"": 0.6968160005271784, ""diagnostic_cut"": 0.0, ""graph_build"": 0.41511000017635524, ""recertification"": 0.0, ""repair_planning"": 0.0, ""total"": 1.1119260007035336}",393892,9869,608e0a6a61d7fb1a60f728f2e6b048d1c461e1e9746c6816f9355fdb9c8a364c,True,PREPROCESSING,FEATURE_ORDER,FEATURE_ORDER,BLOCK,GLOBAL,True,True,True,True,True,False,True,False,False
external:c574bfb1d92be52e47b1,ext3-mlflow-elasticnet,6e168e696062942ee34410048ce17cf24b5118bc,E4_FEATURE_SCHEMA_OR_ORDER,B_MLFLOW_QUERY,VALID,False,,,,,[],[],null,ACCEPT,null,False,False,False,0,0,False,0,0,0,1.0,"{""audit"": 0.7008940001469455, ""diagnostic_cut"": 0.0, ""graph_build"": 0.4096709999430459, ""recertification"": 0.0, ""repair_planning"": 0.0, ""total"": 1.1105650000899914}",393892,9869,41f2898934cce85d6c5551e107ccf3eb7fd2e0266a6076fc9567f36438dca765,True,PREPROCESSING,FEATURE_ORDER,FEATURE_ORDER,BLOCK,GLOBAL,True,False,False,False,False,False,False,True,False
external:539bf6304e2b65e291e9,ext3-mlflow-elasticnet,6e168e696062942ee34410048ce17cf24b5118bc,E4_FEATURE_SCHEMA_OR_ORDER,B_GREEDY_CROSS_STAGE,INVALID,True,PREPROCESSING,FEATURE_ORDER,external.preprocessing.feature_order,FEATURE_ORDER,[],"[""preprocessor_manifest.json"", ""prediction_manifest.json"", ""explanation_manifest.json""]",null,BLOCK,null,False,False,False,0,0,False,5,0,0,1.0,"{""audit"": 0.735466999685741, ""diagnostic_cut"": 0.0, ""graph_build"": 0.40582400015409803, ""recertification"": 0.0, ""repair_planning"": 0.0, ""total"": 1.141290999839839}",393892,9869,4107738d111d8f29540ba50bdeccf6aaffa88ef1be6757757662803f3a06b59b,True,PREPROCESSING,FEATURE_ORDER,FEATURE_ORDER,BLOCK,GLOBAL,True,True,True,True,True,True,True,False,False
external:7499b18aebfe062a2516,ext3-mlflow-elasticnet,6e168e696062942ee34410048ce17cf24b5118bc,E4_FEATURE_SCHEMA_OR_ORDER,O_FUZZYXAI,INVALID,True,PREPROCESSING,FEATURE_ORDER,external.preprocessing.feature_order,FEATURE_ORDER,"[""MODEL_INPUT_SCHEMA"", ""PREDICTION_OUTPUT_SANITY"", ""EXPLANATION_OUTPUT_CONSISTENCY"", ""USER_CLAIM_EVIDENCE_BINDING""]","[""preprocessor_manifest.json"", ""prediction_manifest.json"", ""explanation_manifest.json""]","{""atoms"": [""node:cause:feature_order/field:_/violation:source_component""], ""optimal"": false, ""size"": 1, ""solver"": ""exact_branch_and_bound""}",BLOCK,"{""fully_executable"": false, ""operations"": [""restore_split_manifest""], ""rollback"": [""restore_previous_artifact_snapshot""], ""step_ids"": [""step:issue:EXPLANATION_OUTPUT_CONSISTENCY:1""]}",True,True,True,28,0,True,5,1,0,1.0,"{""audit"": 0.7925319996502367, ""diagnostic_cut"": 0.1066249997165869, ""graph_build"": 0.41096299992204877, ""recertification"": 2.6084680002895766, ""repair_planning"": 0.08912300017982488, ""total"": 4.007710999758274}",393892,9869,32dd9b8c5802788a077ac47dca972210342a41f02c32a1b1095fe4ad65673a05,True,PREPROCESSING,FEATURE_ORDER,FEATURE_ORDER,BLOCK,GLOBAL,True,True,True,True,True,True,True,False,False
external:f5d4f93e99d4e4b29ea7,ext3-mlflow-elasticnet,6e168e696062942ee34410048ce17cf24b5118bc,E5_MODEL_ARTIFACT_MISMATCH,B_LOCAL_STRONG,INVALID,True,MODEL_ARTIFACT,MODEL_ARTIFACT_HASH,external.model_artifact.model_artifact_hash,,[],"[""model_manifest.json""]",null,BLOCK,null,False,False,False,0,0,False,1,0,0,1.0,"{""audit"": 0.6758179997632396, ""diagnostic_cut"": 0.0, ""graph_build"": 0.42322499939473346, ""recertification"": 0.0, ""repair_planning"": 0.0, ""total"": 1.099042999157973}",393892,9869,f5c2e6711770d9fbf0f59a988f2582d652f956b82aa46cc95c5388a280c7ae52,True,MODEL_ARTIFACT,MODEL_ARTIFACT_HASH,MODEL_ARTIFACT_HASH,BLOCK,LOCAL,True,True,True,True,True,False,True,False,False
external:1702434305fea2cac5e1,ext3-mlflow-elasticnet,6e168e696062942ee34410048ce17cf24b5118bc,E5_MODEL_ARTIFACT_MISMATCH,B_PAIRWISE_RULES,INVALID,True,MODEL_ARTIFACT,MODEL_ARTIFACT_HASH,external.model_artifact.model_artifact_hash,,[],"[""model_manifest.json""]",null,BLOCK,"{""operations"": [""restore_registered_model""]}",False,False,False,0,0,False,1,1,0,1.0,"{""audit"": 0.6692059996566968, ""diagnostic_cut"": 0.0, ""graph_build"": 0.4107119993932429, ""recertification"": 0.0, ""repair_planning"": 0.0, ""total"": 1.0799179990499397}",393892,9869,ef478e667b91bb2ac50f9a735c9fe3f5d66857e448343bdd48272a39a951adbd,True,MODEL_ARTIFACT,MODEL_ARTIFACT_HASH,MODEL_ARTIFACT_HASH,BLOCK,LOCAL,True,True,True,True,True,False,True,False,False
external:9423fdf15840fd42da72,ext3-mlflow-elasticnet,6e168e696062942ee34410048ce17cf24b5118bc,E5_MODEL_ARTIFACT_MISMATCH,B_MLFLOW_QUERY,INVALID,True,MODEL_ARTIFACT,MODEL_ARTIFACT_HASH,external.model_artifact.model_artifact_hash,,[],"[""model_manifest.json""]",null,BLOCK,null,False,False,False,0,0,False,1,0,0,1.0,"{""audit"": 0.6705579999106703, ""diagnostic_cut"": 0.0, ""graph_build"": 0.4412079997564433, ""recertification"": 0.0, ""repair_planning"": 0.0, ""total"": 1.1117659996671136}",393892,9869,15963fe91e9451a67b2ee2f235372b0da291ce66b842873f8269835685adda2b,True,MODEL_ARTIFACT,MODEL_ARTIFACT_HASH,MODEL_ARTIFACT_HASH,BLOCK,LOCAL,True,True,True,True,True,False,True,False,False
external:f34648f69fd3cb013a2c,ext3-mlflow-elasticnet,6e168e696062942ee34410048ce17cf24b5118bc,E5_MODEL_ARTIFACT_MISMATCH,B_GREEDY_CROSS_STAGE,INVALID,True,MODEL_ARTIFACT,MODEL_ARTIFACT_HASH,external.model_artifact.model_artifact_hash,MODEL_ARTIFACT_HASH,[],"[""model_manifest.json""]",null,BLOCK,null,False,False,False,0,0,False,1,0,0,1.0,"{""audit"": 0.6702269993184018, ""diagnostic_cut"": 0.0, ""graph_build"": 0.4036489999634796, ""recertification"": 0.0, ""repair_planning"": 0.0, ""total"": 1.0738759992818814}",393892,9869,6c89ee73a560dbe12a034d1d75889a8564df24aa745cc546a5d04b1657cd99da,True,MODEL_ARTIFACT,MODEL_ARTIFACT_HASH,MODEL_ARTIFACT_HASH,BLOCK,LOCAL,True,True,True,True,True,True,True,False,False
external:5337040aaaa89f9505eb,ext3-mlflow-elasticnet,6e168e696062942ee34410048ce17cf24b5118bc,E5_MODEL_ARTIFACT_MISMATCH,O_FUZZYXAI,INVALID,True,MODEL_ARTIFACT,MODEL_ARTIFACT_HASH,external.model_artifact.model_artifact_hash,MODEL_ARTIFACT_HASH,[],"[""model_manifest.json""]","{""atoms"": [""node:cause:model_artifact_hash/field:_/violation:source_component""], ""optimal"": true, ""size"": 1, ""solver"": ""exact_branch_and_bound""}",BLOCK,"{""fully_executable"": false, ""operations"": [""restore_registered_model""], ""rollback"": [""restore_previous_artifact_snapshot""], ""step_ids"": [""step:issue:MODEL_ARTIFACT_HASH:1""]}",True,True,True,28,0,True,1,1,0,1.0,"{""audit"": 0.6648969992966158, ""diagnostic_cut"": 0.10188699980062665, ""graph_build"": 0.40844799968908774, ""recertification"": 2.5969459993575583, ""repair_planning"": 0.04830800025956705, ""total"": 3.8204859984034556}",393892,9869,531d0cace2d715844ca1d64499bd59c27666779c99b6a713f5358160bf8cd31d,True,MODEL_ARTIFACT,MODEL_ARTIFACT_HASH,MODEL_ARTIFACT_HASH,BLOCK,LOCAL,True,True,True,True,True,True,True,False,False
external:169a85d077c351bd4b5b,ext3-mlflow-elasticnet,6e168e696062942ee34410048ce17cf24b5118bc,E6_MODEL_EXPLAINER_VERSION,B_LOCAL_STRONG,VALID,False,,,,,[],[],null,ACCEPT,null,False,False,False,0,0,False,0,0,0,1.0,"{""audit"": 0.6982889999562758, ""diagnostic_cut"": 0.0, ""graph_build"": 0.42419700002938043, ""recertification"": 0.0, ""repair_planning"": 0.0, ""total"": 1.1224859999856562}",393892,9869,f051578d8c467e5b4b145be1861f7e5fc59af4fdf60daad8ae685f55ef81eec2,True,POST_HOC_EXPLANATION,MODEL_EXPLAINER_VERSION,MODEL_EXPLAINER_VERSION,BLOCK,CROSS_STAGE,True,False,False,False,False,False,False,True,False
external:aab78d47028d1e41a96b,ext3-mlflow-elasticnet,6e168e696062942ee34410048ce17cf24b5118bc,E6_MODEL_EXPLAINER_VERSION,B_PAIRWISE_RULES,INVALID,True,POST_HOC_EXPLANATION,MODEL_EXPLAINER_VERSION,external.post_hoc_explanation.model_explainer_version,,[],"[""explanation_manifest.json""]",null,BLOCK,"{""operations"": [""rebuild_explanation_for_registered_model""]}",False,False,False,0,0,False,1,1,0,1.0,"{""audit"": 0.7948649999889312, ""diagnostic_cut"": 0.0, ""graph_build"": 0.46343899975909153, ""recertification"": 0.0, ""repair_planning"": 0.0, ""total"": 1.2583039997480228}",393892,9869,c4f4adefce98ddc29edf9b58625ed9dcca2cb4e7f32a805b7af912e4e68c4d30,True,POST_HOC_EXPLANATION,MODEL_EXPLAINER_VERSION,MODEL_EXPLAINER_VERSION,BLOCK,CROSS_STAGE,True,True,True,True,True,False,True,False,False
external:2de10abd28dcb1439fbb,ext3-mlflow-elasticnet,6e168e696062942ee34410048ce17cf24b5118bc,E6_MODEL_EXPLAINER_VERSION,B_MLFLOW_QUERY,INVALID,True,POST_HOC_EXPLANATION,MODEL_EXPLAINER_VERSION,external.post_hoc_explanation.model_explainer_version,,[],"[""explanation_manifest.json""]",null,BLOCK,null,False,False,False,0,0,False,1,0,0,1.0,"{""audit"": 0.6768699995518546, ""diagnostic_cut"": 0.0, ""graph_build"": 0.4177649998382549, ""recertification"": 0.0, ""repair_planning"": 0.0, ""total"": 1.0946349993901094}",393892,9869,d663e8fb0ae4c8406e259286873b1a0a1402b12b3831ec079beb5e84679894c5,True,POST_HOC_EXPLANATION,MODEL_EXPLAINER_VERSION,MODEL_EXPLAINER_VERSION,BLOCK,CROSS_STAGE,True,True,True,True,True,False,True,False,False
external:b2b95be5f475273f1ab4,ext3-mlflow-elasticnet,6e168e696062942ee34410048ce17cf24b5118bc,E6_MODEL_EXPLAINER_VERSION,B_GREEDY_CROSS_STAGE,INVALID,True,POST_HOC_EXPLANATION,MODEL_EXPLAINER_VERSION,external.post_hoc_explanation.model_explainer_version,MODEL_EXPLAINER_VERSION,[],"[""explanation_manifest.json""]",null,BLOCK,null,False,False,False,0,0,False,1,0,0,1.0,"{""audit"": 0.6639160001213895, ""diagnostic_cut"": 0.0, ""graph_build"": 0.4118840006412938, ""recertification"": 0.0, ""repair_planning"": 0.0, ""total"": 1.0758000007626833}",393892,9869,c9150462a639bbb6083b400be1a13232f39202bd10fb6134405becea86747433,True,POST_HOC_EXPLANATION,MODEL_EXPLAINER_VERSION,MODEL_EXPLAINER_VERSION,BLOCK,CROSS_STAGE,True,True,True,True,True,True,True,False,False
external:79ba3aec748e3df6baf9,ext3-mlflow-elasticnet,6e168e696062942ee34410048ce17cf24b5118bc,E6_MODEL_EXPLAINER_VERSION,O_FUZZYXAI,INVALID,True,POST_HOC_EXPLANATION,MODEL_EXPLAINER_VERSION,external.post_hoc_explanation.model_explainer_version,MODEL_EXPLAINER_VERSION,[],"[""explanation_manifest.json""]","{""atoms"": [""node:cause:model_explainer_version/field:_/violation:source_component""], ""optimal"": true, ""size"": 1, ""solver"": ""exact_branch_and_bound""}",BLOCK,"{""fully_executable"": false, ""operations"": [""rebuild_explanation_for_registered_model""], ""rollback"": [""restore_previous_artifact_snapshot""], ""step_ids"": [""step:issue:MODEL_EXPLAINER_VERSION:1""]}",True,True,True,28,0,True,1,1,0,1.0,"{""audit"": 0.6591869996555033, ""diagnostic_cut"": 0.12203299957036506, ""graph_build"": 0.4151899993303232, ""recertification"": 2.5259759995606146, ""repair_planning"": 0.052706000133184716, ""total"": 3.775091998249991}",393892,9869,368d13b138ea912f7e0cdc677566fae20852ac8e6d68b3df59bc79a56e428a39,True,POST_HOC_EXPLANATION,MODEL_EXPLAINER_VERSION,MODEL_EXPLAINER_VERSION,BLOCK,CROSS_STAGE,True,True,True,True,True,True,True,False,False
external:d939a30b09d8ebb4d6b0,ext3-mlflow-elasticnet,6e168e696062942ee34410048ce17cf24b5118bc,E7_PREDICTION_EXPLANATION_BINDING,B_LOCAL_STRONG,VALID,False,,,,,[],[],null,ACCEPT,null,False,False,False,0,0,False,0,0,0,1.0,"{""audit"": 0.7057729999360163, ""diagnostic_cut"": 0.0, ""graph_build"": 0.4276930003470625, ""recertification"": 0.0, ""repair_planning"": 0.0, ""total"": 1.1334660002830788}",393892,9869,607073c2b588db68b73437b8ba598e43a367ab55aaeff770967c73774a234674,True,INFERENCE,PREDICTION_OBJECT_BINDING,PREDICTION_OBJECT_BINDING,BLOCK,CROSS_STAGE,True,False,False,False,False,False,False,True,False
external:0c3cabc40a6969850a4b,ext3-mlflow-elasticnet,6e168e696062942ee34410048ce17cf24b5118bc,E7_PREDICTION_EXPLANATION_BINDING,B_PAIRWISE_RULES,INVALID,True,INFERENCE,PREDICTION_OBJECT_BINDING,external.inference.prediction_object_binding,,[],"[""prediction_manifest.json""]",null,BLOCK,"{""operations"": [""rebuild_explanation_for_registered_model""]}",False,False,False,0,0,False,1,1,0,1.0,"{""audit"": 0.7178249998105457, ""diagnostic_cut"": 0.0, ""graph_build"": 0.4416489991854178, ""recertification"": 0.0, ""repair_planning"": 0.0, ""total"": 1.1594739989959635}",393892,9869,2df26cdbfb7c4b381aa07594d54db2e212c1d1b9e6f5b01c3dc4ca7d55c66377,True,INFERENCE,PREDICTION_OBJECT_BINDING,PREDICTION_OBJECT_BINDING,BLOCK,CROSS_STAGE,True,True,True,True,True,False,True,False,False
external:8dca0a05214e9b3c8e02,ext3-mlflow-elasticnet,6e168e696062942ee34410048ce17cf24b5118bc,E7_PREDICTION_EXPLANATION_BINDING,B_MLFLOW_QUERY,VALID,False,,,,,[],[],null,ACCEPT,null,False,False,False,0,0,False,0,0,0,1.0,"{""audit"": 0.666109999656328, ""diagnostic_cut"": 0.0, ""graph_build"": 0.4163819994573714, ""recertification"": 0.0, ""repair_planning"": 0.0, ""total"": 1.0824919991136994}",393892,9869,5c7db36490abb1585ccfdfabad7b03eb7b4d46e361476cb229fd0661a016d43c,True,INFERENCE,PREDICTION_OBJECT_BINDING,PREDICTION_OBJECT_BINDING,BLOCK,CROSS_STAGE,True,False,False,False,False,False,False,True,False
external:d0cec189d9afa51112eb,ext3-mlflow-elasticnet,6e168e696062942ee34410048ce17cf24b5118bc,E7_PREDICTION_EXPLANATION_BINDING,B_GREEDY_CROSS_STAGE,INVALID,True,INFERENCE,PREDICTION_OBJECT_BINDING,external.inference.prediction_object_binding,PREDICTION_OBJECT_BINDING,[],"[""prediction_manifest.json""]",null,BLOCK,null,False,False,False,0,0,False,1,0,0,1.0,"{""audit"": 0.6609909996768693, ""diagnostic_cut"": 0.0, ""graph_build"": 0.4126559997530421, ""recertification"": 0.0, ""repair_planning"": 0.0, ""total"": 1.0736469994299114}",393892,9869,4d4b9edb2415a75a637dd63cebc423d2068e9e13950e4857c5dd2ea7cf8cde38,True,INFERENCE,PREDICTION_OBJECT_BINDING,PREDICTION_OBJECT_BINDING,BLOCK,CROSS_STAGE,True,True,True,True,True,True,True,False,False
external:5c730f619337bde8becc,ext3-mlflow-elasticnet,6e168e696062942ee34410048ce17cf24b5118bc,E7_PREDICTION_EXPLANATION_BINDING,O_FUZZYXAI,INVALID,True,INFERENCE,PREDICTION_OBJECT_BINDING,external.inference.prediction_object_binding,PREDICTION_OBJECT_BINDING,[],"[""prediction_manifest.json""]","{""atoms"": [""node:cause:prediction_object_binding/field:_/violation:source_component""], ""optimal"": true, ""size"": 1, ""solver"": ""exact_branch_and_bound""}",BLOCK,"{""fully_executable"": false, ""operations"": [""rebuild_explanation_for_registered_model""], ""rollback"": [""restore_previous_artifact_snapshot""], ""step_ids"": [""step:issue:PREDICTION_OBJECT_BINDING:1""]}",True,True,True,28,0,True,1,1,0,1.0,"{""audit"": 0.7452039999407134, ""diagnostic_cut"": 0.11556200024642749, ""graph_build"": 0.40984000042953994, ""recertification"": 2.485080999576894, ""repair_planning"": 0.053869000112172216, ""total"": 3.809556000305747}",393892,9869,69806b01161969d837ac0c2b691a4fd365156b36e6385390992985c49cffbc02,True,INFERENCE,PREDICTION_OBJECT_BINDING,PREDICTION_OBJECT_BINDING,BLOCK,CROSS_STAGE,True,True,True,True,True,True,True,False,False
external:4a04622908b4685afe1e,ext3-mlflow-elasticnet,6e168e696062942ee34410048ce17cf24b5118bc,E8_EXPLANATION_PROVENANCE,B_LOCAL_STRONG,INVALID,True,POST_HOC_EXPLANATION,REQUIRED_PROVENANCE,external.post_hoc_explanation.required_provenance,,[],"[""explanation_manifest.json""]",null,BLOCK,null,False,False,False,0,0,False,1,0,0,1.0,"{""audit"": 0.68045600073674, ""diagnostic_cut"": 0.0, ""graph_build"": 0.4179760007900768, ""recertification"": 0.0, ""repair_planning"": 0.0, ""total"": 1.0984320015268167}",393892,9869,35739164ecefc38e5d76632f823111d8da44985910db34a6278eedab18fc17b6,True,POST_HOC_EXPLANATION,REQUIRED_PROVENANCE,REQUIRED_PROVENANCE,BLOCK,LOCAL,True,True,True,True,True,False,True,False,False
external:9e19f3615493a168ad87,ext3-mlflow-elasticnet,6e168e696062942ee34410048ce17cf24b5118bc,E8_EXPLANATION_PROVENANCE,B_PAIRWISE_RULES,INVALID,True,POST_HOC_EXPLANATION,REQUIRED_PROVENANCE,external.post_hoc_explanation.required_provenance,,[],"[""explanation_manifest.json""]",null,BLOCK,"{""operations"": [""restore_explanation_provenance""]}",False,False,False,0,0,False,1,1,0,1.0,"{""audit"": 0.740024999686284, ""diagnostic_cut"": 0.0, ""graph_build"": 0.41060199964704225, ""recertification"": 0.0, ""repair_planning"": 0.0, ""total"": 1.1506269993333262}",393892,9869,4e293557c66c187a5c633e0aa74367d267fa2c7bceb1ecece3982bcf03a85c87,True,POST_HOC_EXPLANATION,REQUIRED_PROVENANCE,REQUIRED_PROVENANCE,BLOCK,LOCAL,True,True,True,True,True,False,True,False,False
external:0c31f65b9a273df4eca1,ext3-mlflow-elasticnet,6e168e696062942ee34410048ce17cf24b5118bc,E8_EXPLANATION_PROVENANCE,B_MLFLOW_QUERY,INVALID,True,POST_HOC_EXPLANATION,REQUIRED_PROVENANCE,external.post_hoc_explanation.required_provenance,,[],"[""explanation_manifest.json""]",null,BLOCK,null,False,False,False,0,0,False,1,0,0,1.0,"{""audit"": 0.6714500004818547, ""diagnostic_cut"": 0.0, ""graph_build"": 0.4362089994174312, ""recertification"": 0.0, ""repair_planning"": 0.0, ""total"": 1.1076589998992858}",393892,9869,8b711bb5e83d35cf48f7601a1b9d085c0214425f2fffd072552ee2dde8357f88,True,POST_HOC_EXPLANATION,REQUIRED_PROVENANCE,REQUIRED_PROVENANCE,BLOCK,LOCAL,True,True,True,True,True,False,True,False,False
external:b8092d2a7975530e513e,ext3-mlflow-elasticnet,6e168e696062942ee34410048ce17cf24b5118bc,E8_EXPLANATION_PROVENANCE,B_GREEDY_CROSS_STAGE,INVALID,True,POST_HOC_EXPLANATION,REQUIRED_PROVENANCE,external.post_hoc_explanation.required_provenance,REQUIRED_PROVENANCE,[],"[""explanation_manifest.json""]",null,BLOCK,null,False,False,False,0,0,False,1,0,0,1.0,"{""audit"": 0.6592480003746459, ""diagnostic_cut"": 0.0, ""graph_build"": 0.41224500000680564, ""recertification"": 0.0, ""repair_planning"": 0.0, ""total"": 1.0714930003814516}",393892,9869,f1c742a044f9e4e356ed1efc926af0a140eaaa0db102d3c4cef88a2687db65b2,True,POST_HOC_EXPLANATION,REQUIRED_PROVENANCE,REQUIRED_PROVENANCE,BLOCK,LOCAL,True,True,True,True,True,True,True,False,False
external:e5299ab40f17566e93e7,ext3-mlflow-elasticnet,6e168e696062942ee34410048ce17cf24b5118bc,E8_EXPLANATION_PROVENANCE,O_FUZZYXAI,INVALID,True,POST_HOC_EXPLANATION,REQUIRED_PROVENANCE,external.post_hoc_explanation.required_provenance,REQUIRED_PROVENANCE,[],"[""explanation_manifest.json""]","{""atoms"": [""node:cause:required_provenance/field:_/violation:source_component""], ""optimal"": true, ""size"": 1, ""solver"": ""exact_branch_and_bound""}",BLOCK,"{""fully_executable"": false, ""operations"": [""restore_explanation_provenance""], ""rollback"": [""restore_previous_artifact_snapshot""], ""step_ids"": [""step:issue:REQUIRED_PROVENANCE:1""]}",True,True,True,28,0,True,1,1,0,1.0,"{""audit"": 0.6958539997867774, ""diagnostic_cut"": 0.11058299969590735, ""graph_build"": 0.4022660004920908, ""recertification"": 2.5949329992727144, ""repair_planning"": 0.050212000132887624, ""total"": 3.8538479993803776}",394020,9869,6bd17c7f9536a5f8e54b62115256fedcc963aeaafde32ab220b323519289f9f5,True,POST_HOC_EXPLANATION,REQUIRED_PROVENANCE,REQUIRED_PROVENANCE,BLOCK,LOCAL,True,True,True,True,True,True,True,False,False
external:3ad0e152eadd55a9f2f8,ext4-lime-tabular,fd7eb2e6f760619c29fca0187c07b82157601b32,C1_BASELINE,B_LOCAL_STRONG,VALID,False,,,,,[],[],null,ACCEPT,null,False,False,False,0,0,False,0,0,0,1.0,"{""audit"": 0.651953999295074, ""diagnostic_cut"": 0.0, ""graph_build"": 0.4745800006276113, ""recertification"": 0.0, ""repair_planning"": 0.0, ""total"": 1.1265339999226853}",394020,58571,6f611df3d779d45a9aa2f3248dfbb4ed852d8db30b02abfaca5e458d2c88f155,False,,,,ACCEPT,CONTROL,False,True,True,True,True,True,True,False,False
external:9a9fe1a283fab270db05,ext4-lime-tabular,fd7eb2e6f760619c29fca0187c07b82157601b32,C1_BASELINE,B_PAIRWISE_RULES,VALID,False,,,,,[],[],null,ACCEPT,null,False,False,False,0,0,False,0,0,0,1.0,"{""audit"": 0.6394510000973241, ""diagnostic_cut"": 0.0, ""graph_build"": 0.47305699990829453, ""recertification"": 0.0, ""repair_planning"": 0.0, ""total"": 1.1125080000056187}",394020,58571,e6ccfefc2aa9df50cb2d2046324d679e30aec958991b50383828b88daeb33e53,False,,,,ACCEPT,CONTROL,False,True,True,True,True,True,True,False,False
external:157b9653fdc154b8c8ef,ext4-lime-tabular,fd7eb2e6f760619c29fca0187c07b82157601b32,C1_BASELINE,B_MLFLOW_QUERY,VALID,False,,,,,[],[],null,ACCEPT,null,False,False,False,0,0,False,0,0,0,1.0,"{""audit"": 0.6391799997800263, ""diagnostic_cut"": 0.0, ""graph_build"": 0.4665039996325504, ""recertification"": 0.0, ""repair_planning"": 0.0, ""total"": 1.1056839994125767}",394020,58571,3dce4ffea1cecb7304a33089ebb73e2a24cca6c4195acc7cbd1a57f7410e84b4,False,,,,ACCEPT,CONTROL,False,True,True,True,True,True,True,False,False
external:cea79db3adcf8d0fa8af,ext4-lime-tabular,fd7eb2e6f760619c29fca0187c07b82157601b32,C1_BASELINE,B_GREEDY_CROSS_STAGE,VALID,False,,,,,[],[],null,ACCEPT,null,False,False,False,0,0,False,0,0,0,1.0,"{""audit"": 0.6451920007748413, ""diagnostic_cut"": 0.0, ""graph_build"": 0.4603830002452014, ""recertification"": 0.0, ""repair_planning"": 0.0, ""total"": 1.1055750010200427}",394020,58571,3cf1300bb2cc25d6ded9f2ba5dc7a6ff80b19674f3ac13ea99d5900fd8169dd1,False,,,,ACCEPT,CONTROL,False,True,True,True,True,True,True,False,False
external:969480e2c67ab513c62c,ext4-lime-tabular,fd7eb2e6f760619c29fca0187c07b82157601b32,C1_BASELINE,O_FUZZYXAI,VALID,False,,,,,[],[],null,ACCEPT,null,False,False,False,0,0,False,0,0,0,1.0,"{""audit"": 0.6484080004156567, ""diagnostic_cut"": 0.0, ""graph_build"": 0.4589609998220112, ""recertification"": 0.0, ""repair_planning"": 0.0, ""total"": 1.107369000237668}",394020,58571,b5b630745be3f26b3d3b062e4cc7ea21fde8e21f5cc69d4e34910cbe2c0d9890,False,,,,ACCEPT,CONTROL,False,True,True,True,True,True,True,False,False
external:0edf4525cffac1f139c9,ext4-lime-tabular,fd7eb2e6f760619c29fca0187c07b82157601b32,C2_CONSISTENT_RETRAIN,B_LOCAL_STRONG,VALID,False,,,,,[],[],null,ACCEPT,null,False,False,False,0,0,False,0,0,0,1.0,"{""audit"": 0.6545389996972517, ""diagnostic_cut"": 0.0, ""graph_build"": 0.47889699999359436, ""recertification"": 0.0, ""repair_planning"": 0.0, ""total"": 1.133435999690846}",394020,55239,03a5b5a25f4fa9235551d5c37e91b7b3e651f7b4cea88b987e3cb83b0d69676e,False,,,,ACCEPT,CONTROL,False,True,True,True,True,True,True,False,False
external:1f893da251a7a3b6240c,ext4-lime-tabular,fd7eb2e6f760619c29fca0187c07b82157601b32,C2_CONSISTENT_RETRAIN,B_PAIRWISE_RULES,VALID,False,,,,,[],[],null,ACCEPT,null,False,False,False,0,0,False,0,0,0,1.0,"{""audit"": 0.6565020003108657, ""diagnostic_cut"": 0.0, ""graph_build"": 0.47238499973900616, ""recertification"": 0.0, ""repair_planning"": 0.0, ""total"": 1.1288870000498719}",394020,55239,5d73547bc3586c6c5f3c78ce807c8135646b765c18f63451b4aff38202a47a60,False,,,,ACCEPT,CONTROL,False,True,True,True,True,True,True,False,False
external:b7d73d9d5c3f6a5a966f,ext4-lime-tabular,fd7eb2e6f760619c29fca0187c07b82157601b32,C2_CONSISTENT_RETRAIN,B_MLFLOW_QUERY,VALID,False,,,,,[],[],null,ACCEPT,null,False,False,False,0,0,False,0,0,0,1.0,"{""audit"": 0.742520000130753, ""diagnostic_cut"": 0.0, ""graph_build"": 0.4655419998016441, ""recertification"": 0.0, ""repair_planning"": 0.0, ""total"": 1.2080619999323972}",394020,55239,0f5597e699d83ba05c5b9239777254b2e45ece86c49228efc928eed705b15070,False,,,,ACCEPT,CONTROL,False,True,True,True,True,True,True,False,False
external:b83777dfc71306cc2f9f,ext4-lime-tabular,fd7eb2e6f760619c29fca0187c07b82157601b32,C2_CONSISTENT_RETRAIN,B_GREEDY_CROSS_STAGE,VALID,False,,,,,[],[],null,ACCEPT,null,False,False,False,0,0,False,0,0,0,1.0,"{""audit"": 0.6465550004577381, ""diagnostic_cut"": 0.0, ""graph_build"": 0.4914399996778229, ""recertification"": 0.0, ""repair_planning"": 0.0, ""total"": 1.137995000135561}",394020,55239,e031e61fce4b284e4fda3ce7741f433e03d3e6e2b9aa0a7c563885c96277c172,False,,,,ACCEPT,CONTROL,False,True,True,True,True,True,True,False,False
external:faf50ce229a1bdb26dea,ext4-lime-tabular,fd7eb2e6f760619c29fca0187c07b82157601b32,C2_CONSISTENT_RETRAIN,O_FUZZYXAI,VALID,False,,,,,[],[],null,ACCEPT,null,False,False,False,0,0,False,0,0,0,1.0,"{""audit"": 0.6395820000761887, ""diagnostic_cut"": 0.0, ""graph_build"": 0.4627680000339751, ""recertification"": 0.0, ""repair_planning"": 0.0, ""total"": 1.1023500001101638}",394020,55239,14ec410b7aa97a9164562ab850db6d03482282e21cf65383aa85bb05ce5e836c,False,,,,ACCEPT,CONTROL,False,True,True,True,True,True,True,False,False
external:78e38580a4324824ad69,ext4-lime-tabular,fd7eb2e6f760619c29fca0187c07b82157601b32,E1_TARGET_LEAKAGE,B_LOCAL_STRONG,INVALID,True,DATA_PREPARATION,TARGET_NOT_IN_FEATURES,external.data_preparation.target_not_in_features,,[],"[""dataset_manifest.json""]",null,BLOCK,null,False,False,False,0,0,False,1,0,0,1.0,"{""audit"": 0.6972869996388908, ""diagnostic_cut"": 0.0, ""graph_build"": 0.4687789996751235, ""recertification"": 0.0, ""repair_planning"": 0.0, ""total"": 1.1660659993140143}",394020,58571,f92b5466f5bbd2638ca5b19c1a8d6ed32e6deff71aee50eefb69e8c1fac42786,True,DATA_PREPARATION,TARGET_NOT_IN_FEATURES,TARGET_NOT_IN_FEATURES,BLOCK,LOCAL,False,True,True,True,True,False,True,False,False
external:05cd1e9bf2f19ee7d353,ext4-lime-tabular,fd7eb2e6f760619c29fca0187c07b82157601b32,E1_TARGET_LEAKAGE,B_PAIRWISE_RULES,INVALID,True,DATA_PREPARATION,TARGET_NOT_IN_FEATURES,external.data_preparation.target_not_in_features,,[],"[""dataset_manifest.json""]",null,BLOCK,"{""operations"": [""repair_target_not_in_features""]}",False,False,False,0,0,False,1,1,0,1.0,"{""audit"": 0.6603290003113216, ""diagnostic_cut"": 0.0, ""graph_build"": 0.47463900045841, ""recertification"": 0.0, ""repair_planning"": 0.0, ""total"": 1.1349680007697316}",394020,58571,34985f5f6244b8cadb8bcbc487b067b0261b7a63a0fdc2f366cd299014279340,True,DATA_PREPARATION,TARGET_NOT_IN_FEATURES,TARGET_NOT_IN_FEATURES,BLOCK,LOCAL,False,True,True,True,True,False,True,False,False
external:9df7d88005cbaed19ccb,ext4-lime-tabular,fd7eb2e6f760619c29fca0187c07b82157601b32,E1_TARGET_LEAKAGE,B_MLFLOW_QUERY,VALID,False,,,,,[],[],null,ACCEPT,null,False,False,False,0,0,False,0,0,0,1.0,"{""audit"": 0.653126000543125, ""diagnostic_cut"": 0.0, ""graph_build"": 0.47190499935823027, ""recertification"": 0.0, ""repair_planning"": 0.0, ""total"": 1.1250309999013552}",394020,58571,676940316107bdf98cb8b485df3802c1cababc92bb4a231c6d5f5c0463ccdca2,True,DATA_PREPARATION,TARGET_NOT_IN_FEATURES,TARGET_NOT_IN_FEATURES,BLOCK,LOCAL,False,False,False,False,False,False,False,True,False
external:091c6e392dd140dcf3e2,ext4-lime-tabular,fd7eb2e6f760619c29fca0187c07b82157601b32,E1_TARGET_LEAKAGE,B_GREEDY_CROSS_STAGE,INVALID,True,DATA_PREPARATION,TARGET_NOT_IN_FEATURES,external.data_preparation.target_not_in_features,TARGET_NOT_IN_FEATURES,[],"[""dataset_manifest.json""]",null,BLOCK,null,False,False,False,0,0,False,1,0,0,1.0,"{""audit"": 0.6721010004184791, ""diagnostic_cut"": 0.0, ""graph_build"": 0.46625400045741117, ""recertification"": 0.0, ""repair_planning"": 0.0, ""total"": 1.1383550008758903}",394020,58571,8e432aec9aa619ef53640818e942d20d89b595f5eeef71fa4a4bd3881643c496,True,DATA_PREPARATION,TARGET_NOT_IN_FEATURES,TARGET_NOT_IN_FEATURES,BLOCK,LOCAL,False,True,True,True,True,True,True,False,False
external:a09fc284176c9f8ddf1d,ext4-lime-tabular,fd7eb2e6f760619c29fca0187c07b82157601b32,E1_TARGET_LEAKAGE,O_FUZZYXAI,INVALID,True,DATA_PREPARATION,TARGET_NOT_IN_FEATURES,external.data_preparation.target_not_in_features,TARGET_NOT_IN_FEATURES,[],"[""dataset_manifest.json""]","{""atoms"": [], ""optimal"": false, ""size"": 0, ""solver"": ""unavailable""}",BLOCK,null,False,False,False,0,0,False,1,0,0,1.0,"{""audit"": 0.6574039998668013, ""diagnostic_cut"": 0.007824000022083055, ""graph_build"": 0.4680069996538805, ""recertification"": 0.0, ""repair_planning"": 0.0, ""total"": 1.1332349995427649}",394020,58571,6c2eb249f67cec629fe77f36d80bf43f62d8714175b786e0264dc0c8c89eb535,True,DATA_PREPARATION,TARGET_NOT_IN_FEATURES,TARGET_NOT_IN_FEATURES,BLOCK,LOCAL,False,True,True,True,True,True,True,False,False
external:8d0afc33c6c8405ac466,ext4-lime-tabular,fd7eb2e6f760619c29fca0187c07b82157601b32,E2_TRAIN_TEST_OVERLAP,B_LOCAL_STRONG,VALID,False,,,,,[],[],null,ACCEPT,null,False,False,False,0,0,False,0,0,0,1.0,"{""audit"": 0.8251210001617437, ""diagnostic_cut"": 0.0, ""graph_build"": 0.47817500035307603, ""recertification"": 0.0, ""repair_planning"": 0.0, ""total"": 1.3032960005148198}",394020,58571,e6d508c202834cdb865ffe49c625a35143585becad7256bbec05ae09301be93b,True,DATA_SPLIT,TRAIN_VALIDATION_TEST_DISJOINTNESS,TRAIN_VALIDATION_TEST_DISJOINTNESS,BLOCK,CROSS_STAGE,True,False,False,False,False,False,False,True,False
external:249b9da60e808109d20d,ext4-lime-tabular,fd7eb2e6f760619c29fca0187c07b82157601b32,E2_TRAIN_TEST_OVERLAP,B_PAIRWISE_RULES,INVALID,True,DATA_SPLIT,TRAIN_VALIDATION_TEST_DISJOINTNESS,external.data_split.train_validation_test_disjointness,,[],"[""split_manifest.json""]",null,BLOCK,"{""operations"": [""restore_split_manifest""]}",False,False,False,0,0,False,1,1,0,1.0,"{""audit"": 0.6850550007584388, ""diagnostic_cut"": 0.0, ""graph_build"": 0.47211499986588024, ""recertification"": 0.0, ""repair_planning"": 0.0, ""total"": 1.157170000624319}",394020,58571,59fafc808e84bdb80fc45db6e52b692b39d462e404b6f744a825d740888ba07e,True,DATA_SPLIT,TRAIN_VALIDATION_TEST_DISJOINTNESS,TRAIN_VALIDATION_TEST_DISJOINTNESS,BLOCK,CROSS_STAGE,True,True,True,True,True,False,True,False,False
external:6db7abdd9fcca8cb789a,ext4-lime-tabular,fd7eb2e6f760619c29fca0187c07b82157601b32,E2_TRAIN_TEST_OVERLAP,B_MLFLOW_QUERY,VALID,False,,,,,[],[],null,ACCEPT,null,False,False,False,0,0,False,0,0,0,1.0,"{""audit"": 0.6764990002920968, ""diagnostic_cut"": 0.0, ""graph_build"": 0.47677300062787253, ""recertification"": 0.0, ""repair_planning"": 0.0, ""total"": 1.1532720009199693}",394020,58571,c25ab700b9030872fd00153af66d95a43c607790c0ae8c2cfc321ad9dd859c83,True,DATA_SPLIT,TRAIN_VALIDATION_TEST_DISJOINTNESS,TRAIN_VALIDATION_TEST_DISJOINTNESS,BLOCK,CROSS_STAGE,True,False,False,False,False,False,False,True,False
external:968bd28ded18af0131a1,ext4-lime-tabular,fd7eb2e6f760619c29fca0187c07b82157601b32,E2_TRAIN_TEST_OVERLAP,B_GREEDY_CROSS_STAGE,INVALID,True,DATA_SPLIT,TRAIN_VALIDATION_TEST_DISJOINTNESS,external.data_split.train_validation_test_disjointness,TRAIN_VALIDATION_TEST_DISJOINTNESS,[],"[""split_manifest.json""]",null,BLOCK,null,False,False,False,0,0,False,1,0,0,1.0,"{""audit"": 0.6672919998891302, ""diagnostic_cut"": 0.0, ""graph_build"": 0.47695400007796707, ""recertification"": 0.0, ""repair_planning"": 0.0, ""total"": 1.1442459999670973}",394020,58571,231714237e3add4842ff0e2421af617fc4082bcbbeae77d4cc834242718a6634,True,DATA_SPLIT,TRAIN_VALIDATION_TEST_DISJOINTNESS,TRAIN_VALIDATION_TEST_DISJOINTNESS,BLOCK,CROSS_STAGE,True,True,True,True,True,True,True,False,False
external:2e8064f52439368a460d,ext4-lime-tabular,fd7eb2e6f760619c29fca0187c07b82157601b32,E2_TRAIN_TEST_OVERLAP,O_FUZZYXAI,INVALID,True,DATA_SPLIT,TRAIN_VALIDATION_TEST_DISJOINTNESS,external.data_split.train_validation_test_disjointness,TRAIN_VALIDATION_TEST_DISJOINTNESS,[],"[""split_manifest.json""]","{""atoms"": [""node:cause:train_validation_test_disjointness/field:_/violation:source_component""], ""optimal"": true, ""size"": 1, ""solver"": ""exact_branch_and_bound""}",BLOCK,"{""fully_executable"": false, ""operations"": [""restore_split_manifest""], ""rollback"": [""restore_previous_artifact_snapshot""], ""step_ids"": [""step:issue:TRAIN_VALIDATION_TEST_DISJOINTNESS:1""]}",True,True,True,28,0,True,1,1,0,1.0,"{""audit"": 0.6672219997199136, ""diagnostic_cut"": 0.12174299990874715, ""graph_build"": 0.4659930000343593, ""recertification"": 2.5179719996231142, ""repair_planning"": 0.05701499958377099, ""total"": 3.8299449988699052}",394020,58571,91dc0a126ad8a3ddb016bd2ad0a3dd32255ff0fb0736ce39000070ab237557f6,True,DATA_SPLIT,TRAIN_VALIDATION_TEST_DISJOINTNESS,TRAIN_VALIDATION_TEST_DISJOINTNESS,BLOCK,CROSS_STAGE,True,True,True,True,True,True,True,False,False
external:0b41e03db5483670dd32,ext4-lime-tabular,fd7eb2e6f760619c29fca0187c07b82157601b32,E3_PREPROCESSOR_FIT_SCOPE,B_LOCAL_STRONG,VALID,False,,,,,[],[],null,ACCEPT,null,False,False,False,0,0,False,0,0,0,1.0,"{""audit"": 0.6971659995542723, ""diagnostic_cut"": 0.0, ""graph_build"": 0.49572800071473466, ""recertification"": 0.0, ""repair_planning"": 0.0, ""total"": 1.192894000269007}",394020,58571,2535540a742aeeaaeb45f783f91e9516628b5d7bdaf7c3c33f8bf82d29ed027f,True,PREPROCESSING,PREPROCESSOR_FIT_SCOPE,PREPROCESSOR_FIT_SCOPE,BLOCK,CROSS_STAGE,True,False,False,False,False,False,False,True,False
external:66c67805d27b907c69ec,ext4-lime-tabular,fd7eb2e6f760619c29fca0187c07b82157601b32,E3_PREPROCESSOR_FIT_SCOPE,B_PAIRWISE_RULES,INVALID,True,PREPROCESSING,PREPROCESSOR_FIT_SCOPE,external.preprocessing.preprocessor_fit_scope,,[],"[""preprocessor_manifest.json""]",null,BLOCK,"{""operations"": [""refit_preprocessor_on_train""]}",False,False,False,0,0,False,1,1,0,1.0,"{""audit"": 0.6743750000168802, ""diagnostic_cut"": 0.0, ""graph_build"": 0.4938849997415673, ""recertification"": 0.0, ""repair_planning"": 0.0, ""total"": 1.1682599997584475}",394020,58571,2774a6a109d627f35808bb3e7f5315aa2fa0a699a72fdbf1583f08a75b3625a4,True,PREPROCESSING,PREPROCESSOR_FIT_SCOPE,PREPROCESSOR_FIT_SCOPE,BLOCK,CROSS_STAGE,True,True,True,True,True,False,True,False,False
external:a18b687e3e882bc2d6a8,ext4-lime-tabular,fd7eb2e6f760619c29fca0187c07b82157601b32,E3_PREPROCESSOR_FIT_SCOPE,B_MLFLOW_QUERY,VALID,False,,,,,[],[],null,ACCEPT,null,False,False,False,0,0,False,0,0,0,1.0,"{""audit"": 0.6713089996992494, ""diagnostic_cut"": 0.0, ""graph_build"": 0.47401800020452356, ""recertification"": 0.0, ""repair_planning"": 0.0, ""total"": 1.145326999903773}",394020,58571,af5bfb0572ba9927e2fc9c5cc22c8e1ae0af2f999f00fc754ef589109bb35aa4,True,PREPROCESSING,PREPROCESSOR_FIT_SCOPE,PREPROCESSOR_FIT_SCOPE,BLOCK,CROSS_STAGE,True,False,False,False,False,False,False,True,False
external:f67c1f772032a458ad7b,ext4-lime-tabular,fd7eb2e6f760619c29fca0187c07b82157601b32,E3_PREPROCESSOR_FIT_SCOPE,B_GREEDY_CROSS_STAGE,INVALID,True,PREPROCESSING,PREPROCESSOR_FIT_SCOPE,external.preprocessing.preprocessor_fit_scope,PREPROCESSOR_FIT_SCOPE,[],"[""preprocessor_manifest.json""]",null,BLOCK,null,False,False,False,0,0,False,1,0,0,1.0,"{""audit"": 0.6742949999534176, ""diagnostic_cut"": 0.0, ""graph_build"": 0.4766729998664232, ""recertification"": 0.0, ""repair_planning"": 0.0, ""total"": 1.1509679998198408}",394020,58571,d44e858d901e5be01f2132d087fcf5e27dd09e9ba933570a291f81e7bcea4276,True,PREPROCESSING,PREPROCESSOR_FIT_SCOPE,PREPROCESSOR_FIT_SCOPE,BLOCK,CROSS_STAGE,True,True,True,True,True,True,True,False,False
external:03d1c73dc3ee7e724eb7,ext4-lime-tabular,fd7eb2e6f760619c29fca0187c07b82157601b32,E3_PREPROCESSOR_FIT_SCOPE,O_FUZZYXAI,INVALID,True,PREPROCESSING,PREPROCESSOR_FIT_SCOPE,external.preprocessing.preprocessor_fit_scope,PREPROCESSOR_FIT_SCOPE,[],"[""preprocessor_manifest.json""]","{""atoms"": [""node:cause:preprocessor_fit_scope/field:_/violation:source_component""], ""optimal"": true, ""size"": 1, ""solver"": ""exact_branch_and_bound""}",BLOCK,"{""fully_executable"": false, ""operations"": [""restore_split_manifest""], ""rollback"": [""restore_previous_artifact_snapshot""], ""step_ids"": [""step:issue:PREPROCESSOR_FIT_SCOPE:1""]}",True,True,True,28,0,True,1,1,0,1.0,"{""audit"": 0.6617119997827103, ""diagnostic_cut"": 0.12294499993004138, ""graph_build"": 0.47548099973937497, ""recertification"": 2.524313999856531, ""repair_planning"": 0.05845699979545316, ""total"": 3.842908999104111}",394020,58571,5b7ca65518bc59c141253b1144ffdb3e44fd08a1804e7eeef9415ac7bf350c6b,True,PREPROCESSING,PREPROCESSOR_FIT_SCOPE,PREPROCESSOR_FIT_SCOPE,BLOCK,CROSS_STAGE,True,True,True,True,True,True,True,False,False
external:f83847429abab008db0e,ext4-lime-tabular,fd7eb2e6f760619c29fca0187c07b82157601b32,E4_FEATURE_SCHEMA_OR_ORDER,B_LOCAL_STRONG,VALID,False,,,,,[],[],null,ACCEPT,null,False,False,False,0,0,False,0,0,0,1.0,"{""audit"": 0.7306379993679002, ""diagnostic_cut"": 0.0, ""graph_build"": 0.4869519998464966, ""recertification"": 0.0, ""repair_planning"": 0.0, ""total"": 1.2175899992143968}",394020,58571,0b26c3e4ae6cb1bc6fd37519d0f18a824c55f4a02da2c986c6522ac97e6a2ade,True,PREPROCESSING,FEATURE_ORDER,FEATURE_ORDER,BLOCK,GLOBAL,True,False,False,False,False,False,False,True,False
external:b69496525373a2ea1c23,ext4-lime-tabular,fd7eb2e6f760619c29fca0187c07b82157601b32,E4_FEATURE_SCHEMA_OR_ORDER,B_PAIRWISE_RULES,INVALID,True,PREPROCESSING,FEATURE_ORDER,external.preprocessing.feature_order,,"[""MODEL_INPUT_SCHEMA"", ""PREDICTION_OUTPUT_SANITY"", ""EXPLANATION_OUTPUT_CONSISTENCY"", ""USER_CLAIM_EVIDENCE_BINDING""]","[""preprocessor_manifest.json"", ""prediction_manifest.json"", ""explanation_manifest.json""]",null,BLOCK,"{""operations"": [""restore_feature_schema"", ""repair_model_input_schema"", ""repair_prediction_output_sanity"", ""repair_explanation_output_consistency"", ""repair_user_claim_evidence_binding""]}",False,False,False,0,0,False,5,5,4,1.0,"{""audit"": 0.7155610001063906, ""diagnostic_cut"": 0.0, ""graph_build"": 0.47764500050107017, ""recertification"": 0.0, ""repair_planning"": 0.0, ""total"": 1.1932060006074607}",394020,58571,1a05a82286f8034cb9d5f88d8a97cd7b3fd971cd0c08f535bf0c26e0bbcc13b8,True,PREPROCESSING,FEATURE_ORDER,FEATURE_ORDER,BLOCK,GLOBAL,True,True,True,True,True,False,True,False,False
external:a576fb34e23c0ebf41a4,ext4-lime-tabular,fd7eb2e6f760619c29fca0187c07b82157601b32,E4_FEATURE_SCHEMA_OR_ORDER,B_MLFLOW_QUERY,VALID,False,,,,,[],[],null,ACCEPT,null,False,False,False,0,0,False,0,0,0,1.0,"{""audit"": 0.777754999944591, ""diagnostic_cut"": 0.0, ""graph_build"": 0.4725359995063627, ""recertification"": 0.0, ""repair_planning"": 0.0, ""total"": 1.2502909994509537}",394020,58571,0971bd95ce1af2bd1cfa02a5a753ff1864f9e57664fdd676ad903f130044c79a,True,PREPROCESSING,FEATURE_ORDER,FEATURE_ORDER,BLOCK,GLOBAL,True,False,False,False,False,False,False,True,False
external:6029e08a3cc62462342c,ext4-lime-tabular,fd7eb2e6f760619c29fca0187c07b82157601b32,E4_FEATURE_SCHEMA_OR_ORDER,B_GREEDY_CROSS_STAGE,INVALID,True,PREPROCESSING,FEATURE_ORDER,external.preprocessing.feature_order,FEATURE_ORDER,[],"[""preprocessor_manifest.json"", ""prediction_manifest.json"", ""explanation_manifest.json""]",null,BLOCK,null,False,False,False,0,0,False,5,0,0,1.0,"{""audit"": 0.7131060001484002, ""diagnostic_cut"": 0.0, ""graph_build"": 0.47366699982376304, ""recertification"": 0.0, ""repair_planning"": 0.0, ""total"": 1.1867729999721632}",394020,58571,6cd02a513ea717831caa557636345671228978dbe78fdfc6b3a9733f56d95a87,True,PREPROCESSING,FEATURE_ORDER,FEATURE_ORDER,BLOCK,GLOBAL,True,True,True,True,True,True,True,False,False
external:c90daf7e22081e920308,ext4-lime-tabular,fd7eb2e6f760619c29fca0187c07b82157601b32,E4_FEATURE_SCHEMA_OR_ORDER,O_FUZZYXAI,INVALID,True,PREPROCESSING,FEATURE_ORDER,external.preprocessing.feature_order,FEATURE_ORDER,"[""MODEL_INPUT_SCHEMA"", ""PREDICTION_OUTPUT_SANITY"", ""EXPLANATION_OUTPUT_CONSISTENCY"", ""USER_CLAIM_EVIDENCE_BINDING""]","[""preprocessor_manifest.json"", ""prediction_manifest.json"", ""explanation_manifest.json""]","{""atoms"": [""node:cause:feature_order/field:_/violation:source_component""], ""optimal"": false, ""size"": 1, ""solver"": ""exact_branch_and_bound""}",BLOCK,"{""fully_executable"": false, ""operations"": [""restore_split_manifest""], ""rollback"": [""restore_previous_artifact_snapshot""], ""step_ids"": [""step:issue:EXPLANATION_OUTPUT_CONSISTENCY:1""]}",True,True,True,28,0,True,5,1,0,1.0,"{""audit"": 0.7135870000638533, ""diagnostic_cut"": 0.11611300033109728, ""graph_build"": 0.4860099998040823, ""recertification"": 2.6672160001908196, ""repair_planning"": 0.09451300047658151, ""total"": 4.077439000866434}",394020,58571,124842634997e72e55a81606e61ad0b5ae84c8c727389adc0032a1c662a2ddcc,True,PREPROCESSING,FEATURE_ORDER,FEATURE_ORDER,BLOCK,GLOBAL,True,True,True,True,True,True,True,False,False
external:993c394b46ab6511148d,ext4-lime-tabular,fd7eb2e6f760619c29fca0187c07b82157601b32,E5_MODEL_ARTIFACT_MISMATCH,B_LOCAL_STRONG,INVALID,True,MODEL_ARTIFACT,MODEL_ARTIFACT_HASH,external.model_artifact.model_artifact_hash,,[],"[""model_manifest.json""]",null,BLOCK,null,False,False,False,0,0,False,1,0,0,1.0,"{""audit"": 0.6762189996152301, ""diagnostic_cut"": 0.0, ""graph_build"": 0.47948799965524813, ""recertification"": 0.0, ""repair_planning"": 0.0, ""total"": 1.1557069992704783}",394020,58571,fd89104e0be9ef2b7c98b545131a2c960af1ce206889bf774128cc572e3fc2b0,True,MODEL_ARTIFACT,MODEL_ARTIFACT_HASH,MODEL_ARTIFACT_HASH,BLOCK,LOCAL,True,True,True,True,True,False,True,False,False
external:bea4d80f4a97cf2a248f,ext4-lime-tabular,fd7eb2e6f760619c29fca0187c07b82157601b32,E5_MODEL_ARTIFACT_MISMATCH,B_PAIRWISE_RULES,INVALID,True,MODEL_ARTIFACT,MODEL_ARTIFACT_HASH,external.model_artifact.model_artifact_hash,,[],"[""model_manifest.json""]",null,BLOCK,"{""operations"": [""restore_registered_model""]}",False,False,False,0,0,False,1,1,0,1.0,"{""audit"": 0.6780619996789028, ""diagnostic_cut"": 0.0, ""graph_build"": 0.4623869999704766, ""recertification"": 0.0, ""repair_planning"": 0.0, ""total"": 1.1404489996493794}",394020,58571,fe139d6889af64cefe4d3f5cc16f69b84411f89e4d699fb522bf8f9868ae0de1,True,MODEL_ARTIFACT,MODEL_ARTIFACT_HASH,MODEL_ARTIFACT_HASH,BLOCK,LOCAL,True,True,True,True,True,False,True,False,False
external:4f6d01b8fd0f2e7405bd,ext4-lime-tabular,fd7eb2e6f760619c29fca0187c07b82157601b32,E5_MODEL_ARTIFACT_MISMATCH,B_MLFLOW_QUERY,INVALID,True,MODEL_ARTIFACT,MODEL_ARTIFACT_HASH,external.model_artifact.model_artifact_hash,,[],"[""model_manifest.json""]",null,BLOCK,null,False,False,False,0,0,False,1,0,0,1.0,"{""audit"": 0.6721910003761877, ""diagnostic_cut"": 0.0, ""graph_build"": 0.46082400058367057, ""recertification"": 0.0, ""repair_planning"": 0.0, ""total"": 1.1330150009598583}",394020,58571,622a347bc458d5108a92057277996e599620c49818cb0e1fd927f9cb31022798,True,MODEL_ARTIFACT,MODEL_ARTIFACT_HASH,MODEL_ARTIFACT_HASH,BLOCK,LOCAL,True,True,True,True,True,False,True,False,False
external:ce877afeae55404d4d8b,ext4-lime-tabular,fd7eb2e6f760619c29fca0187c07b82157601b32,E5_MODEL_ARTIFACT_MISMATCH,B_GREEDY_CROSS_STAGE,INVALID,True,MODEL_ARTIFACT,MODEL_ARTIFACT_HASH,external.model_artifact.model_artifact_hash,MODEL_ARTIFACT_HASH,[],"[""model_manifest.json""]",null,BLOCK,null,False,False,False,0,0,False,1,0,0,1.0,"{""audit"": 0.6841329995950218, ""diagnostic_cut"": 0.0, ""graph_build"": 0.46436100001301384, ""recertification"": 0.0, ""repair_planning"": 0.0, ""total"": 1.1484939996080357}",394020,58571,17376487ace1635484938948d3ab70832e2f6c258ee6cbc1995202e7bfb34fbc,True,MODEL_ARTIFACT,MODEL_ARTIFACT_HASH,MODEL_ARTIFACT_HASH,BLOCK,LOCAL,True,True,True,True,True,True,True,False,False
external:fdcf4d89d233b41ab1cd,ext4-lime-tabular,fd7eb2e6f760619c29fca0187c07b82157601b32,E5_MODEL_ARTIFACT_MISMATCH,O_FUZZYXAI,INVALID,True,MODEL_ARTIFACT,MODEL_ARTIFACT_HASH,external.model_artifact.model_artifact_hash,MODEL_ARTIFACT_HASH,[],"[""model_manifest.json""]","{""atoms"": [""node:cause:model_artifact_hash/field:_/violation:source_component""], ""optimal"": true, ""size"": 1, ""solver"": ""exact_branch_and_bound""}",BLOCK,"{""fully_executable"": false, ""operations"": [""restore_registered_model""], ""rollback"": [""restore_previous_artifact_snapshot""], ""step_ids"": [""step:issue:MODEL_ARTIFACT_HASH:1""]}",True,True,True,28,0,True,1,1,0,1.0,"{""audit"": 0.6691660000797128, ""diagnostic_cut"": 0.11093300054199062, ""graph_build"": 0.4761220006912481, ""recertification"": 2.5016919998961384, ""repair_planning"": 0.05127399981574854, ""total"": 3.8091870010248385}",394020,58571,dc57cdc0999beccf3d34eec64c0d7db4c04fa2d89fd2a269a988c00dc966b785,True,MODEL_ARTIFACT,MODEL_ARTIFACT_HASH,MODEL_ARTIFACT_HASH,BLOCK,LOCAL,True,True,True,True,True,True,True,False,False
external:5874abc18fd0cb384cfb,ext4-lime-tabular,fd7eb2e6f760619c29fca0187c07b82157601b32,E6_MODEL_EXPLAINER_VERSION,B_LOCAL_STRONG,VALID,False,,,,,[],[],null,ACCEPT,null,False,False,False,0,0,False,0,0,0,1.0,"{""audit"": 0.6854149996797787, ""diagnostic_cut"": 0.0, ""graph_build"": 0.47350700060633244, ""recertification"": 0.0, ""repair_planning"": 0.0, ""total"": 1.1589220002861111}",394020,58571,6abf35d6b5ee4a3b5cf7958a406aea73cb8244520643b53ad8df36149412403a,True,POST_HOC_EXPLANATION,MODEL_EXPLAINER_VERSION,MODEL_EXPLAINER_VERSION,BLOCK,CROSS_STAGE,True,False,False,False,False,False,False,True,False
external:0612d611af3b4aabaf4e,ext4-lime-tabular,fd7eb2e6f760619c29fca0187c07b82157601b32,E6_MODEL_EXPLAINER_VERSION,B_PAIRWISE_RULES,INVALID,True,POST_HOC_EXPLANATION,MODEL_EXPLAINER_VERSION,external.post_hoc_explanation.model_explainer_version,,[],"[""explanation_manifest.json""]",null,BLOCK,"{""operations"": [""rebuild_explanation_for_registered_model""]}",False,False,False,0,0,False,1,1,0,1.0,"{""audit"": 0.6705480000164243, ""diagnostic_cut"": 0.0, ""graph_build"": 0.4637590000129421, ""recertification"": 0.0, ""repair_planning"": 0.0, ""total"": 1.1343070000293665}",394020,58571,fef4655f64b1c9c0cea06ff70d38be2c2c55f1083976eb0e3a15b4daa5c97d2c,True,POST_HOC_EXPLANATION,MODEL_EXPLAINER_VERSION,MODEL_EXPLAINER_VERSION,BLOCK,CROSS_STAGE,True,True,True,True,True,False,True,False,False
external:88b09799d4d72aa2503a,ext4-lime-tabular,fd7eb2e6f760619c29fca0187c07b82157601b32,E6_MODEL_EXPLAINER_VERSION,B_MLFLOW_QUERY,INVALID,True,POST_HOC_EXPLANATION,MODEL_EXPLAINER_VERSION,external.post_hoc_explanation.model_explainer_version,,[],"[""explanation_manifest.json""]",null,BLOCK,null,False,False,False,0,0,False,1,0,0,1.0,"{""audit"": 0.664326999867626, ""diagnostic_cut"": 0.0, ""graph_build"": 0.4664840007535531, ""recertification"": 0.0, ""repair_planning"": 0.0, ""total"": 1.1308110006211791}",394020,58571,91f16b641c191b6164a12af6a12505e3be1239e51fddfa1afa85b884e3f8c254,True,POST_HOC_EXPLANATION,MODEL_EXPLAINER_VERSION,MODEL_EXPLAINER_VERSION,BLOCK,CROSS_STAGE,True,True,True,True,True,False,True,False,False
external:db9b930e0931c5d9196b,ext4-lime-tabular,fd7eb2e6f760619c29fca0187c07b82157601b32,E6_MODEL_EXPLAINER_VERSION,B_GREEDY_CROSS_STAGE,INVALID,True,POST_HOC_EXPLANATION,MODEL_EXPLAINER_VERSION,external.post_hoc_explanation.model_explainer_version,MODEL_EXPLAINER_VERSION,[],"[""explanation_manifest.json""]",null,BLOCK,null,False,False,False,0,0,False,1,0,0,1.0,"{""audit"": 0.6686950000585057, ""diagnostic_cut"": 0.0, ""graph_build"": 0.4800490005436586, ""recertification"": 0.0, ""repair_planning"": 0.0, ""total"": 1.1487440006021643}",394020,58571,69e7c244e5a1de46c65304688cfe6216781334d45a4b4b7ca4b1baf9d49a2686,True,POST_HOC_EXPLANATION,MODEL_EXPLAINER_VERSION,MODEL_EXPLAINER_VERSION,BLOCK,CROSS_STAGE,True,True,True,True,True,True,True,False,False
external:111c09f375e43eee9e4a,ext4-lime-tabular,fd7eb2e6f760619c29fca0187c07b82157601b32,E6_MODEL_EXPLAINER_VERSION,O_FUZZYXAI,INVALID,True,POST_HOC_EXPLANATION,MODEL_EXPLAINER_VERSION,external.post_hoc_explanation.model_explainer_version,MODEL_EXPLAINER_VERSION,[],"[""explanation_manifest.json""]","{""atoms"": [""node:cause:model_explainer_version/field:_/violation:source_component""], ""optimal"": true, ""size"": 1, ""solver"": ""exact_branch_and_bound""}",BLOCK,"{""fully_executable"": false, ""operations"": [""rebuild_explanation_for_registered_model""], ""rollback"": [""restore_previous_artifact_snapshot""], ""step_ids"": [""step:issue:MODEL_EXPLAINER_VERSION:1""]}",True,True,True,28,0,True,1,1,0,1.0,"{""audit"": 0.6770999998479965, ""diagnostic_cut"": 0.10808700062625576, ""graph_build"": 0.4645910003091558, ""recertification"": 2.5205970005117706, ""repair_planning"": 0.07039899992378196, ""total"": 3.8407740012189606}",394020,58571,09a0a7e9f689356a98f3422f23f2e28c1e4935e0cb0fee8282302b680de98927,True,POST_HOC_EXPLANATION,MODEL_EXPLAINER_VERSION,MODEL_EXPLAINER_VERSION,BLOCK,CROSS_STAGE,True,True,True,True,True,True,True,False,False
external:6270e727e465193a1537,ext4-lime-tabular,fd7eb2e6f760619c29fca0187c07b82157601b32,E7_PREDICTION_EXPLANATION_BINDING,B_LOCAL_STRONG,VALID,False,,,,,[],[],null,ACCEPT,null,False,False,False,0,0,False,0,0,0,1.0,"{""audit"": 0.6941110004845541, ""diagnostic_cut"": 0.0, ""graph_build"": 0.4777849999300088, ""recertification"": 0.0, ""repair_planning"": 0.0, ""total"": 1.1718960004145629}",394020,58571,1b5700d5b34e6553bdf803f279ad63ca56e7d12bf568e98971dd2e5deb3fc72d,True,INFERENCE,PREDICTION_OBJECT_BINDING,PREDICTION_OBJECT_BINDING,BLOCK,CROSS_STAGE,True,False,False,False,False,False,False,True,False
external:d131ffb7bbbb9f5243bc,ext4-lime-tabular,fd7eb2e6f760619c29fca0187c07b82157601b32,E7_PREDICTION_EXPLANATION_BINDING,B_PAIRWISE_RULES,INVALID,True,INFERENCE,PREDICTION_OBJECT_BINDING,external.inference.prediction_object_binding,,[],"[""prediction_manifest.json""]",null,BLOCK,"{""operations"": [""rebuild_explanation_for_registered_model""]}",False,False,False,0,0,False,1,1,0,1.0,"{""audit"": 0.7087779995345045, ""diagnostic_cut"": 0.0, ""graph_build"": 0.4738569996334263, ""recertification"": 0.0, ""repair_planning"": 0.0, ""total"": 1.1826349991679308}",394020,58571,e3fbd3ab4b8de5531b103f0e39f5ad4266791e8f882e387470b2f62c85b2465e,True,INFERENCE,PREDICTION_OBJECT_BINDING,PREDICTION_OBJECT_BINDING,BLOCK,CROSS_STAGE,True,True,True,True,True,False,True,False,False
external:6f98280ed12a05be604b,ext4-lime-tabular,fd7eb2e6f760619c29fca0187c07b82157601b32,E7_PREDICTION_EXPLANATION_BINDING,B_MLFLOW_QUERY,VALID,False,,,,,[],[],null,ACCEPT,null,False,False,False,0,0,False,0,0,0,1.0,"{""audit"": 0.6760279993613949, ""diagnostic_cut"": 0.0, ""graph_build"": 0.5370830003812443, ""recertification"": 0.0, ""repair_planning"": 0.0, ""total"": 1.2131109997426393}",394020,58571,581f3179a1b41ff59cce91c483b3b12c7c6fe44778fc44f6ba8a4f331d547a4c,True,INFERENCE,PREDICTION_OBJECT_BINDING,PREDICTION_OBJECT_BINDING,BLOCK,CROSS_STAGE,True,False,False,False,False,False,False,True,False
external:612e50e3f7ba827a8d85,ext4-lime-tabular,fd7eb2e6f760619c29fca0187c07b82157601b32,E7_PREDICTION_EXPLANATION_BINDING,B_GREEDY_CROSS_STAGE,INVALID,True,INFERENCE,PREDICTION_OBJECT_BINDING,external.inference.prediction_object_binding,PREDICTION_OBJECT_BINDING,[],"[""prediction_manifest.json""]",null,BLOCK,null,False,False,False,0,0,False,1,0,0,1.0,"{""audit"": 0.6694459998470847, ""diagnostic_cut"": 0.0, ""graph_build"": 0.46264699994935654, ""recertification"": 0.0, ""repair_planning"": 0.0, ""total"": 1.1320929997964413}",394020,58571,beb286fd909a564418e34667c49107fccd9bbc2a5140aeb77fe56bbfe45b6ea9,True,INFERENCE,PREDICTION_OBJECT_BINDING,PREDICTION_OBJECT_BINDING,BLOCK,CROSS_STAGE,True,True,True,True,True,True,True,False,False
external:e767226bed438570466b,ext4-lime-tabular,fd7eb2e6f760619c29fca0187c07b82157601b32,E7_PREDICTION_EXPLANATION_BINDING,O_FUZZYXAI,INVALID,True,INFERENCE,PREDICTION_OBJECT_BINDING,external.inference.prediction_object_binding,PREDICTION_OBJECT_BINDING,[],"[""prediction_manifest.json""]","{""atoms"": [""node:cause:prediction_object_binding/field:_/violation:source_component""], ""optimal"": true, ""size"": 1, ""solver"": ""exact_branch_and_bound""}",BLOCK,"{""fully_executable"": false, ""operations"": [""rebuild_explanation_for_registered_model""], ""rollback"": [""restore_previous_artifact_snapshot""], ""step_ids"": [""step:issue:PREDICTION_OBJECT_BINDING:1""]}",True,True,True,28,0,True,1,1,0,1.0,"{""audit"": 0.664567000058014, ""diagnostic_cut"": 0.10568399920884985, ""graph_build"": 0.4659140004150686, ""recertification"": 2.55068200021924, ""repair_planning"": 0.0487000006614835, ""total"": 3.8355470005626557}",394020,58571,f3fee663ecdd52a22aa8da9d64823896bdbbf7ce03be676e8d15d5d49cf4193b,True,INFERENCE,PREDICTION_OBJECT_BINDING,PREDICTION_OBJECT_BINDING,BLOCK,CROSS_STAGE,True,True,True,True,True,True,True,False,False
external:bfc718b7632582ccb5c6,ext4-lime-tabular,fd7eb2e6f760619c29fca0187c07b82157601b32,E8_EXPLANATION_PROVENANCE,B_LOCAL_STRONG,INVALID,True,POST_HOC_EXPLANATION,REQUIRED_PROVENANCE,external.post_hoc_explanation.required_provenance,,[],"[""explanation_manifest.json""]",null,BLOCK,null,False,False,False,0,0,False,1,0,0,1.0,"{""audit"": 0.6788529999539605, ""diagnostic_cut"": 0.0, ""graph_build"": 0.47673299923189916, ""recertification"": 0.0, ""repair_planning"": 0.0, ""total"": 1.1555859991858597}",394020,58571,1cd32e02a8e40f8bbda29c86744391915b8704c730649b80f4d09d39bf7ecacf,True,POST_HOC_EXPLANATION,REQUIRED_PROVENANCE,REQUIRED_PROVENANCE,BLOCK,LOCAL,True,True,True,True,True,False,True,False,False
external:c283ecf4fcebde6ee36e,ext4-lime-tabular,fd7eb2e6f760619c29fca0187c07b82157601b32,E8_EXPLANATION_PROVENANCE,B_PAIRWISE_RULES,INVALID,True,POST_HOC_EXPLANATION,REQUIRED_PROVENANCE,external.post_hoc_explanation.required_provenance,,[],"[""explanation_manifest.json""]",null,BLOCK,"{""operations"": [""restore_explanation_provenance""]}",False,False,False,0,0,False,1,1,0,1.0,"{""audit"": 0.6716810003126739, ""diagnostic_cut"": 0.0, ""graph_build"": 0.46004199975868687, ""recertification"": 0.0, ""repair_planning"": 0.0, ""total"": 1.1317230000713607}",394020,58571,f44e35ef93359630d4487aeea1b764c8edd9bf10ca5ba96128f94b4ccb7091e9,True,POST_HOC_EXPLANATION,REQUIRED_PROVENANCE,REQUIRED_PROVENANCE,BLOCK,LOCAL,True,True,True,True,True,False,True,False,False
external:ba00117f436a5b62f749,ext4-lime-tabular,fd7eb2e6f760619c29fca0187c07b82157601b32,E8_EXPLANATION_PROVENANCE,B_MLFLOW_QUERY,INVALID,True,POST_HOC_EXPLANATION,REQUIRED_PROVENANCE,external.post_hoc_explanation.required_provenance,,[],"[""explanation_manifest.json""]",null,BLOCK,null,False,False,False,0,0,False,1,0,0,1.0,"{""audit"": 0.6673329999102862, ""diagnostic_cut"": 0.0, ""graph_build"": 0.4568570002447814, ""recertification"": 0.0, ""repair_planning"": 0.0, ""total"": 1.1241900001550675}",394020,58571,f83e29fa51c4c29932abd381c9c5d2dc004842f6f6c9be0e87edb2da5032cf36,True,POST_HOC_EXPLANATION,REQUIRED_PROVENANCE,REQUIRED_PROVENANCE,BLOCK,LOCAL,True,True,True,True,True,False,True,False,False
external:63e9c3ae4d3c0fa31044,ext4-lime-tabular,fd7eb2e6f760619c29fca0187c07b82157601b32,E8_EXPLANATION_PROVENANCE,B_GREEDY_CROSS_STAGE,INVALID,True,POST_HOC_EXPLANATION,REQUIRED_PROVENANCE,external.post_hoc_explanation.required_provenance,REQUIRED_PROVENANCE,[],"[""explanation_manifest.json""]",null,BLOCK,null,False,False,False,0,0,False,1,0,0,1.0,"{""audit"": 0.6574039998668013, ""diagnostic_cut"": 0.0, ""graph_build"": 0.4610449996107491, ""recertification"": 0.0, ""repair_planning"": 0.0, ""total"": 1.1184489994775504}",394020,58571,e93222516769f69babf1ae37a77c99a53cfa0976c022411e2688fe64c9e6e150,True,POST_HOC_EXPLANATION,REQUIRED_PROVENANCE,REQUIRED_PROVENANCE,BLOCK,LOCAL,True,True,True,True,True,True,True,False,False
external:661feea1acd289455c96,ext4-lime-tabular,fd7eb2e6f760619c29fca0187c07b82157601b32,E8_EXPLANATION_PROVENANCE,O_FUZZYXAI,INVALID,True,POST_HOC_EXPLANATION,REQUIRED_PROVENANCE,external.post_hoc_explanation.required_provenance,REQUIRED_PROVENANCE,[],"[""explanation_manifest.json""]","{""atoms"": [""node:cause:required_provenance/field:_/violation:source_component""], ""optimal"": true, ""size"": 1, ""solver"": ""exact_branch_and_bound""}",BLOCK,"{""fully_executable"": false, ""operations"": [""restore_explanation_provenance""], ""rollback"": [""restore_previous_artifact_snapshot""], ""step_ids"": [""step:issue:REQUIRED_PROVENANCE:1""]}",True,True,True,28,0,True,1,1,0,1.0,"{""audit"": 0.661952000882593, ""diagnostic_cut"": 0.1035290006257128, ""graph_build"": 0.46486199971695896, ""recertification"": 2.488137000000279, ""repair_planning"": 0.04936000004818197, ""total"": 3.7678400012737256}",394020,58571,2906c6a09f585e31b9b267d30baa468e34460f30ea6c4a6169c519cbff57b0e6,True,POST_HOC_EXPLANATION,REQUIRED_PROVENANCE,REQUIRED_PROVENANCE,BLOCK,LOCAL,True,True,True,True,True,True,True,False,False
