case_id,pipeline_id,complexity_stratum,perturbation_id,node_multiplier,edge_multiplier,human_multiplier,cost_registry_sha256,gold_cut_set,fuzzyxai_cut,baseline_cut,fuzzyxai_membership,baseline_membership,fuzzyxai_recertification,baseline_recertification,repair_baseline_recertification,false_certification,new_critical_violations
h10-c3:protocol_validation:tabular-credit:00000,tabular-credit,S3,node_down_edge_up,0.8,1.2,1.0,c60cd577702f6b231f4cdee85fa6a739b34f7a9d5786b7addd1b915eb6575694,"[[""greedy-global-023"", ""greedy-single-1""], [""greedy-global-023"", ""optimal-pair-01""]]","[""greedy-global-023"", ""optimal-pair-01""]","[""greedy-global-023"", ""greedy-single-1""]",True,True,True,False,False,False,0
h10-c3:protocol_validation:tabular-credit:00001,tabular-credit,S4,node_down_edge_up,0.8,1.2,1.0,a901a69fd30869489571b8fa186f723cf2aead7e088dae5a80b39a02fccea052,"[[""alternative-global-a""]]","[""alternative-global-a""]","[""greedy-global-023"", ""greedy-single-1""]",True,False,True,False,True,False,0
h10-c3:protocol_validation:tabular-credit:00002,tabular-credit,S4,node_down_edge_up,0.8,1.2,1.0,a901a69fd30869489571b8fa186f723cf2aead7e088dae5a80b39a02fccea052,"[[""alternative-global-a""]]","[""alternative-global-a""]","[""greedy-global-023"", ""greedy-single-1""]",True,False,True,False,True,False,0
h10-c3:protocol_validation:tabular-credit:00003,tabular-credit,S5,node_down_edge_up,0.8,1.2,1.0,bd7fb907e7e2cdd46c7952fd5fae2bdf556ea7bb275b39286e941894f575ed68,[],[],"[""greedy-global-023"", ""greedy-single-1""]",False,False,False,False,False,False,0
h10-c3:protocol_validation:tabular-credit:00004,tabular-credit,S5,node_down_edge_up,0.8,1.2,1.0,bd7fb907e7e2cdd46c7952fd5fae2bdf556ea7bb275b39286e941894f575ed68,"[[""fallback-known-4"", ""greedy-global-023"", ""greedy-single-1""], [""fallback-known-4"", ""greedy-global-023"", ""optimal-pair-01""]]","[""fallback-known-4"", ""greedy-global-023"", ""optimal-pair-01""]","[""fallback-known-4"", ""greedy-global-023"", ""greedy-single-1""]",True,True,True,False,False,False,0
h10-c3:protocol_validation:tabular-credit:00005,tabular-credit,S1,node_down_edge_up,0.8,1.2,1.0,23a2f2432248979df7ec3d38fd04cf52953feb94492856e11b21651960a1a6e7,"[[""direct-0""]]","[""direct-0""]","[""direct-0""]",True,True,True,True,True,False,0
h10-c3:protocol_validation:tabular-credit:00006,tabular-credit,S2,node_down_edge_up,0.8,1.2,1.0,75b1192affd971d791cacd2f07e33f4304add866ddacbf84015578105ab376c9,"[[""direct-0"", ""direct-1"", ""direct-2"", ""direct-3""]]","[""direct-0"", ""direct-1"", ""direct-2"", ""direct-3""]","[""direct-0"", ""direct-1"", ""direct-2"", ""direct-3""]",True,True,True,True,True,False,0
h10-c3:protocol_validation:tabular-credit:00007,tabular-credit,S2,node_down_edge_up,0.8,1.2,1.0,75b1192affd971d791cacd2f07e33f4304add866ddacbf84015578105ab376c9,"[[""direct-0"", ""direct-1"", ""direct-2"", ""direct-3""]]","[""direct-0"", ""direct-1"", ""direct-2"", ""direct-3""]","[""direct-0"", ""direct-1"", ""direct-2"", ""direct-3""]",True,True,True,True,True,False,0
h10-c3:protocol_validation:tabular-credit:00008,tabular-credit,S3,node_down_edge_up,0.8,1.2,1.0,c60cd577702f6b231f4cdee85fa6a739b34f7a9d5786b7addd1b915eb6575694,"[[""greedy-global-023"", ""greedy-single-1""], [""greedy-global-023"", ""optimal-pair-01""]]","[""greedy-global-023"", ""optimal-pair-01""]","[""greedy-global-023"", ""greedy-single-1""]",True,True,True,False,False,False,0
h10-c3:protocol_validation:tabular-credit:00009,tabular-credit,S3,node_down_edge_up,0.8,1.2,1.0,c60cd577702f6b231f4cdee85fa6a739b34f7a9d5786b7addd1b915eb6575694,"[[""greedy-global-023"", ""greedy-single-1""], [""greedy-global-023"", ""optimal-pair-01""]]","[""greedy-global-023"", ""optimal-pair-01""]","[""greedy-global-023"", ""greedy-single-1""]",True,True,True,False,True,False,0
h10-c3:protocol_validation:tabular-credit:00010,tabular-credit,S3,node_down_edge_up,0.8,1.2,1.0,c60cd577702f6b231f4cdee85fa6a739b34f7a9d5786b7addd1b915eb6575694,"[[""greedy-global-023"", ""greedy-single-1""], [""greedy-global-023"", ""optimal-pair-01""]]","[""greedy-global-023"", ""optimal-pair-01""]","[""greedy-global-023"", ""greedy-single-1""]",True,True,True,False,False,False,0
h10-c3:protocol_validation:tabular-credit:00011,tabular-credit,S4,node_down_edge_up,0.8,1.2,1.0,a901a69fd30869489571b8fa186f723cf2aead7e088dae5a80b39a02fccea052,"[[""alternative-global-a""]]","[""alternative-global-a""]","[""greedy-global-023"", ""greedy-single-1""]",True,False,True,False,True,False,0
h10-c3:protocol_validation:tabular-credit:00012,tabular-credit,S4,node_down_edge_up,0.8,1.2,1.0,a901a69fd30869489571b8fa186f723cf2aead7e088dae5a80b39a02fccea052,"[[""alternative-global-a""]]","[""alternative-global-a""]","[""greedy-global-023"", ""greedy-single-1""]",True,False,True,False,True,False,0
h10-c3:protocol_validation:tabular-credit:00013,tabular-credit,S5,node_down_edge_up,0.8,1.2,1.0,bd7fb907e7e2cdd46c7952fd5fae2bdf556ea7bb275b39286e941894f575ed68,"[[""fallback-known-4"", ""greedy-global-023"", ""greedy-single-1""], [""fallback-known-4"", ""greedy-global-023"", ""optimal-pair-01""]]","[""fallback-known-4"", ""greedy-global-023"", ""optimal-pair-01""]","[""fallback-known-4"", ""greedy-global-023"", ""greedy-single-1""]",True,True,True,False,False,False,0
h10-c3:protocol_validation:tabular-credit:00014,tabular-credit,S5,node_down_edge_up,0.8,1.2,1.0,bd7fb907e7e2cdd46c7952fd5fae2bdf556ea7bb275b39286e941894f575ed68,"[[""fallback-known-4"", ""greedy-global-023"", ""greedy-single-1""], [""fallback-known-4"", ""greedy-global-023"", ""optimal-pair-01""]]","[""fallback-known-4"", ""greedy-global-023"", ""optimal-pair-01""]","[""fallback-known-4"", ""greedy-global-023"", ""greedy-single-1""]",True,True,True,False,False,False,0
h10-c3:protocol_validation:tabular-credit:00015,tabular-credit,S1,node_down_edge_up,0.8,1.2,1.0,23a2f2432248979df7ec3d38fd04cf52953feb94492856e11b21651960a1a6e7,"[[""direct-0""]]","[""direct-0""]","[""direct-0""]",True,True,True,True,True,False,0
h10-c3:protocol_validation:tabular-credit:00016,tabular-credit,S2,node_down_edge_up,0.8,1.2,1.0,75b1192affd971d791cacd2f07e33f4304add866ddacbf84015578105ab376c9,"[[""direct-0"", ""direct-1"", ""direct-2"", ""direct-3""]]","[""direct-0"", ""direct-1"", ""direct-2"", ""direct-3""]","[""direct-0"", ""direct-1"", ""direct-2"", ""direct-3""]",True,True,True,True,True,False,0
h10-c3:protocol_validation:tabular-credit:00017,tabular-credit,S2,node_down_edge_up,0.8,1.2,1.0,75b1192affd971d791cacd2f07e33f4304add866ddacbf84015578105ab376c9,"[[""direct-0"", ""direct-1"", ""direct-2"", ""direct-3""]]","[""direct-0"", ""direct-1"", ""direct-2"", ""direct-3""]","[""direct-0"", ""direct-1"", ""direct-2"", ""direct-3""]",True,True,True,True,True,False,0
h10-c3:protocol_validation:tabular-credit:00018,tabular-credit,S3,node_down_edge_up,0.8,1.2,1.0,c60cd577702f6b231f4cdee85fa6a739b34f7a9d5786b7addd1b915eb6575694,"[[""greedy-global-023"", ""greedy-single-1""], [""greedy-global-023"", ""optimal-pair-01""]]","[""greedy-global-023"", ""optimal-pair-01""]","[""greedy-global-023"", ""greedy-single-1""]",True,True,True,False,False,False,0
h10-c3:protocol_validation:tabular-credit:00019,tabular-credit,S3,node_down_edge_up,0.8,1.2,1.0,c60cd577702f6b231f4cdee85fa6a739b34f7a9d5786b7addd1b915eb6575694,"[[""greedy-global-023"", ""greedy-single-1""], [""greedy-global-023"", ""optimal-pair-01""]]","[""greedy-global-023"", ""optimal-pair-01""]","[""greedy-global-023"", ""greedy-single-1""]",True,True,True,False,True,False,0
h10-c3:protocol_validation:tabular-credit:00020,tabular-credit,S3,node_down_edge_up,0.8,1.2,1.0,c60cd577702f6b231f4cdee85fa6a739b34f7a9d5786b7addd1b915eb6575694,"[[""greedy-global-023"", ""greedy-single-1""], [""greedy-global-023"", ""optimal-pair-01""]]","[""greedy-global-023"", ""optimal-pair-01""]","[""greedy-global-023"", ""greedy-single-1""]",True,True,True,False,False,False,0
h10-c3:protocol_validation:tabular-credit:00021,tabular-credit,S4,node_down_edge_up,0.8,1.2,1.0,a901a69fd30869489571b8fa186f723cf2aead7e088dae5a80b39a02fccea052,"[[""alternative-global-a""]]","[""alternative-global-a""]","[""greedy-global-023"", ""greedy-single-1""]",True,False,True,False,True,False,0
h10-c3:protocol_validation:tabular-credit:00022,tabular-credit,S4,node_down_edge_up,0.8,1.2,1.0,a901a69fd30869489571b8fa186f723cf2aead7e088dae5a80b39a02fccea052,"[[""alternative-global-a""]]","[""alternative-global-a""]","[""greedy-global-023"", ""greedy-single-1""]",True,False,True,False,True,False,0
h10-c3:protocol_validation:tabular-credit:00023,tabular-credit,S5,node_down_edge_up,0.8,1.2,1.0,bd7fb907e7e2cdd46c7952fd5fae2bdf556ea7bb275b39286e941894f575ed68,"[[""fallback-known-4"", ""greedy-global-023"", ""greedy-single-1""], [""fallback-known-4"", ""greedy-global-023"", ""optimal-pair-01""]]","[""fallback-known-4"", ""greedy-global-023"", ""optimal-pair-01""]","[""fallback-known-4"", ""greedy-global-023"", ""greedy-single-1""]",True,True,True,False,False,False,0
h10-c3:protocol_validation:tabular-credit:00024,tabular-credit,S5,node_down_edge_up,0.8,1.2,1.0,bd7fb907e7e2cdd46c7952fd5fae2bdf556ea7bb275b39286e941894f575ed68,[],[],"[""greedy-global-023"", ""greedy-single-1""]",False,False,False,False,False,False,0
h10-c3:protocol_validation:tabular-credit:00025,tabular-credit,S1,node_down_edge_up,0.8,1.2,1.0,23a2f2432248979df7ec3d38fd04cf52953feb94492856e11b21651960a1a6e7,"[[""direct-0""]]","[""direct-0""]","[""direct-0""]",True,True,True,True,True,False,0
h10-c3:protocol_validation:tabular-credit:00026,tabular-credit,S2,node_down_edge_up,0.8,1.2,1.0,75b1192affd971d791cacd2f07e33f4304add866ddacbf84015578105ab376c9,"[[""direct-0"", ""direct-1"", ""direct-2"", ""direct-3""]]","[""direct-0"", ""direct-1"", ""direct-2"", ""direct-3""]","[""direct-0"", ""direct-1"", ""direct-2"", ""direct-3""]",True,True,True,True,True,False,0
h10-c3:protocol_validation:tabular-credit:00027,tabular-credit,S2,node_down_edge_up,0.8,1.2,1.0,75b1192affd971d791cacd2f07e33f4304add866ddacbf84015578105ab376c9,"[[""direct-0"", ""direct-1"", ""direct-2"", ""direct-3""]]","[""direct-0"", ""direct-1"", ""direct-2"", ""direct-3""]","[""direct-0"", ""direct-1"", ""direct-2"", ""direct-3""]",True,True,True,True,True,False,0
h10-c3:protocol_validation:tabular-credit:00028,tabular-credit,S3,node_down_edge_up,0.8,1.2,1.0,c60cd577702f6b231f4cdee85fa6a739b34f7a9d5786b7addd1b915eb6575694,"[[""greedy-global-023"", ""greedy-single-1""], [""greedy-global-023"", ""optimal-pair-01""]]","[""greedy-global-023"", ""optimal-pair-01""]","[""greedy-global-023"", ""greedy-single-1""]",True,True,True,False,False,False,0
h10-c3:protocol_validation:tabular-credit:00029,tabular-credit,S3,node_down_edge_up,0.8,1.2,1.0,c60cd577702f6b231f4cdee85fa6a739b34f7a9d5786b7addd1b915eb6575694,"[[""greedy-global-023"", ""greedy-single-1""], [""greedy-global-023"", ""optimal-pair-01""]]","[""greedy-global-023"", ""optimal-pair-01""]","[""greedy-global-023"", ""greedy-single-1""]",True,True,True,False,True,False,0
h10-c3:protocol_validation:tabular-credit:00030,tabular-credit,S3,node_down_edge_up,0.8,1.2,1.0,c60cd577702f6b231f4cdee85fa6a739b34f7a9d5786b7addd1b915eb6575694,"[[""greedy-global-023"", ""greedy-single-1""], [""greedy-global-023"", ""optimal-pair-01""]]","[""greedy-global-023"", ""optimal-pair-01""]","[""greedy-global-023"", ""greedy-single-1""]",True,True,True,False,False,False,0
h10-c3:protocol_validation:tabular-credit:00031,tabular-credit,S4,node_down_edge_up,0.8,1.2,1.0,a901a69fd30869489571b8fa186f723cf2aead7e088dae5a80b39a02fccea052,"[[""alternative-global-a""]]","[""alternative-global-a""]","[""greedy-global-023"", ""greedy-single-1""]",True,False,True,False,True,False,0
h10-c3:protocol_validation:tabular-credit:00032,tabular-credit,S4,node_down_edge_up,0.8,1.2,1.0,a901a69fd30869489571b8fa186f723cf2aead7e088dae5a80b39a02fccea052,"[[""alternative-global-a""]]","[""alternative-global-a""]","[""greedy-global-023"", ""greedy-single-1""]",True,False,True,False,True,False,0
h10-c3:protocol_validation:tabular-credit:00033,tabular-credit,S5,node_down_edge_up,0.8,1.2,1.0,bd7fb907e7e2cdd46c7952fd5fae2bdf556ea7bb275b39286e941894f575ed68,"[[""fallback-known-4"", ""greedy-global-023"", ""greedy-single-1""], [""fallback-known-4"", ""greedy-global-023"", ""optimal-pair-01""]]","[""fallback-known-4"", ""greedy-global-023"", ""optimal-pair-01""]","[""fallback-known-4"", ""greedy-global-023"", ""greedy-single-1""]",True,True,True,False,False,False,0
h10-c3:protocol_validation:tabular-credit:00034,tabular-credit,S5,node_down_edge_up,0.8,1.2,1.0,bd7fb907e7e2cdd46c7952fd5fae2bdf556ea7bb275b39286e941894f575ed68,"[[""fallback-known-4"", ""greedy-global-023"", ""greedy-single-1""], [""fallback-known-4"", ""greedy-global-023"", ""optimal-pair-01""]]","[""fallback-known-4"", ""greedy-global-023"", ""optimal-pair-01""]","[""fallback-known-4"", ""greedy-global-023"", ""greedy-single-1""]",True,True,True,False,False,False,0
h10-c3:protocol_validation:tabular-credit:00035,tabular-credit,S1,node_down_edge_up,0.8,1.2,1.0,23a2f2432248979df7ec3d38fd04cf52953feb94492856e11b21651960a1a6e7,"[[""direct-0""]]","[""direct-0""]","[""direct-0""]",True,True,True,True,True,False,0
h10-c3:protocol_validation:tabular-credit:00036,tabular-credit,S2,node_down_edge_up,0.8,1.2,1.0,75b1192affd971d791cacd2f07e33f4304add866ddacbf84015578105ab376c9,"[[""direct-0"", ""direct-1"", ""direct-2"", ""direct-3""]]","[""direct-0"", ""direct-1"", ""direct-2"", ""direct-3""]","[""direct-0"", ""direct-1"", ""direct-2"", ""direct-3""]",True,True,True,True,True,False,0
h10-c3:protocol_validation:tabular-credit:00037,tabular-credit,S2,node_down_edge_up,0.8,1.2,1.0,75b1192affd971d791cacd2f07e33f4304add866ddacbf84015578105ab376c9,"[[""direct-0"", ""direct-1"", ""direct-2"", ""direct-3""]]","[""direct-0"", ""direct-1"", ""direct-2"", ""direct-3""]","[""direct-0"", ""direct-1"", ""direct-2"", ""direct-3""]",True,True,True,True,True,False,0
h10-c3:protocol_validation:tabular-credit:00038,tabular-credit,S3,node_down_edge_up,0.8,1.2,1.0,c60cd577702f6b231f4cdee85fa6a739b34f7a9d5786b7addd1b915eb6575694,"[[""greedy-global-023"", ""greedy-single-1""], [""greedy-global-023"", ""optimal-pair-01""]]","[""greedy-global-023"", ""optimal-pair-01""]","[""greedy-global-023"", ""greedy-single-1""]",True,True,True,False,False,False,0
h10-c3:protocol_validation:tabular-credit:00039,tabular-credit,S3,node_down_edge_up,0.8,1.2,1.0,c60cd577702f6b231f4cdee85fa6a739b34f7a9d5786b7addd1b915eb6575694,"[[""greedy-global-023"", ""greedy-single-1""], [""greedy-global-023"", ""optimal-pair-01""]]","[""greedy-global-023"", ""optimal-pair-01""]","[""greedy-global-023"", ""greedy-single-1""]",True,True,True,False,True,False,0
h10-c3:protocol_validation:tabular-credit:00040,tabular-credit,S3,node_down_edge_up,0.8,1.2,1.0,c60cd577702f6b231f4cdee85fa6a739b34f7a9d5786b7addd1b915eb6575694,"[[""greedy-global-023"", ""greedy-single-1""], [""greedy-global-023"", ""optimal-pair-01""]]","[""greedy-global-023"", ""optimal-pair-01""]","[""greedy-global-023"", ""greedy-single-1""]",True,True,True,False,False,False,0
h10-c3:protocol_validation:tabular-credit:00041,tabular-credit,S4,node_down_edge_up,0.8,1.2,1.0,a901a69fd30869489571b8fa186f723cf2aead7e088dae5a80b39a02fccea052,"[[""alternative-global-a""]]","[""alternative-global-a""]","[""greedy-global-023"", ""greedy-single-1""]",True,False,True,False,True,False,0
h10-c3:protocol_validation:tabular-credit:00042,tabular-credit,S4,node_down_edge_up,0.8,1.2,1.0,a901a69fd30869489571b8fa186f723cf2aead7e088dae5a80b39a02fccea052,"[[""alternative-global-a""]]","[""alternative-global-a""]","[""greedy-global-023"", ""greedy-single-1""]",True,False,True,False,True,False,0
h10-c3:protocol_validation:tabular-credit:00043,tabular-credit,S5,node_down_edge_up,0.8,1.2,1.0,bd7fb907e7e2cdd46c7952fd5fae2bdf556ea7bb275b39286e941894f575ed68,"[[""fallback-known-4"", ""greedy-global-023"", ""greedy-single-1""], [""fallback-known-4"", ""greedy-global-023"", ""optimal-pair-01""]]","[""fallback-known-4"", ""greedy-global-023"", ""optimal-pair-01""]","[""fallback-known-4"", ""greedy-global-023"", ""greedy-single-1""]",True,True,True,False,False,False,0
h10-c3:protocol_validation:tabular-credit:00044,tabular-credit,S5,node_down_edge_up,0.8,1.2,1.0,bd7fb907e7e2cdd46c7952fd5fae2bdf556ea7bb275b39286e941894f575ed68,"[[""fallback-known-4"", ""greedy-global-023"", ""greedy-single-1""], [""fallback-known-4"", ""greedy-global-023"", ""optimal-pair-01""]]","[""fallback-known-4"", ""greedy-global-023"", ""optimal-pair-01""]","[""fallback-known-4"", ""greedy-global-023"", ""greedy-single-1""]",True,True,True,False,False,False,0
h10-c3:protocol_validation:tabular-credit:00045,tabular-credit,S1,node_down_edge_up,0.8,1.2,1.0,23a2f2432248979df7ec3d38fd04cf52953feb94492856e11b21651960a1a6e7,"[[""direct-0""]]","[""direct-0""]","[""direct-0""]",True,True,True,True,True,False,0
h10-c3:protocol_validation:tabular-credit:00046,tabular-credit,S2,node_down_edge_up,0.8,1.2,1.0,75b1192affd971d791cacd2f07e33f4304add866ddacbf84015578105ab376c9,"[[""direct-0"", ""direct-1"", ""direct-2"", ""direct-3""]]","[""direct-0"", ""direct-1"", ""direct-2"", ""direct-3""]","[""direct-0"", ""direct-1"", ""direct-2"", ""direct-3""]",True,True,True,True,True,False,0
h10-c3:protocol_validation:tabular-credit:00047,tabular-credit,S2,node_down_edge_up,0.8,1.2,1.0,75b1192affd971d791cacd2f07e33f4304add866ddacbf84015578105ab376c9,"[[""direct-0"", ""direct-1"", ""direct-2"", ""direct-3""]]","[""direct-0"", ""direct-1"", ""direct-2"", ""direct-3""]","[""direct-0"", ""direct-1"", ""direct-2"", ""direct-3""]",True,True,True,True,True,False,0
h10-c3:protocol_validation:tabular-credit:00048,tabular-credit,S3,node_down_edge_up,0.8,1.2,1.0,c60cd577702f6b231f4cdee85fa6a739b34f7a9d5786b7addd1b915eb6575694,"[[""greedy-global-023"", ""greedy-single-1""], [""greedy-global-023"", ""optimal-pair-01""]]","[""greedy-global-023"", ""optimal-pair-01""]","[""greedy-global-023"", ""greedy-single-1""]",True,True,True,False,False,False,0
h10-c3:protocol_validation:tabular-credit:00049,tabular-credit,S3,node_down_edge_up,0.8,1.2,1.0,c60cd577702f6b231f4cdee85fa6a739b34f7a9d5786b7addd1b915eb6575694,"[[""greedy-global-023"", ""greedy-single-1""], [""greedy-global-023"", ""optimal-pair-01""]]","[""greedy-global-023"", ""optimal-pair-01""]","[""greedy-global-023"", ""greedy-single-1""]",True,True,True,False,True,False,0
h10-c3:protocol_validation:tabular-credit:00050,tabular-credit,S3,node_down_edge_up,0.8,1.2,1.0,c60cd577702f6b231f4cdee85fa6a739b34f7a9d5786b7addd1b915eb6575694,"[[""greedy-global-023"", ""greedy-single-1""], [""greedy-global-023"", ""optimal-pair-01""]]","[""greedy-global-023"", ""optimal-pair-01""]","[""greedy-global-023"", ""greedy-single-1""]",True,True,True,False,False,False,0
h10-c3:protocol_validation:tabular-credit:00051,tabular-credit,S4,node_down_edge_up,0.8,1.2,1.0,a901a69fd30869489571b8fa186f723cf2aead7e088dae5a80b39a02fccea052,"[[""alternative-global-a""]]","[""alternative-global-a""]","[""greedy-global-023"", ""greedy-single-1""]",True,False,True,False,True,False,0
h10-c3:protocol_validation:tabular-credit:00052,tabular-credit,S4,node_down_edge_up,0.8,1.2,1.0,a901a69fd30869489571b8fa186f723cf2aead7e088dae5a80b39a02fccea052,"[[""alternative-global-a""]]","[""alternative-global-a""]","[""greedy-global-023"", ""greedy-single-1""]",True,False,True,False,True,False,0
h10-c3:protocol_validation:tabular-credit:00053,tabular-credit,S5,node_down_edge_up,0.8,1.2,1.0,bd7fb907e7e2cdd46c7952fd5fae2bdf556ea7bb275b39286e941894f575ed68,[],[],"[""greedy-global-023"", ""greedy-single-1""]",False,False,False,False,False,False,0
h10-c3:protocol_validation:tabular-credit:00054,tabular-credit,S5,node_down_edge_up,0.8,1.2,1.0,bd7fb907e7e2cdd46c7952fd5fae2bdf556ea7bb275b39286e941894f575ed68,"[[""fallback-known-4"", ""greedy-global-023"", ""greedy-single-1""], [""fallback-known-4"", ""greedy-global-023"", ""optimal-pair-01""]]","[""fallback-known-4"", ""greedy-global-023"", ""optimal-pair-01""]","[""fallback-known-4"", ""greedy-global-023"", ""greedy-single-1""]",True,True,True,False,False,False,0
h10-c3:protocol_validation:tabular-credit:00055,tabular-credit,S1,node_down_edge_up,0.8,1.2,1.0,23a2f2432248979df7ec3d38fd04cf52953feb94492856e11b21651960a1a6e7,"[[""direct-0""]]","[""direct-0""]","[""direct-0""]",True,True,True,True,True,False,0
h10-c3:protocol_validation:tabular-credit:00056,tabular-credit,S2,node_down_edge_up,0.8,1.2,1.0,75b1192affd971d791cacd2f07e33f4304add866ddacbf84015578105ab376c9,"[[""direct-0"", ""direct-1"", ""direct-2"", ""direct-3""]]","[""direct-0"", ""direct-1"", ""direct-2"", ""direct-3""]","[""direct-0"", ""direct-1"", ""direct-2"", ""direct-3""]",True,True,True,True,True,False,0
h10-c3:protocol_validation:tabular-credit:00057,tabular-credit,S2,node_down_edge_up,0.8,1.2,1.0,75b1192affd971d791cacd2f07e33f4304add866ddacbf84015578105ab376c9,"[[""direct-0"", ""direct-1"", ""direct-2"", ""direct-3""]]","[""direct-0"", ""direct-1"", ""direct-2"", ""direct-3""]","[""direct-0"", ""direct-1"", ""direct-2"", ""direct-3""]",True,True,True,True,True,False,0
h10-c3:protocol_validation:tabular-credit:00058,tabular-credit,S3,node_down_edge_up,0.8,1.2,1.0,c60cd577702f6b231f4cdee85fa6a739b34f7a9d5786b7addd1b915eb6575694,"[[""greedy-global-023"", ""greedy-single-1""], [""greedy-global-023"", ""optimal-pair-01""]]","[""greedy-global-023"", ""optimal-pair-01""]","[""greedy-global-023"", ""greedy-single-1""]",True,True,True,False,False,False,0
h10-c3:protocol_validation:tabular-credit:00059,tabular-credit,S3,node_down_edge_up,0.8,1.2,1.0,c60cd577702f6b231f4cdee85fa6a739b34f7a9d5786b7addd1b915eb6575694,"[[""greedy-global-023"", ""greedy-single-1""], [""greedy-global-023"", ""optimal-pair-01""]]","[""greedy-global-023"", ""optimal-pair-01""]","[""greedy-global-023"", ""greedy-single-1""]",True,True,True,False,True,False,0
h10-c3:protocol_validation:tabular-credit:00060,tabular-credit,S3,node_down_edge_up,0.8,1.2,1.0,c60cd577702f6b231f4cdee85fa6a739b34f7a9d5786b7addd1b915eb6575694,"[[""greedy-global-023"", ""greedy-single-1""], [""greedy-global-023"", ""optimal-pair-01""]]","[""greedy-global-023"", ""optimal-pair-01""]","[""greedy-global-023"", ""greedy-single-1""]",True,True,True,False,False,False,0
h10-c3:protocol_validation:tabular-credit:00061,tabular-credit,S4,node_down_edge_up,0.8,1.2,1.0,a901a69fd30869489571b8fa186f723cf2aead7e088dae5a80b39a02fccea052,"[[""alternative-global-a""]]","[""alternative-global-a""]","[""greedy-global-023"", ""greedy-single-1""]",True,False,True,False,True,False,0
h10-c3:protocol_validation:tabular-credit:00062,tabular-credit,S4,node_down_edge_up,0.8,1.2,1.0,a901a69fd30869489571b8fa186f723cf2aead7e088dae5a80b39a02fccea052,"[[""alternative-global-a""]]","[""alternative-global-a""]","[""greedy-global-023"", ""greedy-single-1""]",True,False,True,False,True,False,0
h10-c3:protocol_validation:tabular-credit:00063,tabular-credit,S5,node_down_edge_up,0.8,1.2,1.0,bd7fb907e7e2cdd46c7952fd5fae2bdf556ea7bb275b39286e941894f575ed68,"[[""fallback-known-4"", ""greedy-global-023"", ""greedy-single-1""], [""fallback-known-4"", ""greedy-global-023"", ""optimal-pair-01""]]","[""fallback-known-4"", ""greedy-global-023"", ""optimal-pair-01""]","[""fallback-known-4"", ""greedy-global-023"", ""greedy-single-1""]",True,True,True,False,False,False,0
h10-c3:protocol_validation:tabular-credit:00064,tabular-credit,S5,node_down_edge_up,0.8,1.2,1.0,bd7fb907e7e2cdd46c7952fd5fae2bdf556ea7bb275b39286e941894f575ed68,"[[""fallback-known-4"", ""greedy-global-023"", ""greedy-single-1""], [""fallback-known-4"", ""greedy-global-023"", ""optimal-pair-01""]]","[""fallback-known-4"", ""greedy-global-023"", ""optimal-pair-01""]","[""fallback-known-4"", ""greedy-global-023"", ""greedy-single-1""]",True,True,True,False,False,False,0
h10-c3:protocol_validation:tabular-credit:00065,tabular-credit,S1,node_down_edge_up,0.8,1.2,1.0,23a2f2432248979df7ec3d38fd04cf52953feb94492856e11b21651960a1a6e7,"[[""direct-0""]]","[""direct-0""]","[""direct-0""]",True,True,True,True,True,False,0
h10-c3:protocol_validation:tabular-credit:00066,tabular-credit,S2,node_down_edge_up,0.8,1.2,1.0,75b1192affd971d791cacd2f07e33f4304add866ddacbf84015578105ab376c9,"[[""direct-0"", ""direct-1"", ""direct-2"", ""direct-3""]]","[""direct-0"", ""direct-1"", ""direct-2"", ""direct-3""]","[""direct-0"", ""direct-1"", ""direct-2"", ""direct-3""]",True,True,True,True,True,False,0
h10-c3:protocol_validation:tabular-credit:00067,tabular-credit,S2,node_down_edge_up,0.8,1.2,1.0,75b1192affd971d791cacd2f07e33f4304add866ddacbf84015578105ab376c9,"[[""direct-0"", ""direct-1"", ""direct-2"", ""direct-3""]]","[""direct-0"", ""direct-1"", ""direct-2"", ""direct-3""]","[""direct-0"", ""direct-1"", ""direct-2"", ""direct-3""]",True,True,True,True,True,False,0
h10-c3:protocol_validation:tabular-credit:00068,tabular-credit,S3,node_down_edge_up,0.8,1.2,1.0,c60cd577702f6b231f4cdee85fa6a739b34f7a9d5786b7addd1b915eb6575694,"[[""greedy-global-023"", ""greedy-single-1""], [""greedy-global-023"", ""optimal-pair-01""]]","[""greedy-global-023"", ""optimal-pair-01""]","[""greedy-global-023"", ""greedy-single-1""]",True,True,True,False,False,False,0
h10-c3:protocol_validation:tabular-credit:00069,tabular-credit,S3,node_down_edge_up,0.8,1.2,1.0,c60cd577702f6b231f4cdee85fa6a739b34f7a9d5786b7addd1b915eb6575694,"[[""greedy-global-023"", ""greedy-single-1""], [""greedy-global-023"", ""optimal-pair-01""]]","[""greedy-global-023"", ""optimal-pair-01""]","[""greedy-global-023"", ""greedy-single-1""]",True,True,True,False,True,False,0
h10-c3:protocol_validation:tabular-credit:00070,tabular-credit,S3,node_down_edge_up,0.8,1.2,1.0,c60cd577702f6b231f4cdee85fa6a739b34f7a9d5786b7addd1b915eb6575694,"[[""greedy-global-023"", ""greedy-single-1""], [""greedy-global-023"", ""optimal-pair-01""]]","[""greedy-global-023"", ""optimal-pair-01""]","[""greedy-global-023"", ""greedy-single-1""]",True,True,True,False,False,False,0
h10-c3:protocol_validation:tabular-credit:00071,tabular-credit,S4,node_down_edge_up,0.8,1.2,1.0,a901a69fd30869489571b8fa186f723cf2aead7e088dae5a80b39a02fccea052,"[[""alternative-global-a""]]","[""alternative-global-a""]","[""greedy-global-023"", ""greedy-single-1""]",True,False,True,False,True,False,0
h10-c3:protocol_validation:tabular-credit:00072,tabular-credit,S4,node_down_edge_up,0.8,1.2,1.0,a901a69fd30869489571b8fa186f723cf2aead7e088dae5a80b39a02fccea052,"[[""alternative-global-a""]]","[""alternative-global-a""]","[""greedy-global-023"", ""greedy-single-1""]",True,False,True,False,True,False,0
h10-c3:protocol_validation:tabular-credit:00073,tabular-credit,S5,node_down_edge_up,0.8,1.2,1.0,bd7fb907e7e2cdd46c7952fd5fae2bdf556ea7bb275b39286e941894f575ed68,"[[""fallback-known-4"", ""greedy-global-023"", ""greedy-single-1""], [""fallback-known-4"", ""greedy-global-023"", ""optimal-pair-01""]]","[""fallback-known-4"", ""greedy-global-023"", ""optimal-pair-01""]","[""fallback-known-4"", ""greedy-global-023"", ""greedy-single-1""]",True,True,True,False,False,False,0
h10-c3:protocol_validation:tabular-credit:00074,tabular-credit,S5,node_down_edge_up,0.8,1.2,1.0,bd7fb907e7e2cdd46c7952fd5fae2bdf556ea7bb275b39286e941894f575ed68,[],[],"[""greedy-global-023"", ""greedy-single-1""]",False,False,False,False,False,False,0
h10-c3:protocol_validation:tabular-credit:00075,tabular-credit,S1,node_down_edge_up,0.8,1.2,1.0,23a2f2432248979df7ec3d38fd04cf52953feb94492856e11b21651960a1a6e7,"[[""direct-0""]]","[""direct-0""]","[""direct-0""]",True,True,True,True,True,False,0
h10-c3:protocol_validation:tabular-credit:00076,tabular-credit,S2,node_down_edge_up,0.8,1.2,1.0,75b1192affd971d791cacd2f07e33f4304add866ddacbf84015578105ab376c9,"[[""direct-0"", ""direct-1"", ""direct-2"", ""direct-3""]]","[""direct-0"", ""direct-1"", ""direct-2"", ""direct-3""]","[""direct-0"", ""direct-1"", ""direct-2"", ""direct-3""]",True,True,True,True,True,False,0
h10-c3:protocol_validation:tabular-credit:00077,tabular-credit,S2,node_down_edge_up,0.8,1.2,1.0,75b1192affd971d791cacd2f07e33f4304add866ddacbf84015578105ab376c9,"[[""direct-0"", ""direct-1"", ""direct-2"", ""direct-3""]]","[""direct-0"", ""direct-1"", ""direct-2"", ""direct-3""]","[""direct-0"", ""direct-1"", ""direct-2"", ""direct-3""]",True,True,True,True,True,False,0
h10-c3:protocol_validation:tabular-credit:00078,tabular-credit,S3,node_down_edge_up,0.8,1.2,1.0,c60cd577702f6b231f4cdee85fa6a739b34f7a9d5786b7addd1b915eb6575694,"[[""greedy-global-023"", ""greedy-single-1""], [""greedy-global-023"", ""optimal-pair-01""]]","[""greedy-global-023"", ""optimal-pair-01""]","[""greedy-global-023"", ""greedy-single-1""]",True,True,True,False,False,False,0
h10-c3:protocol_validation:tabular-credit:00079,tabular-credit,S3,node_down_edge_up,0.8,1.2,1.0,c60cd577702f6b231f4cdee85fa6a739b34f7a9d5786b7addd1b915eb6575694,"[[""greedy-global-023"", ""greedy-single-1""], [""greedy-global-023"", ""optimal-pair-01""]]","[""greedy-global-023"", ""optimal-pair-01""]","[""greedy-global-023"", ""greedy-single-1""]",True,True,True,False,True,False,0
h10-c3:protocol_validation:tabular-credit:00080,tabular-credit,S3,node_down_edge_up,0.8,1.2,1.0,c60cd577702f6b231f4cdee85fa6a739b34f7a9d5786b7addd1b915eb6575694,"[[""greedy-global-023"", ""greedy-single-1""], [""greedy-global-023"", ""optimal-pair-01""]]","[""greedy-global-023"", ""optimal-pair-01""]","[""greedy-global-023"", ""greedy-single-1""]",True,True,True,False,False,False,0
h10-c3:protocol_validation:tabular-credit:00081,tabular-credit,S4,node_down_edge_up,0.8,1.2,1.0,a901a69fd30869489571b8fa186f723cf2aead7e088dae5a80b39a02fccea052,"[[""alternative-global-a""]]","[""alternative-global-a""]","[""greedy-global-023"", ""greedy-single-1""]",True,False,True,False,True,False,0
h10-c3:protocol_validation:tabular-credit:00082,tabular-credit,S4,node_down_edge_up,0.8,1.2,1.0,a901a69fd30869489571b8fa186f723cf2aead7e088dae5a80b39a02fccea052,"[[""alternative-global-a""]]","[""alternative-global-a""]","[""greedy-global-023"", ""greedy-single-1""]",True,False,True,False,True,False,0
h10-c3:protocol_validation:tabular-credit:00083,tabular-credit,S5,node_down_edge_up,0.8,1.2,1.0,bd7fb907e7e2cdd46c7952fd5fae2bdf556ea7bb275b39286e941894f575ed68,"[[""fallback-known-4"", ""greedy-global-023"", ""greedy-single-1""], [""fallback-known-4"", ""greedy-global-023"", ""optimal-pair-01""]]","[""fallback-known-4"", ""greedy-global-023"", ""optimal-pair-01""]","[""fallback-known-4"", ""greedy-global-023"", ""greedy-single-1""]",True,True,True,False,False,False,0
h10-c3:protocol_validation:tabular-credit:00084,tabular-credit,S5,node_down_edge_up,0.8,1.2,1.0,bd7fb907e7e2cdd46c7952fd5fae2bdf556ea7bb275b39286e941894f575ed68,"[[""fallback-known-4"", ""greedy-global-023"", ""greedy-single-1""], [""fallback-known-4"", ""greedy-global-023"", ""optimal-pair-01""]]","[""fallback-known-4"", ""greedy-global-023"", ""optimal-pair-01""]","[""fallback-known-4"", ""greedy-global-023"", ""greedy-single-1""]",True,True,True,False,False,False,0
h10-c3:protocol_validation:tabular-credit:00085,tabular-credit,S1,node_down_edge_up,0.8,1.2,1.0,23a2f2432248979df7ec3d38fd04cf52953feb94492856e11b21651960a1a6e7,"[[""direct-0""]]","[""direct-0""]","[""direct-0""]",True,True,True,True,True,False,0
h10-c3:protocol_validation:tabular-credit:00086,tabular-credit,S2,node_down_edge_up,0.8,1.2,1.0,75b1192affd971d791cacd2f07e33f4304add866ddacbf84015578105ab376c9,"[[""direct-0"", ""direct-1"", ""direct-2"", ""direct-3""]]","[""direct-0"", ""direct-1"", ""direct-2"", ""direct-3""]","[""direct-0"", ""direct-1"", ""direct-2"", ""direct-3""]",True,True,True,True,True,False,0
h10-c3:protocol_validation:tabular-credit:00087,tabular-credit,S2,node_down_edge_up,0.8,1.2,1.0,75b1192affd971d791cacd2f07e33f4304add866ddacbf84015578105ab376c9,"[[""direct-0"", ""direct-1"", ""direct-2"", ""direct-3""]]","[""direct-0"", ""direct-1"", ""direct-2"", ""direct-3""]","[""direct-0"", ""direct-1"", ""direct-2"", ""direct-3""]",True,True,True,True,True,False,0
h10-c3:protocol_validation:tabular-credit:00088,tabular-credit,S3,node_down_edge_up,0.8,1.2,1.0,c60cd577702f6b231f4cdee85fa6a739b34f7a9d5786b7addd1b915eb6575694,"[[""greedy-global-023"", ""greedy-single-1""], [""greedy-global-023"", ""optimal-pair-01""]]","[""greedy-global-023"", ""optimal-pair-01""]","[""greedy-global-023"", ""greedy-single-1""]",True,True,True,False,False,False,0
h10-c3:protocol_validation:tabular-credit:00089,tabular-credit,S3,node_down_edge_up,0.8,1.2,1.0,c60cd577702f6b231f4cdee85fa6a739b34f7a9d5786b7addd1b915eb6575694,"[[""greedy-global-023"", ""greedy-single-1""], [""greedy-global-023"", ""optimal-pair-01""]]","[""greedy-global-023"", ""optimal-pair-01""]","[""greedy-global-023"", ""greedy-single-1""]",True,True,True,False,True,False,0
h10-c3:protocol_validation:tabular-credit:00090,tabular-credit,S3,node_down_edge_up,0.8,1.2,1.0,c60cd577702f6b231f4cdee85fa6a739b34f7a9d5786b7addd1b915eb6575694,"[[""greedy-global-023"", ""greedy-single-1""], [""greedy-global-023"", ""optimal-pair-01""]]","[""greedy-global-023"", ""optimal-pair-01""]","[""greedy-global-023"", ""greedy-single-1""]",True,True,True,False,False,False,0
h10-c3:protocol_validation:tabular-credit:00091,tabular-credit,S4,node_down_edge_up,0.8,1.2,1.0,a901a69fd30869489571b8fa186f723cf2aead7e088dae5a80b39a02fccea052,"[[""alternative-global-a""]]","[""alternative-global-a""]","[""greedy-global-023"", ""greedy-single-1""]",True,False,True,False,True,False,0
h10-c3:protocol_validation:tabular-credit:00092,tabular-credit,S4,node_down_edge_up,0.8,1.2,1.0,a901a69fd30869489571b8fa186f723cf2aead7e088dae5a80b39a02fccea052,"[[""alternative-global-a""]]","[""alternative-global-a""]","[""greedy-global-023"", ""greedy-single-1""]",True,False,True,False,True,False,0
h10-c3:protocol_validation:tabular-credit:00093,tabular-credit,S5,node_down_edge_up,0.8,1.2,1.0,bd7fb907e7e2cdd46c7952fd5fae2bdf556ea7bb275b39286e941894f575ed68,"[[""fallback-known-4"", ""greedy-global-023"", ""greedy-single-1""], [""fallback-known-4"", ""greedy-global-023"", ""optimal-pair-01""]]","[""fallback-known-4"", ""greedy-global-023"", ""optimal-pair-01""]","[""fallback-known-4"", ""greedy-global-023"", ""greedy-single-1""]",True,True,True,False,False,False,0
h10-c3:protocol_validation:tabular-credit:00094,tabular-credit,S5,node_down_edge_up,0.8,1.2,1.0,bd7fb907e7e2cdd46c7952fd5fae2bdf556ea7bb275b39286e941894f575ed68,"[[""fallback-known-4"", ""greedy-global-023"", ""greedy-single-1""], [""fallback-known-4"", ""greedy-global-023"", ""optimal-pair-01""]]","[""fallback-known-4"", ""greedy-global-023"", ""optimal-pair-01""]","[""fallback-known-4"", ""greedy-global-023"", ""greedy-single-1""]",True,True,True,False,False,False,0
h10-c3:protocol_validation:tabular-credit:00095,tabular-credit,S1,node_down_edge_up,0.8,1.2,1.0,23a2f2432248979df7ec3d38fd04cf52953feb94492856e11b21651960a1a6e7,"[[""direct-0""]]","[""direct-0""]","[""direct-0""]",True,True,True,True,True,False,0
h10-c3:protocol_validation:tabular-credit:00096,tabular-credit,S2,node_down_edge_up,0.8,1.2,1.0,75b1192affd971d791cacd2f07e33f4304add866ddacbf84015578105ab376c9,"[[""direct-0"", ""direct-1"", ""direct-2"", ""direct-3""]]","[""direct-0"", ""direct-1"", ""direct-2"", ""direct-3""]","[""direct-0"", ""direct-1"", ""direct-2"", ""direct-3""]",True,True,True,True,True,False,0
h10-c3:protocol_validation:tabular-credit:00097,tabular-credit,S2,node_down_edge_up,0.8,1.2,1.0,75b1192affd971d791cacd2f07e33f4304add866ddacbf84015578105ab376c9,"[[""direct-0"", ""direct-1"", ""direct-2"", ""direct-3""]]","[""direct-0"", ""direct-1"", ""direct-2"", ""direct-3""]","[""direct-0"", ""direct-1"", ""direct-2"", ""direct-3""]",True,True,True,True,True,False,0
h10-c3:protocol_validation:tabular-credit:00098,tabular-credit,S3,node_down_edge_up,0.8,1.2,1.0,c60cd577702f6b231f4cdee85fa6a739b34f7a9d5786b7addd1b915eb6575694,"[[""greedy-global-023"", ""greedy-single-1""], [""greedy-global-023"", ""optimal-pair-01""]]","[""greedy-global-023"", ""optimal-pair-01""]","[""greedy-global-023"", ""greedy-single-1""]",True,True,True,False,False,False,0
h10-c3:protocol_validation:tabular-credit:00099,tabular-credit,S3,node_down_edge_up,0.8,1.2,1.0,c60cd577702f6b231f4cdee85fa6a739b34f7a9d5786b7addd1b915eb6575694,"[[""greedy-global-023"", ""greedy-single-1""], [""greedy-global-023"", ""optimal-pair-01""]]","[""greedy-global-023"", ""optimal-pair-01""]","[""greedy-global-023"", ""greedy-single-1""]",True,True,True,False,True,False,0
h10-c3:protocol_validation:tabular-credit:00100,tabular-credit,S3,node_down_edge_up,0.8,1.2,1.0,c60cd577702f6b231f4cdee85fa6a739b34f7a9d5786b7addd1b915eb6575694,"[[""greedy-global-023"", ""greedy-single-1""], [""greedy-global-023"", ""optimal-pair-01""]]","[""greedy-global-023"", ""optimal-pair-01""]","[""greedy-global-023"", ""greedy-single-1""]",True,True,True,False,False,False,0
h10-c3:protocol_validation:tabular-credit:00101,tabular-credit,S4,node_down_edge_up,0.8,1.2,1.0,a901a69fd30869489571b8fa186f723cf2aead7e088dae5a80b39a02fccea052,"[[""alternative-global-a""]]","[""alternative-global-a""]","[""greedy-global-023"", ""greedy-single-1""]",True,False,True,False,True,False,0
h10-c3:protocol_validation:tabular-credit:00102,tabular-credit,S4,node_down_edge_up,0.8,1.2,1.0,a901a69fd30869489571b8fa186f723cf2aead7e088dae5a80b39a02fccea052,"[[""alternative-global-a""]]","[""alternative-global-a""]","[""greedy-global-023"", ""greedy-single-1""]",True,False,True,False,True,False,0
h10-c3:protocol_validation:tabular-credit:00103,tabular-credit,S5,node_down_edge_up,0.8,1.2,1.0,bd7fb907e7e2cdd46c7952fd5fae2bdf556ea7bb275b39286e941894f575ed68,[],[],"[""greedy-global-023"", ""greedy-single-1""]",False,False,False,False,False,False,0
h10-c3:protocol_validation:tabular-credit:00104,tabular-credit,S5,node_down_edge_up,0.8,1.2,1.0,bd7fb907e7e2cdd46c7952fd5fae2bdf556ea7bb275b39286e941894f575ed68,"[[""fallback-known-4"", ""greedy-global-023"", ""greedy-single-1""], [""fallback-known-4"", ""greedy-global-023"", ""optimal-pair-01""]]","[""fallback-known-4"", ""greedy-global-023"", ""optimal-pair-01""]","[""fallback-known-4"", ""greedy-global-023"", ""greedy-single-1""]",True,True,True,False,False,False,0
h10-c3:protocol_validation:tabular-credit:00105,tabular-credit,S1,node_down_edge_up,0.8,1.2,1.0,23a2f2432248979df7ec3d38fd04cf52953feb94492856e11b21651960a1a6e7,"[[""direct-0""]]","[""direct-0""]","[""direct-0""]",True,True,True,True,True,False,0
h10-c3:protocol_validation:tabular-credit:00106,tabular-credit,S2,node_down_edge_up,0.8,1.2,1.0,75b1192affd971d791cacd2f07e33f4304add866ddacbf84015578105ab376c9,"[[""direct-0"", ""direct-1"", ""direct-2"", ""direct-3""]]","[""direct-0"", ""direct-1"", ""direct-2"", ""direct-3""]","[""direct-0"", ""direct-1"", ""direct-2"", ""direct-3""]",True,True,True,True,True,False,0
h10-c3:protocol_validation:tabular-credit:00107,tabular-credit,S2,node_down_edge_up,0.8,1.2,1.0,75b1192affd971d791cacd2f07e33f4304add866ddacbf84015578105ab376c9,"[[""direct-0"", ""direct-1"", ""direct-2"", ""direct-3""]]","[""direct-0"", ""direct-1"", ""direct-2"", ""direct-3""]","[""direct-0"", ""direct-1"", ""direct-2"", ""direct-3""]",True,True,True,True,True,False,0
h10-c3:protocol_validation:tabular-credit:00108,tabular-credit,S3,node_down_edge_up,0.8,1.2,1.0,c60cd577702f6b231f4cdee85fa6a739b34f7a9d5786b7addd1b915eb6575694,"[[""greedy-global-023"", ""greedy-single-1""], [""greedy-global-023"", ""optimal-pair-01""]]","[""greedy-global-023"", ""optimal-pair-01""]","[""greedy-global-023"", ""greedy-single-1""]",True,True,True,False,False,False,0
h10-c3:protocol_validation:tabular-credit:00109,tabular-credit,S3,node_down_edge_up,0.8,1.2,1.0,c60cd577702f6b231f4cdee85fa6a739b34f7a9d5786b7addd1b915eb6575694,"[[""greedy-global-023"", ""greedy-single-1""], [""greedy-global-023"", ""optimal-pair-01""]]","[""greedy-global-023"", ""optimal-pair-01""]","[""greedy-global-023"", ""greedy-single-1""]",True,True,True,False,True,False,0
h10-c3:protocol_validation:tabular-credit:00110,tabular-credit,S3,node_down_edge_up,0.8,1.2,1.0,c60cd577702f6b231f4cdee85fa6a739b34f7a9d5786b7addd1b915eb6575694,"[[""greedy-global-023"", ""greedy-single-1""], [""greedy-global-023"", ""optimal-pair-01""]]","[""greedy-global-023"", ""optimal-pair-01""]","[""greedy-global-023"", ""greedy-single-1""]",True,True,True,False,False,False,0
h10-c3:protocol_validation:tabular-credit:00111,tabular-credit,S4,node_down_edge_up,0.8,1.2,1.0,a901a69fd30869489571b8fa186f723cf2aead7e088dae5a80b39a02fccea052,"[[""alternative-global-a""]]","[""alternative-global-a""]","[""greedy-global-023"", ""greedy-single-1""]",True,False,True,False,True,False,0
h10-c3:protocol_validation:tabular-credit:00112,tabular-credit,S4,node_down_edge_up,0.8,1.2,1.0,a901a69fd30869489571b8fa186f723cf2aead7e088dae5a80b39a02fccea052,"[[""alternative-global-a""]]","[""alternative-global-a""]","[""greedy-global-023"", ""greedy-single-1""]",True,False,True,False,True,False,0
h10-c3:protocol_validation:tabular-credit:00113,tabular-credit,S5,node_down_edge_up,0.8,1.2,1.0,bd7fb907e7e2cdd46c7952fd5fae2bdf556ea7bb275b39286e941894f575ed68,"[[""fallback-known-4"", ""greedy-global-023"", ""greedy-single-1""], [""fallback-known-4"", ""greedy-global-023"", ""optimal-pair-01""]]","[""fallback-known-4"", ""greedy-global-023"", ""optimal-pair-01""]","[""fallback-known-4"", ""greedy-global-023"", ""greedy-single-1""]",True,True,True,False,False,False,0
h10-c3:protocol_validation:tabular-credit:00114,tabular-credit,S5,node_down_edge_up,0.8,1.2,1.0,bd7fb907e7e2cdd46c7952fd5fae2bdf556ea7bb275b39286e941894f575ed68,"[[""fallback-known-4"", ""greedy-global-023"", ""greedy-single-1""], [""fallback-known-4"", ""greedy-global-023"", ""optimal-pair-01""]]","[""fallback-known-4"", ""greedy-global-023"", ""optimal-pair-01""]","[""fallback-known-4"", ""greedy-global-023"", ""greedy-single-1""]",True,True,True,False,False,False,0
h10-c3:protocol_validation:tabular-credit:00115,tabular-credit,S1,node_down_edge_up,0.8,1.2,1.0,23a2f2432248979df7ec3d38fd04cf52953feb94492856e11b21651960a1a6e7,"[[""direct-0""]]","[""direct-0""]","[""direct-0""]",True,True,True,True,True,False,0
h10-c3:protocol_validation:tabular-credit:00116,tabular-credit,S2,node_down_edge_up,0.8,1.2,1.0,75b1192affd971d791cacd2f07e33f4304add866ddacbf84015578105ab376c9,"[[""direct-0"", ""direct-1"", ""direct-2"", ""direct-3""]]","[""direct-0"", ""direct-1"", ""direct-2"", ""direct-3""]","[""direct-0"", ""direct-1"", ""direct-2"", ""direct-3""]",True,True,True,True,True,False,0
h10-c3:protocol_validation:tabular-credit:00117,tabular-credit,S2,node_down_edge_up,0.8,1.2,1.0,75b1192affd971d791cacd2f07e33f4304add866ddacbf84015578105ab376c9,"[[""direct-0"", ""direct-1"", ""direct-2"", ""direct-3""]]","[""direct-0"", ""direct-1"", ""direct-2"", ""direct-3""]","[""direct-0"", ""direct-1"", ""direct-2"", ""direct-3""]",True,True,True,True,True,False,0
h10-c3:protocol_validation:tabular-credit:00118,tabular-credit,S3,node_down_edge_up,0.8,1.2,1.0,c60cd577702f6b231f4cdee85fa6a739b34f7a9d5786b7addd1b915eb6575694,"[[""greedy-global-023"", ""greedy-single-1""], [""greedy-global-023"", ""optimal-pair-01""]]","[""greedy-global-023"", ""optimal-pair-01""]","[""greedy-global-023"", ""greedy-single-1""]",True,True,True,False,False,False,0
h10-c3:protocol_validation:tabular-credit:00119,tabular-credit,S3,node_down_edge_up,0.8,1.2,1.0,c60cd577702f6b231f4cdee85fa6a739b34f7a9d5786b7addd1b915eb6575694,"[[""greedy-global-023"", ""greedy-single-1""], [""greedy-global-023"", ""optimal-pair-01""]]","[""greedy-global-023"", ""optimal-pair-01""]","[""greedy-global-023"", ""greedy-single-1""]",True,True,True,False,True,False,0
h10-c3:protocol_validation:tabular-energy:00120,tabular-energy,S2,node_down_edge_up,0.8,1.2,1.0,75b1192affd971d791cacd2f07e33f4304add866ddacbf84015578105ab376c9,"[[""direct-0"", ""direct-1"", ""direct-2"", ""direct-3""]]","[""direct-0"", ""direct-1"", ""direct-2"", ""direct-3""]","[""direct-0"", ""direct-1"", ""direct-2"", ""direct-3""]",True,True,True,True,True,False,0
h10-c3:protocol_validation:tabular-energy:00121,tabular-energy,S3,node_down_edge_up,0.8,1.2,1.0,c60cd577702f6b231f4cdee85fa6a739b34f7a9d5786b7addd1b915eb6575694,"[[""greedy-global-023"", ""greedy-single-1""], [""greedy-global-023"", ""optimal-pair-01""]]","[""greedy-global-023"", ""optimal-pair-01""]","[""greedy-global-023"", ""greedy-single-1""]",True,True,True,False,True,False,0
h10-c3:protocol_validation:tabular-energy:00122,tabular-energy,S3,node_down_edge_up,0.8,1.2,1.0,c60cd577702f6b231f4cdee85fa6a739b34f7a9d5786b7addd1b915eb6575694,"[[""greedy-global-023"", ""greedy-single-1""], [""greedy-global-023"", ""optimal-pair-01""]]","[""greedy-global-023"", ""optimal-pair-01""]","[""greedy-global-023"", ""greedy-single-1""]",True,True,True,False,False,False,0
h10-c3:protocol_validation:tabular-energy:00123,tabular-energy,S3,node_down_edge_up,0.8,1.2,1.0,c60cd577702f6b231f4cdee85fa6a739b34f7a9d5786b7addd1b915eb6575694,"[[""greedy-global-023"", ""greedy-single-1""], [""greedy-global-023"", ""optimal-pair-01""]]","[""greedy-global-023"", ""optimal-pair-01""]","[""greedy-global-023"", ""greedy-single-1""]",True,True,True,False,True,False,0
h10-c3:protocol_validation:tabular-energy:00124,tabular-energy,S4,node_down_edge_up,0.8,1.2,1.0,a901a69fd30869489571b8fa186f723cf2aead7e088dae5a80b39a02fccea052,"[[""alternative-global-a""]]","[""alternative-global-a""]","[""greedy-global-023"", ""greedy-single-1""]",True,False,True,False,True,False,0
h10-c3:protocol_validation:tabular-energy:00125,tabular-energy,S4,node_down_edge_up,0.8,1.2,1.0,a901a69fd30869489571b8fa186f723cf2aead7e088dae5a80b39a02fccea052,"[[""alternative-global-a""]]","[""alternative-global-a""]","[""greedy-global-023"", ""greedy-single-1""]",True,False,True,False,True,False,0
h10-c3:protocol_validation:tabular-energy:00126,tabular-energy,S5,node_down_edge_up,0.8,1.2,1.0,bd7fb907e7e2cdd46c7952fd5fae2bdf556ea7bb275b39286e941894f575ed68,[],[],"[""greedy-global-023"", ""greedy-single-1""]",False,False,False,False,False,False,0
h10-c3:protocol_validation:tabular-energy:00127,tabular-energy,S5,node_down_edge_up,0.8,1.2,1.0,bd7fb907e7e2cdd46c7952fd5fae2bdf556ea7bb275b39286e941894f575ed68,"[[""fallback-known-4"", ""greedy-global-023"", ""greedy-single-1""], [""fallback-known-4"", ""greedy-global-023"", ""optimal-pair-01""]]","[""fallback-known-4"", ""greedy-global-023"", ""optimal-pair-01""]","[""fallback-known-4"", ""greedy-global-023"", ""greedy-single-1""]",True,True,True,False,False,False,0
h10-c3:protocol_validation:tabular-energy:00128,tabular-energy,S1,node_down_edge_up,0.8,1.2,1.0,23a2f2432248979df7ec3d38fd04cf52953feb94492856e11b21651960a1a6e7,"[[""direct-0""]]","[""direct-0""]","[""direct-0""]",True,True,True,True,True,False,0
h10-c3:protocol_validation:tabular-energy:00129,tabular-energy,S2,node_down_edge_up,0.8,1.2,1.0,75b1192affd971d791cacd2f07e33f4304add866ddacbf84015578105ab376c9,"[[""direct-0"", ""direct-1"", ""direct-2"", ""direct-3""]]","[""direct-0"", ""direct-1"", ""direct-2"", ""direct-3""]","[""direct-0"", ""direct-1"", ""direct-2"", ""direct-3""]",True,True,True,True,True,False,0
h10-c3:protocol_validation:tabular-energy:00130,tabular-energy,S2,node_down_edge_up,0.8,1.2,1.0,75b1192affd971d791cacd2f07e33f4304add866ddacbf84015578105ab376c9,"[[""direct-0"", ""direct-1"", ""direct-2"", ""direct-3""]]","[""direct-0"", ""direct-1"", ""direct-2"", ""direct-3""]","[""direct-0"", ""direct-1"", ""direct-2"", ""direct-3""]",True,True,True,True,True,False,0
h10-c3:protocol_validation:tabular-energy:00131,tabular-energy,S3,node_down_edge_up,0.8,1.2,1.0,c60cd577702f6b231f4cdee85fa6a739b34f7a9d5786b7addd1b915eb6575694,"[[""greedy-global-023"", ""greedy-single-1""], [""greedy-global-023"", ""optimal-pair-01""]]","[""greedy-global-023"", ""optimal-pair-01""]","[""greedy-global-023"", ""greedy-single-1""]",True,True,True,False,True,False,0
h10-c3:protocol_validation:tabular-energy:00132,tabular-energy,S3,node_down_edge_up,0.8,1.2,1.0,c60cd577702f6b231f4cdee85fa6a739b34f7a9d5786b7addd1b915eb6575694,"[[""greedy-global-023"", ""greedy-single-1""], [""greedy-global-023"", ""optimal-pair-01""]]","[""greedy-global-023"", ""optimal-pair-01""]","[""greedy-global-023"", ""greedy-single-1""]",True,True,True,False,False,False,0
h10-c3:protocol_validation:tabular-energy:00133,tabular-energy,S3,node_down_edge_up,0.8,1.2,1.0,c60cd577702f6b231f4cdee85fa6a739b34f7a9d5786b7addd1b915eb6575694,"[[""greedy-global-023"", ""greedy-single-1""], [""greedy-global-023"", ""optimal-pair-01""]]","[""greedy-global-023"", ""optimal-pair-01""]","[""greedy-global-023"", ""greedy-single-1""]",True,True,True,False,True,False,0
h10-c3:protocol_validation:tabular-energy:00134,tabular-energy,S4,node_down_edge_up,0.8,1.2,1.0,a901a69fd30869489571b8fa186f723cf2aead7e088dae5a80b39a02fccea052,"[[""alternative-global-a""]]","[""alternative-global-a""]","[""greedy-global-023"", ""greedy-single-1""]",True,False,True,False,True,False,0
h10-c3:protocol_validation:tabular-energy:00135,tabular-energy,S4,node_down_edge_up,0.8,1.2,1.0,a901a69fd30869489571b8fa186f723cf2aead7e088dae5a80b39a02fccea052,"[[""alternative-global-a""]]","[""alternative-global-a""]","[""greedy-global-023"", ""greedy-single-1""]",True,False,True,False,True,False,0
h10-c3:protocol_validation:tabular-energy:00136,tabular-energy,S5,node_down_edge_up,0.8,1.2,1.0,bd7fb907e7e2cdd46c7952fd5fae2bdf556ea7bb275b39286e941894f575ed68,"[[""fallback-known-4"", ""greedy-global-023"", ""greedy-single-1""], [""fallback-known-4"", ""greedy-global-023"", ""optimal-pair-01""]]","[""fallback-known-4"", ""greedy-global-023"", ""optimal-pair-01""]","[""fallback-known-4"", ""greedy-global-023"", ""greedy-single-1""]",True,True,True,False,False,False,0
h10-c3:protocol_validation:tabular-energy:00137,tabular-energy,S5,node_down_edge_up,0.8,1.2,1.0,bd7fb907e7e2cdd46c7952fd5fae2bdf556ea7bb275b39286e941894f575ed68,"[[""fallback-known-4"", ""greedy-global-023"", ""greedy-single-1""], [""fallback-known-4"", ""greedy-global-023"", ""optimal-pair-01""]]","[""fallback-known-4"", ""greedy-global-023"", ""optimal-pair-01""]","[""fallback-known-4"", ""greedy-global-023"", ""greedy-single-1""]",True,True,True,False,False,False,0
h10-c3:protocol_validation:tabular-energy:00138,tabular-energy,S1,node_down_edge_up,0.8,1.2,1.0,23a2f2432248979df7ec3d38fd04cf52953feb94492856e11b21651960a1a6e7,"[[""direct-0""]]","[""direct-0""]","[""direct-0""]",True,True,True,True,True,False,0
h10-c3:protocol_validation:tabular-energy:00139,tabular-energy,S2,node_down_edge_up,0.8,1.2,1.0,75b1192affd971d791cacd2f07e33f4304add866ddacbf84015578105ab376c9,"[[""direct-0"", ""direct-1"", ""direct-2"", ""direct-3""]]","[""direct-0"", ""direct-1"", ""direct-2"", ""direct-3""]","[""direct-0"", ""direct-1"", ""direct-2"", ""direct-3""]",True,True,True,True,True,False,0
h10-c3:protocol_validation:tabular-energy:00140,tabular-energy,S2,node_down_edge_up,0.8,1.2,1.0,75b1192affd971d791cacd2f07e33f4304add866ddacbf84015578105ab376c9,"[[""direct-0"", ""direct-1"", ""direct-2"", ""direct-3""]]","[""direct-0"", ""direct-1"", ""direct-2"", ""direct-3""]","[""direct-0"", ""direct-1"", ""direct-2"", ""direct-3""]",True,True,True,True,True,False,0
h10-c3:protocol_validation:tabular-energy:00141,tabular-energy,S3,node_down_edge_up,0.8,1.2,1.0,c60cd577702f6b231f4cdee85fa6a739b34f7a9d5786b7addd1b915eb6575694,"[[""greedy-global-023"", ""greedy-single-1""], [""greedy-global-023"", ""optimal-pair-01""]]","[""greedy-global-023"", ""optimal-pair-01""]","[""greedy-global-023"", ""greedy-single-1""]",True,True,True,False,True,False,0
h10-c3:protocol_validation:tabular-energy:00142,tabular-energy,S3,node_down_edge_up,0.8,1.2,1.0,c60cd577702f6b231f4cdee85fa6a739b34f7a9d5786b7addd1b915eb6575694,"[[""greedy-global-023"", ""greedy-single-1""], [""greedy-global-023"", ""optimal-pair-01""]]","[""greedy-global-023"", ""optimal-pair-01""]","[""greedy-global-023"", ""greedy-single-1""]",True,True,True,False,False,False,0
h10-c3:protocol_validation:tabular-energy:00143,tabular-energy,S3,node_down_edge_up,0.8,1.2,1.0,c60cd577702f6b231f4cdee85fa6a739b34f7a9d5786b7addd1b915eb6575694,"[[""greedy-global-023"", ""greedy-single-1""], [""greedy-global-023"", ""optimal-pair-01""]]","[""greedy-global-023"", ""optimal-pair-01""]","[""greedy-global-023"", ""greedy-single-1""]",True,True,True,False,True,False,0
h10-c3:protocol_validation:tabular-energy:00144,tabular-energy,S4,node_down_edge_up,0.8,1.2,1.0,a901a69fd30869489571b8fa186f723cf2aead7e088dae5a80b39a02fccea052,"[[""alternative-global-a""]]","[""alternative-global-a""]","[""greedy-global-023"", ""greedy-single-1""]",True,False,True,False,True,False,0
h10-c3:protocol_validation:tabular-energy:00145,tabular-energy,S4,node_down_edge_up,0.8,1.2,1.0,a901a69fd30869489571b8fa186f723cf2aead7e088dae5a80b39a02fccea052,"[[""alternative-global-a""]]","[""alternative-global-a""]","[""greedy-global-023"", ""greedy-single-1""]",True,False,True,False,True,False,0
h10-c3:protocol_validation:tabular-energy:00146,tabular-energy,S5,node_down_edge_up,0.8,1.2,1.0,bd7fb907e7e2cdd46c7952fd5fae2bdf556ea7bb275b39286e941894f575ed68,"[[""fallback-known-4"", ""greedy-global-023"", ""greedy-single-1""], [""fallback-known-4"", ""greedy-global-023"", ""optimal-pair-01""]]","[""fallback-known-4"", ""greedy-global-023"", ""optimal-pair-01""]","[""fallback-known-4"", ""greedy-global-023"", ""greedy-single-1""]",True,True,True,False,False,False,0
h10-c3:protocol_validation:tabular-energy:00147,tabular-energy,S5,node_down_edge_up,0.8,1.2,1.0,bd7fb907e7e2cdd46c7952fd5fae2bdf556ea7bb275b39286e941894f575ed68,[],[],"[""greedy-global-023"", ""greedy-single-1""]",False,False,False,False,False,False,0
h10-c3:protocol_validation:tabular-energy:00148,tabular-energy,S1,node_down_edge_up,0.8,1.2,1.0,23a2f2432248979df7ec3d38fd04cf52953feb94492856e11b21651960a1a6e7,"[[""direct-0""]]","[""direct-0""]","[""direct-0""]",True,True,True,True,True,False,0
h10-c3:protocol_validation:tabular-energy:00149,tabular-energy,S2,node_down_edge_up,0.8,1.2,1.0,75b1192affd971d791cacd2f07e33f4304add866ddacbf84015578105ab376c9,"[[""direct-0"", ""direct-1"", ""direct-2"", ""direct-3""]]","[""direct-0"", ""direct-1"", ""direct-2"", ""direct-3""]","[""direct-0"", ""direct-1"", ""direct-2"", ""direct-3""]",True,True,True,True,True,False,0
h10-c3:protocol_validation:tabular-energy:00150,tabular-energy,S2,node_down_edge_up,0.8,1.2,1.0,75b1192affd971d791cacd2f07e33f4304add866ddacbf84015578105ab376c9,"[[""direct-0"", ""direct-1"", ""direct-2"", ""direct-3""]]","[""direct-0"", ""direct-1"", ""direct-2"", ""direct-3""]","[""direct-0"", ""direct-1"", ""direct-2"", ""direct-3""]",True,True,True,True,True,False,0
h10-c3:protocol_validation:tabular-energy:00151,tabular-energy,S3,node_down_edge_up,0.8,1.2,1.0,c60cd577702f6b231f4cdee85fa6a739b34f7a9d5786b7addd1b915eb6575694,"[[""greedy-global-023"", ""greedy-single-1""], [""greedy-global-023"", ""optimal-pair-01""]]","[""greedy-global-023"", ""optimal-pair-01""]","[""greedy-global-023"", ""greedy-single-1""]",True,True,True,False,True,False,0
h10-c3:protocol_validation:tabular-energy:00152,tabular-energy,S3,node_down_edge_up,0.8,1.2,1.0,c60cd577702f6b231f4cdee85fa6a739b34f7a9d5786b7addd1b915eb6575694,"[[""greedy-global-023"", ""greedy-single-1""], [""greedy-global-023"", ""optimal-pair-01""]]","[""greedy-global-023"", ""optimal-pair-01""]","[""greedy-global-023"", ""greedy-single-1""]",True,True,True,False,False,False,0
h10-c3:protocol_validation:tabular-energy:00153,tabular-energy,S3,node_down_edge_up,0.8,1.2,1.0,c60cd577702f6b231f4cdee85fa6a739b34f7a9d5786b7addd1b915eb6575694,"[[""greedy-global-023"", ""greedy-single-1""], [""greedy-global-023"", ""optimal-pair-01""]]","[""greedy-global-023"", ""optimal-pair-01""]","[""greedy-global-023"", ""greedy-single-1""]",True,True,True,False,True,False,0
h10-c3:protocol_validation:tabular-energy:00154,tabular-energy,S4,node_down_edge_up,0.8,1.2,1.0,a901a69fd30869489571b8fa186f723cf2aead7e088dae5a80b39a02fccea052,"[[""alternative-global-a""]]","[""alternative-global-a""]","[""greedy-global-023"", ""greedy-single-1""]",True,False,True,False,True,False,0
h10-c3:protocol_validation:tabular-energy:00155,tabular-energy,S4,node_down_edge_up,0.8,1.2,1.0,a901a69fd30869489571b8fa186f723cf2aead7e088dae5a80b39a02fccea052,"[[""alternative-global-a""]]","[""alternative-global-a""]","[""greedy-global-023"", ""greedy-single-1""]",True,False,True,False,True,False,0
h10-c3:protocol_validation:tabular-energy:00156,tabular-energy,S5,node_down_edge_up,0.8,1.2,1.0,bd7fb907e7e2cdd46c7952fd5fae2bdf556ea7bb275b39286e941894f575ed68,"[[""fallback-known-4"", ""greedy-global-023"", ""greedy-single-1""], [""fallback-known-4"", ""greedy-global-023"", ""optimal-pair-01""]]","[""fallback-known-4"", ""greedy-global-023"", ""optimal-pair-01""]","[""fallback-known-4"", ""greedy-global-023"", ""greedy-single-1""]",True,True,True,False,False,False,0
h10-c3:protocol_validation:tabular-energy:00157,tabular-energy,S5,node_down_edge_up,0.8,1.2,1.0,bd7fb907e7e2cdd46c7952fd5fae2bdf556ea7bb275b39286e941894f575ed68,"[[""fallback-known-4"", ""greedy-global-023"", ""greedy-single-1""], [""fallback-known-4"", ""greedy-global-023"", ""optimal-pair-01""]]","[""fallback-known-4"", ""greedy-global-023"", ""optimal-pair-01""]","[""fallback-known-4"", ""greedy-global-023"", ""greedy-single-1""]",True,True,True,False,False,False,0
h10-c3:protocol_validation:tabular-energy:00158,tabular-energy,S1,node_down_edge_up,0.8,1.2,1.0,23a2f2432248979df7ec3d38fd04cf52953feb94492856e11b21651960a1a6e7,"[[""direct-0""]]","[""direct-0""]","[""direct-0""]",True,True,True,True,True,False,0
h10-c3:protocol_validation:tabular-energy:00159,tabular-energy,S2,node_down_edge_up,0.8,1.2,1.0,75b1192affd971d791cacd2f07e33f4304add866ddacbf84015578105ab376c9,"[[""direct-0"", ""direct-1"", ""direct-2"", ""direct-3""]]","[""direct-0"", ""direct-1"", ""direct-2"", ""direct-3""]","[""direct-0"", ""direct-1"", ""direct-2"", ""direct-3""]",True,True,True,True,True,False,0
h10-c3:protocol_validation:tabular-energy:00160,tabular-energy,S2,node_down_edge_up,0.8,1.2,1.0,75b1192affd971d791cacd2f07e33f4304add866ddacbf84015578105ab376c9,"[[""direct-0"", ""direct-1"", ""direct-2"", ""direct-3""]]","[""direct-0"", ""direct-1"", ""direct-2"", ""direct-3""]","[""direct-0"", ""direct-1"", ""direct-2"", ""direct-3""]",True,True,True,True,True,False,0
h10-c3:protocol_validation:tabular-energy:00161,tabular-energy,S3,node_down_edge_up,0.8,1.2,1.0,c60cd577702f6b231f4cdee85fa6a739b34f7a9d5786b7addd1b915eb6575694,"[[""greedy-global-023"", ""greedy-single-1""], [""greedy-global-023"", ""optimal-pair-01""]]","[""greedy-global-023"", ""optimal-pair-01""]","[""greedy-global-023"", ""greedy-single-1""]",True,True,True,False,True,False,0
h10-c3:protocol_validation:tabular-energy:00162,tabular-energy,S3,node_down_edge_up,0.8,1.2,1.0,c60cd577702f6b231f4cdee85fa6a739b34f7a9d5786b7addd1b915eb6575694,"[[""greedy-global-023"", ""greedy-single-1""], [""greedy-global-023"", ""optimal-pair-01""]]","[""greedy-global-023"", ""optimal-pair-01""]","[""greedy-global-023"", ""greedy-single-1""]",True,True,True,False,False,False,0
h10-c3:protocol_validation:tabular-energy:00163,tabular-energy,S3,node_down_edge_up,0.8,1.2,1.0,c60cd577702f6b231f4cdee85fa6a739b34f7a9d5786b7addd1b915eb6575694,"[[""greedy-global-023"", ""greedy-single-1""], [""greedy-global-023"", ""optimal-pair-01""]]","[""greedy-global-023"", ""optimal-pair-01""]","[""greedy-global-023"", ""greedy-single-1""]",True,True,True,False,True,False,0
h10-c3:protocol_validation:tabular-energy:00164,tabular-energy,S4,node_down_edge_up,0.8,1.2,1.0,a901a69fd30869489571b8fa186f723cf2aead7e088dae5a80b39a02fccea052,"[[""alternative-global-a""]]","[""alternative-global-a""]","[""greedy-global-023"", ""greedy-single-1""]",True,False,True,False,True,False,0
h10-c3:protocol_validation:tabular-energy:00165,tabular-energy,S4,node_down_edge_up,0.8,1.2,1.0,a901a69fd30869489571b8fa186f723cf2aead7e088dae5a80b39a02fccea052,"[[""alternative-global-a""]]","[""alternative-global-a""]","[""greedy-global-023"", ""greedy-single-1""]",True,False,True,False,True,False,0
h10-c3:protocol_validation:tabular-energy:00166,tabular-energy,S5,node_down_edge_up,0.8,1.2,1.0,bd7fb907e7e2cdd46c7952fd5fae2bdf556ea7bb275b39286e941894f575ed68,"[[""fallback-known-4"", ""greedy-global-023"", ""greedy-single-1""], [""fallback-known-4"", ""greedy-global-023"", ""optimal-pair-01""]]","[""fallback-known-4"", ""greedy-global-023"", ""optimal-pair-01""]","[""fallback-known-4"", ""greedy-global-023"", ""greedy-single-1""]",True,True,True,False,False,False,0
h10-c3:protocol_validation:tabular-energy:00167,tabular-energy,S5,node_down_edge_up,0.8,1.2,1.0,bd7fb907e7e2cdd46c7952fd5fae2bdf556ea7bb275b39286e941894f575ed68,"[[""fallback-known-4"", ""greedy-global-023"", ""greedy-single-1""], [""fallback-known-4"", ""greedy-global-023"", ""optimal-pair-01""]]","[""fallback-known-4"", ""greedy-global-023"", ""optimal-pair-01""]","[""fallback-known-4"", ""greedy-global-023"", ""greedy-single-1""]",True,True,True,False,False,False,0
h10-c3:protocol_validation:tabular-energy:00168,tabular-energy,S1,node_down_edge_up,0.8,1.2,1.0,23a2f2432248979df7ec3d38fd04cf52953feb94492856e11b21651960a1a6e7,"[[""direct-0""]]","[""direct-0""]","[""direct-0""]",True,True,True,True,True,False,0
h10-c3:protocol_validation:tabular-energy:00169,tabular-energy,S2,node_down_edge_up,0.8,1.2,1.0,75b1192affd971d791cacd2f07e33f4304add866ddacbf84015578105ab376c9,"[[""direct-0"", ""direct-1"", ""direct-2"", ""direct-3""]]","[""direct-0"", ""direct-1"", ""direct-2"", ""direct-3""]","[""direct-0"", ""direct-1"", ""direct-2"", ""direct-3""]",True,True,True,True,True,False,0
h10-c3:protocol_validation:tabular-energy:00170,tabular-energy,S2,node_down_edge_up,0.8,1.2,1.0,75b1192affd971d791cacd2f07e33f4304add866ddacbf84015578105ab376c9,"[[""direct-0"", ""direct-1"", ""direct-2"", ""direct-3""]]","[""direct-0"", ""direct-1"", ""direct-2"", ""direct-3""]","[""direct-0"", ""direct-1"", ""direct-2"", ""direct-3""]",True,True,True,True,True,False,0
h10-c3:protocol_validation:tabular-energy:00171,tabular-energy,S3,node_down_edge_up,0.8,1.2,1.0,c60cd577702f6b231f4cdee85fa6a739b34f7a9d5786b7addd1b915eb6575694,"[[""greedy-global-023"", ""greedy-single-1""], [""greedy-global-023"", ""optimal-pair-01""]]","[""greedy-global-023"", ""optimal-pair-01""]","[""greedy-global-023"", ""greedy-single-1""]",True,True,True,False,True,False,0
h10-c3:protocol_validation:tabular-energy:00172,tabular-energy,S3,node_down_edge_up,0.8,1.2,1.0,c60cd577702f6b231f4cdee85fa6a739b34f7a9d5786b7addd1b915eb6575694,"[[""greedy-global-023"", ""greedy-single-1""], [""greedy-global-023"", ""optimal-pair-01""]]","[""greedy-global-023"", ""optimal-pair-01""]","[""greedy-global-023"", ""greedy-single-1""]",True,True,True,False,False,False,0
h10-c3:protocol_validation:tabular-energy:00173,tabular-energy,S3,node_down_edge_up,0.8,1.2,1.0,c60cd577702f6b231f4cdee85fa6a739b34f7a9d5786b7addd1b915eb6575694,"[[""greedy-global-023"", ""greedy-single-1""], [""greedy-global-023"", ""optimal-pair-01""]]","[""greedy-global-023"", ""optimal-pair-01""]","[""greedy-global-023"", ""greedy-single-1""]",True,True,True,False,True,False,0
h10-c3:protocol_validation:tabular-energy:00174,tabular-energy,S4,node_down_edge_up,0.8,1.2,1.0,a901a69fd30869489571b8fa186f723cf2aead7e088dae5a80b39a02fccea052,"[[""alternative-global-a""]]","[""alternative-global-a""]","[""greedy-global-023"", ""greedy-single-1""]",True,False,True,False,True,False,0
h10-c3:protocol_validation:tabular-energy:00175,tabular-energy,S4,node_down_edge_up,0.8,1.2,1.0,a901a69fd30869489571b8fa186f723cf2aead7e088dae5a80b39a02fccea052,"[[""alternative-global-a""]]","[""alternative-global-a""]","[""greedy-global-023"", ""greedy-single-1""]",True,False,True,False,True,False,0
h10-c3:protocol_validation:tabular-energy:00176,tabular-energy,S5,node_down_edge_up,0.8,1.2,1.0,bd7fb907e7e2cdd46c7952fd5fae2bdf556ea7bb275b39286e941894f575ed68,[],[],"[""greedy-global-023"", ""greedy-single-1""]",False,False,False,False,False,False,0
h10-c3:protocol_validation:tabular-energy:00177,tabular-energy,S5,node_down_edge_up,0.8,1.2,1.0,bd7fb907e7e2cdd46c7952fd5fae2bdf556ea7bb275b39286e941894f575ed68,"[[""fallback-known-4"", ""greedy-global-023"", ""greedy-single-1""], [""fallback-known-4"", ""greedy-global-023"", ""optimal-pair-01""]]","[""fallback-known-4"", ""greedy-global-023"", ""optimal-pair-01""]","[""fallback-known-4"", ""greedy-global-023"", ""greedy-single-1""]",True,True,True,False,False,False,0
h10-c3:protocol_validation:tabular-energy:00178,tabular-energy,S1,node_down_edge_up,0.8,1.2,1.0,23a2f2432248979df7ec3d38fd04cf52953feb94492856e11b21651960a1a6e7,"[[""direct-0""]]","[""direct-0""]","[""direct-0""]",True,True,True,True,True,False,0
h10-c3:protocol_validation:tabular-energy:00179,tabular-energy,S2,node_down_edge_up,0.8,1.2,1.0,75b1192affd971d791cacd2f07e33f4304add866ddacbf84015578105ab376c9,"[[""direct-0"", ""direct-1"", ""direct-2"", ""direct-3""]]","[""direct-0"", ""direct-1"", ""direct-2"", ""direct-3""]","[""direct-0"", ""direct-1"", ""direct-2"", ""direct-3""]",True,True,True,True,True,False,0
h10-c3:protocol_validation:tabular-energy:00180,tabular-energy,S2,node_down_edge_up,0.8,1.2,1.0,75b1192affd971d791cacd2f07e33f4304add866ddacbf84015578105ab376c9,"[[""direct-0"", ""direct-1"", ""direct-2"", ""direct-3""]]","[""direct-0"", ""direct-1"", ""direct-2"", ""direct-3""]","[""direct-0"", ""direct-1"", ""direct-2"", ""direct-3""]",True,True,True,True,True,False,0
h10-c3:protocol_validation:tabular-energy:00181,tabular-energy,S3,node_down_edge_up,0.8,1.2,1.0,c60cd577702f6b231f4cdee85fa6a739b34f7a9d5786b7addd1b915eb6575694,"[[""greedy-global-023"", ""greedy-single-1""], [""greedy-global-023"", ""optimal-pair-01""]]","[""greedy-global-023"", ""optimal-pair-01""]","[""greedy-global-023"", ""greedy-single-1""]",True,True,True,False,True,False,0
h10-c3:protocol_validation:tabular-energy:00182,tabular-energy,S3,node_down_edge_up,0.8,1.2,1.0,c60cd577702f6b231f4cdee85fa6a739b34f7a9d5786b7addd1b915eb6575694,"[[""greedy-global-023"", ""greedy-single-1""], [""greedy-global-023"", ""optimal-pair-01""]]","[""greedy-global-023"", ""optimal-pair-01""]","[""greedy-global-023"", ""greedy-single-1""]",True,True,True,False,False,False,0
h10-c3:protocol_validation:tabular-energy:00183,tabular-energy,S3,node_down_edge_up,0.8,1.2,1.0,c60cd577702f6b231f4cdee85fa6a739b34f7a9d5786b7addd1b915eb6575694,"[[""greedy-global-023"", ""greedy-single-1""], [""greedy-global-023"", ""optimal-pair-01""]]","[""greedy-global-023"", ""optimal-pair-01""]","[""greedy-global-023"", ""greedy-single-1""]",True,True,True,False,True,False,0
h10-c3:protocol_validation:tabular-energy:00184,tabular-energy,S4,node_down_edge_up,0.8,1.2,1.0,a901a69fd30869489571b8fa186f723cf2aead7e088dae5a80b39a02fccea052,"[[""alternative-global-a""]]","[""alternative-global-a""]","[""greedy-global-023"", ""greedy-single-1""]",True,False,True,False,True,False,0
h10-c3:protocol_validation:tabular-energy:00185,tabular-energy,S4,node_down_edge_up,0.8,1.2,1.0,a901a69fd30869489571b8fa186f723cf2aead7e088dae5a80b39a02fccea052,"[[""alternative-global-a""]]","[""alternative-global-a""]","[""greedy-global-023"", ""greedy-single-1""]",True,False,True,False,True,False,0
h10-c3:protocol_validation:tabular-energy:00186,tabular-energy,S5,node_down_edge_up,0.8,1.2,1.0,bd7fb907e7e2cdd46c7952fd5fae2bdf556ea7bb275b39286e941894f575ed68,"[[""fallback-known-4"", ""greedy-global-023"", ""greedy-single-1""], [""fallback-known-4"", ""greedy-global-023"", ""optimal-pair-01""]]","[""fallback-known-4"", ""greedy-global-023"", ""optimal-pair-01""]","[""fallback-known-4"", ""greedy-global-023"", ""greedy-single-1""]",True,True,True,False,False,False,0
h10-c3:protocol_validation:tabular-energy:00187,tabular-energy,S5,node_down_edge_up,0.8,1.2,1.0,bd7fb907e7e2cdd46c7952fd5fae2bdf556ea7bb275b39286e941894f575ed68,"[[""fallback-known-4"", ""greedy-global-023"", ""greedy-single-1""], [""fallback-known-4"", ""greedy-global-023"", ""optimal-pair-01""]]","[""fallback-known-4"", ""greedy-global-023"", ""optimal-pair-01""]","[""fallback-known-4"", ""greedy-global-023"", ""greedy-single-1""]",True,True,True,False,False,False,0
h10-c3:protocol_validation:tabular-energy:00188,tabular-energy,S1,node_down_edge_up,0.8,1.2,1.0,23a2f2432248979df7ec3d38fd04cf52953feb94492856e11b21651960a1a6e7,"[[""direct-0""]]","[""direct-0""]","[""direct-0""]",True,True,True,True,True,False,0
h10-c3:protocol_validation:tabular-energy:00189,tabular-energy,S2,node_down_edge_up,0.8,1.2,1.0,75b1192affd971d791cacd2f07e33f4304add866ddacbf84015578105ab376c9,"[[""direct-0"", ""direct-1"", ""direct-2"", ""direct-3""]]","[""direct-0"", ""direct-1"", ""direct-2"", ""direct-3""]","[""direct-0"", ""direct-1"", ""direct-2"", ""direct-3""]",True,True,True,True,True,False,0
h10-c3:protocol_validation:tabular-energy:00190,tabular-energy,S2,node_down_edge_up,0.8,1.2,1.0,75b1192affd971d791cacd2f07e33f4304add866ddacbf84015578105ab376c9,"[[""direct-0"", ""direct-1"", ""direct-2"", ""direct-3""]]","[""direct-0"", ""direct-1"", ""direct-2"", ""direct-3""]","[""direct-0"", ""direct-1"", ""direct-2"", ""direct-3""]",True,True,True,True,True,False,0
h10-c3:protocol_validation:tabular-energy:00191,tabular-energy,S3,node_down_edge_up,0.8,1.2,1.0,c60cd577702f6b231f4cdee85fa6a739b34f7a9d5786b7addd1b915eb6575694,"[[""greedy-global-023"", ""greedy-single-1""], [""greedy-global-023"", ""optimal-pair-01""]]","[""greedy-global-023"", ""optimal-pair-01""]","[""greedy-global-023"", ""greedy-single-1""]",True,True,True,False,True,False,0
h10-c3:protocol_validation:tabular-energy:00192,tabular-energy,S3,node_down_edge_up,0.8,1.2,1.0,c60cd577702f6b231f4cdee85fa6a739b34f7a9d5786b7addd1b915eb6575694,"[[""greedy-global-023"", ""greedy-single-1""], [""greedy-global-023"", ""optimal-pair-01""]]","[""greedy-global-023"", ""optimal-pair-01""]","[""greedy-global-023"", ""greedy-single-1""]",True,True,True,False,False,False,0
h10-c3:protocol_validation:tabular-energy:00193,tabular-energy,S3,node_down_edge_up,0.8,1.2,1.0,c60cd577702f6b231f4cdee85fa6a739b34f7a9d5786b7addd1b915eb6575694,"[[""greedy-global-023"", ""greedy-single-1""], [""greedy-global-023"", ""optimal-pair-01""]]","[""greedy-global-023"", ""optimal-pair-01""]","[""greedy-global-023"", ""greedy-single-1""]",True,True,True,False,True,False,0
h10-c3:protocol_validation:tabular-energy:00194,tabular-energy,S4,node_down_edge_up,0.8,1.2,1.0,a901a69fd30869489571b8fa186f723cf2aead7e088dae5a80b39a02fccea052,"[[""alternative-global-a""]]","[""alternative-global-a""]","[""greedy-global-023"", ""greedy-single-1""]",True,False,True,False,True,False,0
h10-c3:protocol_validation:tabular-energy:00195,tabular-energy,S4,node_down_edge_up,0.8,1.2,1.0,a901a69fd30869489571b8fa186f723cf2aead7e088dae5a80b39a02fccea052,"[[""alternative-global-a""]]","[""alternative-global-a""]","[""greedy-global-023"", ""greedy-single-1""]",True,False,True,False,True,False,0
h10-c3:protocol_validation:tabular-energy:00196,tabular-energy,S5,node_down_edge_up,0.8,1.2,1.0,bd7fb907e7e2cdd46c7952fd5fae2bdf556ea7bb275b39286e941894f575ed68,"[[""fallback-known-4"", ""greedy-global-023"", ""greedy-single-1""], [""fallback-known-4"", ""greedy-global-023"", ""optimal-pair-01""]]","[""fallback-known-4"", ""greedy-global-023"", ""optimal-pair-01""]","[""fallback-known-4"", ""greedy-global-023"", ""greedy-single-1""]",True,True,True,False,False,False,0
h10-c3:protocol_validation:tabular-energy:00197,tabular-energy,S5,node_down_edge_up,0.8,1.2,1.0,bd7fb907e7e2cdd46c7952fd5fae2bdf556ea7bb275b39286e941894f575ed68,[],[],"[""greedy-global-023"", ""greedy-single-1""]",False,False,False,False,False,False,0
h10-c3:protocol_validation:tabular-energy:00198,tabular-energy,S1,node_down_edge_up,0.8,1.2,1.0,23a2f2432248979df7ec3d38fd04cf52953feb94492856e11b21651960a1a6e7,"[[""direct-0""]]","[""direct-0""]","[""direct-0""]",True,True,True,True,True,False,0
h10-c3:protocol_validation:tabular-energy:00199,tabular-energy,S2,node_down_edge_up,0.8,1.2,1.0,75b1192affd971d791cacd2f07e33f4304add866ddacbf84015578105ab376c9,"[[""direct-0"", ""direct-1"", ""direct-2"", ""direct-3""]]","[""direct-0"", ""direct-1"", ""direct-2"", ""direct-3""]","[""direct-0"", ""direct-1"", ""direct-2"", ""direct-3""]",True,True,True,True,True,False,0
h10-c3:protocol_validation:tabular-energy:00200,tabular-energy,S2,node_down_edge_up,0.8,1.2,1.0,75b1192affd971d791cacd2f07e33f4304add866ddacbf84015578105ab376c9,"[[""direct-0"", ""direct-1"", ""direct-2"", ""direct-3""]]","[""direct-0"", ""direct-1"", ""direct-2"", ""direct-3""]","[""direct-0"", ""direct-1"", ""direct-2"", ""direct-3""]",True,True,True,True,True,False,0
h10-c3:protocol_validation:tabular-energy:00201,tabular-energy,S3,node_down_edge_up,0.8,1.2,1.0,c60cd577702f6b231f4cdee85fa6a739b34f7a9d5786b7addd1b915eb6575694,"[[""greedy-global-023"", ""greedy-single-1""], [""greedy-global-023"", ""optimal-pair-01""]]","[""greedy-global-023"", ""optimal-pair-01""]","[""greedy-global-023"", ""greedy-single-1""]",True,True,True,False,True,False,0
h10-c3:protocol_validation:tabular-energy:00202,tabular-energy,S3,node_down_edge_up,0.8,1.2,1.0,c60cd577702f6b231f4cdee85fa6a739b34f7a9d5786b7addd1b915eb6575694,"[[""greedy-global-023"", ""greedy-single-1""], [""greedy-global-023"", ""optimal-pair-01""]]","[""greedy-global-023"", ""optimal-pair-01""]","[""greedy-global-023"", ""greedy-single-1""]",True,True,True,False,False,False,0
h10-c3:protocol_validation:tabular-energy:00203,tabular-energy,S3,node_down_edge_up,0.8,1.2,1.0,c60cd577702f6b231f4cdee85fa6a739b34f7a9d5786b7addd1b915eb6575694,"[[""greedy-global-023"", ""greedy-single-1""], [""greedy-global-023"", ""optimal-pair-01""]]","[""greedy-global-023"", ""optimal-pair-01""]","[""greedy-global-023"", ""greedy-single-1""]",True,True,True,False,True,False,0
h10-c3:protocol_validation:tabular-energy:00204,tabular-energy,S4,node_down_edge_up,0.8,1.2,1.0,a901a69fd30869489571b8fa186f723cf2aead7e088dae5a80b39a02fccea052,"[[""alternative-global-a""]]","[""alternative-global-a""]","[""greedy-global-023"", ""greedy-single-1""]",True,False,True,False,True,False,0
h10-c3:protocol_validation:tabular-energy:00205,tabular-energy,S4,node_down_edge_up,0.8,1.2,1.0,a901a69fd30869489571b8fa186f723cf2aead7e088dae5a80b39a02fccea052,"[[""alternative-global-a""]]","[""alternative-global-a""]","[""greedy-global-023"", ""greedy-single-1""]",True,False,True,False,True,False,0
h10-c3:protocol_validation:tabular-energy:00206,tabular-energy,S5,node_down_edge_up,0.8,1.2,1.0,bd7fb907e7e2cdd46c7952fd5fae2bdf556ea7bb275b39286e941894f575ed68,"[[""fallback-known-4"", ""greedy-global-023"", ""greedy-single-1""], [""fallback-known-4"", ""greedy-global-023"", ""optimal-pair-01""]]","[""fallback-known-4"", ""greedy-global-023"", ""optimal-pair-01""]","[""fallback-known-4"", ""greedy-global-023"", ""greedy-single-1""]",True,True,True,False,False,False,0
h10-c3:protocol_validation:tabular-energy:00207,tabular-energy,S5,node_down_edge_up,0.8,1.2,1.0,bd7fb907e7e2cdd46c7952fd5fae2bdf556ea7bb275b39286e941894f575ed68,"[[""fallback-known-4"", ""greedy-global-023"", ""greedy-single-1""], [""fallback-known-4"", ""greedy-global-023"", ""optimal-pair-01""]]","[""fallback-known-4"", ""greedy-global-023"", ""optimal-pair-01""]","[""fallback-known-4"", ""greedy-global-023"", ""greedy-single-1""]",True,True,True,False,False,False,0
h10-c3:protocol_validation:tabular-energy:00208,tabular-energy,S1,node_down_edge_up,0.8,1.2,1.0,23a2f2432248979df7ec3d38fd04cf52953feb94492856e11b21651960a1a6e7,"[[""direct-0""]]","[""direct-0""]","[""direct-0""]",True,True,True,True,True,False,0
h10-c3:protocol_validation:tabular-energy:00209,tabular-energy,S2,node_down_edge_up,0.8,1.2,1.0,75b1192affd971d791cacd2f07e33f4304add866ddacbf84015578105ab376c9,"[[""direct-0"", ""direct-1"", ""direct-2"", ""direct-3""]]","[""direct-0"", ""direct-1"", ""direct-2"", ""direct-3""]","[""direct-0"", ""direct-1"", ""direct-2"", ""direct-3""]",True,True,True,True,True,False,0
h10-c3:protocol_validation:tabular-energy:00210,tabular-energy,S2,node_down_edge_up,0.8,1.2,1.0,75b1192affd971d791cacd2f07e33f4304add866ddacbf84015578105ab376c9,"[[""direct-0"", ""direct-1"", ""direct-2"", ""direct-3""]]","[""direct-0"", ""direct-1"", ""direct-2"", ""direct-3""]","[""direct-0"", ""direct-1"", ""direct-2"", ""direct-3""]",True,True,True,True,True,False,0
h10-c3:protocol_validation:tabular-energy:00211,tabular-energy,S3,node_down_edge_up,0.8,1.2,1.0,c60cd577702f6b231f4cdee85fa6a739b34f7a9d5786b7addd1b915eb6575694,"[[""greedy-global-023"", ""greedy-single-1""], [""greedy-global-023"", ""optimal-pair-01""]]","[""greedy-global-023"", ""optimal-pair-01""]","[""greedy-global-023"", ""greedy-single-1""]",True,True,True,False,True,False,0
h10-c3:protocol_validation:tabular-energy:00212,tabular-energy,S3,node_down_edge_up,0.8,1.2,1.0,c60cd577702f6b231f4cdee85fa6a739b34f7a9d5786b7addd1b915eb6575694,"[[""greedy-global-023"", ""greedy-single-1""], [""greedy-global-023"", ""optimal-pair-01""]]","[""greedy-global-023"", ""optimal-pair-01""]","[""greedy-global-023"", ""greedy-single-1""]",True,True,True,False,False,False,0
h10-c3:protocol_validation:tabular-energy:00213,tabular-energy,S3,node_down_edge_up,0.8,1.2,1.0,c60cd577702f6b231f4cdee85fa6a739b34f7a9d5786b7addd1b915eb6575694,"[[""greedy-global-023"", ""greedy-single-1""], [""greedy-global-023"", ""optimal-pair-01""]]","[""greedy-global-023"", ""optimal-pair-01""]","[""greedy-global-023"", ""greedy-single-1""]",True,True,True,False,True,False,0
h10-c3:protocol_validation:tabular-energy:00214,tabular-energy,S4,node_down_edge_up,0.8,1.2,1.0,a901a69fd30869489571b8fa186f723cf2aead7e088dae5a80b39a02fccea052,"[[""alternative-global-a""]]","[""alternative-global-a""]","[""greedy-global-023"", ""greedy-single-1""]",True,False,True,False,True,False,0
h10-c3:protocol_validation:tabular-energy:00215,tabular-energy,S4,node_down_edge_up,0.8,1.2,1.0,a901a69fd30869489571b8fa186f723cf2aead7e088dae5a80b39a02fccea052,"[[""alternative-global-a""]]","[""alternative-global-a""]","[""greedy-global-023"", ""greedy-single-1""]",True,False,True,False,True,False,0
h10-c3:protocol_validation:tabular-energy:00216,tabular-energy,S5,node_down_edge_up,0.8,1.2,1.0,bd7fb907e7e2cdd46c7952fd5fae2bdf556ea7bb275b39286e941894f575ed68,"[[""fallback-known-4"", ""greedy-global-023"", ""greedy-single-1""], [""fallback-known-4"", ""greedy-global-023"", ""optimal-pair-01""]]","[""fallback-known-4"", ""greedy-global-023"", ""optimal-pair-01""]","[""fallback-known-4"", ""greedy-global-023"", ""greedy-single-1""]",True,True,True,False,False,False,0
h10-c3:protocol_validation:tabular-energy:00217,tabular-energy,S5,node_down_edge_up,0.8,1.2,1.0,bd7fb907e7e2cdd46c7952fd5fae2bdf556ea7bb275b39286e941894f575ed68,"[[""fallback-known-4"", ""greedy-global-023"", ""greedy-single-1""], [""fallback-known-4"", ""greedy-global-023"", ""optimal-pair-01""]]","[""fallback-known-4"", ""greedy-global-023"", ""optimal-pair-01""]","[""fallback-known-4"", ""greedy-global-023"", ""greedy-single-1""]",True,True,True,False,False,False,0
h10-c3:protocol_validation:tabular-energy:00218,tabular-energy,S1,node_down_edge_up,0.8,1.2,1.0,23a2f2432248979df7ec3d38fd04cf52953feb94492856e11b21651960a1a6e7,"[[""direct-0""]]","[""direct-0""]","[""direct-0""]",True,True,True,True,True,False,0
h10-c3:protocol_validation:tabular-energy:00219,tabular-energy,S2,node_down_edge_up,0.8,1.2,1.0,75b1192affd971d791cacd2f07e33f4304add866ddacbf84015578105ab376c9,"[[""direct-0"", ""direct-1"", ""direct-2"", ""direct-3""]]","[""direct-0"", ""direct-1"", ""direct-2"", ""direct-3""]","[""direct-0"", ""direct-1"", ""direct-2"", ""direct-3""]",True,True,True,True,True,False,0
h10-c3:protocol_validation:tabular-energy:00220,tabular-energy,S2,node_down_edge_up,0.8,1.2,1.0,75b1192affd971d791cacd2f07e33f4304add866ddacbf84015578105ab376c9,"[[""direct-0"", ""direct-1"", ""direct-2"", ""direct-3""]]","[""direct-0"", ""direct-1"", ""direct-2"", ""direct-3""]","[""direct-0"", ""direct-1"", ""direct-2"", ""direct-3""]",True,True,True,True,True,False,0
h10-c3:protocol_validation:tabular-energy:00221,tabular-energy,S3,node_down_edge_up,0.8,1.2,1.0,c60cd577702f6b231f4cdee85fa6a739b34f7a9d5786b7addd1b915eb6575694,"[[""greedy-global-023"", ""greedy-single-1""], [""greedy-global-023"", ""optimal-pair-01""]]","[""greedy-global-023"", ""optimal-pair-01""]","[""greedy-global-023"", ""greedy-single-1""]",True,True,True,False,True,False,0
h10-c3:protocol_validation:tabular-energy:00222,tabular-energy,S3,node_down_edge_up,0.8,1.2,1.0,c60cd577702f6b231f4cdee85fa6a739b34f7a9d5786b7addd1b915eb6575694,"[[""greedy-global-023"", ""greedy-single-1""], [""greedy-global-023"", ""optimal-pair-01""]]","[""greedy-global-023"", ""optimal-pair-01""]","[""greedy-global-023"", ""greedy-single-1""]",True,True,True,False,False,False,0
h10-c3:protocol_validation:tabular-energy:00223,tabular-energy,S3,node_down_edge_up,0.8,1.2,1.0,c60cd577702f6b231f4cdee85fa6a739b34f7a9d5786b7addd1b915eb6575694,"[[""greedy-global-023"", ""greedy-single-1""], [""greedy-global-023"", ""optimal-pair-01""]]","[""greedy-global-023"", ""optimal-pair-01""]","[""greedy-global-023"", ""greedy-single-1""]",True,True,True,False,True,False,0
h10-c3:protocol_validation:tabular-energy:00224,tabular-energy,S4,node_down_edge_up,0.8,1.2,1.0,a901a69fd30869489571b8fa186f723cf2aead7e088dae5a80b39a02fccea052,"[[""alternative-global-a""]]","[""alternative-global-a""]","[""greedy-global-023"", ""greedy-single-1""]",True,False,True,False,True,False,0
h10-c3:protocol_validation:tabular-energy:00225,tabular-energy,S4,node_down_edge_up,0.8,1.2,1.0,a901a69fd30869489571b8fa186f723cf2aead7e088dae5a80b39a02fccea052,"[[""alternative-global-a""]]","[""alternative-global-a""]","[""greedy-global-023"", ""greedy-single-1""]",True,False,True,False,True,False,0
h10-c3:protocol_validation:tabular-energy:00226,tabular-energy,S5,node_down_edge_up,0.8,1.2,1.0,bd7fb907e7e2cdd46c7952fd5fae2bdf556ea7bb275b39286e941894f575ed68,[],[],"[""greedy-global-023"", ""greedy-single-1""]",False,False,False,False,False,False,0
h10-c3:protocol_validation:tabular-energy:00227,tabular-energy,S5,node_down_edge_up,0.8,1.2,1.0,bd7fb907e7e2cdd46c7952fd5fae2bdf556ea7bb275b39286e941894f575ed68,"[[""fallback-known-4"", ""greedy-global-023"", ""greedy-single-1""], [""fallback-known-4"", ""greedy-global-023"", ""optimal-pair-01""]]","[""fallback-known-4"", ""greedy-global-023"", ""optimal-pair-01""]","[""fallback-known-4"", ""greedy-global-023"", ""greedy-single-1""]",True,True,True,False,False,False,0
h10-c3:protocol_validation:tabular-energy:00228,tabular-energy,S1,node_down_edge_up,0.8,1.2,1.0,23a2f2432248979df7ec3d38fd04cf52953feb94492856e11b21651960a1a6e7,"[[""direct-0""]]","[""direct-0""]","[""direct-0""]",True,True,True,True,True,False,0
h10-c3:protocol_validation:tabular-energy:00229,tabular-energy,S2,node_down_edge_up,0.8,1.2,1.0,75b1192affd971d791cacd2f07e33f4304add866ddacbf84015578105ab376c9,"[[""direct-0"", ""direct-1"", ""direct-2"", ""direct-3""]]","[""direct-0"", ""direct-1"", ""direct-2"", ""direct-3""]","[""direct-0"", ""direct-1"", ""direct-2"", ""direct-3""]",True,True,True,True,True,False,0
h10-c3:protocol_validation:tabular-energy:00230,tabular-energy,S2,node_down_edge_up,0.8,1.2,1.0,75b1192affd971d791cacd2f07e33f4304add866ddacbf84015578105ab376c9,"[[""direct-0"", ""direct-1"", ""direct-2"", ""direct-3""]]","[""direct-0"", ""direct-1"", ""direct-2"", ""direct-3""]","[""direct-0"", ""direct-1"", ""direct-2"", ""direct-3""]",True,True,True,True,True,False,0
h10-c3:protocol_validation:tabular-energy:00231,tabular-energy,S3,node_down_edge_up,0.8,1.2,1.0,c60cd577702f6b231f4cdee85fa6a739b34f7a9d5786b7addd1b915eb6575694,"[[""greedy-global-023"", ""greedy-single-1""], [""greedy-global-023"", ""optimal-pair-01""]]","[""greedy-global-023"", ""optimal-pair-01""]","[""greedy-global-023"", ""greedy-single-1""]",True,True,True,False,True,False,0
h10-c3:protocol_validation:tabular-energy:00232,tabular-energy,S3,node_down_edge_up,0.8,1.2,1.0,c60cd577702f6b231f4cdee85fa6a739b34f7a9d5786b7addd1b915eb6575694,"[[""greedy-global-023"", ""greedy-single-1""], [""greedy-global-023"", ""optimal-pair-01""]]","[""greedy-global-023"", ""optimal-pair-01""]","[""greedy-global-023"", ""greedy-single-1""]",True,True,True,False,False,False,0
h10-c3:protocol_validation:tabular-energy:00233,tabular-energy,S3,node_down_edge_up,0.8,1.2,1.0,c60cd577702f6b231f4cdee85fa6a739b34f7a9d5786b7addd1b915eb6575694,"[[""greedy-global-023"", ""greedy-single-1""], [""greedy-global-023"", ""optimal-pair-01""]]","[""greedy-global-023"", ""optimal-pair-01""]","[""greedy-global-023"", ""greedy-single-1""]",True,True,True,False,True,False,0
h10-c3:protocol_validation:tabular-energy:00234,tabular-energy,S4,node_down_edge_up,0.8,1.2,1.0,a901a69fd30869489571b8fa186f723cf2aead7e088dae5a80b39a02fccea052,"[[""alternative-global-a""]]","[""alternative-global-a""]","[""greedy-global-023"", ""greedy-single-1""]",True,False,True,False,True,False,0
h10-c3:protocol_validation:tabular-energy:00235,tabular-energy,S4,node_down_edge_up,0.8,1.2,1.0,a901a69fd30869489571b8fa186f723cf2aead7e088dae5a80b39a02fccea052,"[[""alternative-global-a""]]","[""alternative-global-a""]","[""greedy-global-023"", ""greedy-single-1""]",True,False,True,False,True,False,0
h10-c3:protocol_validation:tabular-energy:00236,tabular-energy,S5,node_down_edge_up,0.8,1.2,1.0,bd7fb907e7e2cdd46c7952fd5fae2bdf556ea7bb275b39286e941894f575ed68,"[[""fallback-known-4"", ""greedy-global-023"", ""greedy-single-1""], [""fallback-known-4"", ""greedy-global-023"", ""optimal-pair-01""]]","[""fallback-known-4"", ""greedy-global-023"", ""optimal-pair-01""]","[""fallback-known-4"", ""greedy-global-023"", ""greedy-single-1""]",True,True,True,False,False,False,0
h10-c3:protocol_validation:tabular-energy:00237,tabular-energy,S5,node_down_edge_up,0.8,1.2,1.0,bd7fb907e7e2cdd46c7952fd5fae2bdf556ea7bb275b39286e941894f575ed68,"[[""fallback-known-4"", ""greedy-global-023"", ""greedy-single-1""], [""fallback-known-4"", ""greedy-global-023"", ""optimal-pair-01""]]","[""fallback-known-4"", ""greedy-global-023"", ""optimal-pair-01""]","[""fallback-known-4"", ""greedy-global-023"", ""greedy-single-1""]",True,True,True,False,False,False,0
h10-c3:protocol_validation:tabular-energy:00238,tabular-energy,S1,node_down_edge_up,0.8,1.2,1.0,23a2f2432248979df7ec3d38fd04cf52953feb94492856e11b21651960a1a6e7,"[[""direct-0""]]","[""direct-0""]","[""direct-0""]",True,True,True,True,True,False,0
h10-c3:protocol_validation:tabular-energy:00239,tabular-energy,S2,node_down_edge_up,0.8,1.2,1.0,75b1192affd971d791cacd2f07e33f4304add866ddacbf84015578105ab376c9,"[[""direct-0"", ""direct-1"", ""direct-2"", ""direct-3""]]","[""direct-0"", ""direct-1"", ""direct-2"", ""direct-3""]","[""direct-0"", ""direct-1"", ""direct-2"", ""direct-3""]",True,True,True,True,True,False,0
h10-c3:protocol_validation:text-news:00240,text-news,S1,node_down_edge_up,0.8,1.2,1.0,23a2f2432248979df7ec3d38fd04cf52953feb94492856e11b21651960a1a6e7,"[[""direct-0""]]","[""direct-0""]","[""direct-0""]",True,True,True,True,True,False,0
h10-c3:protocol_validation:text-news:00241,text-news,S2,node_down_edge_up,0.8,1.2,1.0,75b1192affd971d791cacd2f07e33f4304add866ddacbf84015578105ab376c9,"[[""direct-0"", ""direct-1"", ""direct-2"", ""direct-3""]]","[""direct-0"", ""direct-1"", ""direct-2"", ""direct-3""]","[""direct-0"", ""direct-1"", ""direct-2"", ""direct-3""]",True,True,True,True,True,False,0
h10-c3:protocol_validation:text-news:00242,text-news,S2,node_down_edge_up,0.8,1.2,1.0,75b1192affd971d791cacd2f07e33f4304add866ddacbf84015578105ab376c9,"[[""direct-0"", ""direct-1"", ""direct-2"", ""direct-3""]]","[""direct-0"", ""direct-1"", ""direct-2"", ""direct-3""]","[""direct-0"", ""direct-1"", ""direct-2"", ""direct-3""]",True,True,True,True,True,False,0
h10-c3:protocol_validation:text-news:00243,text-news,S3,node_down_edge_up,0.8,1.2,1.0,c60cd577702f6b231f4cdee85fa6a739b34f7a9d5786b7addd1b915eb6575694,"[[""greedy-global-023"", ""greedy-single-1""], [""greedy-global-023"", ""optimal-pair-01""]]","[""greedy-global-023"", ""optimal-pair-01""]","[""greedy-global-023"", ""greedy-single-1""]",True,True,True,False,True,False,0
h10-c3:protocol_validation:text-news:00244,text-news,S3,node_down_edge_up,0.8,1.2,1.0,c60cd577702f6b231f4cdee85fa6a739b34f7a9d5786b7addd1b915eb6575694,"[[""greedy-global-023"", ""greedy-single-1""], [""greedy-global-023"", ""optimal-pair-01""]]","[""greedy-global-023"", ""optimal-pair-01""]","[""greedy-global-023"", ""greedy-single-1""]",True,True,True,False,False,False,0
h10-c3:protocol_validation:text-news:00245,text-news,S3,node_down_edge_up,0.8,1.2,1.0,c60cd577702f6b231f4cdee85fa6a739b34f7a9d5786b7addd1b915eb6575694,"[[""greedy-global-023"", ""greedy-single-1""], [""greedy-global-023"", ""optimal-pair-01""]]","[""greedy-global-023"", ""optimal-pair-01""]","[""greedy-global-023"", ""greedy-single-1""]",True,True,True,False,True,False,0
h10-c3:protocol_validation:text-news:00246,text-news,S4,node_down_edge_up,0.8,1.2,1.0,a901a69fd30869489571b8fa186f723cf2aead7e088dae5a80b39a02fccea052,"[[""alternative-global-a""]]","[""alternative-global-a""]","[""greedy-global-023"", ""greedy-single-1""]",True,False,True,False,True,False,0
h10-c3:protocol_validation:text-news:00247,text-news,S4,node_down_edge_up,0.8,1.2,1.0,a901a69fd30869489571b8fa186f723cf2aead7e088dae5a80b39a02fccea052,"[[""alternative-global-a""]]","[""alternative-global-a""]","[""greedy-global-023"", ""greedy-single-1""]",True,False,True,False,True,False,0
h10-c3:protocol_validation:text-news:00248,text-news,S5,node_down_edge_up,0.8,1.2,1.0,bd7fb907e7e2cdd46c7952fd5fae2bdf556ea7bb275b39286e941894f575ed68,[],[],"[""greedy-global-023"", ""greedy-single-1""]",False,False,False,False,False,False,0
h10-c3:protocol_validation:text-news:00249,text-news,S5,node_down_edge_up,0.8,1.2,1.0,bd7fb907e7e2cdd46c7952fd5fae2bdf556ea7bb275b39286e941894f575ed68,"[[""fallback-known-4"", ""greedy-global-023"", ""greedy-single-1""], [""fallback-known-4"", ""greedy-global-023"", ""optimal-pair-01""]]","[""fallback-known-4"", ""greedy-global-023"", ""optimal-pair-01""]","[""fallback-known-4"", ""greedy-global-023"", ""greedy-single-1""]",True,True,True,False,False,False,0
h10-c3:protocol_validation:text-news:00250,text-news,S1,node_down_edge_up,0.8,1.2,1.0,23a2f2432248979df7ec3d38fd04cf52953feb94492856e11b21651960a1a6e7,"[[""direct-0""]]","[""direct-0""]","[""direct-0""]",True,True,True,True,True,False,0
h10-c3:protocol_validation:text-news:00251,text-news,S2,node_down_edge_up,0.8,1.2,1.0,75b1192affd971d791cacd2f07e33f4304add866ddacbf84015578105ab376c9,"[[""direct-0"", ""direct-1"", ""direct-2"", ""direct-3""]]","[""direct-0"", ""direct-1"", ""direct-2"", ""direct-3""]","[""direct-0"", ""direct-1"", ""direct-2"", ""direct-3""]",True,True,True,True,True,False,0
h10-c3:protocol_validation:text-news:00252,text-news,S2,node_down_edge_up,0.8,1.2,1.0,75b1192affd971d791cacd2f07e33f4304add866ddacbf84015578105ab376c9,"[[""direct-0"", ""direct-1"", ""direct-2"", ""direct-3""]]","[""direct-0"", ""direct-1"", ""direct-2"", ""direct-3""]","[""direct-0"", ""direct-1"", ""direct-2"", ""direct-3""]",True,True,True,True,True,False,0
h10-c3:protocol_validation:text-news:00253,text-news,S3,node_down_edge_up,0.8,1.2,1.0,c60cd577702f6b231f4cdee85fa6a739b34f7a9d5786b7addd1b915eb6575694,"[[""greedy-global-023"", ""greedy-single-1""], [""greedy-global-023"", ""optimal-pair-01""]]","[""greedy-global-023"", ""optimal-pair-01""]","[""greedy-global-023"", ""greedy-single-1""]",True,True,True,False,True,False,0
h10-c3:protocol_validation:text-news:00254,text-news,S3,node_down_edge_up,0.8,1.2,1.0,c60cd577702f6b231f4cdee85fa6a739b34f7a9d5786b7addd1b915eb6575694,"[[""greedy-global-023"", ""greedy-single-1""], [""greedy-global-023"", ""optimal-pair-01""]]","[""greedy-global-023"", ""optimal-pair-01""]","[""greedy-global-023"", ""greedy-single-1""]",True,True,True,False,False,False,0
h10-c3:protocol_validation:text-news:00255,text-news,S3,node_down_edge_up,0.8,1.2,1.0,c60cd577702f6b231f4cdee85fa6a739b34f7a9d5786b7addd1b915eb6575694,"[[""greedy-global-023"", ""greedy-single-1""], [""greedy-global-023"", ""optimal-pair-01""]]","[""greedy-global-023"", ""optimal-pair-01""]","[""greedy-global-023"", ""greedy-single-1""]",True,True,True,False,True,False,0
h10-c3:protocol_validation:text-news:00256,text-news,S4,node_down_edge_up,0.8,1.2,1.0,a901a69fd30869489571b8fa186f723cf2aead7e088dae5a80b39a02fccea052,"[[""alternative-global-a""]]","[""alternative-global-a""]","[""greedy-global-023"", ""greedy-single-1""]",True,False,True,False,True,False,0
h10-c3:protocol_validation:text-news:00257,text-news,S4,node_down_edge_up,0.8,1.2,1.0,a901a69fd30869489571b8fa186f723cf2aead7e088dae5a80b39a02fccea052,"[[""alternative-global-a""]]","[""alternative-global-a""]","[""greedy-global-023"", ""greedy-single-1""]",True,False,True,False,True,False,0
h10-c3:protocol_validation:text-news:00258,text-news,S5,node_down_edge_up,0.8,1.2,1.0,bd7fb907e7e2cdd46c7952fd5fae2bdf556ea7bb275b39286e941894f575ed68,"[[""fallback-known-4"", ""greedy-global-023"", ""greedy-single-1""], [""fallback-known-4"", ""greedy-global-023"", ""optimal-pair-01""]]","[""fallback-known-4"", ""greedy-global-023"", ""optimal-pair-01""]","[""fallback-known-4"", ""greedy-global-023"", ""greedy-single-1""]",True,True,True,False,False,False,0
h10-c3:protocol_validation:text-news:00259,text-news,S5,node_down_edge_up,0.8,1.2,1.0,bd7fb907e7e2cdd46c7952fd5fae2bdf556ea7bb275b39286e941894f575ed68,"[[""fallback-known-4"", ""greedy-global-023"", ""greedy-single-1""], [""fallback-known-4"", ""greedy-global-023"", ""optimal-pair-01""]]","[""fallback-known-4"", ""greedy-global-023"", ""optimal-pair-01""]","[""fallback-known-4"", ""greedy-global-023"", ""greedy-single-1""]",True,True,True,False,False,False,0
h10-c3:protocol_validation:text-news:00260,text-news,S1,node_down_edge_up,0.8,1.2,1.0,23a2f2432248979df7ec3d38fd04cf52953feb94492856e11b21651960a1a6e7,"[[""direct-0""]]","[""direct-0""]","[""direct-0""]",True,True,True,True,True,False,0
h10-c3:protocol_validation:text-news:00261,text-news,S2,node_down_edge_up,0.8,1.2,1.0,75b1192affd971d791cacd2f07e33f4304add866ddacbf84015578105ab376c9,"[[""direct-0"", ""direct-1"", ""direct-2"", ""direct-3""]]","[""direct-0"", ""direct-1"", ""direct-2"", ""direct-3""]","[""direct-0"", ""direct-1"", ""direct-2"", ""direct-3""]",True,True,True,True,True,False,0
h10-c3:protocol_validation:text-news:00262,text-news,S2,node_down_edge_up,0.8,1.2,1.0,75b1192affd971d791cacd2f07e33f4304add866ddacbf84015578105ab376c9,"[[""direct-0"", ""direct-1"", ""direct-2"", ""direct-3""]]","[""direct-0"", ""direct-1"", ""direct-2"", ""direct-3""]","[""direct-0"", ""direct-1"", ""direct-2"", ""direct-3""]",True,True,True,True,True,False,0
h10-c3:protocol_validation:text-news:00263,text-news,S3,node_down_edge_up,0.8,1.2,1.0,c60cd577702f6b231f4cdee85fa6a739b34f7a9d5786b7addd1b915eb6575694,"[[""greedy-global-023"", ""greedy-single-1""], [""greedy-global-023"", ""optimal-pair-01""]]","[""greedy-global-023"", ""optimal-pair-01""]","[""greedy-global-023"", ""greedy-single-1""]",True,True,True,False,True,False,0
h10-c3:protocol_validation:text-news:00264,text-news,S3,node_down_edge_up,0.8,1.2,1.0,c60cd577702f6b231f4cdee85fa6a739b34f7a9d5786b7addd1b915eb6575694,"[[""greedy-global-023"", ""greedy-single-1""], [""greedy-global-023"", ""optimal-pair-01""]]","[""greedy-global-023"", ""optimal-pair-01""]","[""greedy-global-023"", ""greedy-single-1""]",True,True,True,False,False,False,0
h10-c3:protocol_validation:text-news:00265,text-news,S3,node_down_edge_up,0.8,1.2,1.0,c60cd577702f6b231f4cdee85fa6a739b34f7a9d5786b7addd1b915eb6575694,"[[""greedy-global-023"", ""greedy-single-1""], [""greedy-global-023"", ""optimal-pair-01""]]","[""greedy-global-023"", ""optimal-pair-01""]","[""greedy-global-023"", ""greedy-single-1""]",True,True,True,False,True,False,0
h10-c3:protocol_validation:text-news:00266,text-news,S4,node_down_edge_up,0.8,1.2,1.0,a901a69fd30869489571b8fa186f723cf2aead7e088dae5a80b39a02fccea052,"[[""alternative-global-a""]]","[""alternative-global-a""]","[""greedy-global-023"", ""greedy-single-1""]",True,False,True,False,True,False,0
h10-c3:protocol_validation:text-news:00267,text-news,S4,node_down_edge_up,0.8,1.2,1.0,a901a69fd30869489571b8fa186f723cf2aead7e088dae5a80b39a02fccea052,"[[""alternative-global-a""]]","[""alternative-global-a""]","[""greedy-global-023"", ""greedy-single-1""]",True,False,True,False,True,False,0
h10-c3:protocol_validation:text-news:00268,text-news,S5,node_down_edge_up,0.8,1.2,1.0,bd7fb907e7e2cdd46c7952fd5fae2bdf556ea7bb275b39286e941894f575ed68,"[[""fallback-known-4"", ""greedy-global-023"", ""greedy-single-1""], [""fallback-known-4"", ""greedy-global-023"", ""optimal-pair-01""]]","[""fallback-known-4"", ""greedy-global-023"", ""optimal-pair-01""]","[""fallback-known-4"", ""greedy-global-023"", ""greedy-single-1""]",True,True,True,False,False,False,0
h10-c3:protocol_validation:text-news:00269,text-news,S5,node_down_edge_up,0.8,1.2,1.0,bd7fb907e7e2cdd46c7952fd5fae2bdf556ea7bb275b39286e941894f575ed68,[],[],"[""greedy-global-023"", ""greedy-single-1""]",False,False,False,False,False,False,0
h10-c3:protocol_validation:text-news:00270,text-news,S1,node_down_edge_up,0.8,1.2,1.0,23a2f2432248979df7ec3d38fd04cf52953feb94492856e11b21651960a1a6e7,"[[""direct-0""]]","[""direct-0""]","[""direct-0""]",True,True,True,True,True,False,0
h10-c3:protocol_validation:text-news:00271,text-news,S2,node_down_edge_up,0.8,1.2,1.0,75b1192affd971d791cacd2f07e33f4304add866ddacbf84015578105ab376c9,"[[""direct-0"", ""direct-1"", ""direct-2"", ""direct-3""]]","[""direct-0"", ""direct-1"", ""direct-2"", ""direct-3""]","[""direct-0"", ""direct-1"", ""direct-2"", ""direct-3""]",True,True,True,True,True,False,0
h10-c3:protocol_validation:text-news:00272,text-news,S2,node_down_edge_up,0.8,1.2,1.0,75b1192affd971d791cacd2f07e33f4304add866ddacbf84015578105ab376c9,"[[""direct-0"", ""direct-1"", ""direct-2"", ""direct-3""]]","[""direct-0"", ""direct-1"", ""direct-2"", ""direct-3""]","[""direct-0"", ""direct-1"", ""direct-2"", ""direct-3""]",True,True,True,True,True,False,0
h10-c3:protocol_validation:text-news:00273,text-news,S3,node_down_edge_up,0.8,1.2,1.0,c60cd577702f6b231f4cdee85fa6a739b34f7a9d5786b7addd1b915eb6575694,"[[""greedy-global-023"", ""greedy-single-1""], [""greedy-global-023"", ""optimal-pair-01""]]","[""greedy-global-023"", ""optimal-pair-01""]","[""greedy-global-023"", ""greedy-single-1""]",True,True,True,False,True,False,0
h10-c3:protocol_validation:text-news:00274,text-news,S3,node_down_edge_up,0.8,1.2,1.0,c60cd577702f6b231f4cdee85fa6a739b34f7a9d5786b7addd1b915eb6575694,"[[""greedy-global-023"", ""greedy-single-1""], [""greedy-global-023"", ""optimal-pair-01""]]","[""greedy-global-023"", ""optimal-pair-01""]","[""greedy-global-023"", ""greedy-single-1""]",True,True,True,False,False,False,0
h10-c3:protocol_validation:text-news:00275,text-news,S3,node_down_edge_up,0.8,1.2,1.0,c60cd577702f6b231f4cdee85fa6a739b34f7a9d5786b7addd1b915eb6575694,"[[""greedy-global-023"", ""greedy-single-1""], [""greedy-global-023"", ""optimal-pair-01""]]","[""greedy-global-023"", ""optimal-pair-01""]","[""greedy-global-023"", ""greedy-single-1""]",True,True,True,False,True,False,0
h10-c3:protocol_validation:text-news:00276,text-news,S4,node_down_edge_up,0.8,1.2,1.0,a901a69fd30869489571b8fa186f723cf2aead7e088dae5a80b39a02fccea052,"[[""alternative-global-a""]]","[""alternative-global-a""]","[""greedy-global-023"", ""greedy-single-1""]",True,False,True,False,True,False,0
h10-c3:protocol_validation:text-news:00277,text-news,S4,node_down_edge_up,0.8,1.2,1.0,a901a69fd30869489571b8fa186f723cf2aead7e088dae5a80b39a02fccea052,"[[""alternative-global-a""]]","[""alternative-global-a""]","[""greedy-global-023"", ""greedy-single-1""]",True,False,True,False,True,False,0
h10-c3:protocol_validation:text-news:00278,text-news,S5,node_down_edge_up,0.8,1.2,1.0,bd7fb907e7e2cdd46c7952fd5fae2bdf556ea7bb275b39286e941894f575ed68,"[[""fallback-known-4"", ""greedy-global-023"", ""greedy-single-1""], [""fallback-known-4"", ""greedy-global-023"", ""optimal-pair-01""]]","[""fallback-known-4"", ""greedy-global-023"", ""optimal-pair-01""]","[""fallback-known-4"", ""greedy-global-023"", ""greedy-single-1""]",True,True,True,False,False,False,0
h10-c3:protocol_validation:text-news:00279,text-news,S5,node_down_edge_up,0.8,1.2,1.0,bd7fb907e7e2cdd46c7952fd5fae2bdf556ea7bb275b39286e941894f575ed68,"[[""fallback-known-4"", ""greedy-global-023"", ""greedy-single-1""], [""fallback-known-4"", ""greedy-global-023"", ""optimal-pair-01""]]","[""fallback-known-4"", ""greedy-global-023"", ""optimal-pair-01""]","[""fallback-known-4"", ""greedy-global-023"", ""greedy-single-1""]",True,True,True,False,False,False,0
h10-c3:protocol_validation:text-news:00280,text-news,S1,node_down_edge_up,0.8,1.2,1.0,23a2f2432248979df7ec3d38fd04cf52953feb94492856e11b21651960a1a6e7,"[[""direct-0""]]","[""direct-0""]","[""direct-0""]",True,True,True,True,True,False,0
h10-c3:protocol_validation:text-news:00281,text-news,S2,node_down_edge_up,0.8,1.2,1.0,75b1192affd971d791cacd2f07e33f4304add866ddacbf84015578105ab376c9,"[[""direct-0"", ""direct-1"", ""direct-2"", ""direct-3""]]","[""direct-0"", ""direct-1"", ""direct-2"", ""direct-3""]","[""direct-0"", ""direct-1"", ""direct-2"", ""direct-3""]",True,True,True,True,True,False,0
h10-c3:protocol_validation:text-news:00282,text-news,S2,node_down_edge_up,0.8,1.2,1.0,75b1192affd971d791cacd2f07e33f4304add866ddacbf84015578105ab376c9,"[[""direct-0"", ""direct-1"", ""direct-2"", ""direct-3""]]","[""direct-0"", ""direct-1"", ""direct-2"", ""direct-3""]","[""direct-0"", ""direct-1"", ""direct-2"", ""direct-3""]",True,True,True,True,True,False,0
h10-c3:protocol_validation:text-news:00283,text-news,S3,node_down_edge_up,0.8,1.2,1.0,c60cd577702f6b231f4cdee85fa6a739b34f7a9d5786b7addd1b915eb6575694,"[[""greedy-global-023"", ""greedy-single-1""], [""greedy-global-023"", ""optimal-pair-01""]]","[""greedy-global-023"", ""optimal-pair-01""]","[""greedy-global-023"", ""greedy-single-1""]",True,True,True,False,True,False,0
h10-c3:protocol_validation:text-news:00284,text-news,S3,node_down_edge_up,0.8,1.2,1.0,c60cd577702f6b231f4cdee85fa6a739b34f7a9d5786b7addd1b915eb6575694,"[[""greedy-global-023"", ""greedy-single-1""], [""greedy-global-023"", ""optimal-pair-01""]]","[""greedy-global-023"", ""optimal-pair-01""]","[""greedy-global-023"", ""greedy-single-1""]",True,True,True,False,False,False,0
h10-c3:protocol_validation:text-news:00285,text-news,S3,node_down_edge_up,0.8,1.2,1.0,c60cd577702f6b231f4cdee85fa6a739b34f7a9d5786b7addd1b915eb6575694,"[[""greedy-global-023"", ""greedy-single-1""], [""greedy-global-023"", ""optimal-pair-01""]]","[""greedy-global-023"", ""optimal-pair-01""]","[""greedy-global-023"", ""greedy-single-1""]",True,True,True,False,True,False,0
h10-c3:protocol_validation:text-news:00286,text-news,S4,node_down_edge_up,0.8,1.2,1.0,a901a69fd30869489571b8fa186f723cf2aead7e088dae5a80b39a02fccea052,"[[""alternative-global-a""]]","[""alternative-global-a""]","[""greedy-global-023"", ""greedy-single-1""]",True,False,True,False,True,False,0
h10-c3:protocol_validation:text-news:00287,text-news,S4,node_down_edge_up,0.8,1.2,1.0,a901a69fd30869489571b8fa186f723cf2aead7e088dae5a80b39a02fccea052,"[[""alternative-global-a""]]","[""alternative-global-a""]","[""greedy-global-023"", ""greedy-single-1""]",True,False,True,False,True,False,0
h10-c3:protocol_validation:text-news:00288,text-news,S5,node_down_edge_up,0.8,1.2,1.0,bd7fb907e7e2cdd46c7952fd5fae2bdf556ea7bb275b39286e941894f575ed68,"[[""fallback-known-4"", ""greedy-global-023"", ""greedy-single-1""], [""fallback-known-4"", ""greedy-global-023"", ""optimal-pair-01""]]","[""fallback-known-4"", ""greedy-global-023"", ""optimal-pair-01""]","[""fallback-known-4"", ""greedy-global-023"", ""greedy-single-1""]",True,True,True,False,False,False,0
h10-c3:protocol_validation:text-news:00289,text-news,S5,node_down_edge_up,0.8,1.2,1.0,bd7fb907e7e2cdd46c7952fd5fae2bdf556ea7bb275b39286e941894f575ed68,"[[""fallback-known-4"", ""greedy-global-023"", ""greedy-single-1""], [""fallback-known-4"", ""greedy-global-023"", ""optimal-pair-01""]]","[""fallback-known-4"", ""greedy-global-023"", ""optimal-pair-01""]","[""fallback-known-4"", ""greedy-global-023"", ""greedy-single-1""]",True,True,True,False,False,False,0
h10-c3:protocol_validation:text-news:00290,text-news,S1,node_down_edge_up,0.8,1.2,1.0,23a2f2432248979df7ec3d38fd04cf52953feb94492856e11b21651960a1a6e7,"[[""direct-0""]]","[""direct-0""]","[""direct-0""]",True,True,True,True,True,False,0
h10-c3:protocol_validation:text-news:00291,text-news,S2,node_down_edge_up,0.8,1.2,1.0,75b1192affd971d791cacd2f07e33f4304add866ddacbf84015578105ab376c9,"[[""direct-0"", ""direct-1"", ""direct-2"", ""direct-3""]]","[""direct-0"", ""direct-1"", ""direct-2"", ""direct-3""]","[""direct-0"", ""direct-1"", ""direct-2"", ""direct-3""]",True,True,True,True,True,False,0
h10-c3:protocol_validation:text-news:00292,text-news,S2,node_down_edge_up,0.8,1.2,1.0,75b1192affd971d791cacd2f07e33f4304add866ddacbf84015578105ab376c9,"[[""direct-0"", ""direct-1"", ""direct-2"", ""direct-3""]]","[""direct-0"", ""direct-1"", ""direct-2"", ""direct-3""]","[""direct-0"", ""direct-1"", ""direct-2"", ""direct-3""]",True,True,True,True,True,False,0
h10-c3:protocol_validation:text-news:00293,text-news,S3,node_down_edge_up,0.8,1.2,1.0,c60cd577702f6b231f4cdee85fa6a739b34f7a9d5786b7addd1b915eb6575694,"[[""greedy-global-023"", ""greedy-single-1""], [""greedy-global-023"", ""optimal-pair-01""]]","[""greedy-global-023"", ""optimal-pair-01""]","[""greedy-global-023"", ""greedy-single-1""]",True,True,True,False,True,False,0
h10-c3:protocol_validation:text-news:00294,text-news,S3,node_down_edge_up,0.8,1.2,1.0,c60cd577702f6b231f4cdee85fa6a739b34f7a9d5786b7addd1b915eb6575694,"[[""greedy-global-023"", ""greedy-single-1""], [""greedy-global-023"", ""optimal-pair-01""]]","[""greedy-global-023"", ""optimal-pair-01""]","[""greedy-global-023"", ""greedy-single-1""]",True,True,True,False,False,False,0
h10-c3:protocol_validation:text-news:00295,text-news,S3,node_down_edge_up,0.8,1.2,1.0,c60cd577702f6b231f4cdee85fa6a739b34f7a9d5786b7addd1b915eb6575694,"[[""greedy-global-023"", ""greedy-single-1""], [""greedy-global-023"", ""optimal-pair-01""]]","[""greedy-global-023"", ""optimal-pair-01""]","[""greedy-global-023"", ""greedy-single-1""]",True,True,True,False,True,False,0
h10-c3:protocol_validation:text-news:00296,text-news,S4,node_down_edge_up,0.8,1.2,1.0,a901a69fd30869489571b8fa186f723cf2aead7e088dae5a80b39a02fccea052,"[[""alternative-global-a""]]","[""alternative-global-a""]","[""greedy-global-023"", ""greedy-single-1""]",True,False,True,False,True,False,0
h10-c3:protocol_validation:text-news:00297,text-news,S4,node_down_edge_up,0.8,1.2,1.0,a901a69fd30869489571b8fa186f723cf2aead7e088dae5a80b39a02fccea052,"[[""alternative-global-a""]]","[""alternative-global-a""]","[""greedy-global-023"", ""greedy-single-1""]",True,False,True,False,True,False,0
h10-c3:protocol_validation:text-news:00298,text-news,S5,node_down_edge_up,0.8,1.2,1.0,bd7fb907e7e2cdd46c7952fd5fae2bdf556ea7bb275b39286e941894f575ed68,[],[],"[""greedy-global-023"", ""greedy-single-1""]",False,False,False,False,False,False,0
h10-c3:protocol_validation:text-news:00299,text-news,S5,node_down_edge_up,0.8,1.2,1.0,bd7fb907e7e2cdd46c7952fd5fae2bdf556ea7bb275b39286e941894f575ed68,"[[""fallback-known-4"", ""greedy-global-023"", ""greedy-single-1""], [""fallback-known-4"", ""greedy-global-023"", ""optimal-pair-01""]]","[""fallback-known-4"", ""greedy-global-023"", ""optimal-pair-01""]","[""fallback-known-4"", ""greedy-global-023"", ""greedy-single-1""]",True,True,True,False,False,False,0
h10-c3:protocol_validation:text-news:00300,text-news,S1,node_down_edge_up,0.8,1.2,1.0,23a2f2432248979df7ec3d38fd04cf52953feb94492856e11b21651960a1a6e7,"[[""direct-0""]]","[""direct-0""]","[""direct-0""]",True,True,True,True,True,False,0
h10-c3:protocol_validation:text-news:00301,text-news,S2,node_down_edge_up,0.8,1.2,1.0,75b1192affd971d791cacd2f07e33f4304add866ddacbf84015578105ab376c9,"[[""direct-0"", ""direct-1"", ""direct-2"", ""direct-3""]]","[""direct-0"", ""direct-1"", ""direct-2"", ""direct-3""]","[""direct-0"", ""direct-1"", ""direct-2"", ""direct-3""]",True,True,True,True,True,False,0
h10-c3:protocol_validation:text-news:00302,text-news,S2,node_down_edge_up,0.8,1.2,1.0,75b1192affd971d791cacd2f07e33f4304add866ddacbf84015578105ab376c9,"[[""direct-0"", ""direct-1"", ""direct-2"", ""direct-3""]]","[""direct-0"", ""direct-1"", ""direct-2"", ""direct-3""]","[""direct-0"", ""direct-1"", ""direct-2"", ""direct-3""]",True,True,True,True,True,False,0
h10-c3:protocol_validation:text-news:00303,text-news,S3,node_down_edge_up,0.8,1.2,1.0,c60cd577702f6b231f4cdee85fa6a739b34f7a9d5786b7addd1b915eb6575694,"[[""greedy-global-023"", ""greedy-single-1""], [""greedy-global-023"", ""optimal-pair-01""]]","[""greedy-global-023"", ""optimal-pair-01""]","[""greedy-global-023"", ""greedy-single-1""]",True,True,True,False,True,False,0
h10-c3:protocol_validation:text-news:00304,text-news,S3,node_down_edge_up,0.8,1.2,1.0,c60cd577702f6b231f4cdee85fa6a739b34f7a9d5786b7addd1b915eb6575694,"[[""greedy-global-023"", ""greedy-single-1""], [""greedy-global-023"", ""optimal-pair-01""]]","[""greedy-global-023"", ""optimal-pair-01""]","[""greedy-global-023"", ""greedy-single-1""]",True,True,True,False,False,False,0
h10-c3:protocol_validation:text-news:00305,text-news,S3,node_down_edge_up,0.8,1.2,1.0,c60cd577702f6b231f4cdee85fa6a739b34f7a9d5786b7addd1b915eb6575694,"[[""greedy-global-023"", ""greedy-single-1""], [""greedy-global-023"", ""optimal-pair-01""]]","[""greedy-global-023"", ""optimal-pair-01""]","[""greedy-global-023"", ""greedy-single-1""]",True,True,True,False,True,False,0
h10-c3:protocol_validation:text-news:00306,text-news,S4,node_down_edge_up,0.8,1.2,1.0,a901a69fd30869489571b8fa186f723cf2aead7e088dae5a80b39a02fccea052,"[[""alternative-global-a""]]","[""alternative-global-a""]","[""greedy-global-023"", ""greedy-single-1""]",True,False,True,False,True,False,0
h10-c3:protocol_validation:text-news:00307,text-news,S4,node_down_edge_up,0.8,1.2,1.0,a901a69fd30869489571b8fa186f723cf2aead7e088dae5a80b39a02fccea052,"[[""alternative-global-a""]]","[""alternative-global-a""]","[""greedy-global-023"", ""greedy-single-1""]",True,False,True,False,True,False,0
h10-c3:protocol_validation:text-news:00308,text-news,S5,node_down_edge_up,0.8,1.2,1.0,bd7fb907e7e2cdd46c7952fd5fae2bdf556ea7bb275b39286e941894f575ed68,"[[""fallback-known-4"", ""greedy-global-023"", ""greedy-single-1""], [""fallback-known-4"", ""greedy-global-023"", ""optimal-pair-01""]]","[""fallback-known-4"", ""greedy-global-023"", ""optimal-pair-01""]","[""fallback-known-4"", ""greedy-global-023"", ""greedy-single-1""]",True,True,True,False,False,False,0
h10-c3:protocol_validation:text-news:00309,text-news,S5,node_down_edge_up,0.8,1.2,1.0,bd7fb907e7e2cdd46c7952fd5fae2bdf556ea7bb275b39286e941894f575ed68,"[[""fallback-known-4"", ""greedy-global-023"", ""greedy-single-1""], [""fallback-known-4"", ""greedy-global-023"", ""optimal-pair-01""]]","[""fallback-known-4"", ""greedy-global-023"", ""optimal-pair-01""]","[""fallback-known-4"", ""greedy-global-023"", ""greedy-single-1""]",True,True,True,False,False,False,0
h10-c3:protocol_validation:text-news:00310,text-news,S1,node_down_edge_up,0.8,1.2,1.0,23a2f2432248979df7ec3d38fd04cf52953feb94492856e11b21651960a1a6e7,"[[""direct-0""]]","[""direct-0""]","[""direct-0""]",True,True,True,True,True,False,0
h10-c3:protocol_validation:text-news:00311,text-news,S2,node_down_edge_up,0.8,1.2,1.0,75b1192affd971d791cacd2f07e33f4304add866ddacbf84015578105ab376c9,"[[""direct-0"", ""direct-1"", ""direct-2"", ""direct-3""]]","[""direct-0"", ""direct-1"", ""direct-2"", ""direct-3""]","[""direct-0"", ""direct-1"", ""direct-2"", ""direct-3""]",True,True,True,True,True,False,0
h10-c3:protocol_validation:text-news:00312,text-news,S2,node_down_edge_up,0.8,1.2,1.0,75b1192affd971d791cacd2f07e33f4304add866ddacbf84015578105ab376c9,"[[""direct-0"", ""direct-1"", ""direct-2"", ""direct-3""]]","[""direct-0"", ""direct-1"", ""direct-2"", ""direct-3""]","[""direct-0"", ""direct-1"", ""direct-2"", ""direct-3""]",True,True,True,True,True,False,0
h10-c3:protocol_validation:text-news:00313,text-news,S3,node_down_edge_up,0.8,1.2,1.0,c60cd577702f6b231f4cdee85fa6a739b34f7a9d5786b7addd1b915eb6575694,"[[""greedy-global-023"", ""greedy-single-1""], [""greedy-global-023"", ""optimal-pair-01""]]","[""greedy-global-023"", ""optimal-pair-01""]","[""greedy-global-023"", ""greedy-single-1""]",True,True,True,False,True,False,0
h10-c3:protocol_validation:text-news:00314,text-news,S3,node_down_edge_up,0.8,1.2,1.0,c60cd577702f6b231f4cdee85fa6a739b34f7a9d5786b7addd1b915eb6575694,"[[""greedy-global-023"", ""greedy-single-1""], [""greedy-global-023"", ""optimal-pair-01""]]","[""greedy-global-023"", ""optimal-pair-01""]","[""greedy-global-023"", ""greedy-single-1""]",True,True,True,False,False,False,0
h10-c3:protocol_validation:text-news:00315,text-news,S3,node_down_edge_up,0.8,1.2,1.0,c60cd577702f6b231f4cdee85fa6a739b34f7a9d5786b7addd1b915eb6575694,"[[""greedy-global-023"", ""greedy-single-1""], [""greedy-global-023"", ""optimal-pair-01""]]","[""greedy-global-023"", ""optimal-pair-01""]","[""greedy-global-023"", ""greedy-single-1""]",True,True,True,False,True,False,0
h10-c3:protocol_validation:text-news:00316,text-news,S4,node_down_edge_up,0.8,1.2,1.0,a901a69fd30869489571b8fa186f723cf2aead7e088dae5a80b39a02fccea052,"[[""alternative-global-a""]]","[""alternative-global-a""]","[""greedy-global-023"", ""greedy-single-1""]",True,False,True,False,True,False,0
h10-c3:protocol_validation:text-news:00317,text-news,S4,node_down_edge_up,0.8,1.2,1.0,a901a69fd30869489571b8fa186f723cf2aead7e088dae5a80b39a02fccea052,"[[""alternative-global-a""]]","[""alternative-global-a""]","[""greedy-global-023"", ""greedy-single-1""]",True,False,True,False,True,False,0
h10-c3:protocol_validation:text-news:00318,text-news,S5,node_down_edge_up,0.8,1.2,1.0,bd7fb907e7e2cdd46c7952fd5fae2bdf556ea7bb275b39286e941894f575ed68,"[[""fallback-known-4"", ""greedy-global-023"", ""greedy-single-1""], [""fallback-known-4"", ""greedy-global-023"", ""optimal-pair-01""]]","[""fallback-known-4"", ""greedy-global-023"", ""optimal-pair-01""]","[""fallback-known-4"", ""greedy-global-023"", ""greedy-single-1""]",True,True,True,False,False,False,0
h10-c3:protocol_validation:text-news:00319,text-news,S5,node_down_edge_up,0.8,1.2,1.0,bd7fb907e7e2cdd46c7952fd5fae2bdf556ea7bb275b39286e941894f575ed68,[],[],"[""greedy-global-023"", ""greedy-single-1""]",False,False,False,False,False,False,0
h10-c3:protocol_validation:text-news:00320,text-news,S1,node_down_edge_up,0.8,1.2,1.0,23a2f2432248979df7ec3d38fd04cf52953feb94492856e11b21651960a1a6e7,"[[""direct-0""]]","[""direct-0""]","[""direct-0""]",True,True,True,True,True,False,0
h10-c3:protocol_validation:text-news:00321,text-news,S2,node_down_edge_up,0.8,1.2,1.0,75b1192affd971d791cacd2f07e33f4304add866ddacbf84015578105ab376c9,"[[""direct-0"", ""direct-1"", ""direct-2"", ""direct-3""]]","[""direct-0"", ""direct-1"", ""direct-2"", ""direct-3""]","[""direct-0"", ""direct-1"", ""direct-2"", ""direct-3""]",True,True,True,True,True,False,0
h10-c3:protocol_validation:text-news:00322,text-news,S2,node_down_edge_up,0.8,1.2,1.0,75b1192affd971d791cacd2f07e33f4304add866ddacbf84015578105ab376c9,"[[""direct-0"", ""direct-1"", ""direct-2"", ""direct-3""]]","[""direct-0"", ""direct-1"", ""direct-2"", ""direct-3""]","[""direct-0"", ""direct-1"", ""direct-2"", ""direct-3""]",True,True,True,True,True,False,0
h10-c3:protocol_validation:text-news:00323,text-news,S3,node_down_edge_up,0.8,1.2,1.0,c60cd577702f6b231f4cdee85fa6a739b34f7a9d5786b7addd1b915eb6575694,"[[""greedy-global-023"", ""greedy-single-1""], [""greedy-global-023"", ""optimal-pair-01""]]","[""greedy-global-023"", ""optimal-pair-01""]","[""greedy-global-023"", ""greedy-single-1""]",True,True,True,False,True,False,0
h10-c3:protocol_validation:text-news:00324,text-news,S3,node_down_edge_up,0.8,1.2,1.0,c60cd577702f6b231f4cdee85fa6a739b34f7a9d5786b7addd1b915eb6575694,"[[""greedy-global-023"", ""greedy-single-1""], [""greedy-global-023"", ""optimal-pair-01""]]","[""greedy-global-023"", ""optimal-pair-01""]","[""greedy-global-023"", ""greedy-single-1""]",True,True,True,False,False,False,0
h10-c3:protocol_validation:text-news:00325,text-news,S3,node_down_edge_up,0.8,1.2,1.0,c60cd577702f6b231f4cdee85fa6a739b34f7a9d5786b7addd1b915eb6575694,"[[""greedy-global-023"", ""greedy-single-1""], [""greedy-global-023"", ""optimal-pair-01""]]","[""greedy-global-023"", ""optimal-pair-01""]","[""greedy-global-023"", ""greedy-single-1""]",True,True,True,False,True,False,0
h10-c3:protocol_validation:text-news:00326,text-news,S4,node_down_edge_up,0.8,1.2,1.0,a901a69fd30869489571b8fa186f723cf2aead7e088dae5a80b39a02fccea052,"[[""alternative-global-a""]]","[""alternative-global-a""]","[""greedy-global-023"", ""greedy-single-1""]",True,False,True,False,True,False,0
h10-c3:protocol_validation:text-news:00327,text-news,S4,node_down_edge_up,0.8,1.2,1.0,a901a69fd30869489571b8fa186f723cf2aead7e088dae5a80b39a02fccea052,"[[""alternative-global-a""]]","[""alternative-global-a""]","[""greedy-global-023"", ""greedy-single-1""]",True,False,True,False,True,False,0
h10-c3:protocol_validation:text-news:00328,text-news,S5,node_down_edge_up,0.8,1.2,1.0,bd7fb907e7e2cdd46c7952fd5fae2bdf556ea7bb275b39286e941894f575ed68,"[[""fallback-known-4"", ""greedy-global-023"", ""greedy-single-1""], [""fallback-known-4"", ""greedy-global-023"", ""optimal-pair-01""]]","[""fallback-known-4"", ""greedy-global-023"", ""optimal-pair-01""]","[""fallback-known-4"", ""greedy-global-023"", ""greedy-single-1""]",True,True,True,False,False,False,0
h10-c3:protocol_validation:text-news:00329,text-news,S5,node_down_edge_up,0.8,1.2,1.0,bd7fb907e7e2cdd46c7952fd5fae2bdf556ea7bb275b39286e941894f575ed68,"[[""fallback-known-4"", ""greedy-global-023"", ""greedy-single-1""], [""fallback-known-4"", ""greedy-global-023"", ""optimal-pair-01""]]","[""fallback-known-4"", ""greedy-global-023"", ""optimal-pair-01""]","[""fallback-known-4"", ""greedy-global-023"", ""greedy-single-1""]",True,True,True,False,False,False,0
h10-c3:protocol_validation:text-news:00330,text-news,S1,node_down_edge_up,0.8,1.2,1.0,23a2f2432248979df7ec3d38fd04cf52953feb94492856e11b21651960a1a6e7,"[[""direct-0""]]","[""direct-0""]","[""direct-0""]",True,True,True,True,True,False,0
h10-c3:protocol_validation:text-news:00331,text-news,S2,node_down_edge_up,0.8,1.2,1.0,75b1192affd971d791cacd2f07e33f4304add866ddacbf84015578105ab376c9,"[[""direct-0"", ""direct-1"", ""direct-2"", ""direct-3""]]","[""direct-0"", ""direct-1"", ""direct-2"", ""direct-3""]","[""direct-0"", ""direct-1"", ""direct-2"", ""direct-3""]",True,True,True,True,True,False,0
h10-c3:protocol_validation:text-news:00332,text-news,S2,node_down_edge_up,0.8,1.2,1.0,75b1192affd971d791cacd2f07e33f4304add866ddacbf84015578105ab376c9,"[[""direct-0"", ""direct-1"", ""direct-2"", ""direct-3""]]","[""direct-0"", ""direct-1"", ""direct-2"", ""direct-3""]","[""direct-0"", ""direct-1"", ""direct-2"", ""direct-3""]",True,True,True,True,True,False,0
h10-c3:protocol_validation:text-news:00333,text-news,S3,node_down_edge_up,0.8,1.2,1.0,c60cd577702f6b231f4cdee85fa6a739b34f7a9d5786b7addd1b915eb6575694,"[[""greedy-global-023"", ""greedy-single-1""], [""greedy-global-023"", ""optimal-pair-01""]]","[""greedy-global-023"", ""optimal-pair-01""]","[""greedy-global-023"", ""greedy-single-1""]",True,True,True,False,True,False,0
h10-c3:protocol_validation:text-news:00334,text-news,S3,node_down_edge_up,0.8,1.2,1.0,c60cd577702f6b231f4cdee85fa6a739b34f7a9d5786b7addd1b915eb6575694,"[[""greedy-global-023"", ""greedy-single-1""], [""greedy-global-023"", ""optimal-pair-01""]]","[""greedy-global-023"", ""optimal-pair-01""]","[""greedy-global-023"", ""greedy-single-1""]",True,True,True,False,False,False,0
h10-c3:protocol_validation:text-news:00335,text-news,S3,node_down_edge_up,0.8,1.2,1.0,c60cd577702f6b231f4cdee85fa6a739b34f7a9d5786b7addd1b915eb6575694,"[[""greedy-global-023"", ""greedy-single-1""], [""greedy-global-023"", ""optimal-pair-01""]]","[""greedy-global-023"", ""optimal-pair-01""]","[""greedy-global-023"", ""greedy-single-1""]",True,True,True,False,True,False,0
h10-c3:protocol_validation:text-news:00336,text-news,S4,node_down_edge_up,0.8,1.2,1.0,a901a69fd30869489571b8fa186f723cf2aead7e088dae5a80b39a02fccea052,"[[""alternative-global-a""]]","[""alternative-global-a""]","[""greedy-global-023"", ""greedy-single-1""]",True,False,True,False,True,False,0
h10-c3:protocol_validation:text-news:00337,text-news,S4,node_down_edge_up,0.8,1.2,1.0,a901a69fd30869489571b8fa186f723cf2aead7e088dae5a80b39a02fccea052,"[[""alternative-global-a""]]","[""alternative-global-a""]","[""greedy-global-023"", ""greedy-single-1""]",True,False,True,False,True,False,0
h10-c3:protocol_validation:text-news:00338,text-news,S5,node_down_edge_up,0.8,1.2,1.0,bd7fb907e7e2cdd46c7952fd5fae2bdf556ea7bb275b39286e941894f575ed68,"[[""fallback-known-4"", ""greedy-global-023"", ""greedy-single-1""], [""fallback-known-4"", ""greedy-global-023"", ""optimal-pair-01""]]","[""fallback-known-4"", ""greedy-global-023"", ""optimal-pair-01""]","[""fallback-known-4"", ""greedy-global-023"", ""greedy-single-1""]",True,True,True,False,False,False,0
h10-c3:protocol_validation:text-news:00339,text-news,S5,node_down_edge_up,0.8,1.2,1.0,bd7fb907e7e2cdd46c7952fd5fae2bdf556ea7bb275b39286e941894f575ed68,"[[""fallback-known-4"", ""greedy-global-023"", ""greedy-single-1""], [""fallback-known-4"", ""greedy-global-023"", ""optimal-pair-01""]]","[""fallback-known-4"", ""greedy-global-023"", ""optimal-pair-01""]","[""fallback-known-4"", ""greedy-global-023"", ""greedy-single-1""]",True,True,True,False,False,False,0
h10-c3:protocol_validation:text-news:00340,text-news,S1,node_down_edge_up,0.8,1.2,1.0,23a2f2432248979df7ec3d38fd04cf52953feb94492856e11b21651960a1a6e7,"[[""direct-0""]]","[""direct-0""]","[""direct-0""]",True,True,True,True,True,False,0
h10-c3:protocol_validation:text-news:00341,text-news,S2,node_down_edge_up,0.8,1.2,1.0,75b1192affd971d791cacd2f07e33f4304add866ddacbf84015578105ab376c9,"[[""direct-0"", ""direct-1"", ""direct-2"", ""direct-3""]]","[""direct-0"", ""direct-1"", ""direct-2"", ""direct-3""]","[""direct-0"", ""direct-1"", ""direct-2"", ""direct-3""]",True,True,True,True,True,False,0
h10-c3:protocol_validation:text-news:00342,text-news,S2,node_down_edge_up,0.8,1.2,1.0,75b1192affd971d791cacd2f07e33f4304add866ddacbf84015578105ab376c9,"[[""direct-0"", ""direct-1"", ""direct-2"", ""direct-3""]]","[""direct-0"", ""direct-1"", ""direct-2"", ""direct-3""]","[""direct-0"", ""direct-1"", ""direct-2"", ""direct-3""]",True,True,True,True,True,False,0
h10-c3:protocol_validation:text-news:00343,text-news,S3,node_down_edge_up,0.8,1.2,1.0,c60cd577702f6b231f4cdee85fa6a739b34f7a9d5786b7addd1b915eb6575694,"[[""greedy-global-023"", ""greedy-single-1""], [""greedy-global-023"", ""optimal-pair-01""]]","[""greedy-global-023"", ""optimal-pair-01""]","[""greedy-global-023"", ""greedy-single-1""]",True,True,True,False,True,False,0
h10-c3:protocol_validation:text-news:00344,text-news,S3,node_down_edge_up,0.8,1.2,1.0,c60cd577702f6b231f4cdee85fa6a739b34f7a9d5786b7addd1b915eb6575694,"[[""greedy-global-023"", ""greedy-single-1""], [""greedy-global-023"", ""optimal-pair-01""]]","[""greedy-global-023"", ""optimal-pair-01""]","[""greedy-global-023"", ""greedy-single-1""]",True,True,True,False,False,False,0
h10-c3:protocol_validation:text-news:00345,text-news,S3,node_down_edge_up,0.8,1.2,1.0,c60cd577702f6b231f4cdee85fa6a739b34f7a9d5786b7addd1b915eb6575694,"[[""greedy-global-023"", ""greedy-single-1""], [""greedy-global-023"", ""optimal-pair-01""]]","[""greedy-global-023"", ""optimal-pair-01""]","[""greedy-global-023"", ""greedy-single-1""]",True,True,True,False,True,False,0
h10-c3:protocol_validation:text-news:00346,text-news,S4,node_down_edge_up,0.8,1.2,1.0,a901a69fd30869489571b8fa186f723cf2aead7e088dae5a80b39a02fccea052,"[[""alternative-global-a""]]","[""alternative-global-a""]","[""greedy-global-023"", ""greedy-single-1""]",True,False,True,False,True,False,0
h10-c3:protocol_validation:text-news:00347,text-news,S4,node_down_edge_up,0.8,1.2,1.0,a901a69fd30869489571b8fa186f723cf2aead7e088dae5a80b39a02fccea052,"[[""alternative-global-a""]]","[""alternative-global-a""]","[""greedy-global-023"", ""greedy-single-1""]",True,False,True,False,True,False,0
h10-c3:protocol_validation:text-news:00348,text-news,S5,node_down_edge_up,0.8,1.2,1.0,bd7fb907e7e2cdd46c7952fd5fae2bdf556ea7bb275b39286e941894f575ed68,[],[],"[""greedy-global-023"", ""greedy-single-1""]",False,False,False,False,False,False,0
h10-c3:protocol_validation:text-news:00349,text-news,S5,node_down_edge_up,0.8,1.2,1.0,bd7fb907e7e2cdd46c7952fd5fae2bdf556ea7bb275b39286e941894f575ed68,"[[""fallback-known-4"", ""greedy-global-023"", ""greedy-single-1""], [""fallback-known-4"", ""greedy-global-023"", ""optimal-pair-01""]]","[""fallback-known-4"", ""greedy-global-023"", ""optimal-pair-01""]","[""fallback-known-4"", ""greedy-global-023"", ""greedy-single-1""]",True,True,True,False,False,False,0
h10-c3:protocol_validation:text-news:00350,text-news,S1,node_down_edge_up,0.8,1.2,1.0,23a2f2432248979df7ec3d38fd04cf52953feb94492856e11b21651960a1a6e7,"[[""direct-0""]]","[""direct-0""]","[""direct-0""]",True,True,True,True,True,False,0
h10-c3:protocol_validation:text-news:00351,text-news,S2,node_down_edge_up,0.8,1.2,1.0,75b1192affd971d791cacd2f07e33f4304add866ddacbf84015578105ab376c9,"[[""direct-0"", ""direct-1"", ""direct-2"", ""direct-3""]]","[""direct-0"", ""direct-1"", ""direct-2"", ""direct-3""]","[""direct-0"", ""direct-1"", ""direct-2"", ""direct-3""]",True,True,True,True,True,False,0
h10-c3:protocol_validation:text-news:00352,text-news,S2,node_down_edge_up,0.8,1.2,1.0,75b1192affd971d791cacd2f07e33f4304add866ddacbf84015578105ab376c9,"[[""direct-0"", ""direct-1"", ""direct-2"", ""direct-3""]]","[""direct-0"", ""direct-1"", ""direct-2"", ""direct-3""]","[""direct-0"", ""direct-1"", ""direct-2"", ""direct-3""]",True,True,True,True,True,False,0
h10-c3:protocol_validation:text-news:00353,text-news,S3,node_down_edge_up,0.8,1.2,1.0,c60cd577702f6b231f4cdee85fa6a739b34f7a9d5786b7addd1b915eb6575694,"[[""greedy-global-023"", ""greedy-single-1""], [""greedy-global-023"", ""optimal-pair-01""]]","[""greedy-global-023"", ""optimal-pair-01""]","[""greedy-global-023"", ""greedy-single-1""]",True,True,True,False,True,False,0
h10-c3:protocol_validation:text-news:00354,text-news,S3,node_down_edge_up,0.8,1.2,1.0,c60cd577702f6b231f4cdee85fa6a739b34f7a9d5786b7addd1b915eb6575694,"[[""greedy-global-023"", ""greedy-single-1""], [""greedy-global-023"", ""optimal-pair-01""]]","[""greedy-global-023"", ""optimal-pair-01""]","[""greedy-global-023"", ""greedy-single-1""]",True,True,True,False,False,False,0
h10-c3:protocol_validation:text-news:00355,text-news,S3,node_down_edge_up,0.8,1.2,1.0,c60cd577702f6b231f4cdee85fa6a739b34f7a9d5786b7addd1b915eb6575694,"[[""greedy-global-023"", ""greedy-single-1""], [""greedy-global-023"", ""optimal-pair-01""]]","[""greedy-global-023"", ""optimal-pair-01""]","[""greedy-global-023"", ""greedy-single-1""]",True,True,True,False,True,False,0
h10-c3:protocol_validation:text-news:00356,text-news,S4,node_down_edge_up,0.8,1.2,1.0,a901a69fd30869489571b8fa186f723cf2aead7e088dae5a80b39a02fccea052,"[[""alternative-global-a""]]","[""alternative-global-a""]","[""greedy-global-023"", ""greedy-single-1""]",True,False,True,False,True,False,0
h10-c3:protocol_validation:text-news:00357,text-news,S4,node_down_edge_up,0.8,1.2,1.0,a901a69fd30869489571b8fa186f723cf2aead7e088dae5a80b39a02fccea052,"[[""alternative-global-a""]]","[""alternative-global-a""]","[""greedy-global-023"", ""greedy-single-1""]",True,False,True,False,True,False,0
h10-c3:protocol_validation:text-news:00358,text-news,S5,node_down_edge_up,0.8,1.2,1.0,bd7fb907e7e2cdd46c7952fd5fae2bdf556ea7bb275b39286e941894f575ed68,"[[""fallback-known-4"", ""greedy-global-023"", ""greedy-single-1""], [""fallback-known-4"", ""greedy-global-023"", ""optimal-pair-01""]]","[""fallback-known-4"", ""greedy-global-023"", ""optimal-pair-01""]","[""fallback-known-4"", ""greedy-global-023"", ""greedy-single-1""]",True,True,True,False,False,False,0
h10-c3:protocol_validation:text-news:00359,text-news,S5,node_down_edge_up,0.8,1.2,1.0,bd7fb907e7e2cdd46c7952fd5fae2bdf556ea7bb275b39286e941894f575ed68,"[[""fallback-known-4"", ""greedy-global-023"", ""greedy-single-1""], [""fallback-known-4"", ""greedy-global-023"", ""optimal-pair-01""]]","[""fallback-known-4"", ""greedy-global-023"", ""optimal-pair-01""]","[""fallback-known-4"", ""greedy-global-023"", ""greedy-single-1""]",True,True,True,False,False,False,0
h10-c3:protocol_validation:text-reviews:00360,text-reviews,S4,node_down_edge_up,0.8,1.2,1.0,a901a69fd30869489571b8fa186f723cf2aead7e088dae5a80b39a02fccea052,"[[""alternative-global-a""]]","[""alternative-global-a""]","[""greedy-global-023"", ""greedy-single-1""]",True,False,True,False,True,False,0
h10-c3:protocol_validation:text-reviews:00361,text-reviews,S4,node_down_edge_up,0.8,1.2,1.0,a901a69fd30869489571b8fa186f723cf2aead7e088dae5a80b39a02fccea052,"[[""alternative-global-a""]]","[""alternative-global-a""]","[""greedy-global-023"", ""greedy-single-1""]",True,False,True,False,True,False,0
h10-c3:protocol_validation:text-reviews:00362,text-reviews,S5,node_down_edge_up,0.8,1.2,1.0,bd7fb907e7e2cdd46c7952fd5fae2bdf556ea7bb275b39286e941894f575ed68,[],[],"[""greedy-global-023"", ""greedy-single-1""]",False,False,False,False,False,False,0
h10-c3:protocol_validation:text-reviews:00363,text-reviews,S5,node_down_edge_up,0.8,1.2,1.0,bd7fb907e7e2cdd46c7952fd5fae2bdf556ea7bb275b39286e941894f575ed68,"[[""fallback-known-4"", ""greedy-global-023"", ""greedy-single-1""], [""fallback-known-4"", ""greedy-global-023"", ""optimal-pair-01""]]","[""fallback-known-4"", ""greedy-global-023"", ""optimal-pair-01""]","[""fallback-known-4"", ""greedy-global-023"", ""greedy-single-1""]",True,True,True,False,False,False,0
h10-c3:protocol_validation:text-reviews:00364,text-reviews,S1,node_down_edge_up,0.8,1.2,1.0,23a2f2432248979df7ec3d38fd04cf52953feb94492856e11b21651960a1a6e7,"[[""direct-0""]]","[""direct-0""]","[""direct-0""]",True,True,True,True,True,False,0
h10-c3:protocol_validation:text-reviews:00365,text-reviews,S2,node_down_edge_up,0.8,1.2,1.0,75b1192affd971d791cacd2f07e33f4304add866ddacbf84015578105ab376c9,"[[""direct-0"", ""direct-1"", ""direct-2"", ""direct-3""]]","[""direct-0"", ""direct-1"", ""direct-2"", ""direct-3""]","[""direct-0"", ""direct-1"", ""direct-2"", ""direct-3""]",True,True,True,True,True,False,0
h10-c3:protocol_validation:text-reviews:00366,text-reviews,S2,node_down_edge_up,0.8,1.2,1.0,75b1192affd971d791cacd2f07e33f4304add866ddacbf84015578105ab376c9,"[[""direct-0"", ""direct-1"", ""direct-2"", ""direct-3""]]","[""direct-0"", ""direct-1"", ""direct-2"", ""direct-3""]","[""direct-0"", ""direct-1"", ""direct-2"", ""direct-3""]",True,True,True,True,True,False,0
h10-c3:protocol_validation:text-reviews:00367,text-reviews,S3,node_down_edge_up,0.8,1.2,1.0,c60cd577702f6b231f4cdee85fa6a739b34f7a9d5786b7addd1b915eb6575694,"[[""greedy-global-023"", ""greedy-single-1""], [""greedy-global-023"", ""optimal-pair-01""]]","[""greedy-global-023"", ""optimal-pair-01""]","[""greedy-global-023"", ""greedy-single-1""]",True,True,True,False,True,False,0
h10-c3:protocol_validation:text-reviews:00368,text-reviews,S3,node_down_edge_up,0.8,1.2,1.0,c60cd577702f6b231f4cdee85fa6a739b34f7a9d5786b7addd1b915eb6575694,"[[""greedy-global-023"", ""greedy-single-1""], [""greedy-global-023"", ""optimal-pair-01""]]","[""greedy-global-023"", ""optimal-pair-01""]","[""greedy-global-023"", ""greedy-single-1""]",True,True,True,False,False,False,0
h10-c3:protocol_validation:text-reviews:00369,text-reviews,S3,node_down_edge_up,0.8,1.2,1.0,c60cd577702f6b231f4cdee85fa6a739b34f7a9d5786b7addd1b915eb6575694,"[[""greedy-global-023"", ""greedy-single-1""], [""greedy-global-023"", ""optimal-pair-01""]]","[""greedy-global-023"", ""optimal-pair-01""]","[""greedy-global-023"", ""greedy-single-1""]",True,True,True,False,True,False,0
h10-c3:protocol_validation:text-reviews:00370,text-reviews,S4,node_down_edge_up,0.8,1.2,1.0,a901a69fd30869489571b8fa186f723cf2aead7e088dae5a80b39a02fccea052,"[[""alternative-global-a""]]","[""alternative-global-a""]","[""greedy-global-023"", ""greedy-single-1""]",True,False,True,False,True,False,0
h10-c3:protocol_validation:text-reviews:00371,text-reviews,S4,node_down_edge_up,0.8,1.2,1.0,a901a69fd30869489571b8fa186f723cf2aead7e088dae5a80b39a02fccea052,"[[""alternative-global-a""]]","[""alternative-global-a""]","[""greedy-global-023"", ""greedy-single-1""]",True,False,True,False,True,False,0
h10-c3:protocol_validation:text-reviews:00372,text-reviews,S5,node_down_edge_up,0.8,1.2,1.0,bd7fb907e7e2cdd46c7952fd5fae2bdf556ea7bb275b39286e941894f575ed68,"[[""fallback-known-4"", ""greedy-global-023"", ""greedy-single-1""], [""fallback-known-4"", ""greedy-global-023"", ""optimal-pair-01""]]","[""fallback-known-4"", ""greedy-global-023"", ""optimal-pair-01""]","[""fallback-known-4"", ""greedy-global-023"", ""greedy-single-1""]",True,True,True,False,False,False,0
h10-c3:protocol_validation:text-reviews:00373,text-reviews,S5,node_down_edge_up,0.8,1.2,1.0,bd7fb907e7e2cdd46c7952fd5fae2bdf556ea7bb275b39286e941894f575ed68,"[[""fallback-known-4"", ""greedy-global-023"", ""greedy-single-1""], [""fallback-known-4"", ""greedy-global-023"", ""optimal-pair-01""]]","[""fallback-known-4"", ""greedy-global-023"", ""optimal-pair-01""]","[""fallback-known-4"", ""greedy-global-023"", ""greedy-single-1""]",True,True,True,False,False,False,0
h10-c3:protocol_validation:text-reviews:00374,text-reviews,S1,node_down_edge_up,0.8,1.2,1.0,23a2f2432248979df7ec3d38fd04cf52953feb94492856e11b21651960a1a6e7,"[[""direct-0""]]","[""direct-0""]","[""direct-0""]",True,True,True,True,True,False,0
h10-c3:protocol_validation:text-reviews:00375,text-reviews,S2,node_down_edge_up,0.8,1.2,1.0,75b1192affd971d791cacd2f07e33f4304add866ddacbf84015578105ab376c9,"[[""direct-0"", ""direct-1"", ""direct-2"", ""direct-3""]]","[""direct-0"", ""direct-1"", ""direct-2"", ""direct-3""]","[""direct-0"", ""direct-1"", ""direct-2"", ""direct-3""]",True,True,True,True,True,False,0
h10-c3:protocol_validation:text-reviews:00376,text-reviews,S2,node_down_edge_up,0.8,1.2,1.0,75b1192affd971d791cacd2f07e33f4304add866ddacbf84015578105ab376c9,"[[""direct-0"", ""direct-1"", ""direct-2"", ""direct-3""]]","[""direct-0"", ""direct-1"", ""direct-2"", ""direct-3""]","[""direct-0"", ""direct-1"", ""direct-2"", ""direct-3""]",True,True,True,True,True,False,0
h10-c3:protocol_validation:text-reviews:00377,text-reviews,S3,node_down_edge_up,0.8,1.2,1.0,c60cd577702f6b231f4cdee85fa6a739b34f7a9d5786b7addd1b915eb6575694,"[[""greedy-global-023"", ""greedy-single-1""], [""greedy-global-023"", ""optimal-pair-01""]]","[""greedy-global-023"", ""optimal-pair-01""]","[""greedy-global-023"", ""greedy-single-1""]",True,True,True,False,True,False,0
h10-c3:protocol_validation:text-reviews:00378,text-reviews,S3,node_down_edge_up,0.8,1.2,1.0,c60cd577702f6b231f4cdee85fa6a739b34f7a9d5786b7addd1b915eb6575694,"[[""greedy-global-023"", ""greedy-single-1""], [""greedy-global-023"", ""optimal-pair-01""]]","[""greedy-global-023"", ""optimal-pair-01""]","[""greedy-global-023"", ""greedy-single-1""]",True,True,True,False,False,False,0
h10-c3:protocol_validation:text-reviews:00379,text-reviews,S3,node_down_edge_up,0.8,1.2,1.0,c60cd577702f6b231f4cdee85fa6a739b34f7a9d5786b7addd1b915eb6575694,"[[""greedy-global-023"", ""greedy-single-1""], [""greedy-global-023"", ""optimal-pair-01""]]","[""greedy-global-023"", ""optimal-pair-01""]","[""greedy-global-023"", ""greedy-single-1""]",True,True,True,False,True,False,0
h10-c3:protocol_validation:text-reviews:00380,text-reviews,S4,node_down_edge_up,0.8,1.2,1.0,a901a69fd30869489571b8fa186f723cf2aead7e088dae5a80b39a02fccea052,"[[""alternative-global-a""]]","[""alternative-global-a""]","[""greedy-global-023"", ""greedy-single-1""]",True,False,True,False,True,False,0
h10-c3:protocol_validation:text-reviews:00381,text-reviews,S4,node_down_edge_up,0.8,1.2,1.0,a901a69fd30869489571b8fa186f723cf2aead7e088dae5a80b39a02fccea052,"[[""alternative-global-a""]]","[""alternative-global-a""]","[""greedy-global-023"", ""greedy-single-1""]",True,False,True,False,True,False,0
h10-c3:protocol_validation:text-reviews:00382,text-reviews,S5,node_down_edge_up,0.8,1.2,1.0,bd7fb907e7e2cdd46c7952fd5fae2bdf556ea7bb275b39286e941894f575ed68,"[[""fallback-known-4"", ""greedy-global-023"", ""greedy-single-1""], [""fallback-known-4"", ""greedy-global-023"", ""optimal-pair-01""]]","[""fallback-known-4"", ""greedy-global-023"", ""optimal-pair-01""]","[""fallback-known-4"", ""greedy-global-023"", ""greedy-single-1""]",True,True,True,False,False,False,0
h10-c3:protocol_validation:text-reviews:00383,text-reviews,S5,node_down_edge_up,0.8,1.2,1.0,bd7fb907e7e2cdd46c7952fd5fae2bdf556ea7bb275b39286e941894f575ed68,[],[],"[""greedy-global-023"", ""greedy-single-1""]",False,False,False,False,False,False,0
h10-c3:protocol_validation:text-reviews:00384,text-reviews,S1,node_down_edge_up,0.8,1.2,1.0,23a2f2432248979df7ec3d38fd04cf52953feb94492856e11b21651960a1a6e7,"[[""direct-0""]]","[""direct-0""]","[""direct-0""]",True,True,True,True,True,False,0
h10-c3:protocol_validation:text-reviews:00385,text-reviews,S2,node_down_edge_up,0.8,1.2,1.0,75b1192affd971d791cacd2f07e33f4304add866ddacbf84015578105ab376c9,"[[""direct-0"", ""direct-1"", ""direct-2"", ""direct-3""]]","[""direct-0"", ""direct-1"", ""direct-2"", ""direct-3""]","[""direct-0"", ""direct-1"", ""direct-2"", ""direct-3""]",True,True,True,True,True,False,0
h10-c3:protocol_validation:text-reviews:00386,text-reviews,S2,node_down_edge_up,0.8,1.2,1.0,75b1192affd971d791cacd2f07e33f4304add866ddacbf84015578105ab376c9,"[[""direct-0"", ""direct-1"", ""direct-2"", ""direct-3""]]","[""direct-0"", ""direct-1"", ""direct-2"", ""direct-3""]","[""direct-0"", ""direct-1"", ""direct-2"", ""direct-3""]",True,True,True,True,True,False,0
h10-c3:protocol_validation:text-reviews:00387,text-reviews,S3,node_down_edge_up,0.8,1.2,1.0,c60cd577702f6b231f4cdee85fa6a739b34f7a9d5786b7addd1b915eb6575694,"[[""greedy-global-023"", ""greedy-single-1""], [""greedy-global-023"", ""optimal-pair-01""]]","[""greedy-global-023"", ""optimal-pair-01""]","[""greedy-global-023"", ""greedy-single-1""]",True,True,True,False,True,False,0
h10-c3:protocol_validation:text-reviews:00388,text-reviews,S3,node_down_edge_up,0.8,1.2,1.0,c60cd577702f6b231f4cdee85fa6a739b34f7a9d5786b7addd1b915eb6575694,"[[""greedy-global-023"", ""greedy-single-1""], [""greedy-global-023"", ""optimal-pair-01""]]","[""greedy-global-023"", ""optimal-pair-01""]","[""greedy-global-023"", ""greedy-single-1""]",True,True,True,False,False,False,0
h10-c3:protocol_validation:text-reviews:00389,text-reviews,S3,node_down_edge_up,0.8,1.2,1.0,c60cd577702f6b231f4cdee85fa6a739b34f7a9d5786b7addd1b915eb6575694,"[[""greedy-global-023"", ""greedy-single-1""], [""greedy-global-023"", ""optimal-pair-01""]]","[""greedy-global-023"", ""optimal-pair-01""]","[""greedy-global-023"", ""greedy-single-1""]",True,True,True,False,True,False,0
h10-c3:protocol_validation:text-reviews:00390,text-reviews,S4,node_down_edge_up,0.8,1.2,1.0,a901a69fd30869489571b8fa186f723cf2aead7e088dae5a80b39a02fccea052,"[[""alternative-global-a""]]","[""alternative-global-a""]","[""greedy-global-023"", ""greedy-single-1""]",True,False,True,False,True,False,0
h10-c3:protocol_validation:text-reviews:00391,text-reviews,S4,node_down_edge_up,0.8,1.2,1.0,a901a69fd30869489571b8fa186f723cf2aead7e088dae5a80b39a02fccea052,"[[""alternative-global-a""]]","[""alternative-global-a""]","[""greedy-global-023"", ""greedy-single-1""]",True,False,True,False,True,False,0
h10-c3:protocol_validation:text-reviews:00392,text-reviews,S5,node_down_edge_up,0.8,1.2,1.0,bd7fb907e7e2cdd46c7952fd5fae2bdf556ea7bb275b39286e941894f575ed68,"[[""fallback-known-4"", ""greedy-global-023"", ""greedy-single-1""], [""fallback-known-4"", ""greedy-global-023"", ""optimal-pair-01""]]","[""fallback-known-4"", ""greedy-global-023"", ""optimal-pair-01""]","[""fallback-known-4"", ""greedy-global-023"", ""greedy-single-1""]",True,True,True,False,False,False,0
h10-c3:protocol_validation:text-reviews:00393,text-reviews,S5,node_down_edge_up,0.8,1.2,1.0,bd7fb907e7e2cdd46c7952fd5fae2bdf556ea7bb275b39286e941894f575ed68,"[[""fallback-known-4"", ""greedy-global-023"", ""greedy-single-1""], [""fallback-known-4"", ""greedy-global-023"", ""optimal-pair-01""]]","[""fallback-known-4"", ""greedy-global-023"", ""optimal-pair-01""]","[""fallback-known-4"", ""greedy-global-023"", ""greedy-single-1""]",True,True,True,False,False,False,0
h10-c3:protocol_validation:text-reviews:00394,text-reviews,S1,node_down_edge_up,0.8,1.2,1.0,23a2f2432248979df7ec3d38fd04cf52953feb94492856e11b21651960a1a6e7,"[[""direct-0""]]","[""direct-0""]","[""direct-0""]",True,True,True,True,True,False,0
h10-c3:protocol_validation:text-reviews:00395,text-reviews,S2,node_down_edge_up,0.8,1.2,1.0,75b1192affd971d791cacd2f07e33f4304add866ddacbf84015578105ab376c9,"[[""direct-0"", ""direct-1"", ""direct-2"", ""direct-3""]]","[""direct-0"", ""direct-1"", ""direct-2"", ""direct-3""]","[""direct-0"", ""direct-1"", ""direct-2"", ""direct-3""]",True,True,True,True,True,False,0
h10-c3:protocol_validation:text-reviews:00396,text-reviews,S2,node_down_edge_up,0.8,1.2,1.0,75b1192affd971d791cacd2f07e33f4304add866ddacbf84015578105ab376c9,"[[""direct-0"", ""direct-1"", ""direct-2"", ""direct-3""]]","[""direct-0"", ""direct-1"", ""direct-2"", ""direct-3""]","[""direct-0"", ""direct-1"", ""direct-2"", ""direct-3""]",True,True,True,True,True,False,0
h10-c3:protocol_validation:text-reviews:00397,text-reviews,S3,node_down_edge_up,0.8,1.2,1.0,c60cd577702f6b231f4cdee85fa6a739b34f7a9d5786b7addd1b915eb6575694,"[[""greedy-global-023"", ""greedy-single-1""], [""greedy-global-023"", ""optimal-pair-01""]]","[""greedy-global-023"", ""optimal-pair-01""]","[""greedy-global-023"", ""greedy-single-1""]",True,True,True,False,True,False,0
h10-c3:protocol_validation:text-reviews:00398,text-reviews,S3,node_down_edge_up,0.8,1.2,1.0,c60cd577702f6b231f4cdee85fa6a739b34f7a9d5786b7addd1b915eb6575694,"[[""greedy-global-023"", ""greedy-single-1""], [""greedy-global-023"", ""optimal-pair-01""]]","[""greedy-global-023"", ""optimal-pair-01""]","[""greedy-global-023"", ""greedy-single-1""]",True,True,True,False,False,False,0
h10-c3:protocol_validation:text-reviews:00399,text-reviews,S3,node_down_edge_up,0.8,1.2,1.0,c60cd577702f6b231f4cdee85fa6a739b34f7a9d5786b7addd1b915eb6575694,"[[""greedy-global-023"", ""greedy-single-1""], [""greedy-global-023"", ""optimal-pair-01""]]","[""greedy-global-023"", ""optimal-pair-01""]","[""greedy-global-023"", ""greedy-single-1""]",True,True,True,False,True,False,0
h10-c3:protocol_validation:text-reviews:00400,text-reviews,S4,node_down_edge_up,0.8,1.2,1.0,a901a69fd30869489571b8fa186f723cf2aead7e088dae5a80b39a02fccea052,"[[""alternative-global-a""]]","[""alternative-global-a""]","[""greedy-global-023"", ""greedy-single-1""]",True,False,True,False,True,False,0
h10-c3:protocol_validation:text-reviews:00401,text-reviews,S4,node_down_edge_up,0.8,1.2,1.0,a901a69fd30869489571b8fa186f723cf2aead7e088dae5a80b39a02fccea052,"[[""alternative-global-a""]]","[""alternative-global-a""]","[""greedy-global-023"", ""greedy-single-1""]",True,False,True,False,True,False,0
h10-c3:protocol_validation:text-reviews:00402,text-reviews,S5,node_down_edge_up,0.8,1.2,1.0,bd7fb907e7e2cdd46c7952fd5fae2bdf556ea7bb275b39286e941894f575ed68,"[[""fallback-known-4"", ""greedy-global-023"", ""greedy-single-1""], [""fallback-known-4"", ""greedy-global-023"", ""optimal-pair-01""]]","[""fallback-known-4"", ""greedy-global-023"", ""optimal-pair-01""]","[""fallback-known-4"", ""greedy-global-023"", ""greedy-single-1""]",True,True,True,False,False,False,0
h10-c3:protocol_validation:text-reviews:00403,text-reviews,S5,node_down_edge_up,0.8,1.2,1.0,bd7fb907e7e2cdd46c7952fd5fae2bdf556ea7bb275b39286e941894f575ed68,"[[""fallback-known-4"", ""greedy-global-023"", ""greedy-single-1""], [""fallback-known-4"", ""greedy-global-023"", ""optimal-pair-01""]]","[""fallback-known-4"", ""greedy-global-023"", ""optimal-pair-01""]","[""fallback-known-4"", ""greedy-global-023"", ""greedy-single-1""]",True,True,True,False,False,False,0
h10-c3:protocol_validation:text-reviews:00404,text-reviews,S1,node_down_edge_up,0.8,1.2,1.0,23a2f2432248979df7ec3d38fd04cf52953feb94492856e11b21651960a1a6e7,"[[""direct-0""]]","[""direct-0""]","[""direct-0""]",True,True,True,True,True,False,0
h10-c3:protocol_validation:text-reviews:00405,text-reviews,S2,node_down_edge_up,0.8,1.2,1.0,75b1192affd971d791cacd2f07e33f4304add866ddacbf84015578105ab376c9,"[[""direct-0"", ""direct-1"", ""direct-2"", ""direct-3""]]","[""direct-0"", ""direct-1"", ""direct-2"", ""direct-3""]","[""direct-0"", ""direct-1"", ""direct-2"", ""direct-3""]",True,True,True,True,True,False,0
h10-c3:protocol_validation:text-reviews:00406,text-reviews,S2,node_down_edge_up,0.8,1.2,1.0,75b1192affd971d791cacd2f07e33f4304add866ddacbf84015578105ab376c9,"[[""direct-0"", ""direct-1"", ""direct-2"", ""direct-3""]]","[""direct-0"", ""direct-1"", ""direct-2"", ""direct-3""]","[""direct-0"", ""direct-1"", ""direct-2"", ""direct-3""]",True,True,True,True,True,False,0
h10-c3:protocol_validation:text-reviews:00407,text-reviews,S3,node_down_edge_up,0.8,1.2,1.0,c60cd577702f6b231f4cdee85fa6a739b34f7a9d5786b7addd1b915eb6575694,"[[""greedy-global-023"", ""greedy-single-1""], [""greedy-global-023"", ""optimal-pair-01""]]","[""greedy-global-023"", ""optimal-pair-01""]","[""greedy-global-023"", ""greedy-single-1""]",True,True,True,False,True,False,0
h10-c3:protocol_validation:text-reviews:00408,text-reviews,S3,node_down_edge_up,0.8,1.2,1.0,c60cd577702f6b231f4cdee85fa6a739b34f7a9d5786b7addd1b915eb6575694,"[[""greedy-global-023"", ""greedy-single-1""], [""greedy-global-023"", ""optimal-pair-01""]]","[""greedy-global-023"", ""optimal-pair-01""]","[""greedy-global-023"", ""greedy-single-1""]",True,True,True,False,False,False,0
h10-c3:protocol_validation:text-reviews:00409,text-reviews,S3,node_down_edge_up,0.8,1.2,1.0,c60cd577702f6b231f4cdee85fa6a739b34f7a9d5786b7addd1b915eb6575694,"[[""greedy-global-023"", ""greedy-single-1""], [""greedy-global-023"", ""optimal-pair-01""]]","[""greedy-global-023"", ""optimal-pair-01""]","[""greedy-global-023"", ""greedy-single-1""]",True,True,True,False,True,False,0
h10-c3:protocol_validation:text-reviews:00410,text-reviews,S4,node_down_edge_up,0.8,1.2,1.0,a901a69fd30869489571b8fa186f723cf2aead7e088dae5a80b39a02fccea052,"[[""alternative-global-a""]]","[""alternative-global-a""]","[""greedy-global-023"", ""greedy-single-1""]",True,False,True,False,True,False,0
h10-c3:protocol_validation:text-reviews:00411,text-reviews,S4,node_down_edge_up,0.8,1.2,1.0,a901a69fd30869489571b8fa186f723cf2aead7e088dae5a80b39a02fccea052,"[[""alternative-global-a""]]","[""alternative-global-a""]","[""greedy-global-023"", ""greedy-single-1""]",True,False,True,False,True,False,0
h10-c3:protocol_validation:text-reviews:00412,text-reviews,S5,node_down_edge_up,0.8,1.2,1.0,bd7fb907e7e2cdd46c7952fd5fae2bdf556ea7bb275b39286e941894f575ed68,[],[],"[""greedy-global-023"", ""greedy-single-1""]",False,False,False,False,False,False,0
h10-c3:protocol_validation:text-reviews:00413,text-reviews,S5,node_down_edge_up,0.8,1.2,1.0,bd7fb907e7e2cdd46c7952fd5fae2bdf556ea7bb275b39286e941894f575ed68,"[[""fallback-known-4"", ""greedy-global-023"", ""greedy-single-1""], [""fallback-known-4"", ""greedy-global-023"", ""optimal-pair-01""]]","[""fallback-known-4"", ""greedy-global-023"", ""optimal-pair-01""]","[""fallback-known-4"", ""greedy-global-023"", ""greedy-single-1""]",True,True,True,False,False,False,0
h10-c3:protocol_validation:text-reviews:00414,text-reviews,S1,node_down_edge_up,0.8,1.2,1.0,23a2f2432248979df7ec3d38fd04cf52953feb94492856e11b21651960a1a6e7,"[[""direct-0""]]","[""direct-0""]","[""direct-0""]",True,True,True,True,True,False,0
h10-c3:protocol_validation:text-reviews:00415,text-reviews,S2,node_down_edge_up,0.8,1.2,1.0,75b1192affd971d791cacd2f07e33f4304add866ddacbf84015578105ab376c9,"[[""direct-0"", ""direct-1"", ""direct-2"", ""direct-3""]]","[""direct-0"", ""direct-1"", ""direct-2"", ""direct-3""]","[""direct-0"", ""direct-1"", ""direct-2"", ""direct-3""]",True,True,True,True,True,False,0
h10-c3:protocol_validation:text-reviews:00416,text-reviews,S2,node_down_edge_up,0.8,1.2,1.0,75b1192affd971d791cacd2f07e33f4304add866ddacbf84015578105ab376c9,"[[""direct-0"", ""direct-1"", ""direct-2"", ""direct-3""]]","[""direct-0"", ""direct-1"", ""direct-2"", ""direct-3""]","[""direct-0"", ""direct-1"", ""direct-2"", ""direct-3""]",True,True,True,True,True,False,0
h10-c3:protocol_validation:text-reviews:00417,text-reviews,S3,node_down_edge_up,0.8,1.2,1.0,c60cd577702f6b231f4cdee85fa6a739b34f7a9d5786b7addd1b915eb6575694,"[[""greedy-global-023"", ""greedy-single-1""], [""greedy-global-023"", ""optimal-pair-01""]]","[""greedy-global-023"", ""optimal-pair-01""]","[""greedy-global-023"", ""greedy-single-1""]",True,True,True,False,True,False,0
h10-c3:protocol_validation:text-reviews:00418,text-reviews,S3,node_down_edge_up,0.8,1.2,1.0,c60cd577702f6b231f4cdee85fa6a739b34f7a9d5786b7addd1b915eb6575694,"[[""greedy-global-023"", ""greedy-single-1""], [""greedy-global-023"", ""optimal-pair-01""]]","[""greedy-global-023"", ""optimal-pair-01""]","[""greedy-global-023"", ""greedy-single-1""]",True,True,True,False,False,False,0
h10-c3:protocol_validation:text-reviews:00419,text-reviews,S3,node_down_edge_up,0.8,1.2,1.0,c60cd577702f6b231f4cdee85fa6a739b34f7a9d5786b7addd1b915eb6575694,"[[""greedy-global-023"", ""greedy-single-1""], [""greedy-global-023"", ""optimal-pair-01""]]","[""greedy-global-023"", ""optimal-pair-01""]","[""greedy-global-023"", ""greedy-single-1""]",True,True,True,False,True,False,0
h10-c3:protocol_validation:text-reviews:00420,text-reviews,S4,node_down_edge_up,0.8,1.2,1.0,a901a69fd30869489571b8fa186f723cf2aead7e088dae5a80b39a02fccea052,"[[""alternative-global-a""]]","[""alternative-global-a""]","[""greedy-global-023"", ""greedy-single-1""]",True,False,True,False,True,False,0
h10-c3:protocol_validation:text-reviews:00421,text-reviews,S4,node_down_edge_up,0.8,1.2,1.0,a901a69fd30869489571b8fa186f723cf2aead7e088dae5a80b39a02fccea052,"[[""alternative-global-a""]]","[""alternative-global-a""]","[""greedy-global-023"", ""greedy-single-1""]",True,False,True,False,True,False,0
h10-c3:protocol_validation:text-reviews:00422,text-reviews,S5,node_down_edge_up,0.8,1.2,1.0,bd7fb907e7e2cdd46c7952fd5fae2bdf556ea7bb275b39286e941894f575ed68,"[[""fallback-known-4"", ""greedy-global-023"", ""greedy-single-1""], [""fallback-known-4"", ""greedy-global-023"", ""optimal-pair-01""]]","[""fallback-known-4"", ""greedy-global-023"", ""optimal-pair-01""]","[""fallback-known-4"", ""greedy-global-023"", ""greedy-single-1""]",True,True,True,False,False,False,0
h10-c3:protocol_validation:text-reviews:00423,text-reviews,S5,node_down_edge_up,0.8,1.2,1.0,bd7fb907e7e2cdd46c7952fd5fae2bdf556ea7bb275b39286e941894f575ed68,"[[""fallback-known-4"", ""greedy-global-023"", ""greedy-single-1""], [""fallback-known-4"", ""greedy-global-023"", ""optimal-pair-01""]]","[""fallback-known-4"", ""greedy-global-023"", ""optimal-pair-01""]","[""fallback-known-4"", ""greedy-global-023"", ""greedy-single-1""]",True,True,True,False,False,False,0
h10-c3:protocol_validation:text-reviews:00424,text-reviews,S1,node_down_edge_up,0.8,1.2,1.0,23a2f2432248979df7ec3d38fd04cf52953feb94492856e11b21651960a1a6e7,"[[""direct-0""]]","[""direct-0""]","[""direct-0""]",True,True,True,True,True,False,0
h10-c3:protocol_validation:text-reviews:00425,text-reviews,S2,node_down_edge_up,0.8,1.2,1.0,75b1192affd971d791cacd2f07e33f4304add866ddacbf84015578105ab376c9,"[[""direct-0"", ""direct-1"", ""direct-2"", ""direct-3""]]","[""direct-0"", ""direct-1"", ""direct-2"", ""direct-3""]","[""direct-0"", ""direct-1"", ""direct-2"", ""direct-3""]",True,True,True,True,True,False,0
h10-c3:protocol_validation:text-reviews:00426,text-reviews,S2,node_down_edge_up,0.8,1.2,1.0,75b1192affd971d791cacd2f07e33f4304add866ddacbf84015578105ab376c9,"[[""direct-0"", ""direct-1"", ""direct-2"", ""direct-3""]]","[""direct-0"", ""direct-1"", ""direct-2"", ""direct-3""]","[""direct-0"", ""direct-1"", ""direct-2"", ""direct-3""]",True,True,True,True,True,False,0
h10-c3:protocol_validation:text-reviews:00427,text-reviews,S3,node_down_edge_up,0.8,1.2,1.0,c60cd577702f6b231f4cdee85fa6a739b34f7a9d5786b7addd1b915eb6575694,"[[""greedy-global-023"", ""greedy-single-1""], [""greedy-global-023"", ""optimal-pair-01""]]","[""greedy-global-023"", ""optimal-pair-01""]","[""greedy-global-023"", ""greedy-single-1""]",True,True,True,False,True,False,0
h10-c3:protocol_validation:text-reviews:00428,text-reviews,S3,node_down_edge_up,0.8,1.2,1.0,c60cd577702f6b231f4cdee85fa6a739b34f7a9d5786b7addd1b915eb6575694,"[[""greedy-global-023"", ""greedy-single-1""], [""greedy-global-023"", ""optimal-pair-01""]]","[""greedy-global-023"", ""optimal-pair-01""]","[""greedy-global-023"", ""greedy-single-1""]",True,True,True,False,False,False,0
h10-c3:protocol_validation:text-reviews:00429,text-reviews,S3,node_down_edge_up,0.8,1.2,1.0,c60cd577702f6b231f4cdee85fa6a739b34f7a9d5786b7addd1b915eb6575694,"[[""greedy-global-023"", ""greedy-single-1""], [""greedy-global-023"", ""optimal-pair-01""]]","[""greedy-global-023"", ""optimal-pair-01""]","[""greedy-global-023"", ""greedy-single-1""]",True,True,True,False,True,False,0
h10-c3:protocol_validation:text-reviews:00430,text-reviews,S4,node_down_edge_up,0.8,1.2,1.0,a901a69fd30869489571b8fa186f723cf2aead7e088dae5a80b39a02fccea052,"[[""alternative-global-a""]]","[""alternative-global-a""]","[""greedy-global-023"", ""greedy-single-1""]",True,False,True,False,True,False,0
h10-c3:protocol_validation:text-reviews:00431,text-reviews,S4,node_down_edge_up,0.8,1.2,1.0,a901a69fd30869489571b8fa186f723cf2aead7e088dae5a80b39a02fccea052,"[[""alternative-global-a""]]","[""alternative-global-a""]","[""greedy-global-023"", ""greedy-single-1""]",True,False,True,False,True,False,0
h10-c3:protocol_validation:text-reviews:00432,text-reviews,S5,node_down_edge_up,0.8,1.2,1.0,bd7fb907e7e2cdd46c7952fd5fae2bdf556ea7bb275b39286e941894f575ed68,"[[""fallback-known-4"", ""greedy-global-023"", ""greedy-single-1""], [""fallback-known-4"", ""greedy-global-023"", ""optimal-pair-01""]]","[""fallback-known-4"", ""greedy-global-023"", ""optimal-pair-01""]","[""fallback-known-4"", ""greedy-global-023"", ""greedy-single-1""]",True,True,True,False,False,False,0
h10-c3:protocol_validation:text-reviews:00433,text-reviews,S5,node_down_edge_up,0.8,1.2,1.0,bd7fb907e7e2cdd46c7952fd5fae2bdf556ea7bb275b39286e941894f575ed68,[],[],"[""greedy-global-023"", ""greedy-single-1""]",False,False,False,False,False,False,0
h10-c3:protocol_validation:text-reviews:00434,text-reviews,S1,node_down_edge_up,0.8,1.2,1.0,23a2f2432248979df7ec3d38fd04cf52953feb94492856e11b21651960a1a6e7,"[[""direct-0""]]","[""direct-0""]","[""direct-0""]",True,True,True,True,True,False,0
h10-c3:protocol_validation:text-reviews:00435,text-reviews,S2,node_down_edge_up,0.8,1.2,1.0,75b1192affd971d791cacd2f07e33f4304add866ddacbf84015578105ab376c9,"[[""direct-0"", ""direct-1"", ""direct-2"", ""direct-3""]]","[""direct-0"", ""direct-1"", ""direct-2"", ""direct-3""]","[""direct-0"", ""direct-1"", ""direct-2"", ""direct-3""]",True,True,True,True,True,False,0
h10-c3:protocol_validation:text-reviews:00436,text-reviews,S2,node_down_edge_up,0.8,1.2,1.0,75b1192affd971d791cacd2f07e33f4304add866ddacbf84015578105ab376c9,"[[""direct-0"", ""direct-1"", ""direct-2"", ""direct-3""]]","[""direct-0"", ""direct-1"", ""direct-2"", ""direct-3""]","[""direct-0"", ""direct-1"", ""direct-2"", ""direct-3""]",True,True,True,True,True,False,0
h10-c3:protocol_validation:text-reviews:00437,text-reviews,S3,node_down_edge_up,0.8,1.2,1.0,c60cd577702f6b231f4cdee85fa6a739b34f7a9d5786b7addd1b915eb6575694,"[[""greedy-global-023"", ""greedy-single-1""], [""greedy-global-023"", ""optimal-pair-01""]]","[""greedy-global-023"", ""optimal-pair-01""]","[""greedy-global-023"", ""greedy-single-1""]",True,True,True,False,True,False,0
h10-c3:protocol_validation:text-reviews:00438,text-reviews,S3,node_down_edge_up,0.8,1.2,1.0,c60cd577702f6b231f4cdee85fa6a739b34f7a9d5786b7addd1b915eb6575694,"[[""greedy-global-023"", ""greedy-single-1""], [""greedy-global-023"", ""optimal-pair-01""]]","[""greedy-global-023"", ""optimal-pair-01""]","[""greedy-global-023"", ""greedy-single-1""]",True,True,True,False,False,False,0
h10-c3:protocol_validation:text-reviews:00439,text-reviews,S3,node_down_edge_up,0.8,1.2,1.0,c60cd577702f6b231f4cdee85fa6a739b34f7a9d5786b7addd1b915eb6575694,"[[""greedy-global-023"", ""greedy-single-1""], [""greedy-global-023"", ""optimal-pair-01""]]","[""greedy-global-023"", ""optimal-pair-01""]","[""greedy-global-023"", ""greedy-single-1""]",True,True,True,False,True,False,0
h10-c3:protocol_validation:text-reviews:00440,text-reviews,S4,node_down_edge_up,0.8,1.2,1.0,a901a69fd30869489571b8fa186f723cf2aead7e088dae5a80b39a02fccea052,"[[""alternative-global-a""]]","[""alternative-global-a""]","[""greedy-global-023"", ""greedy-single-1""]",True,False,True,False,True,False,0
h10-c3:protocol_validation:text-reviews:00441,text-reviews,S4,node_down_edge_up,0.8,1.2,1.0,a901a69fd30869489571b8fa186f723cf2aead7e088dae5a80b39a02fccea052,"[[""alternative-global-a""]]","[""alternative-global-a""]","[""greedy-global-023"", ""greedy-single-1""]",True,False,True,False,True,False,0
h10-c3:protocol_validation:text-reviews:00442,text-reviews,S5,node_down_edge_up,0.8,1.2,1.0,bd7fb907e7e2cdd46c7952fd5fae2bdf556ea7bb275b39286e941894f575ed68,"[[""fallback-known-4"", ""greedy-global-023"", ""greedy-single-1""], [""fallback-known-4"", ""greedy-global-023"", ""optimal-pair-01""]]","[""fallback-known-4"", ""greedy-global-023"", ""optimal-pair-01""]","[""fallback-known-4"", ""greedy-global-023"", ""greedy-single-1""]",True,True,True,False,False,False,0
h10-c3:protocol_validation:text-reviews:00443,text-reviews,S5,node_down_edge_up,0.8,1.2,1.0,bd7fb907e7e2cdd46c7952fd5fae2bdf556ea7bb275b39286e941894f575ed68,"[[""fallback-known-4"", ""greedy-global-023"", ""greedy-single-1""], [""fallback-known-4"", ""greedy-global-023"", ""optimal-pair-01""]]","[""fallback-known-4"", ""greedy-global-023"", ""optimal-pair-01""]","[""fallback-known-4"", ""greedy-global-023"", ""greedy-single-1""]",True,True,True,False,False,False,0
h10-c3:protocol_validation:text-reviews:00444,text-reviews,S1,node_down_edge_up,0.8,1.2,1.0,23a2f2432248979df7ec3d38fd04cf52953feb94492856e11b21651960a1a6e7,"[[""direct-0""]]","[""direct-0""]","[""direct-0""]",True,True,True,True,True,False,0
h10-c3:protocol_validation:text-reviews:00445,text-reviews,S2,node_down_edge_up,0.8,1.2,1.0,75b1192affd971d791cacd2f07e33f4304add866ddacbf84015578105ab376c9,"[[""direct-0"", ""direct-1"", ""direct-2"", ""direct-3""]]","[""direct-0"", ""direct-1"", ""direct-2"", ""direct-3""]","[""direct-0"", ""direct-1"", ""direct-2"", ""direct-3""]",True,True,True,True,True,False,0
h10-c3:protocol_validation:text-reviews:00446,text-reviews,S2,node_down_edge_up,0.8,1.2,1.0,75b1192affd971d791cacd2f07e33f4304add866ddacbf84015578105ab376c9,"[[""direct-0"", ""direct-1"", ""direct-2"", ""direct-3""]]","[""direct-0"", ""direct-1"", ""direct-2"", ""direct-3""]","[""direct-0"", ""direct-1"", ""direct-2"", ""direct-3""]",True,True,True,True,True,False,0
h10-c3:protocol_validation:text-reviews:00447,text-reviews,S3,node_down_edge_up,0.8,1.2,1.0,c60cd577702f6b231f4cdee85fa6a739b34f7a9d5786b7addd1b915eb6575694,"[[""greedy-global-023"", ""greedy-single-1""], [""greedy-global-023"", ""optimal-pair-01""]]","[""greedy-global-023"", ""optimal-pair-01""]","[""greedy-global-023"", ""greedy-single-1""]",True,True,True,False,True,False,0
h10-c3:protocol_validation:text-reviews:00448,text-reviews,S3,node_down_edge_up,0.8,1.2,1.0,c60cd577702f6b231f4cdee85fa6a739b34f7a9d5786b7addd1b915eb6575694,"[[""greedy-global-023"", ""greedy-single-1""], [""greedy-global-023"", ""optimal-pair-01""]]","[""greedy-global-023"", ""optimal-pair-01""]","[""greedy-global-023"", ""greedy-single-1""]",True,True,True,False,False,False,0
h10-c3:protocol_validation:text-reviews:00449,text-reviews,S3,node_down_edge_up,0.8,1.2,1.0,c60cd577702f6b231f4cdee85fa6a739b34f7a9d5786b7addd1b915eb6575694,"[[""greedy-global-023"", ""greedy-single-1""], [""greedy-global-023"", ""optimal-pair-01""]]","[""greedy-global-023"", ""optimal-pair-01""]","[""greedy-global-023"", ""greedy-single-1""]",True,True,True,False,True,False,0
h10-c3:protocol_validation:text-reviews:00450,text-reviews,S4,node_down_edge_up,0.8,1.2,1.0,a901a69fd30869489571b8fa186f723cf2aead7e088dae5a80b39a02fccea052,"[[""alternative-global-a""]]","[""alternative-global-a""]","[""greedy-global-023"", ""greedy-single-1""]",True,False,True,False,True,False,0
h10-c3:protocol_validation:text-reviews:00451,text-reviews,S4,node_down_edge_up,0.8,1.2,1.0,a901a69fd30869489571b8fa186f723cf2aead7e088dae5a80b39a02fccea052,"[[""alternative-global-a""]]","[""alternative-global-a""]","[""greedy-global-023"", ""greedy-single-1""]",True,False,True,False,True,False,0
h10-c3:protocol_validation:text-reviews:00452,text-reviews,S5,node_down_edge_up,0.8,1.2,1.0,bd7fb907e7e2cdd46c7952fd5fae2bdf556ea7bb275b39286e941894f575ed68,"[[""fallback-known-4"", ""greedy-global-023"", ""greedy-single-1""], [""fallback-known-4"", ""greedy-global-023"", ""optimal-pair-01""]]","[""fallback-known-4"", ""greedy-global-023"", ""optimal-pair-01""]","[""fallback-known-4"", ""greedy-global-023"", ""greedy-single-1""]",True,True,True,False,False,False,0
h10-c3:protocol_validation:text-reviews:00453,text-reviews,S5,node_down_edge_up,0.8,1.2,1.0,bd7fb907e7e2cdd46c7952fd5fae2bdf556ea7bb275b39286e941894f575ed68,"[[""fallback-known-4"", ""greedy-global-023"", ""greedy-single-1""], [""fallback-known-4"", ""greedy-global-023"", ""optimal-pair-01""]]","[""fallback-known-4"", ""greedy-global-023"", ""optimal-pair-01""]","[""fallback-known-4"", ""greedy-global-023"", ""greedy-single-1""]",True,True,True,False,False,False,0
h10-c3:protocol_validation:text-reviews:00454,text-reviews,S1,node_down_edge_up,0.8,1.2,1.0,23a2f2432248979df7ec3d38fd04cf52953feb94492856e11b21651960a1a6e7,"[[""direct-0""]]","[""direct-0""]","[""direct-0""]",True,True,True,True,True,False,0
h10-c3:protocol_validation:text-reviews:00455,text-reviews,S2,node_down_edge_up,0.8,1.2,1.0,75b1192affd971d791cacd2f07e33f4304add866ddacbf84015578105ab376c9,"[[""direct-0"", ""direct-1"", ""direct-2"", ""direct-3""]]","[""direct-0"", ""direct-1"", ""direct-2"", ""direct-3""]","[""direct-0"", ""direct-1"", ""direct-2"", ""direct-3""]",True,True,True,True,True,False,0
h10-c3:protocol_validation:text-reviews:00456,text-reviews,S2,node_down_edge_up,0.8,1.2,1.0,75b1192affd971d791cacd2f07e33f4304add866ddacbf84015578105ab376c9,"[[""direct-0"", ""direct-1"", ""direct-2"", ""direct-3""]]","[""direct-0"", ""direct-1"", ""direct-2"", ""direct-3""]","[""direct-0"", ""direct-1"", ""direct-2"", ""direct-3""]",True,True,True,True,True,False,0
h10-c3:protocol_validation:text-reviews:00457,text-reviews,S3,node_down_edge_up,0.8,1.2,1.0,c60cd577702f6b231f4cdee85fa6a739b34f7a9d5786b7addd1b915eb6575694,"[[""greedy-global-023"", ""greedy-single-1""], [""greedy-global-023"", ""optimal-pair-01""]]","[""greedy-global-023"", ""optimal-pair-01""]","[""greedy-global-023"", ""greedy-single-1""]",True,True,True,False,True,False,0
h10-c3:protocol_validation:text-reviews:00458,text-reviews,S3,node_down_edge_up,0.8,1.2,1.0,c60cd577702f6b231f4cdee85fa6a739b34f7a9d5786b7addd1b915eb6575694,"[[""greedy-global-023"", ""greedy-single-1""], [""greedy-global-023"", ""optimal-pair-01""]]","[""greedy-global-023"", ""optimal-pair-01""]","[""greedy-global-023"", ""greedy-single-1""]",True,True,True,False,False,False,0
h10-c3:protocol_validation:text-reviews:00459,text-reviews,S3,node_down_edge_up,0.8,1.2,1.0,c60cd577702f6b231f4cdee85fa6a739b34f7a9d5786b7addd1b915eb6575694,"[[""greedy-global-023"", ""greedy-single-1""], [""greedy-global-023"", ""optimal-pair-01""]]","[""greedy-global-023"", ""optimal-pair-01""]","[""greedy-global-023"", ""greedy-single-1""]",True,True,True,False,True,False,0
h10-c3:protocol_validation:text-reviews:00460,text-reviews,S4,node_down_edge_up,0.8,1.2,1.0,a901a69fd30869489571b8fa186f723cf2aead7e088dae5a80b39a02fccea052,"[[""alternative-global-a""]]","[""alternative-global-a""]","[""greedy-global-023"", ""greedy-single-1""]",True,False,True,False,True,False,0
h10-c3:protocol_validation:text-reviews:00461,text-reviews,S4,node_down_edge_up,0.8,1.2,1.0,a901a69fd30869489571b8fa186f723cf2aead7e088dae5a80b39a02fccea052,"[[""alternative-global-a""]]","[""alternative-global-a""]","[""greedy-global-023"", ""greedy-single-1""]",True,False,True,False,True,False,0
h10-c3:protocol_validation:text-reviews:00462,text-reviews,S5,node_down_edge_up,0.8,1.2,1.0,bd7fb907e7e2cdd46c7952fd5fae2bdf556ea7bb275b39286e941894f575ed68,[],[],"[""greedy-global-023"", ""greedy-single-1""]",False,False,False,False,False,False,0
h10-c3:protocol_validation:text-reviews:00463,text-reviews,S5,node_down_edge_up,0.8,1.2,1.0,bd7fb907e7e2cdd46c7952fd5fae2bdf556ea7bb275b39286e941894f575ed68,"[[""fallback-known-4"", ""greedy-global-023"", ""greedy-single-1""], [""fallback-known-4"", ""greedy-global-023"", ""optimal-pair-01""]]","[""fallback-known-4"", ""greedy-global-023"", ""optimal-pair-01""]","[""fallback-known-4"", ""greedy-global-023"", ""greedy-single-1""]",True,True,True,False,False,False,0
h10-c3:protocol_validation:text-reviews:00464,text-reviews,S1,node_down_edge_up,0.8,1.2,1.0,23a2f2432248979df7ec3d38fd04cf52953feb94492856e11b21651960a1a6e7,"[[""direct-0""]]","[""direct-0""]","[""direct-0""]",True,True,True,True,True,False,0
h10-c3:protocol_validation:text-reviews:00465,text-reviews,S2,node_down_edge_up,0.8,1.2,1.0,75b1192affd971d791cacd2f07e33f4304add866ddacbf84015578105ab376c9,"[[""direct-0"", ""direct-1"", ""direct-2"", ""direct-3""]]","[""direct-0"", ""direct-1"", ""direct-2"", ""direct-3""]","[""direct-0"", ""direct-1"", ""direct-2"", ""direct-3""]",True,True,True,True,True,False,0
h10-c3:protocol_validation:text-reviews:00466,text-reviews,S2,node_down_edge_up,0.8,1.2,1.0,75b1192affd971d791cacd2f07e33f4304add866ddacbf84015578105ab376c9,"[[""direct-0"", ""direct-1"", ""direct-2"", ""direct-3""]]","[""direct-0"", ""direct-1"", ""direct-2"", ""direct-3""]","[""direct-0"", ""direct-1"", ""direct-2"", ""direct-3""]",True,True,True,True,True,False,0
h10-c3:protocol_validation:text-reviews:00467,text-reviews,S3,node_down_edge_up,0.8,1.2,1.0,c60cd577702f6b231f4cdee85fa6a739b34f7a9d5786b7addd1b915eb6575694,"[[""greedy-global-023"", ""greedy-single-1""], [""greedy-global-023"", ""optimal-pair-01""]]","[""greedy-global-023"", ""optimal-pair-01""]","[""greedy-global-023"", ""greedy-single-1""]",True,True,True,False,True,False,0
h10-c3:protocol_validation:text-reviews:00468,text-reviews,S3,node_down_edge_up,0.8,1.2,1.0,c60cd577702f6b231f4cdee85fa6a739b34f7a9d5786b7addd1b915eb6575694,"[[""greedy-global-023"", ""greedy-single-1""], [""greedy-global-023"", ""optimal-pair-01""]]","[""greedy-global-023"", ""optimal-pair-01""]","[""greedy-global-023"", ""greedy-single-1""]",True,True,True,False,False,False,0
h10-c3:protocol_validation:text-reviews:00469,text-reviews,S3,node_down_edge_up,0.8,1.2,1.0,c60cd577702f6b231f4cdee85fa6a739b34f7a9d5786b7addd1b915eb6575694,"[[""greedy-global-023"", ""greedy-single-1""], [""greedy-global-023"", ""optimal-pair-01""]]","[""greedy-global-023"", ""optimal-pair-01""]","[""greedy-global-023"", ""greedy-single-1""]",True,True,True,False,True,False,0
h10-c3:protocol_validation:text-reviews:00470,text-reviews,S4,node_down_edge_up,0.8,1.2,1.0,a901a69fd30869489571b8fa186f723cf2aead7e088dae5a80b39a02fccea052,"[[""alternative-global-a""]]","[""alternative-global-a""]","[""greedy-global-023"", ""greedy-single-1""]",True,False,True,False,True,False,0
h10-c3:protocol_validation:text-reviews:00471,text-reviews,S4,node_down_edge_up,0.8,1.2,1.0,a901a69fd30869489571b8fa186f723cf2aead7e088dae5a80b39a02fccea052,"[[""alternative-global-a""]]","[""alternative-global-a""]","[""greedy-global-023"", ""greedy-single-1""]",True,False,True,False,True,False,0
h10-c3:protocol_validation:text-reviews:00472,text-reviews,S5,node_down_edge_up,0.8,1.2,1.0,bd7fb907e7e2cdd46c7952fd5fae2bdf556ea7bb275b39286e941894f575ed68,"[[""fallback-known-4"", ""greedy-global-023"", ""greedy-single-1""], [""fallback-known-4"", ""greedy-global-023"", ""optimal-pair-01""]]","[""fallback-known-4"", ""greedy-global-023"", ""optimal-pair-01""]","[""fallback-known-4"", ""greedy-global-023"", ""greedy-single-1""]",True,True,True,False,False,False,0
h10-c3:protocol_validation:text-reviews:00473,text-reviews,S5,node_down_edge_up,0.8,1.2,1.0,bd7fb907e7e2cdd46c7952fd5fae2bdf556ea7bb275b39286e941894f575ed68,"[[""fallback-known-4"", ""greedy-global-023"", ""greedy-single-1""], [""fallback-known-4"", ""greedy-global-023"", ""optimal-pair-01""]]","[""fallback-known-4"", ""greedy-global-023"", ""optimal-pair-01""]","[""fallback-known-4"", ""greedy-global-023"", ""greedy-single-1""]",True,True,True,False,False,False,0
h10-c3:protocol_validation:text-reviews:00474,text-reviews,S1,node_down_edge_up,0.8,1.2,1.0,23a2f2432248979df7ec3d38fd04cf52953feb94492856e11b21651960a1a6e7,"[[""direct-0""]]","[""direct-0""]","[""direct-0""]",True,True,True,True,True,False,0
h10-c3:protocol_validation:text-reviews:00475,text-reviews,S2,node_down_edge_up,0.8,1.2,1.0,75b1192affd971d791cacd2f07e33f4304add866ddacbf84015578105ab376c9,"[[""direct-0"", ""direct-1"", ""direct-2"", ""direct-3""]]","[""direct-0"", ""direct-1"", ""direct-2"", ""direct-3""]","[""direct-0"", ""direct-1"", ""direct-2"", ""direct-3""]",True,True,True,True,True,False,0
h10-c3:protocol_validation:text-reviews:00476,text-reviews,S2,node_down_edge_up,0.8,1.2,1.0,75b1192affd971d791cacd2f07e33f4304add866ddacbf84015578105ab376c9,"[[""direct-0"", ""direct-1"", ""direct-2"", ""direct-3""]]","[""direct-0"", ""direct-1"", ""direct-2"", ""direct-3""]","[""direct-0"", ""direct-1"", ""direct-2"", ""direct-3""]",True,True,True,True,True,False,0
h10-c3:protocol_validation:text-reviews:00477,text-reviews,S3,node_down_edge_up,0.8,1.2,1.0,c60cd577702f6b231f4cdee85fa6a739b34f7a9d5786b7addd1b915eb6575694,"[[""greedy-global-023"", ""greedy-single-1""], [""greedy-global-023"", ""optimal-pair-01""]]","[""greedy-global-023"", ""optimal-pair-01""]","[""greedy-global-023"", ""greedy-single-1""]",True,True,True,False,True,False,0
h10-c3:protocol_validation:text-reviews:00478,text-reviews,S3,node_down_edge_up,0.8,1.2,1.0,c60cd577702f6b231f4cdee85fa6a739b34f7a9d5786b7addd1b915eb6575694,"[[""greedy-global-023"", ""greedy-single-1""], [""greedy-global-023"", ""optimal-pair-01""]]","[""greedy-global-023"", ""optimal-pair-01""]","[""greedy-global-023"", ""greedy-single-1""]",True,True,True,False,False,False,0
h10-c3:protocol_validation:text-reviews:00479,text-reviews,S3,node_down_edge_up,0.8,1.2,1.0,c60cd577702f6b231f4cdee85fa6a739b34f7a9d5786b7addd1b915eb6575694,"[[""greedy-global-023"", ""greedy-single-1""], [""greedy-global-023"", ""optimal-pair-01""]]","[""greedy-global-023"", ""optimal-pair-01""]","[""greedy-global-023"", ""greedy-single-1""]",True,True,True,False,True,False,0
h10-c3:protocol_validation:image-quality:00480,image-quality,S4,node_down_edge_up,0.8,1.2,1.0,a901a69fd30869489571b8fa186f723cf2aead7e088dae5a80b39a02fccea052,"[[""alternative-global-a""]]","[""alternative-global-a""]","[""greedy-global-023"", ""greedy-single-1""]",True,False,True,False,True,False,0
h10-c3:protocol_validation:image-quality:00481,image-quality,S5,node_down_edge_up,0.8,1.2,1.0,bd7fb907e7e2cdd46c7952fd5fae2bdf556ea7bb275b39286e941894f575ed68,[],[],"[""greedy-global-023"", ""greedy-single-1""]",False,False,False,False,False,False,0
h10-c3:protocol_validation:image-quality:00482,image-quality,S5,node_down_edge_up,0.8,1.2,1.0,bd7fb907e7e2cdd46c7952fd5fae2bdf556ea7bb275b39286e941894f575ed68,"[[""fallback-known-4"", ""greedy-global-023"", ""greedy-single-1""], [""fallback-known-4"", ""greedy-global-023"", ""optimal-pair-01""]]","[""fallback-known-4"", ""greedy-global-023"", ""optimal-pair-01""]","[""fallback-known-4"", ""greedy-global-023"", ""greedy-single-1""]",True,True,True,False,False,False,0
h10-c3:protocol_validation:image-quality:00483,image-quality,S1,node_down_edge_up,0.8,1.2,1.0,23a2f2432248979df7ec3d38fd04cf52953feb94492856e11b21651960a1a6e7,"[[""direct-0""]]","[""direct-0""]","[""direct-0""]",True,True,True,True,True,False,0
h10-c3:protocol_validation:image-quality:00484,image-quality,S2,node_down_edge_up,0.8,1.2,1.0,75b1192affd971d791cacd2f07e33f4304add866ddacbf84015578105ab376c9,"[[""direct-0"", ""direct-1"", ""direct-2"", ""direct-3""]]","[""direct-0"", ""direct-1"", ""direct-2"", ""direct-3""]","[""direct-0"", ""direct-1"", ""direct-2"", ""direct-3""]",True,True,True,True,True,False,0
h10-c3:protocol_validation:image-quality:00485,image-quality,S2,node_down_edge_up,0.8,1.2,1.0,75b1192affd971d791cacd2f07e33f4304add866ddacbf84015578105ab376c9,"[[""direct-0"", ""direct-1"", ""direct-2"", ""direct-3""]]","[""direct-0"", ""direct-1"", ""direct-2"", ""direct-3""]","[""direct-0"", ""direct-1"", ""direct-2"", ""direct-3""]",True,True,True,True,True,False,0
h10-c3:protocol_validation:image-quality:00486,image-quality,S3,node_down_edge_up,0.8,1.2,1.0,c60cd577702f6b231f4cdee85fa6a739b34f7a9d5786b7addd1b915eb6575694,"[[""greedy-global-023"", ""greedy-single-1""], [""greedy-global-023"", ""optimal-pair-01""]]","[""greedy-global-023"", ""optimal-pair-01""]","[""greedy-global-023"", ""greedy-single-1""]",True,True,True,False,False,False,0
h10-c3:protocol_validation:image-quality:00487,image-quality,S3,node_down_edge_up,0.8,1.2,1.0,c60cd577702f6b231f4cdee85fa6a739b34f7a9d5786b7addd1b915eb6575694,"[[""greedy-global-023"", ""greedy-single-1""], [""greedy-global-023"", ""optimal-pair-01""]]","[""greedy-global-023"", ""optimal-pair-01""]","[""greedy-global-023"", ""greedy-single-1""]",True,True,True,False,True,False,0
h10-c3:protocol_validation:image-quality:00488,image-quality,S3,node_down_edge_up,0.8,1.2,1.0,c60cd577702f6b231f4cdee85fa6a739b34f7a9d5786b7addd1b915eb6575694,"[[""greedy-global-023"", ""greedy-single-1""], [""greedy-global-023"", ""optimal-pair-01""]]","[""greedy-global-023"", ""optimal-pair-01""]","[""greedy-global-023"", ""greedy-single-1""]",True,True,True,False,False,False,0
h10-c3:protocol_validation:image-quality:00489,image-quality,S4,node_down_edge_up,0.8,1.2,1.0,a901a69fd30869489571b8fa186f723cf2aead7e088dae5a80b39a02fccea052,"[[""alternative-global-a""]]","[""alternative-global-a""]","[""greedy-global-023"", ""greedy-single-1""]",True,False,True,False,True,False,0
h10-c3:protocol_validation:image-quality:00490,image-quality,S4,node_down_edge_up,0.8,1.2,1.0,a901a69fd30869489571b8fa186f723cf2aead7e088dae5a80b39a02fccea052,"[[""alternative-global-a""]]","[""alternative-global-a""]","[""greedy-global-023"", ""greedy-single-1""]",True,False,True,False,True,False,0
h10-c3:protocol_validation:image-quality:00491,image-quality,S5,node_down_edge_up,0.8,1.2,1.0,bd7fb907e7e2cdd46c7952fd5fae2bdf556ea7bb275b39286e941894f575ed68,"[[""fallback-known-4"", ""greedy-global-023"", ""greedy-single-1""], [""fallback-known-4"", ""greedy-global-023"", ""optimal-pair-01""]]","[""fallback-known-4"", ""greedy-global-023"", ""optimal-pair-01""]","[""fallback-known-4"", ""greedy-global-023"", ""greedy-single-1""]",True,True,True,False,False,False,0
h10-c3:protocol_validation:image-quality:00492,image-quality,S5,node_down_edge_up,0.8,1.2,1.0,bd7fb907e7e2cdd46c7952fd5fae2bdf556ea7bb275b39286e941894f575ed68,"[[""fallback-known-4"", ""greedy-global-023"", ""greedy-single-1""], [""fallback-known-4"", ""greedy-global-023"", ""optimal-pair-01""]]","[""fallback-known-4"", ""greedy-global-023"", ""optimal-pair-01""]","[""fallback-known-4"", ""greedy-global-023"", ""greedy-single-1""]",True,True,True,False,False,False,0
h10-c3:protocol_validation:image-quality:00493,image-quality,S1,node_down_edge_up,0.8,1.2,1.0,23a2f2432248979df7ec3d38fd04cf52953feb94492856e11b21651960a1a6e7,"[[""direct-0""]]","[""direct-0""]","[""direct-0""]",True,True,True,True,True,False,0
h10-c3:protocol_validation:image-quality:00494,image-quality,S2,node_down_edge_up,0.8,1.2,1.0,75b1192affd971d791cacd2f07e33f4304add866ddacbf84015578105ab376c9,"[[""direct-0"", ""direct-1"", ""direct-2"", ""direct-3""]]","[""direct-0"", ""direct-1"", ""direct-2"", ""direct-3""]","[""direct-0"", ""direct-1"", ""direct-2"", ""direct-3""]",True,True,True,True,True,False,0
h10-c3:protocol_validation:image-quality:00495,image-quality,S2,node_down_edge_up,0.8,1.2,1.0,75b1192affd971d791cacd2f07e33f4304add866ddacbf84015578105ab376c9,"[[""direct-0"", ""direct-1"", ""direct-2"", ""direct-3""]]","[""direct-0"", ""direct-1"", ""direct-2"", ""direct-3""]","[""direct-0"", ""direct-1"", ""direct-2"", ""direct-3""]",True,True,True,True,True,False,0
h10-c3:protocol_validation:image-quality:00496,image-quality,S3,node_down_edge_up,0.8,1.2,1.0,c60cd577702f6b231f4cdee85fa6a739b34f7a9d5786b7addd1b915eb6575694,"[[""greedy-global-023"", ""greedy-single-1""], [""greedy-global-023"", ""optimal-pair-01""]]","[""greedy-global-023"", ""optimal-pair-01""]","[""greedy-global-023"", ""greedy-single-1""]",True,True,True,False,False,False,0
h10-c3:protocol_validation:image-quality:00497,image-quality,S3,node_down_edge_up,0.8,1.2,1.0,c60cd577702f6b231f4cdee85fa6a739b34f7a9d5786b7addd1b915eb6575694,"[[""greedy-global-023"", ""greedy-single-1""], [""greedy-global-023"", ""optimal-pair-01""]]","[""greedy-global-023"", ""optimal-pair-01""]","[""greedy-global-023"", ""greedy-single-1""]",True,True,True,False,True,False,0
h10-c3:protocol_validation:image-quality:00498,image-quality,S3,node_down_edge_up,0.8,1.2,1.0,c60cd577702f6b231f4cdee85fa6a739b34f7a9d5786b7addd1b915eb6575694,"[[""greedy-global-023"", ""greedy-single-1""], [""greedy-global-023"", ""optimal-pair-01""]]","[""greedy-global-023"", ""optimal-pair-01""]","[""greedy-global-023"", ""greedy-single-1""]",True,True,True,False,False,False,0
h10-c3:protocol_validation:image-quality:00499,image-quality,S4,node_down_edge_up,0.8,1.2,1.0,a901a69fd30869489571b8fa186f723cf2aead7e088dae5a80b39a02fccea052,"[[""alternative-global-a""]]","[""alternative-global-a""]","[""greedy-global-023"", ""greedy-single-1""]",True,False,True,False,True,False,0
h10-c3:protocol_validation:image-quality:00500,image-quality,S4,node_down_edge_up,0.8,1.2,1.0,a901a69fd30869489571b8fa186f723cf2aead7e088dae5a80b39a02fccea052,"[[""alternative-global-a""]]","[""alternative-global-a""]","[""greedy-global-023"", ""greedy-single-1""]",True,False,True,False,True,False,0
h10-c3:protocol_validation:image-quality:00501,image-quality,S5,node_down_edge_up,0.8,1.2,1.0,bd7fb907e7e2cdd46c7952fd5fae2bdf556ea7bb275b39286e941894f575ed68,"[[""fallback-known-4"", ""greedy-global-023"", ""greedy-single-1""], [""fallback-known-4"", ""greedy-global-023"", ""optimal-pair-01""]]","[""fallback-known-4"", ""greedy-global-023"", ""optimal-pair-01""]","[""fallback-known-4"", ""greedy-global-023"", ""greedy-single-1""]",True,True,True,False,False,False,0
h10-c3:protocol_validation:image-quality:00502,image-quality,S5,node_down_edge_up,0.8,1.2,1.0,bd7fb907e7e2cdd46c7952fd5fae2bdf556ea7bb275b39286e941894f575ed68,[],[],"[""greedy-global-023"", ""greedy-single-1""]",False,False,False,False,False,False,0
h10-c3:protocol_validation:image-quality:00503,image-quality,S1,node_down_edge_up,0.8,1.2,1.0,23a2f2432248979df7ec3d38fd04cf52953feb94492856e11b21651960a1a6e7,"[[""direct-0""]]","[""direct-0""]","[""direct-0""]",True,True,True,True,True,False,0
h10-c3:protocol_validation:image-quality:00504,image-quality,S2,node_down_edge_up,0.8,1.2,1.0,75b1192affd971d791cacd2f07e33f4304add866ddacbf84015578105ab376c9,"[[""direct-0"", ""direct-1"", ""direct-2"", ""direct-3""]]","[""direct-0"", ""direct-1"", ""direct-2"", ""direct-3""]","[""direct-0"", ""direct-1"", ""direct-2"", ""direct-3""]",True,True,True,True,True,False,0
h10-c3:protocol_validation:image-quality:00505,image-quality,S2,node_down_edge_up,0.8,1.2,1.0,75b1192affd971d791cacd2f07e33f4304add866ddacbf84015578105ab376c9,"[[""direct-0"", ""direct-1"", ""direct-2"", ""direct-3""]]","[""direct-0"", ""direct-1"", ""direct-2"", ""direct-3""]","[""direct-0"", ""direct-1"", ""direct-2"", ""direct-3""]",True,True,True,True,True,False,0
h10-c3:protocol_validation:image-quality:00506,image-quality,S3,node_down_edge_up,0.8,1.2,1.0,c60cd577702f6b231f4cdee85fa6a739b34f7a9d5786b7addd1b915eb6575694,"[[""greedy-global-023"", ""greedy-single-1""], [""greedy-global-023"", ""optimal-pair-01""]]","[""greedy-global-023"", ""optimal-pair-01""]","[""greedy-global-023"", ""greedy-single-1""]",True,True,True,False,False,False,0
h10-c3:protocol_validation:image-quality:00507,image-quality,S3,node_down_edge_up,0.8,1.2,1.0,c60cd577702f6b231f4cdee85fa6a739b34f7a9d5786b7addd1b915eb6575694,"[[""greedy-global-023"", ""greedy-single-1""], [""greedy-global-023"", ""optimal-pair-01""]]","[""greedy-global-023"", ""optimal-pair-01""]","[""greedy-global-023"", ""greedy-single-1""]",True,True,True,False,True,False,0
h10-c3:protocol_validation:image-quality:00508,image-quality,S3,node_down_edge_up,0.8,1.2,1.0,c60cd577702f6b231f4cdee85fa6a739b34f7a9d5786b7addd1b915eb6575694,"[[""greedy-global-023"", ""greedy-single-1""], [""greedy-global-023"", ""optimal-pair-01""]]","[""greedy-global-023"", ""optimal-pair-01""]","[""greedy-global-023"", ""greedy-single-1""]",True,True,True,False,False,False,0
h10-c3:protocol_validation:image-quality:00509,image-quality,S4,node_down_edge_up,0.8,1.2,1.0,a901a69fd30869489571b8fa186f723cf2aead7e088dae5a80b39a02fccea052,"[[""alternative-global-a""]]","[""alternative-global-a""]","[""greedy-global-023"", ""greedy-single-1""]",True,False,True,False,True,False,0
h10-c3:protocol_validation:image-quality:00510,image-quality,S4,node_down_edge_up,0.8,1.2,1.0,a901a69fd30869489571b8fa186f723cf2aead7e088dae5a80b39a02fccea052,"[[""alternative-global-a""]]","[""alternative-global-a""]","[""greedy-global-023"", ""greedy-single-1""]",True,False,True,False,True,False,0
h10-c3:protocol_validation:image-quality:00511,image-quality,S5,node_down_edge_up,0.8,1.2,1.0,bd7fb907e7e2cdd46c7952fd5fae2bdf556ea7bb275b39286e941894f575ed68,"[[""fallback-known-4"", ""greedy-global-023"", ""greedy-single-1""], [""fallback-known-4"", ""greedy-global-023"", ""optimal-pair-01""]]","[""fallback-known-4"", ""greedy-global-023"", ""optimal-pair-01""]","[""fallback-known-4"", ""greedy-global-023"", ""greedy-single-1""]",True,True,True,False,False,False,0
h10-c3:protocol_validation:image-quality:00512,image-quality,S5,node_down_edge_up,0.8,1.2,1.0,bd7fb907e7e2cdd46c7952fd5fae2bdf556ea7bb275b39286e941894f575ed68,"[[""fallback-known-4"", ""greedy-global-023"", ""greedy-single-1""], [""fallback-known-4"", ""greedy-global-023"", ""optimal-pair-01""]]","[""fallback-known-4"", ""greedy-global-023"", ""optimal-pair-01""]","[""fallback-known-4"", ""greedy-global-023"", ""greedy-single-1""]",True,True,True,False,False,False,0
h10-c3:protocol_validation:image-quality:00513,image-quality,S1,node_down_edge_up,0.8,1.2,1.0,23a2f2432248979df7ec3d38fd04cf52953feb94492856e11b21651960a1a6e7,"[[""direct-0""]]","[""direct-0""]","[""direct-0""]",True,True,True,True,True,False,0
h10-c3:protocol_validation:image-quality:00514,image-quality,S2,node_down_edge_up,0.8,1.2,1.0,75b1192affd971d791cacd2f07e33f4304add866ddacbf84015578105ab376c9,"[[""direct-0"", ""direct-1"", ""direct-2"", ""direct-3""]]","[""direct-0"", ""direct-1"", ""direct-2"", ""direct-3""]","[""direct-0"", ""direct-1"", ""direct-2"", ""direct-3""]",True,True,True,True,True,False,0
h10-c3:protocol_validation:image-quality:00515,image-quality,S2,node_down_edge_up,0.8,1.2,1.0,75b1192affd971d791cacd2f07e33f4304add866ddacbf84015578105ab376c9,"[[""direct-0"", ""direct-1"", ""direct-2"", ""direct-3""]]","[""direct-0"", ""direct-1"", ""direct-2"", ""direct-3""]","[""direct-0"", ""direct-1"", ""direct-2"", ""direct-3""]",True,True,True,True,True,False,0
h10-c3:protocol_validation:image-quality:00516,image-quality,S3,node_down_edge_up,0.8,1.2,1.0,c60cd577702f6b231f4cdee85fa6a739b34f7a9d5786b7addd1b915eb6575694,"[[""greedy-global-023"", ""greedy-single-1""], [""greedy-global-023"", ""optimal-pair-01""]]","[""greedy-global-023"", ""optimal-pair-01""]","[""greedy-global-023"", ""greedy-single-1""]",True,True,True,False,False,False,0
h10-c3:protocol_validation:image-quality:00517,image-quality,S3,node_down_edge_up,0.8,1.2,1.0,c60cd577702f6b231f4cdee85fa6a739b34f7a9d5786b7addd1b915eb6575694,"[[""greedy-global-023"", ""greedy-single-1""], [""greedy-global-023"", ""optimal-pair-01""]]","[""greedy-global-023"", ""optimal-pair-01""]","[""greedy-global-023"", ""greedy-single-1""]",True,True,True,False,True,False,0
h10-c3:protocol_validation:image-quality:00518,image-quality,S3,node_down_edge_up,0.8,1.2,1.0,c60cd577702f6b231f4cdee85fa6a739b34f7a9d5786b7addd1b915eb6575694,"[[""greedy-global-023"", ""greedy-single-1""], [""greedy-global-023"", ""optimal-pair-01""]]","[""greedy-global-023"", ""optimal-pair-01""]","[""greedy-global-023"", ""greedy-single-1""]",True,True,True,False,False,False,0
h10-c3:protocol_validation:image-quality:00519,image-quality,S4,node_down_edge_up,0.8,1.2,1.0,a901a69fd30869489571b8fa186f723cf2aead7e088dae5a80b39a02fccea052,"[[""alternative-global-a""]]","[""alternative-global-a""]","[""greedy-global-023"", ""greedy-single-1""]",True,False,True,False,True,False,0
h10-c3:protocol_validation:image-quality:00520,image-quality,S4,node_down_edge_up,0.8,1.2,1.0,a901a69fd30869489571b8fa186f723cf2aead7e088dae5a80b39a02fccea052,"[[""alternative-global-a""]]","[""alternative-global-a""]","[""greedy-global-023"", ""greedy-single-1""]",True,False,True,False,True,False,0
h10-c3:protocol_validation:image-quality:00521,image-quality,S5,node_down_edge_up,0.8,1.2,1.0,bd7fb907e7e2cdd46c7952fd5fae2bdf556ea7bb275b39286e941894f575ed68,"[[""fallback-known-4"", ""greedy-global-023"", ""greedy-single-1""], [""fallback-known-4"", ""greedy-global-023"", ""optimal-pair-01""]]","[""fallback-known-4"", ""greedy-global-023"", ""optimal-pair-01""]","[""fallback-known-4"", ""greedy-global-023"", ""greedy-single-1""]",True,True,True,False,False,False,0
h10-c3:protocol_validation:image-quality:00522,image-quality,S5,node_down_edge_up,0.8,1.2,1.0,bd7fb907e7e2cdd46c7952fd5fae2bdf556ea7bb275b39286e941894f575ed68,"[[""fallback-known-4"", ""greedy-global-023"", ""greedy-single-1""], [""fallback-known-4"", ""greedy-global-023"", ""optimal-pair-01""]]","[""fallback-known-4"", ""greedy-global-023"", ""optimal-pair-01""]","[""fallback-known-4"", ""greedy-global-023"", ""greedy-single-1""]",True,True,True,False,False,False,0
h10-c3:protocol_validation:image-quality:00523,image-quality,S1,node_down_edge_up,0.8,1.2,1.0,23a2f2432248979df7ec3d38fd04cf52953feb94492856e11b21651960a1a6e7,"[[""direct-0""]]","[""direct-0""]","[""direct-0""]",True,True,True,True,True,False,0
h10-c3:protocol_validation:image-quality:00524,image-quality,S2,node_down_edge_up,0.8,1.2,1.0,75b1192affd971d791cacd2f07e33f4304add866ddacbf84015578105ab376c9,"[[""direct-0"", ""direct-1"", ""direct-2"", ""direct-3""]]","[""direct-0"", ""direct-1"", ""direct-2"", ""direct-3""]","[""direct-0"", ""direct-1"", ""direct-2"", ""direct-3""]",True,True,True,True,True,False,0
h10-c3:protocol_validation:image-quality:00525,image-quality,S2,node_down_edge_up,0.8,1.2,1.0,75b1192affd971d791cacd2f07e33f4304add866ddacbf84015578105ab376c9,"[[""direct-0"", ""direct-1"", ""direct-2"", ""direct-3""]]","[""direct-0"", ""direct-1"", ""direct-2"", ""direct-3""]","[""direct-0"", ""direct-1"", ""direct-2"", ""direct-3""]",True,True,True,True,True,False,0
h10-c3:protocol_validation:image-quality:00526,image-quality,S3,node_down_edge_up,0.8,1.2,1.0,c60cd577702f6b231f4cdee85fa6a739b34f7a9d5786b7addd1b915eb6575694,"[[""greedy-global-023"", ""greedy-single-1""], [""greedy-global-023"", ""optimal-pair-01""]]","[""greedy-global-023"", ""optimal-pair-01""]","[""greedy-global-023"", ""greedy-single-1""]",True,True,True,False,False,False,0
h10-c3:protocol_validation:image-quality:00527,image-quality,S3,node_down_edge_up,0.8,1.2,1.0,c60cd577702f6b231f4cdee85fa6a739b34f7a9d5786b7addd1b915eb6575694,"[[""greedy-global-023"", ""greedy-single-1""], [""greedy-global-023"", ""optimal-pair-01""]]","[""greedy-global-023"", ""optimal-pair-01""]","[""greedy-global-023"", ""greedy-single-1""]",True,True,True,False,True,False,0
h10-c3:protocol_validation:image-quality:00528,image-quality,S3,node_down_edge_up,0.8,1.2,1.0,c60cd577702f6b231f4cdee85fa6a739b34f7a9d5786b7addd1b915eb6575694,"[[""greedy-global-023"", ""greedy-single-1""], [""greedy-global-023"", ""optimal-pair-01""]]","[""greedy-global-023"", ""optimal-pair-01""]","[""greedy-global-023"", ""greedy-single-1""]",True,True,True,False,False,False,0
h10-c3:protocol_validation:image-quality:00529,image-quality,S4,node_down_edge_up,0.8,1.2,1.0,a901a69fd30869489571b8fa186f723cf2aead7e088dae5a80b39a02fccea052,"[[""alternative-global-a""]]","[""alternative-global-a""]","[""greedy-global-023"", ""greedy-single-1""]",True,False,True,False,True,False,0
h10-c3:protocol_validation:image-quality:00530,image-quality,S4,node_down_edge_up,0.8,1.2,1.0,a901a69fd30869489571b8fa186f723cf2aead7e088dae5a80b39a02fccea052,"[[""alternative-global-a""]]","[""alternative-global-a""]","[""greedy-global-023"", ""greedy-single-1""]",True,False,True,False,True,False,0
h10-c3:protocol_validation:image-quality:00531,image-quality,S5,node_down_edge_up,0.8,1.2,1.0,bd7fb907e7e2cdd46c7952fd5fae2bdf556ea7bb275b39286e941894f575ed68,[],[],"[""greedy-global-023"", ""greedy-single-1""]",False,False,False,False,False,False,0
h10-c3:protocol_validation:image-quality:00532,image-quality,S5,node_down_edge_up,0.8,1.2,1.0,bd7fb907e7e2cdd46c7952fd5fae2bdf556ea7bb275b39286e941894f575ed68,"[[""fallback-known-4"", ""greedy-global-023"", ""greedy-single-1""], [""fallback-known-4"", ""greedy-global-023"", ""optimal-pair-01""]]","[""fallback-known-4"", ""greedy-global-023"", ""optimal-pair-01""]","[""fallback-known-4"", ""greedy-global-023"", ""greedy-single-1""]",True,True,True,False,False,False,0
h10-c3:protocol_validation:image-quality:00533,image-quality,S1,node_down_edge_up,0.8,1.2,1.0,23a2f2432248979df7ec3d38fd04cf52953feb94492856e11b21651960a1a6e7,"[[""direct-0""]]","[""direct-0""]","[""direct-0""]",True,True,True,True,True,False,0
h10-c3:protocol_validation:image-quality:00534,image-quality,S2,node_down_edge_up,0.8,1.2,1.0,75b1192affd971d791cacd2f07e33f4304add866ddacbf84015578105ab376c9,"[[""direct-0"", ""direct-1"", ""direct-2"", ""direct-3""]]","[""direct-0"", ""direct-1"", ""direct-2"", ""direct-3""]","[""direct-0"", ""direct-1"", ""direct-2"", ""direct-3""]",True,True,True,True,True,False,0
h10-c3:protocol_validation:image-quality:00535,image-quality,S2,node_down_edge_up,0.8,1.2,1.0,75b1192affd971d791cacd2f07e33f4304add866ddacbf84015578105ab376c9,"[[""direct-0"", ""direct-1"", ""direct-2"", ""direct-3""]]","[""direct-0"", ""direct-1"", ""direct-2"", ""direct-3""]","[""direct-0"", ""direct-1"", ""direct-2"", ""direct-3""]",True,True,True,True,True,False,0
h10-c3:protocol_validation:image-quality:00536,image-quality,S3,node_down_edge_up,0.8,1.2,1.0,c60cd577702f6b231f4cdee85fa6a739b34f7a9d5786b7addd1b915eb6575694,"[[""greedy-global-023"", ""greedy-single-1""], [""greedy-global-023"", ""optimal-pair-01""]]","[""greedy-global-023"", ""optimal-pair-01""]","[""greedy-global-023"", ""greedy-single-1""]",True,True,True,False,False,False,0
h10-c3:protocol_validation:image-quality:00537,image-quality,S3,node_down_edge_up,0.8,1.2,1.0,c60cd577702f6b231f4cdee85fa6a739b34f7a9d5786b7addd1b915eb6575694,"[[""greedy-global-023"", ""greedy-single-1""], [""greedy-global-023"", ""optimal-pair-01""]]","[""greedy-global-023"", ""optimal-pair-01""]","[""greedy-global-023"", ""greedy-single-1""]",True,True,True,False,True,False,0
h10-c3:protocol_validation:image-quality:00538,image-quality,S3,node_down_edge_up,0.8,1.2,1.0,c60cd577702f6b231f4cdee85fa6a739b34f7a9d5786b7addd1b915eb6575694,"[[""greedy-global-023"", ""greedy-single-1""], [""greedy-global-023"", ""optimal-pair-01""]]","[""greedy-global-023"", ""optimal-pair-01""]","[""greedy-global-023"", ""greedy-single-1""]",True,True,True,False,False,False,0
h10-c3:protocol_validation:image-quality:00539,image-quality,S4,node_down_edge_up,0.8,1.2,1.0,a901a69fd30869489571b8fa186f723cf2aead7e088dae5a80b39a02fccea052,"[[""alternative-global-a""]]","[""alternative-global-a""]","[""greedy-global-023"", ""greedy-single-1""]",True,False,True,False,True,False,0
h10-c3:protocol_validation:image-quality:00540,image-quality,S4,node_down_edge_up,0.8,1.2,1.0,a901a69fd30869489571b8fa186f723cf2aead7e088dae5a80b39a02fccea052,"[[""alternative-global-a""]]","[""alternative-global-a""]","[""greedy-global-023"", ""greedy-single-1""]",True,False,True,False,True,False,0
h10-c3:protocol_validation:image-quality:00541,image-quality,S5,node_down_edge_up,0.8,1.2,1.0,bd7fb907e7e2cdd46c7952fd5fae2bdf556ea7bb275b39286e941894f575ed68,"[[""fallback-known-4"", ""greedy-global-023"", ""greedy-single-1""], [""fallback-known-4"", ""greedy-global-023"", ""optimal-pair-01""]]","[""fallback-known-4"", ""greedy-global-023"", ""optimal-pair-01""]","[""fallback-known-4"", ""greedy-global-023"", ""greedy-single-1""]",True,True,True,False,False,False,0
h10-c3:protocol_validation:image-quality:00542,image-quality,S5,node_down_edge_up,0.8,1.2,1.0,bd7fb907e7e2cdd46c7952fd5fae2bdf556ea7bb275b39286e941894f575ed68,"[[""fallback-known-4"", ""greedy-global-023"", ""greedy-single-1""], [""fallback-known-4"", ""greedy-global-023"", ""optimal-pair-01""]]","[""fallback-known-4"", ""greedy-global-023"", ""optimal-pair-01""]","[""fallback-known-4"", ""greedy-global-023"", ""greedy-single-1""]",True,True,True,False,False,False,0
h10-c3:protocol_validation:image-quality:00543,image-quality,S1,node_down_edge_up,0.8,1.2,1.0,23a2f2432248979df7ec3d38fd04cf52953feb94492856e11b21651960a1a6e7,"[[""direct-0""]]","[""direct-0""]","[""direct-0""]",True,True,True,True,True,False,0
h10-c3:protocol_validation:image-quality:00544,image-quality,S2,node_down_edge_up,0.8,1.2,1.0,75b1192affd971d791cacd2f07e33f4304add866ddacbf84015578105ab376c9,"[[""direct-0"", ""direct-1"", ""direct-2"", ""direct-3""]]","[""direct-0"", ""direct-1"", ""direct-2"", ""direct-3""]","[""direct-0"", ""direct-1"", ""direct-2"", ""direct-3""]",True,True,True,True,True,False,0
h10-c3:protocol_validation:image-quality:00545,image-quality,S2,node_down_edge_up,0.8,1.2,1.0,75b1192affd971d791cacd2f07e33f4304add866ddacbf84015578105ab376c9,"[[""direct-0"", ""direct-1"", ""direct-2"", ""direct-3""]]","[""direct-0"", ""direct-1"", ""direct-2"", ""direct-3""]","[""direct-0"", ""direct-1"", ""direct-2"", ""direct-3""]",True,True,True,True,True,False,0
h10-c3:protocol_validation:image-quality:00546,image-quality,S3,node_down_edge_up,0.8,1.2,1.0,c60cd577702f6b231f4cdee85fa6a739b34f7a9d5786b7addd1b915eb6575694,"[[""greedy-global-023"", ""greedy-single-1""], [""greedy-global-023"", ""optimal-pair-01""]]","[""greedy-global-023"", ""optimal-pair-01""]","[""greedy-global-023"", ""greedy-single-1""]",True,True,True,False,False,False,0
h10-c3:protocol_validation:image-quality:00547,image-quality,S3,node_down_edge_up,0.8,1.2,1.0,c60cd577702f6b231f4cdee85fa6a739b34f7a9d5786b7addd1b915eb6575694,"[[""greedy-global-023"", ""greedy-single-1""], [""greedy-global-023"", ""optimal-pair-01""]]","[""greedy-global-023"", ""optimal-pair-01""]","[""greedy-global-023"", ""greedy-single-1""]",True,True,True,False,True,False,0
h10-c3:protocol_validation:image-quality:00548,image-quality,S3,node_down_edge_up,0.8,1.2,1.0,c60cd577702f6b231f4cdee85fa6a739b34f7a9d5786b7addd1b915eb6575694,"[[""greedy-global-023"", ""greedy-single-1""], [""greedy-global-023"", ""optimal-pair-01""]]","[""greedy-global-023"", ""optimal-pair-01""]","[""greedy-global-023"", ""greedy-single-1""]",True,True,True,False,False,False,0
h10-c3:protocol_validation:image-quality:00549,image-quality,S4,node_down_edge_up,0.8,1.2,1.0,a901a69fd30869489571b8fa186f723cf2aead7e088dae5a80b39a02fccea052,"[[""alternative-global-a""]]","[""alternative-global-a""]","[""greedy-global-023"", ""greedy-single-1""]",True,False,True,False,True,False,0
h10-c3:protocol_validation:image-quality:00550,image-quality,S4,node_down_edge_up,0.8,1.2,1.0,a901a69fd30869489571b8fa186f723cf2aead7e088dae5a80b39a02fccea052,"[[""alternative-global-a""]]","[""alternative-global-a""]","[""greedy-global-023"", ""greedy-single-1""]",True,False,True,False,True,False,0
h10-c3:protocol_validation:image-quality:00551,image-quality,S5,node_down_edge_up,0.8,1.2,1.0,bd7fb907e7e2cdd46c7952fd5fae2bdf556ea7bb275b39286e941894f575ed68,"[[""fallback-known-4"", ""greedy-global-023"", ""greedy-single-1""], [""fallback-known-4"", ""greedy-global-023"", ""optimal-pair-01""]]","[""fallback-known-4"", ""greedy-global-023"", ""optimal-pair-01""]","[""fallback-known-4"", ""greedy-global-023"", ""greedy-single-1""]",True,True,True,False,False,False,0
h10-c3:protocol_validation:image-quality:00552,image-quality,S5,node_down_edge_up,0.8,1.2,1.0,bd7fb907e7e2cdd46c7952fd5fae2bdf556ea7bb275b39286e941894f575ed68,[],[],"[""greedy-global-023"", ""greedy-single-1""]",False,False,False,False,False,False,0
h10-c3:protocol_validation:image-quality:00553,image-quality,S1,node_down_edge_up,0.8,1.2,1.0,23a2f2432248979df7ec3d38fd04cf52953feb94492856e11b21651960a1a6e7,"[[""direct-0""]]","[""direct-0""]","[""direct-0""]",True,True,True,True,True,False,0
h10-c3:protocol_validation:image-quality:00554,image-quality,S2,node_down_edge_up,0.8,1.2,1.0,75b1192affd971d791cacd2f07e33f4304add866ddacbf84015578105ab376c9,"[[""direct-0"", ""direct-1"", ""direct-2"", ""direct-3""]]","[""direct-0"", ""direct-1"", ""direct-2"", ""direct-3""]","[""direct-0"", ""direct-1"", ""direct-2"", ""direct-3""]",True,True,True,True,True,False,0
h10-c3:protocol_validation:image-quality:00555,image-quality,S2,node_down_edge_up,0.8,1.2,1.0,75b1192affd971d791cacd2f07e33f4304add866ddacbf84015578105ab376c9,"[[""direct-0"", ""direct-1"", ""direct-2"", ""direct-3""]]","[""direct-0"", ""direct-1"", ""direct-2"", ""direct-3""]","[""direct-0"", ""direct-1"", ""direct-2"", ""direct-3""]",True,True,True,True,True,False,0
h10-c3:protocol_validation:image-quality:00556,image-quality,S3,node_down_edge_up,0.8,1.2,1.0,c60cd577702f6b231f4cdee85fa6a739b34f7a9d5786b7addd1b915eb6575694,"[[""greedy-global-023"", ""greedy-single-1""], [""greedy-global-023"", ""optimal-pair-01""]]","[""greedy-global-023"", ""optimal-pair-01""]","[""greedy-global-023"", ""greedy-single-1""]",True,True,True,False,False,False,0
h10-c3:protocol_validation:image-quality:00557,image-quality,S3,node_down_edge_up,0.8,1.2,1.0,c60cd577702f6b231f4cdee85fa6a739b34f7a9d5786b7addd1b915eb6575694,"[[""greedy-global-023"", ""greedy-single-1""], [""greedy-global-023"", ""optimal-pair-01""]]","[""greedy-global-023"", ""optimal-pair-01""]","[""greedy-global-023"", ""greedy-single-1""]",True,True,True,False,True,False,0
h10-c3:protocol_validation:image-quality:00558,image-quality,S3,node_down_edge_up,0.8,1.2,1.0,c60cd577702f6b231f4cdee85fa6a739b34f7a9d5786b7addd1b915eb6575694,"[[""greedy-global-023"", ""greedy-single-1""], [""greedy-global-023"", ""optimal-pair-01""]]","[""greedy-global-023"", ""optimal-pair-01""]","[""greedy-global-023"", ""greedy-single-1""]",True,True,True,False,False,False,0
h10-c3:protocol_validation:image-quality:00559,image-quality,S4,node_down_edge_up,0.8,1.2,1.0,a901a69fd30869489571b8fa186f723cf2aead7e088dae5a80b39a02fccea052,"[[""alternative-global-a""]]","[""alternative-global-a""]","[""greedy-global-023"", ""greedy-single-1""]",True,False,True,False,True,False,0
h10-c3:protocol_validation:image-quality:00560,image-quality,S4,node_down_edge_up,0.8,1.2,1.0,a901a69fd30869489571b8fa186f723cf2aead7e088dae5a80b39a02fccea052,"[[""alternative-global-a""]]","[""alternative-global-a""]","[""greedy-global-023"", ""greedy-single-1""]",True,False,True,False,True,False,0
h10-c3:protocol_validation:image-quality:00561,image-quality,S5,node_down_edge_up,0.8,1.2,1.0,bd7fb907e7e2cdd46c7952fd5fae2bdf556ea7bb275b39286e941894f575ed68,"[[""fallback-known-4"", ""greedy-global-023"", ""greedy-single-1""], [""fallback-known-4"", ""greedy-global-023"", ""optimal-pair-01""]]","[""fallback-known-4"", ""greedy-global-023"", ""optimal-pair-01""]","[""fallback-known-4"", ""greedy-global-023"", ""greedy-single-1""]",True,True,True,False,False,False,0
h10-c3:protocol_validation:image-quality:00562,image-quality,S5,node_down_edge_up,0.8,1.2,1.0,bd7fb907e7e2cdd46c7952fd5fae2bdf556ea7bb275b39286e941894f575ed68,"[[""fallback-known-4"", ""greedy-global-023"", ""greedy-single-1""], [""fallback-known-4"", ""greedy-global-023"", ""optimal-pair-01""]]","[""fallback-known-4"", ""greedy-global-023"", ""optimal-pair-01""]","[""fallback-known-4"", ""greedy-global-023"", ""greedy-single-1""]",True,True,True,False,False,False,0
h10-c3:protocol_validation:image-quality:00563,image-quality,S1,node_down_edge_up,0.8,1.2,1.0,23a2f2432248979df7ec3d38fd04cf52953feb94492856e11b21651960a1a6e7,"[[""direct-0""]]","[""direct-0""]","[""direct-0""]",True,True,True,True,True,False,0
h10-c3:protocol_validation:image-quality:00564,image-quality,S2,node_down_edge_up,0.8,1.2,1.0,75b1192affd971d791cacd2f07e33f4304add866ddacbf84015578105ab376c9,"[[""direct-0"", ""direct-1"", ""direct-2"", ""direct-3""]]","[""direct-0"", ""direct-1"", ""direct-2"", ""direct-3""]","[""direct-0"", ""direct-1"", ""direct-2"", ""direct-3""]",True,True,True,True,True,False,0
h10-c3:protocol_validation:image-quality:00565,image-quality,S2,node_down_edge_up,0.8,1.2,1.0,75b1192affd971d791cacd2f07e33f4304add866ddacbf84015578105ab376c9,"[[""direct-0"", ""direct-1"", ""direct-2"", ""direct-3""]]","[""direct-0"", ""direct-1"", ""direct-2"", ""direct-3""]","[""direct-0"", ""direct-1"", ""direct-2"", ""direct-3""]",True,True,True,True,True,False,0
h10-c3:protocol_validation:image-quality:00566,image-quality,S3,node_down_edge_up,0.8,1.2,1.0,c60cd577702f6b231f4cdee85fa6a739b34f7a9d5786b7addd1b915eb6575694,"[[""greedy-global-023"", ""greedy-single-1""], [""greedy-global-023"", ""optimal-pair-01""]]","[""greedy-global-023"", ""optimal-pair-01""]","[""greedy-global-023"", ""greedy-single-1""]",True,True,True,False,False,False,0
h10-c3:protocol_validation:image-quality:00567,image-quality,S3,node_down_edge_up,0.8,1.2,1.0,c60cd577702f6b231f4cdee85fa6a739b34f7a9d5786b7addd1b915eb6575694,"[[""greedy-global-023"", ""greedy-single-1""], [""greedy-global-023"", ""optimal-pair-01""]]","[""greedy-global-023"", ""optimal-pair-01""]","[""greedy-global-023"", ""greedy-single-1""]",True,True,True,False,True,False,0
h10-c3:protocol_validation:image-quality:00568,image-quality,S3,node_down_edge_up,0.8,1.2,1.0,c60cd577702f6b231f4cdee85fa6a739b34f7a9d5786b7addd1b915eb6575694,"[[""greedy-global-023"", ""greedy-single-1""], [""greedy-global-023"", ""optimal-pair-01""]]","[""greedy-global-023"", ""optimal-pair-01""]","[""greedy-global-023"", ""greedy-single-1""]",True,True,True,False,False,False,0
h10-c3:protocol_validation:image-quality:00569,image-quality,S4,node_down_edge_up,0.8,1.2,1.0,a901a69fd30869489571b8fa186f723cf2aead7e088dae5a80b39a02fccea052,"[[""alternative-global-a""]]","[""alternative-global-a""]","[""greedy-global-023"", ""greedy-single-1""]",True,False,True,False,True,False,0
h10-c3:protocol_validation:image-quality:00570,image-quality,S4,node_down_edge_up,0.8,1.2,1.0,a901a69fd30869489571b8fa186f723cf2aead7e088dae5a80b39a02fccea052,"[[""alternative-global-a""]]","[""alternative-global-a""]","[""greedy-global-023"", ""greedy-single-1""]",True,False,True,False,True,False,0
h10-c3:protocol_validation:image-quality:00571,image-quality,S5,node_down_edge_up,0.8,1.2,1.0,bd7fb907e7e2cdd46c7952fd5fae2bdf556ea7bb275b39286e941894f575ed68,"[[""fallback-known-4"", ""greedy-global-023"", ""greedy-single-1""], [""fallback-known-4"", ""greedy-global-023"", ""optimal-pair-01""]]","[""fallback-known-4"", ""greedy-global-023"", ""optimal-pair-01""]","[""fallback-known-4"", ""greedy-global-023"", ""greedy-single-1""]",True,True,True,False,False,False,0
h10-c3:protocol_validation:image-quality:00572,image-quality,S5,node_down_edge_up,0.8,1.2,1.0,bd7fb907e7e2cdd46c7952fd5fae2bdf556ea7bb275b39286e941894f575ed68,"[[""fallback-known-4"", ""greedy-global-023"", ""greedy-single-1""], [""fallback-known-4"", ""greedy-global-023"", ""optimal-pair-01""]]","[""fallback-known-4"", ""greedy-global-023"", ""optimal-pair-01""]","[""fallback-known-4"", ""greedy-global-023"", ""greedy-single-1""]",True,True,True,False,False,False,0
h10-c3:protocol_validation:image-quality:00573,image-quality,S1,node_down_edge_up,0.8,1.2,1.0,23a2f2432248979df7ec3d38fd04cf52953feb94492856e11b21651960a1a6e7,"[[""direct-0""]]","[""direct-0""]","[""direct-0""]",True,True,True,True,True,False,0
h10-c3:protocol_validation:image-quality:00574,image-quality,S2,node_down_edge_up,0.8,1.2,1.0,75b1192affd971d791cacd2f07e33f4304add866ddacbf84015578105ab376c9,"[[""direct-0"", ""direct-1"", ""direct-2"", ""direct-3""]]","[""direct-0"", ""direct-1"", ""direct-2"", ""direct-3""]","[""direct-0"", ""direct-1"", ""direct-2"", ""direct-3""]",True,True,True,True,True,False,0
h10-c3:protocol_validation:image-quality:00575,image-quality,S2,node_down_edge_up,0.8,1.2,1.0,75b1192affd971d791cacd2f07e33f4304add866ddacbf84015578105ab376c9,"[[""direct-0"", ""direct-1"", ""direct-2"", ""direct-3""]]","[""direct-0"", ""direct-1"", ""direct-2"", ""direct-3""]","[""direct-0"", ""direct-1"", ""direct-2"", ""direct-3""]",True,True,True,True,True,False,0
h10-c3:protocol_validation:image-quality:00576,image-quality,S3,node_down_edge_up,0.8,1.2,1.0,c60cd577702f6b231f4cdee85fa6a739b34f7a9d5786b7addd1b915eb6575694,"[[""greedy-global-023"", ""greedy-single-1""], [""greedy-global-023"", ""optimal-pair-01""]]","[""greedy-global-023"", ""optimal-pair-01""]","[""greedy-global-023"", ""greedy-single-1""]",True,True,True,False,False,False,0
h10-c3:protocol_validation:image-quality:00577,image-quality,S3,node_down_edge_up,0.8,1.2,1.0,c60cd577702f6b231f4cdee85fa6a739b34f7a9d5786b7addd1b915eb6575694,"[[""greedy-global-023"", ""greedy-single-1""], [""greedy-global-023"", ""optimal-pair-01""]]","[""greedy-global-023"", ""optimal-pair-01""]","[""greedy-global-023"", ""greedy-single-1""]",True,True,True,False,True,False,0
h10-c3:protocol_validation:image-quality:00578,image-quality,S3,node_down_edge_up,0.8,1.2,1.0,c60cd577702f6b231f4cdee85fa6a739b34f7a9d5786b7addd1b915eb6575694,"[[""greedy-global-023"", ""greedy-single-1""], [""greedy-global-023"", ""optimal-pair-01""]]","[""greedy-global-023"", ""optimal-pair-01""]","[""greedy-global-023"", ""greedy-single-1""]",True,True,True,False,False,False,0
h10-c3:protocol_validation:image-quality:00579,image-quality,S4,node_down_edge_up,0.8,1.2,1.0,a901a69fd30869489571b8fa186f723cf2aead7e088dae5a80b39a02fccea052,"[[""alternative-global-a""]]","[""alternative-global-a""]","[""greedy-global-023"", ""greedy-single-1""]",True,False,True,False,True,False,0
h10-c3:protocol_validation:image-quality:00580,image-quality,S4,node_down_edge_up,0.8,1.2,1.0,a901a69fd30869489571b8fa186f723cf2aead7e088dae5a80b39a02fccea052,"[[""alternative-global-a""]]","[""alternative-global-a""]","[""greedy-global-023"", ""greedy-single-1""]",True,False,True,False,True,False,0
h10-c3:protocol_validation:image-quality:00581,image-quality,S5,node_down_edge_up,0.8,1.2,1.0,bd7fb907e7e2cdd46c7952fd5fae2bdf556ea7bb275b39286e941894f575ed68,[],[],"[""greedy-global-023"", ""greedy-single-1""]",False,False,False,False,False,False,0
h10-c3:protocol_validation:image-quality:00582,image-quality,S5,node_down_edge_up,0.8,1.2,1.0,bd7fb907e7e2cdd46c7952fd5fae2bdf556ea7bb275b39286e941894f575ed68,"[[""fallback-known-4"", ""greedy-global-023"", ""greedy-single-1""], [""fallback-known-4"", ""greedy-global-023"", ""optimal-pair-01""]]","[""fallback-known-4"", ""greedy-global-023"", ""optimal-pair-01""]","[""fallback-known-4"", ""greedy-global-023"", ""greedy-single-1""]",True,True,True,False,False,False,0
h10-c3:protocol_validation:image-quality:00583,image-quality,S1,node_down_edge_up,0.8,1.2,1.0,23a2f2432248979df7ec3d38fd04cf52953feb94492856e11b21651960a1a6e7,"[[""direct-0""]]","[""direct-0""]","[""direct-0""]",True,True,True,True,True,False,0
h10-c3:protocol_validation:image-quality:00584,image-quality,S2,node_down_edge_up,0.8,1.2,1.0,75b1192affd971d791cacd2f07e33f4304add866ddacbf84015578105ab376c9,"[[""direct-0"", ""direct-1"", ""direct-2"", ""direct-3""]]","[""direct-0"", ""direct-1"", ""direct-2"", ""direct-3""]","[""direct-0"", ""direct-1"", ""direct-2"", ""direct-3""]",True,True,True,True,True,False,0
h10-c3:protocol_validation:image-quality:00585,image-quality,S2,node_down_edge_up,0.8,1.2,1.0,75b1192affd971d791cacd2f07e33f4304add866ddacbf84015578105ab376c9,"[[""direct-0"", ""direct-1"", ""direct-2"", ""direct-3""]]","[""direct-0"", ""direct-1"", ""direct-2"", ""direct-3""]","[""direct-0"", ""direct-1"", ""direct-2"", ""direct-3""]",True,True,True,True,True,False,0
h10-c3:protocol_validation:image-quality:00586,image-quality,S3,node_down_edge_up,0.8,1.2,1.0,c60cd577702f6b231f4cdee85fa6a739b34f7a9d5786b7addd1b915eb6575694,"[[""greedy-global-023"", ""greedy-single-1""], [""greedy-global-023"", ""optimal-pair-01""]]","[""greedy-global-023"", ""optimal-pair-01""]","[""greedy-global-023"", ""greedy-single-1""]",True,True,True,False,False,False,0
h10-c3:protocol_validation:image-quality:00587,image-quality,S3,node_down_edge_up,0.8,1.2,1.0,c60cd577702f6b231f4cdee85fa6a739b34f7a9d5786b7addd1b915eb6575694,"[[""greedy-global-023"", ""greedy-single-1""], [""greedy-global-023"", ""optimal-pair-01""]]","[""greedy-global-023"", ""optimal-pair-01""]","[""greedy-global-023"", ""greedy-single-1""]",True,True,True,False,True,False,0
h10-c3:protocol_validation:image-quality:00588,image-quality,S3,node_down_edge_up,0.8,1.2,1.0,c60cd577702f6b231f4cdee85fa6a739b34f7a9d5786b7addd1b915eb6575694,"[[""greedy-global-023"", ""greedy-single-1""], [""greedy-global-023"", ""optimal-pair-01""]]","[""greedy-global-023"", ""optimal-pair-01""]","[""greedy-global-023"", ""greedy-single-1""]",True,True,True,False,False,False,0
h10-c3:protocol_validation:image-quality:00589,image-quality,S4,node_down_edge_up,0.8,1.2,1.0,a901a69fd30869489571b8fa186f723cf2aead7e088dae5a80b39a02fccea052,"[[""alternative-global-a""]]","[""alternative-global-a""]","[""greedy-global-023"", ""greedy-single-1""]",True,False,True,False,True,False,0
h10-c3:protocol_validation:image-quality:00590,image-quality,S4,node_down_edge_up,0.8,1.2,1.0,a901a69fd30869489571b8fa186f723cf2aead7e088dae5a80b39a02fccea052,"[[""alternative-global-a""]]","[""alternative-global-a""]","[""greedy-global-023"", ""greedy-single-1""]",True,False,True,False,True,False,0
h10-c3:protocol_validation:image-quality:00591,image-quality,S5,node_down_edge_up,0.8,1.2,1.0,bd7fb907e7e2cdd46c7952fd5fae2bdf556ea7bb275b39286e941894f575ed68,"[[""fallback-known-4"", ""greedy-global-023"", ""greedy-single-1""], [""fallback-known-4"", ""greedy-global-023"", ""optimal-pair-01""]]","[""fallback-known-4"", ""greedy-global-023"", ""optimal-pair-01""]","[""fallback-known-4"", ""greedy-global-023"", ""greedy-single-1""]",True,True,True,False,False,False,0
h10-c3:protocol_validation:image-quality:00592,image-quality,S5,node_down_edge_up,0.8,1.2,1.0,bd7fb907e7e2cdd46c7952fd5fae2bdf556ea7bb275b39286e941894f575ed68,"[[""fallback-known-4"", ""greedy-global-023"", ""greedy-single-1""], [""fallback-known-4"", ""greedy-global-023"", ""optimal-pair-01""]]","[""fallback-known-4"", ""greedy-global-023"", ""optimal-pair-01""]","[""fallback-known-4"", ""greedy-global-023"", ""greedy-single-1""]",True,True,True,False,False,False,0
h10-c3:protocol_validation:image-quality:00593,image-quality,S1,node_down_edge_up,0.8,1.2,1.0,23a2f2432248979df7ec3d38fd04cf52953feb94492856e11b21651960a1a6e7,"[[""direct-0""]]","[""direct-0""]","[""direct-0""]",True,True,True,True,True,False,0
h10-c3:protocol_validation:image-quality:00594,image-quality,S2,node_down_edge_up,0.8,1.2,1.0,75b1192affd971d791cacd2f07e33f4304add866ddacbf84015578105ab376c9,"[[""direct-0"", ""direct-1"", ""direct-2"", ""direct-3""]]","[""direct-0"", ""direct-1"", ""direct-2"", ""direct-3""]","[""direct-0"", ""direct-1"", ""direct-2"", ""direct-3""]",True,True,True,True,True,False,0
h10-c3:protocol_validation:image-quality:00595,image-quality,S2,node_down_edge_up,0.8,1.2,1.0,75b1192affd971d791cacd2f07e33f4304add866ddacbf84015578105ab376c9,"[[""direct-0"", ""direct-1"", ""direct-2"", ""direct-3""]]","[""direct-0"", ""direct-1"", ""direct-2"", ""direct-3""]","[""direct-0"", ""direct-1"", ""direct-2"", ""direct-3""]",True,True,True,True,True,False,0
h10-c3:protocol_validation:image-quality:00596,image-quality,S3,node_down_edge_up,0.8,1.2,1.0,c60cd577702f6b231f4cdee85fa6a739b34f7a9d5786b7addd1b915eb6575694,"[[""greedy-global-023"", ""greedy-single-1""], [""greedy-global-023"", ""optimal-pair-01""]]","[""greedy-global-023"", ""optimal-pair-01""]","[""greedy-global-023"", ""greedy-single-1""]",True,True,True,False,False,False,0
h10-c3:protocol_validation:image-quality:00597,image-quality,S3,node_down_edge_up,0.8,1.2,1.0,c60cd577702f6b231f4cdee85fa6a739b34f7a9d5786b7addd1b915eb6575694,"[[""greedy-global-023"", ""greedy-single-1""], [""greedy-global-023"", ""optimal-pair-01""]]","[""greedy-global-023"", ""optimal-pair-01""]","[""greedy-global-023"", ""greedy-single-1""]",True,True,True,False,True,False,0
h10-c3:protocol_validation:image-quality:00598,image-quality,S3,node_down_edge_up,0.8,1.2,1.0,c60cd577702f6b231f4cdee85fa6a739b34f7a9d5786b7addd1b915eb6575694,"[[""greedy-global-023"", ""greedy-single-1""], [""greedy-global-023"", ""optimal-pair-01""]]","[""greedy-global-023"", ""optimal-pair-01""]","[""greedy-global-023"", ""greedy-single-1""]",True,True,True,False,False,False,0
h10-c3:protocol_validation:image-quality:00599,image-quality,S4,node_down_edge_up,0.8,1.2,1.0,a901a69fd30869489571b8fa186f723cf2aead7e088dae5a80b39a02fccea052,"[[""alternative-global-a""]]","[""alternative-global-a""]","[""greedy-global-023"", ""greedy-single-1""]",True,False,True,False,True,False,0
h10-c3:protocol_validation:timeseries-sensors:00600,timeseries-sensors,S1,node_down_edge_up,0.8,1.2,1.0,23a2f2432248979df7ec3d38fd04cf52953feb94492856e11b21651960a1a6e7,"[[""direct-0""]]","[""direct-0""]","[""direct-0""]",True,True,True,True,True,False,0
h10-c3:protocol_validation:timeseries-sensors:00601,timeseries-sensors,S2,node_down_edge_up,0.8,1.2,1.0,75b1192affd971d791cacd2f07e33f4304add866ddacbf84015578105ab376c9,"[[""direct-0"", ""direct-1"", ""direct-2"", ""direct-3""]]","[""direct-0"", ""direct-1"", ""direct-2"", ""direct-3""]","[""direct-0"", ""direct-1"", ""direct-2"", ""direct-3""]",True,True,True,True,True,False,0
h10-c3:protocol_validation:timeseries-sensors:00602,timeseries-sensors,S2,node_down_edge_up,0.8,1.2,1.0,75b1192affd971d791cacd2f07e33f4304add866ddacbf84015578105ab376c9,"[[""direct-0"", ""direct-1"", ""direct-2"", ""direct-3""]]","[""direct-0"", ""direct-1"", ""direct-2"", ""direct-3""]","[""direct-0"", ""direct-1"", ""direct-2"", ""direct-3""]",True,True,True,True,True,False,0
h10-c3:protocol_validation:timeseries-sensors:00603,timeseries-sensors,S3,node_down_edge_up,0.8,1.2,1.0,c60cd577702f6b231f4cdee85fa6a739b34f7a9d5786b7addd1b915eb6575694,"[[""greedy-global-023"", ""greedy-single-1""], [""greedy-global-023"", ""optimal-pair-01""]]","[""greedy-global-023"", ""optimal-pair-01""]","[""greedy-global-023"", ""greedy-single-1""]",True,True,True,False,True,False,0
h10-c3:protocol_validation:timeseries-sensors:00604,timeseries-sensors,S3,node_down_edge_up,0.8,1.2,1.0,c60cd577702f6b231f4cdee85fa6a739b34f7a9d5786b7addd1b915eb6575694,"[[""greedy-global-023"", ""greedy-single-1""], [""greedy-global-023"", ""optimal-pair-01""]]","[""greedy-global-023"", ""optimal-pair-01""]","[""greedy-global-023"", ""greedy-single-1""]",True,True,True,False,False,False,0
h10-c3:protocol_validation:timeseries-sensors:00605,timeseries-sensors,S3,node_down_edge_up,0.8,1.2,1.0,c60cd577702f6b231f4cdee85fa6a739b34f7a9d5786b7addd1b915eb6575694,"[[""greedy-global-023"", ""greedy-single-1""], [""greedy-global-023"", ""optimal-pair-01""]]","[""greedy-global-023"", ""optimal-pair-01""]","[""greedy-global-023"", ""greedy-single-1""]",True,True,True,False,True,False,0
h10-c3:protocol_validation:timeseries-sensors:00606,timeseries-sensors,S4,node_down_edge_up,0.8,1.2,1.0,a901a69fd30869489571b8fa186f723cf2aead7e088dae5a80b39a02fccea052,"[[""alternative-global-a""]]","[""alternative-global-a""]","[""greedy-global-023"", ""greedy-single-1""]",True,False,True,False,True,False,0
h10-c3:protocol_validation:timeseries-sensors:00607,timeseries-sensors,S4,node_down_edge_up,0.8,1.2,1.0,a901a69fd30869489571b8fa186f723cf2aead7e088dae5a80b39a02fccea052,"[[""alternative-global-a""]]","[""alternative-global-a""]","[""greedy-global-023"", ""greedy-single-1""]",True,False,True,False,True,False,0
h10-c3:protocol_validation:timeseries-sensors:00608,timeseries-sensors,S5,node_down_edge_up,0.8,1.2,1.0,bd7fb907e7e2cdd46c7952fd5fae2bdf556ea7bb275b39286e941894f575ed68,[],[],"[""greedy-global-023"", ""greedy-single-1""]",False,False,False,False,False,False,0
h10-c3:protocol_validation:timeseries-sensors:00609,timeseries-sensors,S5,node_down_edge_up,0.8,1.2,1.0,bd7fb907e7e2cdd46c7952fd5fae2bdf556ea7bb275b39286e941894f575ed68,"[[""fallback-known-4"", ""greedy-global-023"", ""greedy-single-1""], [""fallback-known-4"", ""greedy-global-023"", ""optimal-pair-01""]]","[""fallback-known-4"", ""greedy-global-023"", ""optimal-pair-01""]","[""fallback-known-4"", ""greedy-global-023"", ""greedy-single-1""]",True,True,True,False,False,False,0
h10-c3:protocol_validation:timeseries-sensors:00610,timeseries-sensors,S1,node_down_edge_up,0.8,1.2,1.0,23a2f2432248979df7ec3d38fd04cf52953feb94492856e11b21651960a1a6e7,"[[""direct-0""]]","[""direct-0""]","[""direct-0""]",True,True,True,True,True,False,0
h10-c3:protocol_validation:timeseries-sensors:00611,timeseries-sensors,S2,node_down_edge_up,0.8,1.2,1.0,75b1192affd971d791cacd2f07e33f4304add866ddacbf84015578105ab376c9,"[[""direct-0"", ""direct-1"", ""direct-2"", ""direct-3""]]","[""direct-0"", ""direct-1"", ""direct-2"", ""direct-3""]","[""direct-0"", ""direct-1"", ""direct-2"", ""direct-3""]",True,True,True,True,True,False,0
h10-c3:protocol_validation:timeseries-sensors:00612,timeseries-sensors,S2,node_down_edge_up,0.8,1.2,1.0,75b1192affd971d791cacd2f07e33f4304add866ddacbf84015578105ab376c9,"[[""direct-0"", ""direct-1"", ""direct-2"", ""direct-3""]]","[""direct-0"", ""direct-1"", ""direct-2"", ""direct-3""]","[""direct-0"", ""direct-1"", ""direct-2"", ""direct-3""]",True,True,True,True,True,False,0
h10-c3:protocol_validation:timeseries-sensors:00613,timeseries-sensors,S3,node_down_edge_up,0.8,1.2,1.0,c60cd577702f6b231f4cdee85fa6a739b34f7a9d5786b7addd1b915eb6575694,"[[""greedy-global-023"", ""greedy-single-1""], [""greedy-global-023"", ""optimal-pair-01""]]","[""greedy-global-023"", ""optimal-pair-01""]","[""greedy-global-023"", ""greedy-single-1""]",True,True,True,False,True,False,0
h10-c3:protocol_validation:timeseries-sensors:00614,timeseries-sensors,S3,node_down_edge_up,0.8,1.2,1.0,c60cd577702f6b231f4cdee85fa6a739b34f7a9d5786b7addd1b915eb6575694,"[[""greedy-global-023"", ""greedy-single-1""], [""greedy-global-023"", ""optimal-pair-01""]]","[""greedy-global-023"", ""optimal-pair-01""]","[""greedy-global-023"", ""greedy-single-1""]",True,True,True,False,False,False,0
h10-c3:protocol_validation:timeseries-sensors:00615,timeseries-sensors,S3,node_down_edge_up,0.8,1.2,1.0,c60cd577702f6b231f4cdee85fa6a739b34f7a9d5786b7addd1b915eb6575694,"[[""greedy-global-023"", ""greedy-single-1""], [""greedy-global-023"", ""optimal-pair-01""]]","[""greedy-global-023"", ""optimal-pair-01""]","[""greedy-global-023"", ""greedy-single-1""]",True,True,True,False,True,False,0
h10-c3:protocol_validation:timeseries-sensors:00616,timeseries-sensors,S4,node_down_edge_up,0.8,1.2,1.0,a901a69fd30869489571b8fa186f723cf2aead7e088dae5a80b39a02fccea052,"[[""alternative-global-a""]]","[""alternative-global-a""]","[""greedy-global-023"", ""greedy-single-1""]",True,False,True,False,True,False,0
h10-c3:protocol_validation:timeseries-sensors:00617,timeseries-sensors,S4,node_down_edge_up,0.8,1.2,1.0,a901a69fd30869489571b8fa186f723cf2aead7e088dae5a80b39a02fccea052,"[[""alternative-global-a""]]","[""alternative-global-a""]","[""greedy-global-023"", ""greedy-single-1""]",True,False,True,False,True,False,0
h10-c3:protocol_validation:timeseries-sensors:00618,timeseries-sensors,S5,node_down_edge_up,0.8,1.2,1.0,bd7fb907e7e2cdd46c7952fd5fae2bdf556ea7bb275b39286e941894f575ed68,"[[""fallback-known-4"", ""greedy-global-023"", ""greedy-single-1""], [""fallback-known-4"", ""greedy-global-023"", ""optimal-pair-01""]]","[""fallback-known-4"", ""greedy-global-023"", ""optimal-pair-01""]","[""fallback-known-4"", ""greedy-global-023"", ""greedy-single-1""]",True,True,True,False,False,False,0
h10-c3:protocol_validation:timeseries-sensors:00619,timeseries-sensors,S5,node_down_edge_up,0.8,1.2,1.0,bd7fb907e7e2cdd46c7952fd5fae2bdf556ea7bb275b39286e941894f575ed68,"[[""fallback-known-4"", ""greedy-global-023"", ""greedy-single-1""], [""fallback-known-4"", ""greedy-global-023"", ""optimal-pair-01""]]","[""fallback-known-4"", ""greedy-global-023"", ""optimal-pair-01""]","[""fallback-known-4"", ""greedy-global-023"", ""greedy-single-1""]",True,True,True,False,False,False,0
h10-c3:protocol_validation:timeseries-sensors:00620,timeseries-sensors,S1,node_down_edge_up,0.8,1.2,1.0,23a2f2432248979df7ec3d38fd04cf52953feb94492856e11b21651960a1a6e7,"[[""direct-0""]]","[""direct-0""]","[""direct-0""]",True,True,True,True,True,False,0
h10-c3:protocol_validation:timeseries-sensors:00621,timeseries-sensors,S2,node_down_edge_up,0.8,1.2,1.0,75b1192affd971d791cacd2f07e33f4304add866ddacbf84015578105ab376c9,"[[""direct-0"", ""direct-1"", ""direct-2"", ""direct-3""]]","[""direct-0"", ""direct-1"", ""direct-2"", ""direct-3""]","[""direct-0"", ""direct-1"", ""direct-2"", ""direct-3""]",True,True,True,True,True,False,0
h10-c3:protocol_validation:timeseries-sensors:00622,timeseries-sensors,S2,node_down_edge_up,0.8,1.2,1.0,75b1192affd971d791cacd2f07e33f4304add866ddacbf84015578105ab376c9,"[[""direct-0"", ""direct-1"", ""direct-2"", ""direct-3""]]","[""direct-0"", ""direct-1"", ""direct-2"", ""direct-3""]","[""direct-0"", ""direct-1"", ""direct-2"", ""direct-3""]",True,True,True,True,True,False,0
h10-c3:protocol_validation:timeseries-sensors:00623,timeseries-sensors,S3,node_down_edge_up,0.8,1.2,1.0,c60cd577702f6b231f4cdee85fa6a739b34f7a9d5786b7addd1b915eb6575694,"[[""greedy-global-023"", ""greedy-single-1""], [""greedy-global-023"", ""optimal-pair-01""]]","[""greedy-global-023"", ""optimal-pair-01""]","[""greedy-global-023"", ""greedy-single-1""]",True,True,True,False,True,False,0
h10-c3:protocol_validation:timeseries-sensors:00624,timeseries-sensors,S3,node_down_edge_up,0.8,1.2,1.0,c60cd577702f6b231f4cdee85fa6a739b34f7a9d5786b7addd1b915eb6575694,"[[""greedy-global-023"", ""greedy-single-1""], [""greedy-global-023"", ""optimal-pair-01""]]","[""greedy-global-023"", ""optimal-pair-01""]","[""greedy-global-023"", ""greedy-single-1""]",True,True,True,False,False,False,0
h10-c3:protocol_validation:timeseries-sensors:00625,timeseries-sensors,S3,node_down_edge_up,0.8,1.2,1.0,c60cd577702f6b231f4cdee85fa6a739b34f7a9d5786b7addd1b915eb6575694,"[[""greedy-global-023"", ""greedy-single-1""], [""greedy-global-023"", ""optimal-pair-01""]]","[""greedy-global-023"", ""optimal-pair-01""]","[""greedy-global-023"", ""greedy-single-1""]",True,True,True,False,True,False,0
h10-c3:protocol_validation:timeseries-sensors:00626,timeseries-sensors,S4,node_down_edge_up,0.8,1.2,1.0,a901a69fd30869489571b8fa186f723cf2aead7e088dae5a80b39a02fccea052,"[[""alternative-global-a""]]","[""alternative-global-a""]","[""greedy-global-023"", ""greedy-single-1""]",True,False,True,False,True,False,0
h10-c3:protocol_validation:timeseries-sensors:00627,timeseries-sensors,S4,node_down_edge_up,0.8,1.2,1.0,a901a69fd30869489571b8fa186f723cf2aead7e088dae5a80b39a02fccea052,"[[""alternative-global-a""]]","[""alternative-global-a""]","[""greedy-global-023"", ""greedy-single-1""]",True,False,True,False,True,False,0
h10-c3:protocol_validation:timeseries-sensors:00628,timeseries-sensors,S5,node_down_edge_up,0.8,1.2,1.0,bd7fb907e7e2cdd46c7952fd5fae2bdf556ea7bb275b39286e941894f575ed68,"[[""fallback-known-4"", ""greedy-global-023"", ""greedy-single-1""], [""fallback-known-4"", ""greedy-global-023"", ""optimal-pair-01""]]","[""fallback-known-4"", ""greedy-global-023"", ""optimal-pair-01""]","[""fallback-known-4"", ""greedy-global-023"", ""greedy-single-1""]",True,True,True,False,False,False,0
h10-c3:protocol_validation:timeseries-sensors:00629,timeseries-sensors,S5,node_down_edge_up,0.8,1.2,1.0,bd7fb907e7e2cdd46c7952fd5fae2bdf556ea7bb275b39286e941894f575ed68,[],[],"[""greedy-global-023"", ""greedy-single-1""]",False,False,False,False,False,False,0
h10-c3:protocol_validation:timeseries-sensors:00630,timeseries-sensors,S1,node_down_edge_up,0.8,1.2,1.0,23a2f2432248979df7ec3d38fd04cf52953feb94492856e11b21651960a1a6e7,"[[""direct-0""]]","[""direct-0""]","[""direct-0""]",True,True,True,True,True,False,0
h10-c3:protocol_validation:timeseries-sensors:00631,timeseries-sensors,S2,node_down_edge_up,0.8,1.2,1.0,75b1192affd971d791cacd2f07e33f4304add866ddacbf84015578105ab376c9,"[[""direct-0"", ""direct-1"", ""direct-2"", ""direct-3""]]","[""direct-0"", ""direct-1"", ""direct-2"", ""direct-3""]","[""direct-0"", ""direct-1"", ""direct-2"", ""direct-3""]",True,True,True,True,True,False,0
h10-c3:protocol_validation:timeseries-sensors:00632,timeseries-sensors,S2,node_down_edge_up,0.8,1.2,1.0,75b1192affd971d791cacd2f07e33f4304add866ddacbf84015578105ab376c9,"[[""direct-0"", ""direct-1"", ""direct-2"", ""direct-3""]]","[""direct-0"", ""direct-1"", ""direct-2"", ""direct-3""]","[""direct-0"", ""direct-1"", ""direct-2"", ""direct-3""]",True,True,True,True,True,False,0
h10-c3:protocol_validation:timeseries-sensors:00633,timeseries-sensors,S3,node_down_edge_up,0.8,1.2,1.0,c60cd577702f6b231f4cdee85fa6a739b34f7a9d5786b7addd1b915eb6575694,"[[""greedy-global-023"", ""greedy-single-1""], [""greedy-global-023"", ""optimal-pair-01""]]","[""greedy-global-023"", ""optimal-pair-01""]","[""greedy-global-023"", ""greedy-single-1""]",True,True,True,False,True,False,0
h10-c3:protocol_validation:timeseries-sensors:00634,timeseries-sensors,S3,node_down_edge_up,0.8,1.2,1.0,c60cd577702f6b231f4cdee85fa6a739b34f7a9d5786b7addd1b915eb6575694,"[[""greedy-global-023"", ""greedy-single-1""], [""greedy-global-023"", ""optimal-pair-01""]]","[""greedy-global-023"", ""optimal-pair-01""]","[""greedy-global-023"", ""greedy-single-1""]",True,True,True,False,False,False,0
h10-c3:protocol_validation:timeseries-sensors:00635,timeseries-sensors,S3,node_down_edge_up,0.8,1.2,1.0,c60cd577702f6b231f4cdee85fa6a739b34f7a9d5786b7addd1b915eb6575694,"[[""greedy-global-023"", ""greedy-single-1""], [""greedy-global-023"", ""optimal-pair-01""]]","[""greedy-global-023"", ""optimal-pair-01""]","[""greedy-global-023"", ""greedy-single-1""]",True,True,True,False,True,False,0
h10-c3:protocol_validation:timeseries-sensors:00636,timeseries-sensors,S4,node_down_edge_up,0.8,1.2,1.0,a901a69fd30869489571b8fa186f723cf2aead7e088dae5a80b39a02fccea052,"[[""alternative-global-a""]]","[""alternative-global-a""]","[""greedy-global-023"", ""greedy-single-1""]",True,False,True,False,True,False,0
h10-c3:protocol_validation:timeseries-sensors:00637,timeseries-sensors,S4,node_down_edge_up,0.8,1.2,1.0,a901a69fd30869489571b8fa186f723cf2aead7e088dae5a80b39a02fccea052,"[[""alternative-global-a""]]","[""alternative-global-a""]","[""greedy-global-023"", ""greedy-single-1""]",True,False,True,False,True,False,0
h10-c3:protocol_validation:timeseries-sensors:00638,timeseries-sensors,S5,node_down_edge_up,0.8,1.2,1.0,bd7fb907e7e2cdd46c7952fd5fae2bdf556ea7bb275b39286e941894f575ed68,"[[""fallback-known-4"", ""greedy-global-023"", ""greedy-single-1""], [""fallback-known-4"", ""greedy-global-023"", ""optimal-pair-01""]]","[""fallback-known-4"", ""greedy-global-023"", ""optimal-pair-01""]","[""fallback-known-4"", ""greedy-global-023"", ""greedy-single-1""]",True,True,True,False,False,False,0
h10-c3:protocol_validation:timeseries-sensors:00639,timeseries-sensors,S5,node_down_edge_up,0.8,1.2,1.0,bd7fb907e7e2cdd46c7952fd5fae2bdf556ea7bb275b39286e941894f575ed68,"[[""fallback-known-4"", ""greedy-global-023"", ""greedy-single-1""], [""fallback-known-4"", ""greedy-global-023"", ""optimal-pair-01""]]","[""fallback-known-4"", ""greedy-global-023"", ""optimal-pair-01""]","[""fallback-known-4"", ""greedy-global-023"", ""greedy-single-1""]",True,True,True,False,False,False,0
h10-c3:protocol_validation:timeseries-sensors:00640,timeseries-sensors,S1,node_down_edge_up,0.8,1.2,1.0,23a2f2432248979df7ec3d38fd04cf52953feb94492856e11b21651960a1a6e7,"[[""direct-0""]]","[""direct-0""]","[""direct-0""]",True,True,True,True,True,False,0
h10-c3:protocol_validation:timeseries-sensors:00641,timeseries-sensors,S2,node_down_edge_up,0.8,1.2,1.0,75b1192affd971d791cacd2f07e33f4304add866ddacbf84015578105ab376c9,"[[""direct-0"", ""direct-1"", ""direct-2"", ""direct-3""]]","[""direct-0"", ""direct-1"", ""direct-2"", ""direct-3""]","[""direct-0"", ""direct-1"", ""direct-2"", ""direct-3""]",True,True,True,True,True,False,0
h10-c3:protocol_validation:timeseries-sensors:00642,timeseries-sensors,S2,node_down_edge_up,0.8,1.2,1.0,75b1192affd971d791cacd2f07e33f4304add866ddacbf84015578105ab376c9,"[[""direct-0"", ""direct-1"", ""direct-2"", ""direct-3""]]","[""direct-0"", ""direct-1"", ""direct-2"", ""direct-3""]","[""direct-0"", ""direct-1"", ""direct-2"", ""direct-3""]",True,True,True,True,True,False,0
h10-c3:protocol_validation:timeseries-sensors:00643,timeseries-sensors,S3,node_down_edge_up,0.8,1.2,1.0,c60cd577702f6b231f4cdee85fa6a739b34f7a9d5786b7addd1b915eb6575694,"[[""greedy-global-023"", ""greedy-single-1""], [""greedy-global-023"", ""optimal-pair-01""]]","[""greedy-global-023"", ""optimal-pair-01""]","[""greedy-global-023"", ""greedy-single-1""]",True,True,True,False,True,False,0
h10-c3:protocol_validation:timeseries-sensors:00644,timeseries-sensors,S3,node_down_edge_up,0.8,1.2,1.0,c60cd577702f6b231f4cdee85fa6a739b34f7a9d5786b7addd1b915eb6575694,"[[""greedy-global-023"", ""greedy-single-1""], [""greedy-global-023"", ""optimal-pair-01""]]","[""greedy-global-023"", ""optimal-pair-01""]","[""greedy-global-023"", ""greedy-single-1""]",True,True,True,False,False,False,0
h10-c3:protocol_validation:timeseries-sensors:00645,timeseries-sensors,S3,node_down_edge_up,0.8,1.2,1.0,c60cd577702f6b231f4cdee85fa6a739b34f7a9d5786b7addd1b915eb6575694,"[[""greedy-global-023"", ""greedy-single-1""], [""greedy-global-023"", ""optimal-pair-01""]]","[""greedy-global-023"", ""optimal-pair-01""]","[""greedy-global-023"", ""greedy-single-1""]",True,True,True,False,True,False,0
h10-c3:protocol_validation:timeseries-sensors:00646,timeseries-sensors,S4,node_down_edge_up,0.8,1.2,1.0,a901a69fd30869489571b8fa186f723cf2aead7e088dae5a80b39a02fccea052,"[[""alternative-global-a""]]","[""alternative-global-a""]","[""greedy-global-023"", ""greedy-single-1""]",True,False,True,False,True,False,0
h10-c3:protocol_validation:timeseries-sensors:00647,timeseries-sensors,S4,node_down_edge_up,0.8,1.2,1.0,a901a69fd30869489571b8fa186f723cf2aead7e088dae5a80b39a02fccea052,"[[""alternative-global-a""]]","[""alternative-global-a""]","[""greedy-global-023"", ""greedy-single-1""]",True,False,True,False,True,False,0
h10-c3:protocol_validation:timeseries-sensors:00648,timeseries-sensors,S5,node_down_edge_up,0.8,1.2,1.0,bd7fb907e7e2cdd46c7952fd5fae2bdf556ea7bb275b39286e941894f575ed68,"[[""fallback-known-4"", ""greedy-global-023"", ""greedy-single-1""], [""fallback-known-4"", ""greedy-global-023"", ""optimal-pair-01""]]","[""fallback-known-4"", ""greedy-global-023"", ""optimal-pair-01""]","[""fallback-known-4"", ""greedy-global-023"", ""greedy-single-1""]",True,True,True,False,False,False,0
h10-c3:protocol_validation:timeseries-sensors:00649,timeseries-sensors,S5,node_down_edge_up,0.8,1.2,1.0,bd7fb907e7e2cdd46c7952fd5fae2bdf556ea7bb275b39286e941894f575ed68,"[[""fallback-known-4"", ""greedy-global-023"", ""greedy-single-1""], [""fallback-known-4"", ""greedy-global-023"", ""optimal-pair-01""]]","[""fallback-known-4"", ""greedy-global-023"", ""optimal-pair-01""]","[""fallback-known-4"", ""greedy-global-023"", ""greedy-single-1""]",True,True,True,False,False,False,0
h10-c3:protocol_validation:timeseries-sensors:00650,timeseries-sensors,S1,node_down_edge_up,0.8,1.2,1.0,23a2f2432248979df7ec3d38fd04cf52953feb94492856e11b21651960a1a6e7,"[[""direct-0""]]","[""direct-0""]","[""direct-0""]",True,True,True,True,True,False,0
h10-c3:protocol_validation:timeseries-sensors:00651,timeseries-sensors,S2,node_down_edge_up,0.8,1.2,1.0,75b1192affd971d791cacd2f07e33f4304add866ddacbf84015578105ab376c9,"[[""direct-0"", ""direct-1"", ""direct-2"", ""direct-3""]]","[""direct-0"", ""direct-1"", ""direct-2"", ""direct-3""]","[""direct-0"", ""direct-1"", ""direct-2"", ""direct-3""]",True,True,True,True,True,False,0
h10-c3:protocol_validation:timeseries-sensors:00652,timeseries-sensors,S2,node_down_edge_up,0.8,1.2,1.0,75b1192affd971d791cacd2f07e33f4304add866ddacbf84015578105ab376c9,"[[""direct-0"", ""direct-1"", ""direct-2"", ""direct-3""]]","[""direct-0"", ""direct-1"", ""direct-2"", ""direct-3""]","[""direct-0"", ""direct-1"", ""direct-2"", ""direct-3""]",True,True,True,True,True,False,0
h10-c3:protocol_validation:timeseries-sensors:00653,timeseries-sensors,S3,node_down_edge_up,0.8,1.2,1.0,c60cd577702f6b231f4cdee85fa6a739b34f7a9d5786b7addd1b915eb6575694,"[[""greedy-global-023"", ""greedy-single-1""], [""greedy-global-023"", ""optimal-pair-01""]]","[""greedy-global-023"", ""optimal-pair-01""]","[""greedy-global-023"", ""greedy-single-1""]",True,True,True,False,True,False,0
h10-c3:protocol_validation:timeseries-sensors:00654,timeseries-sensors,S3,node_down_edge_up,0.8,1.2,1.0,c60cd577702f6b231f4cdee85fa6a739b34f7a9d5786b7addd1b915eb6575694,"[[""greedy-global-023"", ""greedy-single-1""], [""greedy-global-023"", ""optimal-pair-01""]]","[""greedy-global-023"", ""optimal-pair-01""]","[""greedy-global-023"", ""greedy-single-1""]",True,True,True,False,False,False,0
h10-c3:protocol_validation:timeseries-sensors:00655,timeseries-sensors,S3,node_down_edge_up,0.8,1.2,1.0,c60cd577702f6b231f4cdee85fa6a739b34f7a9d5786b7addd1b915eb6575694,"[[""greedy-global-023"", ""greedy-single-1""], [""greedy-global-023"", ""optimal-pair-01""]]","[""greedy-global-023"", ""optimal-pair-01""]","[""greedy-global-023"", ""greedy-single-1""]",True,True,True,False,True,False,0
h10-c3:protocol_validation:timeseries-sensors:00656,timeseries-sensors,S4,node_down_edge_up,0.8,1.2,1.0,a901a69fd30869489571b8fa186f723cf2aead7e088dae5a80b39a02fccea052,"[[""alternative-global-a""]]","[""alternative-global-a""]","[""greedy-global-023"", ""greedy-single-1""]",True,False,True,False,True,False,0
h10-c3:protocol_validation:timeseries-sensors:00657,timeseries-sensors,S4,node_down_edge_up,0.8,1.2,1.0,a901a69fd30869489571b8fa186f723cf2aead7e088dae5a80b39a02fccea052,"[[""alternative-global-a""]]","[""alternative-global-a""]","[""greedy-global-023"", ""greedy-single-1""]",True,False,True,False,True,False,0
h10-c3:protocol_validation:timeseries-sensors:00658,timeseries-sensors,S5,node_down_edge_up,0.8,1.2,1.0,bd7fb907e7e2cdd46c7952fd5fae2bdf556ea7bb275b39286e941894f575ed68,[],[],"[""greedy-global-023"", ""greedy-single-1""]",False,False,False,False,False,False,0
h10-c3:protocol_validation:timeseries-sensors:00659,timeseries-sensors,S5,node_down_edge_up,0.8,1.2,1.0,bd7fb907e7e2cdd46c7952fd5fae2bdf556ea7bb275b39286e941894f575ed68,"[[""fallback-known-4"", ""greedy-global-023"", ""greedy-single-1""], [""fallback-known-4"", ""greedy-global-023"", ""optimal-pair-01""]]","[""fallback-known-4"", ""greedy-global-023"", ""optimal-pair-01""]","[""fallback-known-4"", ""greedy-global-023"", ""greedy-single-1""]",True,True,True,False,False,False,0
h10-c3:protocol_validation:timeseries-sensors:00660,timeseries-sensors,S1,node_down_edge_up,0.8,1.2,1.0,23a2f2432248979df7ec3d38fd04cf52953feb94492856e11b21651960a1a6e7,"[[""direct-0""]]","[""direct-0""]","[""direct-0""]",True,True,True,True,True,False,0
h10-c3:protocol_validation:timeseries-sensors:00661,timeseries-sensors,S2,node_down_edge_up,0.8,1.2,1.0,75b1192affd971d791cacd2f07e33f4304add866ddacbf84015578105ab376c9,"[[""direct-0"", ""direct-1"", ""direct-2"", ""direct-3""]]","[""direct-0"", ""direct-1"", ""direct-2"", ""direct-3""]","[""direct-0"", ""direct-1"", ""direct-2"", ""direct-3""]",True,True,True,True,True,False,0
h10-c3:protocol_validation:timeseries-sensors:00662,timeseries-sensors,S2,node_down_edge_up,0.8,1.2,1.0,75b1192affd971d791cacd2f07e33f4304add866ddacbf84015578105ab376c9,"[[""direct-0"", ""direct-1"", ""direct-2"", ""direct-3""]]","[""direct-0"", ""direct-1"", ""direct-2"", ""direct-3""]","[""direct-0"", ""direct-1"", ""direct-2"", ""direct-3""]",True,True,True,True,True,False,0
h10-c3:protocol_validation:timeseries-sensors:00663,timeseries-sensors,S3,node_down_edge_up,0.8,1.2,1.0,c60cd577702f6b231f4cdee85fa6a739b34f7a9d5786b7addd1b915eb6575694,"[[""greedy-global-023"", ""greedy-single-1""], [""greedy-global-023"", ""optimal-pair-01""]]","[""greedy-global-023"", ""optimal-pair-01""]","[""greedy-global-023"", ""greedy-single-1""]",True,True,True,False,True,False,0
h10-c3:protocol_validation:timeseries-sensors:00664,timeseries-sensors,S3,node_down_edge_up,0.8,1.2,1.0,c60cd577702f6b231f4cdee85fa6a739b34f7a9d5786b7addd1b915eb6575694,"[[""greedy-global-023"", ""greedy-single-1""], [""greedy-global-023"", ""optimal-pair-01""]]","[""greedy-global-023"", ""optimal-pair-01""]","[""greedy-global-023"", ""greedy-single-1""]",True,True,True,False,False,False,0
h10-c3:protocol_validation:timeseries-sensors:00665,timeseries-sensors,S3,node_down_edge_up,0.8,1.2,1.0,c60cd577702f6b231f4cdee85fa6a739b34f7a9d5786b7addd1b915eb6575694,"[[""greedy-global-023"", ""greedy-single-1""], [""greedy-global-023"", ""optimal-pair-01""]]","[""greedy-global-023"", ""optimal-pair-01""]","[""greedy-global-023"", ""greedy-single-1""]",True,True,True,False,True,False,0
h10-c3:protocol_validation:timeseries-sensors:00666,timeseries-sensors,S4,node_down_edge_up,0.8,1.2,1.0,a901a69fd30869489571b8fa186f723cf2aead7e088dae5a80b39a02fccea052,"[[""alternative-global-a""]]","[""alternative-global-a""]","[""greedy-global-023"", ""greedy-single-1""]",True,False,True,False,True,False,0
h10-c3:protocol_validation:timeseries-sensors:00667,timeseries-sensors,S4,node_down_edge_up,0.8,1.2,1.0,a901a69fd30869489571b8fa186f723cf2aead7e088dae5a80b39a02fccea052,"[[""alternative-global-a""]]","[""alternative-global-a""]","[""greedy-global-023"", ""greedy-single-1""]",True,False,True,False,True,False,0
h10-c3:protocol_validation:timeseries-sensors:00668,timeseries-sensors,S5,node_down_edge_up,0.8,1.2,1.0,bd7fb907e7e2cdd46c7952fd5fae2bdf556ea7bb275b39286e941894f575ed68,"[[""fallback-known-4"", ""greedy-global-023"", ""greedy-single-1""], [""fallback-known-4"", ""greedy-global-023"", ""optimal-pair-01""]]","[""fallback-known-4"", ""greedy-global-023"", ""optimal-pair-01""]","[""fallback-known-4"", ""greedy-global-023"", ""greedy-single-1""]",True,True,True,False,False,False,0
h10-c3:protocol_validation:timeseries-sensors:00669,timeseries-sensors,S5,node_down_edge_up,0.8,1.2,1.0,bd7fb907e7e2cdd46c7952fd5fae2bdf556ea7bb275b39286e941894f575ed68,"[[""fallback-known-4"", ""greedy-global-023"", ""greedy-single-1""], [""fallback-known-4"", ""greedy-global-023"", ""optimal-pair-01""]]","[""fallback-known-4"", ""greedy-global-023"", ""optimal-pair-01""]","[""fallback-known-4"", ""greedy-global-023"", ""greedy-single-1""]",True,True,True,False,False,False,0
h10-c3:protocol_validation:timeseries-sensors:00670,timeseries-sensors,S1,node_down_edge_up,0.8,1.2,1.0,23a2f2432248979df7ec3d38fd04cf52953feb94492856e11b21651960a1a6e7,"[[""direct-0""]]","[""direct-0""]","[""direct-0""]",True,True,True,True,True,False,0
h10-c3:protocol_validation:timeseries-sensors:00671,timeseries-sensors,S2,node_down_edge_up,0.8,1.2,1.0,75b1192affd971d791cacd2f07e33f4304add866ddacbf84015578105ab376c9,"[[""direct-0"", ""direct-1"", ""direct-2"", ""direct-3""]]","[""direct-0"", ""direct-1"", ""direct-2"", ""direct-3""]","[""direct-0"", ""direct-1"", ""direct-2"", ""direct-3""]",True,True,True,True,True,False,0
h10-c3:protocol_validation:timeseries-sensors:00672,timeseries-sensors,S2,node_down_edge_up,0.8,1.2,1.0,75b1192affd971d791cacd2f07e33f4304add866ddacbf84015578105ab376c9,"[[""direct-0"", ""direct-1"", ""direct-2"", ""direct-3""]]","[""direct-0"", ""direct-1"", ""direct-2"", ""direct-3""]","[""direct-0"", ""direct-1"", ""direct-2"", ""direct-3""]",True,True,True,True,True,False,0
h10-c3:protocol_validation:timeseries-sensors:00673,timeseries-sensors,S3,node_down_edge_up,0.8,1.2,1.0,c60cd577702f6b231f4cdee85fa6a739b34f7a9d5786b7addd1b915eb6575694,"[[""greedy-global-023"", ""greedy-single-1""], [""greedy-global-023"", ""optimal-pair-01""]]","[""greedy-global-023"", ""optimal-pair-01""]","[""greedy-global-023"", ""greedy-single-1""]",True,True,True,False,True,False,0
h10-c3:protocol_validation:timeseries-sensors:00674,timeseries-sensors,S3,node_down_edge_up,0.8,1.2,1.0,c60cd577702f6b231f4cdee85fa6a739b34f7a9d5786b7addd1b915eb6575694,"[[""greedy-global-023"", ""greedy-single-1""], [""greedy-global-023"", ""optimal-pair-01""]]","[""greedy-global-023"", ""optimal-pair-01""]","[""greedy-global-023"", ""greedy-single-1""]",True,True,True,False,False,False,0
h10-c3:protocol_validation:timeseries-sensors:00675,timeseries-sensors,S3,node_down_edge_up,0.8,1.2,1.0,c60cd577702f6b231f4cdee85fa6a739b34f7a9d5786b7addd1b915eb6575694,"[[""greedy-global-023"", ""greedy-single-1""], [""greedy-global-023"", ""optimal-pair-01""]]","[""greedy-global-023"", ""optimal-pair-01""]","[""greedy-global-023"", ""greedy-single-1""]",True,True,True,False,True,False,0
h10-c3:protocol_validation:timeseries-sensors:00676,timeseries-sensors,S4,node_down_edge_up,0.8,1.2,1.0,a901a69fd30869489571b8fa186f723cf2aead7e088dae5a80b39a02fccea052,"[[""alternative-global-a""]]","[""alternative-global-a""]","[""greedy-global-023"", ""greedy-single-1""]",True,False,True,False,True,False,0
h10-c3:protocol_validation:timeseries-sensors:00677,timeseries-sensors,S4,node_down_edge_up,0.8,1.2,1.0,a901a69fd30869489571b8fa186f723cf2aead7e088dae5a80b39a02fccea052,"[[""alternative-global-a""]]","[""alternative-global-a""]","[""greedy-global-023"", ""greedy-single-1""]",True,False,True,False,True,False,0
h10-c3:protocol_validation:timeseries-sensors:00678,timeseries-sensors,S5,node_down_edge_up,0.8,1.2,1.0,bd7fb907e7e2cdd46c7952fd5fae2bdf556ea7bb275b39286e941894f575ed68,"[[""fallback-known-4"", ""greedy-global-023"", ""greedy-single-1""], [""fallback-known-4"", ""greedy-global-023"", ""optimal-pair-01""]]","[""fallback-known-4"", ""greedy-global-023"", ""optimal-pair-01""]","[""fallback-known-4"", ""greedy-global-023"", ""greedy-single-1""]",True,True,True,False,False,False,0
h10-c3:protocol_validation:timeseries-sensors:00679,timeseries-sensors,S5,node_down_edge_up,0.8,1.2,1.0,bd7fb907e7e2cdd46c7952fd5fae2bdf556ea7bb275b39286e941894f575ed68,[],[],"[""greedy-global-023"", ""greedy-single-1""]",False,False,False,False,False,False,0
h10-c3:protocol_validation:timeseries-sensors:00680,timeseries-sensors,S1,node_down_edge_up,0.8,1.2,1.0,23a2f2432248979df7ec3d38fd04cf52953feb94492856e11b21651960a1a6e7,"[[""direct-0""]]","[""direct-0""]","[""direct-0""]",True,True,True,True,True,False,0
h10-c3:protocol_validation:timeseries-sensors:00681,timeseries-sensors,S2,node_down_edge_up,0.8,1.2,1.0,75b1192affd971d791cacd2f07e33f4304add866ddacbf84015578105ab376c9,"[[""direct-0"", ""direct-1"", ""direct-2"", ""direct-3""]]","[""direct-0"", ""direct-1"", ""direct-2"", ""direct-3""]","[""direct-0"", ""direct-1"", ""direct-2"", ""direct-3""]",True,True,True,True,True,False,0
h10-c3:protocol_validation:timeseries-sensors:00682,timeseries-sensors,S2,node_down_edge_up,0.8,1.2,1.0,75b1192affd971d791cacd2f07e33f4304add866ddacbf84015578105ab376c9,"[[""direct-0"", ""direct-1"", ""direct-2"", ""direct-3""]]","[""direct-0"", ""direct-1"", ""direct-2"", ""direct-3""]","[""direct-0"", ""direct-1"", ""direct-2"", ""direct-3""]",True,True,True,True,True,False,0
h10-c3:protocol_validation:timeseries-sensors:00683,timeseries-sensors,S3,node_down_edge_up,0.8,1.2,1.0,c60cd577702f6b231f4cdee85fa6a739b34f7a9d5786b7addd1b915eb6575694,"[[""greedy-global-023"", ""greedy-single-1""], [""greedy-global-023"", ""optimal-pair-01""]]","[""greedy-global-023"", ""optimal-pair-01""]","[""greedy-global-023"", ""greedy-single-1""]",True,True,True,False,True,False,0
h10-c3:protocol_validation:timeseries-sensors:00684,timeseries-sensors,S3,node_down_edge_up,0.8,1.2,1.0,c60cd577702f6b231f4cdee85fa6a739b34f7a9d5786b7addd1b915eb6575694,"[[""greedy-global-023"", ""greedy-single-1""], [""greedy-global-023"", ""optimal-pair-01""]]","[""greedy-global-023"", ""optimal-pair-01""]","[""greedy-global-023"", ""greedy-single-1""]",True,True,True,False,False,False,0
h10-c3:protocol_validation:timeseries-sensors:00685,timeseries-sensors,S3,node_down_edge_up,0.8,1.2,1.0,c60cd577702f6b231f4cdee85fa6a739b34f7a9d5786b7addd1b915eb6575694,"[[""greedy-global-023"", ""greedy-single-1""], [""greedy-global-023"", ""optimal-pair-01""]]","[""greedy-global-023"", ""optimal-pair-01""]","[""greedy-global-023"", ""greedy-single-1""]",True,True,True,False,True,False,0
h10-c3:protocol_validation:timeseries-sensors:00686,timeseries-sensors,S4,node_down_edge_up,0.8,1.2,1.0,a901a69fd30869489571b8fa186f723cf2aead7e088dae5a80b39a02fccea052,"[[""alternative-global-a""]]","[""alternative-global-a""]","[""greedy-global-023"", ""greedy-single-1""]",True,False,True,False,True,False,0
h10-c3:protocol_validation:timeseries-sensors:00687,timeseries-sensors,S4,node_down_edge_up,0.8,1.2,1.0,a901a69fd30869489571b8fa186f723cf2aead7e088dae5a80b39a02fccea052,"[[""alternative-global-a""]]","[""alternative-global-a""]","[""greedy-global-023"", ""greedy-single-1""]",True,False,True,False,True,False,0
h10-c3:protocol_validation:timeseries-sensors:00688,timeseries-sensors,S5,node_down_edge_up,0.8,1.2,1.0,bd7fb907e7e2cdd46c7952fd5fae2bdf556ea7bb275b39286e941894f575ed68,"[[""fallback-known-4"", ""greedy-global-023"", ""greedy-single-1""], [""fallback-known-4"", ""greedy-global-023"", ""optimal-pair-01""]]","[""fallback-known-4"", ""greedy-global-023"", ""optimal-pair-01""]","[""fallback-known-4"", ""greedy-global-023"", ""greedy-single-1""]",True,True,True,False,False,False,0
h10-c3:protocol_validation:timeseries-sensors:00689,timeseries-sensors,S5,node_down_edge_up,0.8,1.2,1.0,bd7fb907e7e2cdd46c7952fd5fae2bdf556ea7bb275b39286e941894f575ed68,"[[""fallback-known-4"", ""greedy-global-023"", ""greedy-single-1""], [""fallback-known-4"", ""greedy-global-023"", ""optimal-pair-01""]]","[""fallback-known-4"", ""greedy-global-023"", ""optimal-pair-01""]","[""fallback-known-4"", ""greedy-global-023"", ""greedy-single-1""]",True,True,True,False,False,False,0
h10-c3:protocol_validation:timeseries-sensors:00690,timeseries-sensors,S1,node_down_edge_up,0.8,1.2,1.0,23a2f2432248979df7ec3d38fd04cf52953feb94492856e11b21651960a1a6e7,"[[""direct-0""]]","[""direct-0""]","[""direct-0""]",True,True,True,True,True,False,0
h10-c3:protocol_validation:timeseries-sensors:00691,timeseries-sensors,S2,node_down_edge_up,0.8,1.2,1.0,75b1192affd971d791cacd2f07e33f4304add866ddacbf84015578105ab376c9,"[[""direct-0"", ""direct-1"", ""direct-2"", ""direct-3""]]","[""direct-0"", ""direct-1"", ""direct-2"", ""direct-3""]","[""direct-0"", ""direct-1"", ""direct-2"", ""direct-3""]",True,True,True,True,True,False,0
h10-c3:protocol_validation:timeseries-sensors:00692,timeseries-sensors,S2,node_down_edge_up,0.8,1.2,1.0,75b1192affd971d791cacd2f07e33f4304add866ddacbf84015578105ab376c9,"[[""direct-0"", ""direct-1"", ""direct-2"", ""direct-3""]]","[""direct-0"", ""direct-1"", ""direct-2"", ""direct-3""]","[""direct-0"", ""direct-1"", ""direct-2"", ""direct-3""]",True,True,True,True,True,False,0
h10-c3:protocol_validation:timeseries-sensors:00693,timeseries-sensors,S3,node_down_edge_up,0.8,1.2,1.0,c60cd577702f6b231f4cdee85fa6a739b34f7a9d5786b7addd1b915eb6575694,"[[""greedy-global-023"", ""greedy-single-1""], [""greedy-global-023"", ""optimal-pair-01""]]","[""greedy-global-023"", ""optimal-pair-01""]","[""greedy-global-023"", ""greedy-single-1""]",True,True,True,False,True,False,0
h10-c3:protocol_validation:timeseries-sensors:00694,timeseries-sensors,S3,node_down_edge_up,0.8,1.2,1.0,c60cd577702f6b231f4cdee85fa6a739b34f7a9d5786b7addd1b915eb6575694,"[[""greedy-global-023"", ""greedy-single-1""], [""greedy-global-023"", ""optimal-pair-01""]]","[""greedy-global-023"", ""optimal-pair-01""]","[""greedy-global-023"", ""greedy-single-1""]",True,True,True,False,False,False,0
h10-c3:protocol_validation:timeseries-sensors:00695,timeseries-sensors,S3,node_down_edge_up,0.8,1.2,1.0,c60cd577702f6b231f4cdee85fa6a739b34f7a9d5786b7addd1b915eb6575694,"[[""greedy-global-023"", ""greedy-single-1""], [""greedy-global-023"", ""optimal-pair-01""]]","[""greedy-global-023"", ""optimal-pair-01""]","[""greedy-global-023"", ""greedy-single-1""]",True,True,True,False,True,False,0
h10-c3:protocol_validation:timeseries-sensors:00696,timeseries-sensors,S4,node_down_edge_up,0.8,1.2,1.0,a901a69fd30869489571b8fa186f723cf2aead7e088dae5a80b39a02fccea052,"[[""alternative-global-a""]]","[""alternative-global-a""]","[""greedy-global-023"", ""greedy-single-1""]",True,False,True,False,True,False,0
h10-c3:protocol_validation:timeseries-sensors:00697,timeseries-sensors,S4,node_down_edge_up,0.8,1.2,1.0,a901a69fd30869489571b8fa186f723cf2aead7e088dae5a80b39a02fccea052,"[[""alternative-global-a""]]","[""alternative-global-a""]","[""greedy-global-023"", ""greedy-single-1""]",True,False,True,False,True,False,0
h10-c3:protocol_validation:timeseries-sensors:00698,timeseries-sensors,S5,node_down_edge_up,0.8,1.2,1.0,bd7fb907e7e2cdd46c7952fd5fae2bdf556ea7bb275b39286e941894f575ed68,"[[""fallback-known-4"", ""greedy-global-023"", ""greedy-single-1""], [""fallback-known-4"", ""greedy-global-023"", ""optimal-pair-01""]]","[""fallback-known-4"", ""greedy-global-023"", ""optimal-pair-01""]","[""fallback-known-4"", ""greedy-global-023"", ""greedy-single-1""]",True,True,True,False,False,False,0
h10-c3:protocol_validation:timeseries-sensors:00699,timeseries-sensors,S5,node_down_edge_up,0.8,1.2,1.0,bd7fb907e7e2cdd46c7952fd5fae2bdf556ea7bb275b39286e941894f575ed68,"[[""fallback-known-4"", ""greedy-global-023"", ""greedy-single-1""], [""fallback-known-4"", ""greedy-global-023"", ""optimal-pair-01""]]","[""fallback-known-4"", ""greedy-global-023"", ""optimal-pair-01""]","[""fallback-known-4"", ""greedy-global-023"", ""greedy-single-1""]",True,True,True,False,False,False,0
h10-c3:protocol_validation:timeseries-sensors:00700,timeseries-sensors,S1,node_down_edge_up,0.8,1.2,1.0,23a2f2432248979df7ec3d38fd04cf52953feb94492856e11b21651960a1a6e7,"[[""direct-0""]]","[""direct-0""]","[""direct-0""]",True,True,True,True,True,False,0
h10-c3:protocol_validation:timeseries-sensors:00701,timeseries-sensors,S2,node_down_edge_up,0.8,1.2,1.0,75b1192affd971d791cacd2f07e33f4304add866ddacbf84015578105ab376c9,"[[""direct-0"", ""direct-1"", ""direct-2"", ""direct-3""]]","[""direct-0"", ""direct-1"", ""direct-2"", ""direct-3""]","[""direct-0"", ""direct-1"", ""direct-2"", ""direct-3""]",True,True,True,True,True,False,0
h10-c3:protocol_validation:timeseries-sensors:00702,timeseries-sensors,S2,node_down_edge_up,0.8,1.2,1.0,75b1192affd971d791cacd2f07e33f4304add866ddacbf84015578105ab376c9,"[[""direct-0"", ""direct-1"", ""direct-2"", ""direct-3""]]","[""direct-0"", ""direct-1"", ""direct-2"", ""direct-3""]","[""direct-0"", ""direct-1"", ""direct-2"", ""direct-3""]",True,True,True,True,True,False,0
h10-c3:protocol_validation:timeseries-sensors:00703,timeseries-sensors,S3,node_down_edge_up,0.8,1.2,1.0,c60cd577702f6b231f4cdee85fa6a739b34f7a9d5786b7addd1b915eb6575694,"[[""greedy-global-023"", ""greedy-single-1""], [""greedy-global-023"", ""optimal-pair-01""]]","[""greedy-global-023"", ""optimal-pair-01""]","[""greedy-global-023"", ""greedy-single-1""]",True,True,True,False,True,False,0
h10-c3:protocol_validation:timeseries-sensors:00704,timeseries-sensors,S3,node_down_edge_up,0.8,1.2,1.0,c60cd577702f6b231f4cdee85fa6a739b34f7a9d5786b7addd1b915eb6575694,"[[""greedy-global-023"", ""greedy-single-1""], [""greedy-global-023"", ""optimal-pair-01""]]","[""greedy-global-023"", ""optimal-pair-01""]","[""greedy-global-023"", ""greedy-single-1""]",True,True,True,False,False,False,0
h10-c3:protocol_validation:timeseries-sensors:00705,timeseries-sensors,S3,node_down_edge_up,0.8,1.2,1.0,c60cd577702f6b231f4cdee85fa6a739b34f7a9d5786b7addd1b915eb6575694,"[[""greedy-global-023"", ""greedy-single-1""], [""greedy-global-023"", ""optimal-pair-01""]]","[""greedy-global-023"", ""optimal-pair-01""]","[""greedy-global-023"", ""greedy-single-1""]",True,True,True,False,True,False,0
h10-c3:protocol_validation:timeseries-sensors:00706,timeseries-sensors,S4,node_down_edge_up,0.8,1.2,1.0,a901a69fd30869489571b8fa186f723cf2aead7e088dae5a80b39a02fccea052,"[[""alternative-global-a""]]","[""alternative-global-a""]","[""greedy-global-023"", ""greedy-single-1""]",True,False,True,False,True,False,0
h10-c3:protocol_validation:timeseries-sensors:00707,timeseries-sensors,S4,node_down_edge_up,0.8,1.2,1.0,a901a69fd30869489571b8fa186f723cf2aead7e088dae5a80b39a02fccea052,"[[""alternative-global-a""]]","[""alternative-global-a""]","[""greedy-global-023"", ""greedy-single-1""]",True,False,True,False,True,False,0
h10-c3:protocol_validation:timeseries-sensors:00708,timeseries-sensors,S5,node_down_edge_up,0.8,1.2,1.0,bd7fb907e7e2cdd46c7952fd5fae2bdf556ea7bb275b39286e941894f575ed68,[],[],"[""greedy-global-023"", ""greedy-single-1""]",False,False,False,False,False,False,0
h10-c3:protocol_validation:timeseries-sensors:00709,timeseries-sensors,S5,node_down_edge_up,0.8,1.2,1.0,bd7fb907e7e2cdd46c7952fd5fae2bdf556ea7bb275b39286e941894f575ed68,"[[""fallback-known-4"", ""greedy-global-023"", ""greedy-single-1""], [""fallback-known-4"", ""greedy-global-023"", ""optimal-pair-01""]]","[""fallback-known-4"", ""greedy-global-023"", ""optimal-pair-01""]","[""fallback-known-4"", ""greedy-global-023"", ""greedy-single-1""]",True,True,True,False,False,False,0
h10-c3:protocol_validation:timeseries-sensors:00710,timeseries-sensors,S1,node_down_edge_up,0.8,1.2,1.0,23a2f2432248979df7ec3d38fd04cf52953feb94492856e11b21651960a1a6e7,"[[""direct-0""]]","[""direct-0""]","[""direct-0""]",True,True,True,True,True,False,0
h10-c3:protocol_validation:timeseries-sensors:00711,timeseries-sensors,S2,node_down_edge_up,0.8,1.2,1.0,75b1192affd971d791cacd2f07e33f4304add866ddacbf84015578105ab376c9,"[[""direct-0"", ""direct-1"", ""direct-2"", ""direct-3""]]","[""direct-0"", ""direct-1"", ""direct-2"", ""direct-3""]","[""direct-0"", ""direct-1"", ""direct-2"", ""direct-3""]",True,True,True,True,True,False,0
h10-c3:protocol_validation:timeseries-sensors:00712,timeseries-sensors,S2,node_down_edge_up,0.8,1.2,1.0,75b1192affd971d791cacd2f07e33f4304add866ddacbf84015578105ab376c9,"[[""direct-0"", ""direct-1"", ""direct-2"", ""direct-3""]]","[""direct-0"", ""direct-1"", ""direct-2"", ""direct-3""]","[""direct-0"", ""direct-1"", ""direct-2"", ""direct-3""]",True,True,True,True,True,False,0
h10-c3:protocol_validation:timeseries-sensors:00713,timeseries-sensors,S3,node_down_edge_up,0.8,1.2,1.0,c60cd577702f6b231f4cdee85fa6a739b34f7a9d5786b7addd1b915eb6575694,"[[""greedy-global-023"", ""greedy-single-1""], [""greedy-global-023"", ""optimal-pair-01""]]","[""greedy-global-023"", ""optimal-pair-01""]","[""greedy-global-023"", ""greedy-single-1""]",True,True,True,False,True,False,0
h10-c3:protocol_validation:timeseries-sensors:00714,timeseries-sensors,S3,node_down_edge_up,0.8,1.2,1.0,c60cd577702f6b231f4cdee85fa6a739b34f7a9d5786b7addd1b915eb6575694,"[[""greedy-global-023"", ""greedy-single-1""], [""greedy-global-023"", ""optimal-pair-01""]]","[""greedy-global-023"", ""optimal-pair-01""]","[""greedy-global-023"", ""greedy-single-1""]",True,True,True,False,False,False,0
h10-c3:protocol_validation:timeseries-sensors:00715,timeseries-sensors,S3,node_down_edge_up,0.8,1.2,1.0,c60cd577702f6b231f4cdee85fa6a739b34f7a9d5786b7addd1b915eb6575694,"[[""greedy-global-023"", ""greedy-single-1""], [""greedy-global-023"", ""optimal-pair-01""]]","[""greedy-global-023"", ""optimal-pair-01""]","[""greedy-global-023"", ""greedy-single-1""]",True,True,True,False,True,False,0
h10-c3:protocol_validation:timeseries-sensors:00716,timeseries-sensors,S4,node_down_edge_up,0.8,1.2,1.0,a901a69fd30869489571b8fa186f723cf2aead7e088dae5a80b39a02fccea052,"[[""alternative-global-a""]]","[""alternative-global-a""]","[""greedy-global-023"", ""greedy-single-1""]",True,False,True,False,True,False,0
h10-c3:protocol_validation:timeseries-sensors:00717,timeseries-sensors,S4,node_down_edge_up,0.8,1.2,1.0,a901a69fd30869489571b8fa186f723cf2aead7e088dae5a80b39a02fccea052,"[[""alternative-global-a""]]","[""alternative-global-a""]","[""greedy-global-023"", ""greedy-single-1""]",True,False,True,False,True,False,0
h10-c3:protocol_validation:timeseries-sensors:00718,timeseries-sensors,S5,node_down_edge_up,0.8,1.2,1.0,bd7fb907e7e2cdd46c7952fd5fae2bdf556ea7bb275b39286e941894f575ed68,"[[""fallback-known-4"", ""greedy-global-023"", ""greedy-single-1""], [""fallback-known-4"", ""greedy-global-023"", ""optimal-pair-01""]]","[""fallback-known-4"", ""greedy-global-023"", ""optimal-pair-01""]","[""fallback-known-4"", ""greedy-global-023"", ""greedy-single-1""]",True,True,True,False,False,False,0
h10-c3:protocol_validation:timeseries-sensors:00719,timeseries-sensors,S5,node_down_edge_up,0.8,1.2,1.0,bd7fb907e7e2cdd46c7952fd5fae2bdf556ea7bb275b39286e941894f575ed68,"[[""fallback-known-4"", ""greedy-global-023"", ""greedy-single-1""], [""fallback-known-4"", ""greedy-global-023"", ""optimal-pair-01""]]","[""fallback-known-4"", ""greedy-global-023"", ""optimal-pair-01""]","[""fallback-known-4"", ""greedy-global-023"", ""greedy-single-1""]",True,True,True,False,False,False,0
h10-c3:protocol_validation:tabular-credit:00000,tabular-credit,S3,node_up_edge_down_human_up,1.2,0.8,1.2,0f474419ec65657bb2fbd8d20d4a343074c6ccc480bbe811ba8ae84a3bf746f3,"[[""optimal-pair-01"", ""optimal-pair-23""]]","[""optimal-pair-01"", ""optimal-pair-23""]","[""optimal-pair-01"", ""optimal-pair-23""]",True,True,True,False,False,False,0
h10-c3:protocol_validation:tabular-credit:00001,tabular-credit,S4,node_up_edge_down_human_up,1.2,0.8,1.2,444c0b6380640f7fcfff41d671ee0e5aa6c1d398378d4e5c1377051cdb258f6b,"[[""alternative-global-b""]]","[""alternative-global-b""]","[""optimal-pair-01"", ""optimal-pair-23""]",True,False,True,False,True,False,0
h10-c3:protocol_validation:tabular-credit:00002,tabular-credit,S4,node_up_edge_down_human_up,1.2,0.8,1.2,444c0b6380640f7fcfff41d671ee0e5aa6c1d398378d4e5c1377051cdb258f6b,"[[""alternative-global-b""]]","[""alternative-global-b""]","[""optimal-pair-01"", ""optimal-pair-23""]",True,False,True,False,True,False,0
h10-c3:protocol_validation:tabular-credit:00003,tabular-credit,S5,node_up_edge_down_human_up,1.2,0.8,1.2,e67b896b35c58d3c4d2d393cb203a6f7c0a49e77314580088f4f45ed0c7ec08c,[],[],"[""optimal-pair-01"", ""optimal-pair-23""]",False,False,False,False,False,False,0
h10-c3:protocol_validation:tabular-credit:00004,tabular-credit,S5,node_up_edge_down_human_up,1.2,0.8,1.2,e67b896b35c58d3c4d2d393cb203a6f7c0a49e77314580088f4f45ed0c7ec08c,"[[""fallback-known-4"", ""optimal-pair-01"", ""optimal-pair-23""]]","[""fallback-known-4"", ""optimal-pair-01"", ""optimal-pair-23""]","[""fallback-known-4"", ""optimal-pair-01"", ""optimal-pair-23""]",True,True,True,False,False,False,0
h10-c3:protocol_validation:tabular-credit:00005,tabular-credit,S1,node_up_edge_down_human_up,1.2,0.8,1.2,bb7a5ee3ba000375b4a930920dc7ebd87e641229bf30314cd8ace4b9022f2b21,"[[""direct-0""]]","[""direct-0""]","[""direct-0""]",True,True,True,True,True,False,0
h10-c3:protocol_validation:tabular-credit:00006,tabular-credit,S2,node_up_edge_down_human_up,1.2,0.8,1.2,8ecea534295574a7468228d6ece7ed10a3e90e52c16ebcd55809f17aaf855ab4,"[[""direct-0"", ""direct-1"", ""direct-2"", ""direct-3""]]","[""direct-0"", ""direct-1"", ""direct-2"", ""direct-3""]","[""direct-0"", ""direct-1"", ""direct-2"", ""direct-3""]",True,True,True,True,True,False,0
h10-c3:protocol_validation:tabular-credit:00007,tabular-credit,S2,node_up_edge_down_human_up,1.2,0.8,1.2,8ecea534295574a7468228d6ece7ed10a3e90e52c16ebcd55809f17aaf855ab4,"[[""direct-0"", ""direct-1"", ""direct-2"", ""direct-3""]]","[""direct-0"", ""direct-1"", ""direct-2"", ""direct-3""]","[""direct-0"", ""direct-1"", ""direct-2"", ""direct-3""]",True,True,True,True,True,False,0
h10-c3:protocol_validation:tabular-credit:00008,tabular-credit,S3,node_up_edge_down_human_up,1.2,0.8,1.2,0f474419ec65657bb2fbd8d20d4a343074c6ccc480bbe811ba8ae84a3bf746f3,"[[""optimal-pair-01"", ""optimal-pair-23""]]","[""optimal-pair-01"", ""optimal-pair-23""]","[""optimal-pair-01"", ""optimal-pair-23""]",True,True,True,False,False,False,0
h10-c3:protocol_validation:tabular-credit:00009,tabular-credit,S3,node_up_edge_down_human_up,1.2,0.8,1.2,0f474419ec65657bb2fbd8d20d4a343074c6ccc480bbe811ba8ae84a3bf746f3,"[[""optimal-pair-01"", ""optimal-pair-23""]]","[""optimal-pair-01"", ""optimal-pair-23""]","[""optimal-pair-01"", ""optimal-pair-23""]",True,True,True,False,True,False,0
h10-c3:protocol_validation:tabular-credit:00010,tabular-credit,S3,node_up_edge_down_human_up,1.2,0.8,1.2,0f474419ec65657bb2fbd8d20d4a343074c6ccc480bbe811ba8ae84a3bf746f3,"[[""optimal-pair-01"", ""optimal-pair-23""]]","[""optimal-pair-01"", ""optimal-pair-23""]","[""optimal-pair-01"", ""optimal-pair-23""]",True,True,True,False,False,False,0
h10-c3:protocol_validation:tabular-credit:00011,tabular-credit,S4,node_up_edge_down_human_up,1.2,0.8,1.2,444c0b6380640f7fcfff41d671ee0e5aa6c1d398378d4e5c1377051cdb258f6b,"[[""alternative-global-b""]]","[""alternative-global-b""]","[""optimal-pair-01"", ""optimal-pair-23""]",True,False,True,False,True,False,0
h10-c3:protocol_validation:tabular-credit:00012,tabular-credit,S4,node_up_edge_down_human_up,1.2,0.8,1.2,444c0b6380640f7fcfff41d671ee0e5aa6c1d398378d4e5c1377051cdb258f6b,"[[""alternative-global-b""]]","[""alternative-global-b""]","[""optimal-pair-01"", ""optimal-pair-23""]",True,False,True,False,True,False,0
h10-c3:protocol_validation:tabular-credit:00013,tabular-credit,S5,node_up_edge_down_human_up,1.2,0.8,1.2,e67b896b35c58d3c4d2d393cb203a6f7c0a49e77314580088f4f45ed0c7ec08c,"[[""fallback-known-4"", ""optimal-pair-01"", ""optimal-pair-23""]]","[""fallback-known-4"", ""optimal-pair-01"", ""optimal-pair-23""]","[""fallback-known-4"", ""optimal-pair-01"", ""optimal-pair-23""]",True,True,True,False,False,False,0
h10-c3:protocol_validation:tabular-credit:00014,tabular-credit,S5,node_up_edge_down_human_up,1.2,0.8,1.2,e67b896b35c58d3c4d2d393cb203a6f7c0a49e77314580088f4f45ed0c7ec08c,"[[""fallback-known-4"", ""optimal-pair-01"", ""optimal-pair-23""]]","[""fallback-known-4"", ""optimal-pair-01"", ""optimal-pair-23""]","[""fallback-known-4"", ""optimal-pair-01"", ""optimal-pair-23""]",True,True,True,False,False,False,0
h10-c3:protocol_validation:tabular-credit:00015,tabular-credit,S1,node_up_edge_down_human_up,1.2,0.8,1.2,bb7a5ee3ba000375b4a930920dc7ebd87e641229bf30314cd8ace4b9022f2b21,"[[""direct-0""]]","[""direct-0""]","[""direct-0""]",True,True,True,True,True,False,0
h10-c3:protocol_validation:tabular-credit:00016,tabular-credit,S2,node_up_edge_down_human_up,1.2,0.8,1.2,8ecea534295574a7468228d6ece7ed10a3e90e52c16ebcd55809f17aaf855ab4,"[[""direct-0"", ""direct-1"", ""direct-2"", ""direct-3""]]","[""direct-0"", ""direct-1"", ""direct-2"", ""direct-3""]","[""direct-0"", ""direct-1"", ""direct-2"", ""direct-3""]",True,True,True,True,True,False,0
h10-c3:protocol_validation:tabular-credit:00017,tabular-credit,S2,node_up_edge_down_human_up,1.2,0.8,1.2,8ecea534295574a7468228d6ece7ed10a3e90e52c16ebcd55809f17aaf855ab4,"[[""direct-0"", ""direct-1"", ""direct-2"", ""direct-3""]]","[""direct-0"", ""direct-1"", ""direct-2"", ""direct-3""]","[""direct-0"", ""direct-1"", ""direct-2"", ""direct-3""]",True,True,True,True,True,False,0
h10-c3:protocol_validation:tabular-credit:00018,tabular-credit,S3,node_up_edge_down_human_up,1.2,0.8,1.2,0f474419ec65657bb2fbd8d20d4a343074c6ccc480bbe811ba8ae84a3bf746f3,"[[""optimal-pair-01"", ""optimal-pair-23""]]","[""optimal-pair-01"", ""optimal-pair-23""]","[""optimal-pair-01"", ""optimal-pair-23""]",True,True,True,False,False,False,0
h10-c3:protocol_validation:tabular-credit:00019,tabular-credit,S3,node_up_edge_down_human_up,1.2,0.8,1.2,0f474419ec65657bb2fbd8d20d4a343074c6ccc480bbe811ba8ae84a3bf746f3,"[[""optimal-pair-01"", ""optimal-pair-23""]]","[""optimal-pair-01"", ""optimal-pair-23""]","[""optimal-pair-01"", ""optimal-pair-23""]",True,True,True,False,True,False,0
h10-c3:protocol_validation:tabular-credit:00020,tabular-credit,S3,node_up_edge_down_human_up,1.2,0.8,1.2,0f474419ec65657bb2fbd8d20d4a343074c6ccc480bbe811ba8ae84a3bf746f3,"[[""optimal-pair-01"", ""optimal-pair-23""]]","[""optimal-pair-01"", ""optimal-pair-23""]","[""optimal-pair-01"", ""optimal-pair-23""]",True,True,True,False,False,False,0
h10-c3:protocol_validation:tabular-credit:00021,tabular-credit,S4,node_up_edge_down_human_up,1.2,0.8,1.2,444c0b6380640f7fcfff41d671ee0e5aa6c1d398378d4e5c1377051cdb258f6b,"[[""alternative-global-b""]]","[""alternative-global-b""]","[""optimal-pair-01"", ""optimal-pair-23""]",True,False,True,False,True,False,0
h10-c3:protocol_validation:tabular-credit:00022,tabular-credit,S4,node_up_edge_down_human_up,1.2,0.8,1.2,444c0b6380640f7fcfff41d671ee0e5aa6c1d398378d4e5c1377051cdb258f6b,"[[""alternative-global-b""]]","[""alternative-global-b""]","[""optimal-pair-01"", ""optimal-pair-23""]",True,False,True,False,True,False,0
h10-c3:protocol_validation:tabular-credit:00023,tabular-credit,S5,node_up_edge_down_human_up,1.2,0.8,1.2,e67b896b35c58d3c4d2d393cb203a6f7c0a49e77314580088f4f45ed0c7ec08c,"[[""fallback-known-4"", ""optimal-pair-01"", ""optimal-pair-23""]]","[""fallback-known-4"", ""optimal-pair-01"", ""optimal-pair-23""]","[""fallback-known-4"", ""optimal-pair-01"", ""optimal-pair-23""]",True,True,True,False,False,False,0
h10-c3:protocol_validation:tabular-credit:00024,tabular-credit,S5,node_up_edge_down_human_up,1.2,0.8,1.2,e67b896b35c58d3c4d2d393cb203a6f7c0a49e77314580088f4f45ed0c7ec08c,[],[],"[""optimal-pair-01"", ""optimal-pair-23""]",False,False,False,False,False,False,0
h10-c3:protocol_validation:tabular-credit:00025,tabular-credit,S1,node_up_edge_down_human_up,1.2,0.8,1.2,bb7a5ee3ba000375b4a930920dc7ebd87e641229bf30314cd8ace4b9022f2b21,"[[""direct-0""]]","[""direct-0""]","[""direct-0""]",True,True,True,True,True,False,0
h10-c3:protocol_validation:tabular-credit:00026,tabular-credit,S2,node_up_edge_down_human_up,1.2,0.8,1.2,8ecea534295574a7468228d6ece7ed10a3e90e52c16ebcd55809f17aaf855ab4,"[[""direct-0"", ""direct-1"", ""direct-2"", ""direct-3""]]","[""direct-0"", ""direct-1"", ""direct-2"", ""direct-3""]","[""direct-0"", ""direct-1"", ""direct-2"", ""direct-3""]",True,True,True,True,True,False,0
h10-c3:protocol_validation:tabular-credit:00027,tabular-credit,S2,node_up_edge_down_human_up,1.2,0.8,1.2,8ecea534295574a7468228d6ece7ed10a3e90e52c16ebcd55809f17aaf855ab4,"[[""direct-0"", ""direct-1"", ""direct-2"", ""direct-3""]]","[""direct-0"", ""direct-1"", ""direct-2"", ""direct-3""]","[""direct-0"", ""direct-1"", ""direct-2"", ""direct-3""]",True,True,True,True,True,False,0
h10-c3:protocol_validation:tabular-credit:00028,tabular-credit,S3,node_up_edge_down_human_up,1.2,0.8,1.2,0f474419ec65657bb2fbd8d20d4a343074c6ccc480bbe811ba8ae84a3bf746f3,"[[""optimal-pair-01"", ""optimal-pair-23""]]","[""optimal-pair-01"", ""optimal-pair-23""]","[""optimal-pair-01"", ""optimal-pair-23""]",True,True,True,False,False,False,0
h10-c3:protocol_validation:tabular-credit:00029,tabular-credit,S3,node_up_edge_down_human_up,1.2,0.8,1.2,0f474419ec65657bb2fbd8d20d4a343074c6ccc480bbe811ba8ae84a3bf746f3,"[[""optimal-pair-01"", ""optimal-pair-23""]]","[""optimal-pair-01"", ""optimal-pair-23""]","[""optimal-pair-01"", ""optimal-pair-23""]",True,True,True,False,True,False,0
h10-c3:protocol_validation:tabular-credit:00030,tabular-credit,S3,node_up_edge_down_human_up,1.2,0.8,1.2,0f474419ec65657bb2fbd8d20d4a343074c6ccc480bbe811ba8ae84a3bf746f3,"[[""optimal-pair-01"", ""optimal-pair-23""]]","[""optimal-pair-01"", ""optimal-pair-23""]","[""optimal-pair-01"", ""optimal-pair-23""]",True,True,True,False,False,False,0
h10-c3:protocol_validation:tabular-credit:00031,tabular-credit,S4,node_up_edge_down_human_up,1.2,0.8,1.2,444c0b6380640f7fcfff41d671ee0e5aa6c1d398378d4e5c1377051cdb258f6b,"[[""alternative-global-b""]]","[""alternative-global-b""]","[""optimal-pair-01"", ""optimal-pair-23""]",True,False,True,False,True,False,0
h10-c3:protocol_validation:tabular-credit:00032,tabular-credit,S4,node_up_edge_down_human_up,1.2,0.8,1.2,444c0b6380640f7fcfff41d671ee0e5aa6c1d398378d4e5c1377051cdb258f6b,"[[""alternative-global-b""]]","[""alternative-global-b""]","[""optimal-pair-01"", ""optimal-pair-23""]",True,False,True,False,True,False,0
h10-c3:protocol_validation:tabular-credit:00033,tabular-credit,S5,node_up_edge_down_human_up,1.2,0.8,1.2,e67b896b35c58d3c4d2d393cb203a6f7c0a49e77314580088f4f45ed0c7ec08c,"[[""fallback-known-4"", ""optimal-pair-01"", ""optimal-pair-23""]]","[""fallback-known-4"", ""optimal-pair-01"", ""optimal-pair-23""]","[""fallback-known-4"", ""optimal-pair-01"", ""optimal-pair-23""]",True,True,True,False,False,False,0
h10-c3:protocol_validation:tabular-credit:00034,tabular-credit,S5,node_up_edge_down_human_up,1.2,0.8,1.2,e67b896b35c58d3c4d2d393cb203a6f7c0a49e77314580088f4f45ed0c7ec08c,"[[""fallback-known-4"", ""optimal-pair-01"", ""optimal-pair-23""]]","[""fallback-known-4"", ""optimal-pair-01"", ""optimal-pair-23""]","[""fallback-known-4"", ""optimal-pair-01"", ""optimal-pair-23""]",True,True,True,False,False,False,0
h10-c3:protocol_validation:tabular-credit:00035,tabular-credit,S1,node_up_edge_down_human_up,1.2,0.8,1.2,bb7a5ee3ba000375b4a930920dc7ebd87e641229bf30314cd8ace4b9022f2b21,"[[""direct-0""]]","[""direct-0""]","[""direct-0""]",True,True,True,True,True,False,0
h10-c3:protocol_validation:tabular-credit:00036,tabular-credit,S2,node_up_edge_down_human_up,1.2,0.8,1.2,8ecea534295574a7468228d6ece7ed10a3e90e52c16ebcd55809f17aaf855ab4,"[[""direct-0"", ""direct-1"", ""direct-2"", ""direct-3""]]","[""direct-0"", ""direct-1"", ""direct-2"", ""direct-3""]","[""direct-0"", ""direct-1"", ""direct-2"", ""direct-3""]",True,True,True,True,True,False,0
h10-c3:protocol_validation:tabular-credit:00037,tabular-credit,S2,node_up_edge_down_human_up,1.2,0.8,1.2,8ecea534295574a7468228d6ece7ed10a3e90e52c16ebcd55809f17aaf855ab4,"[[""direct-0"", ""direct-1"", ""direct-2"", ""direct-3""]]","[""direct-0"", ""direct-1"", ""direct-2"", ""direct-3""]","[""direct-0"", ""direct-1"", ""direct-2"", ""direct-3""]",True,True,True,True,True,False,0
h10-c3:protocol_validation:tabular-credit:00038,tabular-credit,S3,node_up_edge_down_human_up,1.2,0.8,1.2,0f474419ec65657bb2fbd8d20d4a343074c6ccc480bbe811ba8ae84a3bf746f3,"[[""optimal-pair-01"", ""optimal-pair-23""]]","[""optimal-pair-01"", ""optimal-pair-23""]","[""optimal-pair-01"", ""optimal-pair-23""]",True,True,True,False,False,False,0
h10-c3:protocol_validation:tabular-credit:00039,tabular-credit,S3,node_up_edge_down_human_up,1.2,0.8,1.2,0f474419ec65657bb2fbd8d20d4a343074c6ccc480bbe811ba8ae84a3bf746f3,"[[""optimal-pair-01"", ""optimal-pair-23""]]","[""optimal-pair-01"", ""optimal-pair-23""]","[""optimal-pair-01"", ""optimal-pair-23""]",True,True,True,False,True,False,0
h10-c3:protocol_validation:tabular-credit:00040,tabular-credit,S3,node_up_edge_down_human_up,1.2,0.8,1.2,0f474419ec65657bb2fbd8d20d4a343074c6ccc480bbe811ba8ae84a3bf746f3,"[[""optimal-pair-01"", ""optimal-pair-23""]]","[""optimal-pair-01"", ""optimal-pair-23""]","[""optimal-pair-01"", ""optimal-pair-23""]",True,True,True,False,False,False,0
h10-c3:protocol_validation:tabular-credit:00041,tabular-credit,S4,node_up_edge_down_human_up,1.2,0.8,1.2,444c0b6380640f7fcfff41d671ee0e5aa6c1d398378d4e5c1377051cdb258f6b,"[[""alternative-global-b""]]","[""alternative-global-b""]","[""optimal-pair-01"", ""optimal-pair-23""]",True,False,True,False,True,False,0
h10-c3:protocol_validation:tabular-credit:00042,tabular-credit,S4,node_up_edge_down_human_up,1.2,0.8,1.2,444c0b6380640f7fcfff41d671ee0e5aa6c1d398378d4e5c1377051cdb258f6b,"[[""alternative-global-b""]]","[""alternative-global-b""]","[""optimal-pair-01"", ""optimal-pair-23""]",True,False,True,False,True,False,0
h10-c3:protocol_validation:tabular-credit:00043,tabular-credit,S5,node_up_edge_down_human_up,1.2,0.8,1.2,e67b896b35c58d3c4d2d393cb203a6f7c0a49e77314580088f4f45ed0c7ec08c,"[[""fallback-known-4"", ""optimal-pair-01"", ""optimal-pair-23""]]","[""fallback-known-4"", ""optimal-pair-01"", ""optimal-pair-23""]","[""fallback-known-4"", ""optimal-pair-01"", ""optimal-pair-23""]",True,True,True,False,False,False,0
h10-c3:protocol_validation:tabular-credit:00044,tabular-credit,S5,node_up_edge_down_human_up,1.2,0.8,1.2,e67b896b35c58d3c4d2d393cb203a6f7c0a49e77314580088f4f45ed0c7ec08c,"[[""fallback-known-4"", ""optimal-pair-01"", ""optimal-pair-23""]]","[""fallback-known-4"", ""optimal-pair-01"", ""optimal-pair-23""]","[""fallback-known-4"", ""optimal-pair-01"", ""optimal-pair-23""]",True,True,True,False,False,False,0
h10-c3:protocol_validation:tabular-credit:00045,tabular-credit,S1,node_up_edge_down_human_up,1.2,0.8,1.2,bb7a5ee3ba000375b4a930920dc7ebd87e641229bf30314cd8ace4b9022f2b21,"[[""direct-0""]]","[""direct-0""]","[""direct-0""]",True,True,True,True,True,False,0
h10-c3:protocol_validation:tabular-credit:00046,tabular-credit,S2,node_up_edge_down_human_up,1.2,0.8,1.2,8ecea534295574a7468228d6ece7ed10a3e90e52c16ebcd55809f17aaf855ab4,"[[""direct-0"", ""direct-1"", ""direct-2"", ""direct-3""]]","[""direct-0"", ""direct-1"", ""direct-2"", ""direct-3""]","[""direct-0"", ""direct-1"", ""direct-2"", ""direct-3""]",True,True,True,True,True,False,0
h10-c3:protocol_validation:tabular-credit:00047,tabular-credit,S2,node_up_edge_down_human_up,1.2,0.8,1.2,8ecea534295574a7468228d6ece7ed10a3e90e52c16ebcd55809f17aaf855ab4,"[[""direct-0"", ""direct-1"", ""direct-2"", ""direct-3""]]","[""direct-0"", ""direct-1"", ""direct-2"", ""direct-3""]","[""direct-0"", ""direct-1"", ""direct-2"", ""direct-3""]",True,True,True,True,True,False,0
h10-c3:protocol_validation:tabular-credit:00048,tabular-credit,S3,node_up_edge_down_human_up,1.2,0.8,1.2,0f474419ec65657bb2fbd8d20d4a343074c6ccc480bbe811ba8ae84a3bf746f3,"[[""optimal-pair-01"", ""optimal-pair-23""]]","[""optimal-pair-01"", ""optimal-pair-23""]","[""optimal-pair-01"", ""optimal-pair-23""]",True,True,True,False,False,False,0
h10-c3:protocol_validation:tabular-credit:00049,tabular-credit,S3,node_up_edge_down_human_up,1.2,0.8,1.2,0f474419ec65657bb2fbd8d20d4a343074c6ccc480bbe811ba8ae84a3bf746f3,"[[""optimal-pair-01"", ""optimal-pair-23""]]","[""optimal-pair-01"", ""optimal-pair-23""]","[""optimal-pair-01"", ""optimal-pair-23""]",True,True,True,False,True,False,0
h10-c3:protocol_validation:tabular-credit:00050,tabular-credit,S3,node_up_edge_down_human_up,1.2,0.8,1.2,0f474419ec65657bb2fbd8d20d4a343074c6ccc480bbe811ba8ae84a3bf746f3,"[[""optimal-pair-01"", ""optimal-pair-23""]]","[""optimal-pair-01"", ""optimal-pair-23""]","[""optimal-pair-01"", ""optimal-pair-23""]",True,True,True,False,False,False,0
h10-c3:protocol_validation:tabular-credit:00051,tabular-credit,S4,node_up_edge_down_human_up,1.2,0.8,1.2,444c0b6380640f7fcfff41d671ee0e5aa6c1d398378d4e5c1377051cdb258f6b,"[[""alternative-global-b""]]","[""alternative-global-b""]","[""optimal-pair-01"", ""optimal-pair-23""]",True,False,True,False,True,False,0
h10-c3:protocol_validation:tabular-credit:00052,tabular-credit,S4,node_up_edge_down_human_up,1.2,0.8,1.2,444c0b6380640f7fcfff41d671ee0e5aa6c1d398378d4e5c1377051cdb258f6b,"[[""alternative-global-b""]]","[""alternative-global-b""]","[""optimal-pair-01"", ""optimal-pair-23""]",True,False,True,False,True,False,0
h10-c3:protocol_validation:tabular-credit:00053,tabular-credit,S5,node_up_edge_down_human_up,1.2,0.8,1.2,e67b896b35c58d3c4d2d393cb203a6f7c0a49e77314580088f4f45ed0c7ec08c,[],[],"[""optimal-pair-01"", ""optimal-pair-23""]",False,False,False,False,False,False,0
h10-c3:protocol_validation:tabular-credit:00054,tabular-credit,S5,node_up_edge_down_human_up,1.2,0.8,1.2,e67b896b35c58d3c4d2d393cb203a6f7c0a49e77314580088f4f45ed0c7ec08c,"[[""fallback-known-4"", ""optimal-pair-01"", ""optimal-pair-23""]]","[""fallback-known-4"", ""optimal-pair-01"", ""optimal-pair-23""]","[""fallback-known-4"", ""optimal-pair-01"", ""optimal-pair-23""]",True,True,True,False,False,False,0
h10-c3:protocol_validation:tabular-credit:00055,tabular-credit,S1,node_up_edge_down_human_up,1.2,0.8,1.2,bb7a5ee3ba000375b4a930920dc7ebd87e641229bf30314cd8ace4b9022f2b21,"[[""direct-0""]]","[""direct-0""]","[""direct-0""]",True,True,True,True,True,False,0
h10-c3:protocol_validation:tabular-credit:00056,tabular-credit,S2,node_up_edge_down_human_up,1.2,0.8,1.2,8ecea534295574a7468228d6ece7ed10a3e90e52c16ebcd55809f17aaf855ab4,"[[""direct-0"", ""direct-1"", ""direct-2"", ""direct-3""]]","[""direct-0"", ""direct-1"", ""direct-2"", ""direct-3""]","[""direct-0"", ""direct-1"", ""direct-2"", ""direct-3""]",True,True,True,True,True,False,0
h10-c3:protocol_validation:tabular-credit:00057,tabular-credit,S2,node_up_edge_down_human_up,1.2,0.8,1.2,8ecea534295574a7468228d6ece7ed10a3e90e52c16ebcd55809f17aaf855ab4,"[[""direct-0"", ""direct-1"", ""direct-2"", ""direct-3""]]","[""direct-0"", ""direct-1"", ""direct-2"", ""direct-3""]","[""direct-0"", ""direct-1"", ""direct-2"", ""direct-3""]",True,True,True,True,True,False,0
h10-c3:protocol_validation:tabular-credit:00058,tabular-credit,S3,node_up_edge_down_human_up,1.2,0.8,1.2,0f474419ec65657bb2fbd8d20d4a343074c6ccc480bbe811ba8ae84a3bf746f3,"[[""optimal-pair-01"", ""optimal-pair-23""]]","[""optimal-pair-01"", ""optimal-pair-23""]","[""optimal-pair-01"", ""optimal-pair-23""]",True,True,True,False,False,False,0
h10-c3:protocol_validation:tabular-credit:00059,tabular-credit,S3,node_up_edge_down_human_up,1.2,0.8,1.2,0f474419ec65657bb2fbd8d20d4a343074c6ccc480bbe811ba8ae84a3bf746f3,"[[""optimal-pair-01"", ""optimal-pair-23""]]","[""optimal-pair-01"", ""optimal-pair-23""]","[""optimal-pair-01"", ""optimal-pair-23""]",True,True,True,False,True,False,0
h10-c3:protocol_validation:tabular-credit:00060,tabular-credit,S3,node_up_edge_down_human_up,1.2,0.8,1.2,0f474419ec65657bb2fbd8d20d4a343074c6ccc480bbe811ba8ae84a3bf746f3,"[[""optimal-pair-01"", ""optimal-pair-23""]]","[""optimal-pair-01"", ""optimal-pair-23""]","[""optimal-pair-01"", ""optimal-pair-23""]",True,True,True,False,False,False,0
h10-c3:protocol_validation:tabular-credit:00061,tabular-credit,S4,node_up_edge_down_human_up,1.2,0.8,1.2,444c0b6380640f7fcfff41d671ee0e5aa6c1d398378d4e5c1377051cdb258f6b,"[[""alternative-global-b""]]","[""alternative-global-b""]","[""optimal-pair-01"", ""optimal-pair-23""]",True,False,True,False,True,False,0
h10-c3:protocol_validation:tabular-credit:00062,tabular-credit,S4,node_up_edge_down_human_up,1.2,0.8,1.2,444c0b6380640f7fcfff41d671ee0e5aa6c1d398378d4e5c1377051cdb258f6b,"[[""alternative-global-b""]]","[""alternative-global-b""]","[""optimal-pair-01"", ""optimal-pair-23""]",True,False,True,False,True,False,0
h10-c3:protocol_validation:tabular-credit:00063,tabular-credit,S5,node_up_edge_down_human_up,1.2,0.8,1.2,e67b896b35c58d3c4d2d393cb203a6f7c0a49e77314580088f4f45ed0c7ec08c,"[[""fallback-known-4"", ""optimal-pair-01"", ""optimal-pair-23""]]","[""fallback-known-4"", ""optimal-pair-01"", ""optimal-pair-23""]","[""fallback-known-4"", ""optimal-pair-01"", ""optimal-pair-23""]",True,True,True,False,False,False,0
h10-c3:protocol_validation:tabular-credit:00064,tabular-credit,S5,node_up_edge_down_human_up,1.2,0.8,1.2,e67b896b35c58d3c4d2d393cb203a6f7c0a49e77314580088f4f45ed0c7ec08c,"[[""fallback-known-4"", ""optimal-pair-01"", ""optimal-pair-23""]]","[""fallback-known-4"", ""optimal-pair-01"", ""optimal-pair-23""]","[""fallback-known-4"", ""optimal-pair-01"", ""optimal-pair-23""]",True,True,True,False,False,False,0
h10-c3:protocol_validation:tabular-credit:00065,tabular-credit,S1,node_up_edge_down_human_up,1.2,0.8,1.2,bb7a5ee3ba000375b4a930920dc7ebd87e641229bf30314cd8ace4b9022f2b21,"[[""direct-0""]]","[""direct-0""]","[""direct-0""]",True,True,True,True,True,False,0
h10-c3:protocol_validation:tabular-credit:00066,tabular-credit,S2,node_up_edge_down_human_up,1.2,0.8,1.2,8ecea534295574a7468228d6ece7ed10a3e90e52c16ebcd55809f17aaf855ab4,"[[""direct-0"", ""direct-1"", ""direct-2"", ""direct-3""]]","[""direct-0"", ""direct-1"", ""direct-2"", ""direct-3""]","[""direct-0"", ""direct-1"", ""direct-2"", ""direct-3""]",True,True,True,True,True,False,0
h10-c3:protocol_validation:tabular-credit:00067,tabular-credit,S2,node_up_edge_down_human_up,1.2,0.8,1.2,8ecea534295574a7468228d6ece7ed10a3e90e52c16ebcd55809f17aaf855ab4,"[[""direct-0"", ""direct-1"", ""direct-2"", ""direct-3""]]","[""direct-0"", ""direct-1"", ""direct-2"", ""direct-3""]","[""direct-0"", ""direct-1"", ""direct-2"", ""direct-3""]",True,True,True,True,True,False,0
h10-c3:protocol_validation:tabular-credit:00068,tabular-credit,S3,node_up_edge_down_human_up,1.2,0.8,1.2,0f474419ec65657bb2fbd8d20d4a343074c6ccc480bbe811ba8ae84a3bf746f3,"[[""optimal-pair-01"", ""optimal-pair-23""]]","[""optimal-pair-01"", ""optimal-pair-23""]","[""optimal-pair-01"", ""optimal-pair-23""]",True,True,True,False,False,False,0
h10-c3:protocol_validation:tabular-credit:00069,tabular-credit,S3,node_up_edge_down_human_up,1.2,0.8,1.2,0f474419ec65657bb2fbd8d20d4a343074c6ccc480bbe811ba8ae84a3bf746f3,"[[""optimal-pair-01"", ""optimal-pair-23""]]","[""optimal-pair-01"", ""optimal-pair-23""]","[""optimal-pair-01"", ""optimal-pair-23""]",True,True,True,False,True,False,0
h10-c3:protocol_validation:tabular-credit:00070,tabular-credit,S3,node_up_edge_down_human_up,1.2,0.8,1.2,0f474419ec65657bb2fbd8d20d4a343074c6ccc480bbe811ba8ae84a3bf746f3,"[[""optimal-pair-01"", ""optimal-pair-23""]]","[""optimal-pair-01"", ""optimal-pair-23""]","[""optimal-pair-01"", ""optimal-pair-23""]",True,True,True,False,False,False,0
h10-c3:protocol_validation:tabular-credit:00071,tabular-credit,S4,node_up_edge_down_human_up,1.2,0.8,1.2,444c0b6380640f7fcfff41d671ee0e5aa6c1d398378d4e5c1377051cdb258f6b,"[[""alternative-global-b""]]","[""alternative-global-b""]","[""optimal-pair-01"", ""optimal-pair-23""]",True,False,True,False,True,False,0
h10-c3:protocol_validation:tabular-credit:00072,tabular-credit,S4,node_up_edge_down_human_up,1.2,0.8,1.2,444c0b6380640f7fcfff41d671ee0e5aa6c1d398378d4e5c1377051cdb258f6b,"[[""alternative-global-b""]]","[""alternative-global-b""]","[""optimal-pair-01"", ""optimal-pair-23""]",True,False,True,False,True,False,0
h10-c3:protocol_validation:tabular-credit:00073,tabular-credit,S5,node_up_edge_down_human_up,1.2,0.8,1.2,e67b896b35c58d3c4d2d393cb203a6f7c0a49e77314580088f4f45ed0c7ec08c,"[[""fallback-known-4"", ""optimal-pair-01"", ""optimal-pair-23""]]","[""fallback-known-4"", ""optimal-pair-01"", ""optimal-pair-23""]","[""fallback-known-4"", ""optimal-pair-01"", ""optimal-pair-23""]",True,True,True,False,False,False,0
h10-c3:protocol_validation:tabular-credit:00074,tabular-credit,S5,node_up_edge_down_human_up,1.2,0.8,1.2,e67b896b35c58d3c4d2d393cb203a6f7c0a49e77314580088f4f45ed0c7ec08c,[],[],"[""optimal-pair-01"", ""optimal-pair-23""]",False,False,False,False,False,False,0
h10-c3:protocol_validation:tabular-credit:00075,tabular-credit,S1,node_up_edge_down_human_up,1.2,0.8,1.2,bb7a5ee3ba000375b4a930920dc7ebd87e641229bf30314cd8ace4b9022f2b21,"[[""direct-0""]]","[""direct-0""]","[""direct-0""]",True,True,True,True,True,False,0
h10-c3:protocol_validation:tabular-credit:00076,tabular-credit,S2,node_up_edge_down_human_up,1.2,0.8,1.2,8ecea534295574a7468228d6ece7ed10a3e90e52c16ebcd55809f17aaf855ab4,"[[""direct-0"", ""direct-1"", ""direct-2"", ""direct-3""]]","[""direct-0"", ""direct-1"", ""direct-2"", ""direct-3""]","[""direct-0"", ""direct-1"", ""direct-2"", ""direct-3""]",True,True,True,True,True,False,0
h10-c3:protocol_validation:tabular-credit:00077,tabular-credit,S2,node_up_edge_down_human_up,1.2,0.8,1.2,8ecea534295574a7468228d6ece7ed10a3e90e52c16ebcd55809f17aaf855ab4,"[[""direct-0"", ""direct-1"", ""direct-2"", ""direct-3""]]","[""direct-0"", ""direct-1"", ""direct-2"", ""direct-3""]","[""direct-0"", ""direct-1"", ""direct-2"", ""direct-3""]",True,True,True,True,True,False,0
h10-c3:protocol_validation:tabular-credit:00078,tabular-credit,S3,node_up_edge_down_human_up,1.2,0.8,1.2,0f474419ec65657bb2fbd8d20d4a343074c6ccc480bbe811ba8ae84a3bf746f3,"[[""optimal-pair-01"", ""optimal-pair-23""]]","[""optimal-pair-01"", ""optimal-pair-23""]","[""optimal-pair-01"", ""optimal-pair-23""]",True,True,True,False,False,False,0
h10-c3:protocol_validation:tabular-credit:00079,tabular-credit,S3,node_up_edge_down_human_up,1.2,0.8,1.2,0f474419ec65657bb2fbd8d20d4a343074c6ccc480bbe811ba8ae84a3bf746f3,"[[""optimal-pair-01"", ""optimal-pair-23""]]","[""optimal-pair-01"", ""optimal-pair-23""]","[""optimal-pair-01"", ""optimal-pair-23""]",True,True,True,False,True,False,0
h10-c3:protocol_validation:tabular-credit:00080,tabular-credit,S3,node_up_edge_down_human_up,1.2,0.8,1.2,0f474419ec65657bb2fbd8d20d4a343074c6ccc480bbe811ba8ae84a3bf746f3,"[[""optimal-pair-01"", ""optimal-pair-23""]]","[""optimal-pair-01"", ""optimal-pair-23""]","[""optimal-pair-01"", ""optimal-pair-23""]",True,True,True,False,False,False,0
h10-c3:protocol_validation:tabular-credit:00081,tabular-credit,S4,node_up_edge_down_human_up,1.2,0.8,1.2,444c0b6380640f7fcfff41d671ee0e5aa6c1d398378d4e5c1377051cdb258f6b,"[[""alternative-global-b""]]","[""alternative-global-b""]","[""optimal-pair-01"", ""optimal-pair-23""]",True,False,True,False,True,False,0
h10-c3:protocol_validation:tabular-credit:00082,tabular-credit,S4,node_up_edge_down_human_up,1.2,0.8,1.2,444c0b6380640f7fcfff41d671ee0e5aa6c1d398378d4e5c1377051cdb258f6b,"[[""alternative-global-b""]]","[""alternative-global-b""]","[""optimal-pair-01"", ""optimal-pair-23""]",True,False,True,False,True,False,0
h10-c3:protocol_validation:tabular-credit:00083,tabular-credit,S5,node_up_edge_down_human_up,1.2,0.8,1.2,e67b896b35c58d3c4d2d393cb203a6f7c0a49e77314580088f4f45ed0c7ec08c,"[[""fallback-known-4"", ""optimal-pair-01"", ""optimal-pair-23""]]","[""fallback-known-4"", ""optimal-pair-01"", ""optimal-pair-23""]","[""fallback-known-4"", ""optimal-pair-01"", ""optimal-pair-23""]",True,True,True,False,False,False,0
h10-c3:protocol_validation:tabular-credit:00084,tabular-credit,S5,node_up_edge_down_human_up,1.2,0.8,1.2,e67b896b35c58d3c4d2d393cb203a6f7c0a49e77314580088f4f45ed0c7ec08c,"[[""fallback-known-4"", ""optimal-pair-01"", ""optimal-pair-23""]]","[""fallback-known-4"", ""optimal-pair-01"", ""optimal-pair-23""]","[""fallback-known-4"", ""optimal-pair-01"", ""optimal-pair-23""]",True,True,True,False,False,False,0
h10-c3:protocol_validation:tabular-credit:00085,tabular-credit,S1,node_up_edge_down_human_up,1.2,0.8,1.2,bb7a5ee3ba000375b4a930920dc7ebd87e641229bf30314cd8ace4b9022f2b21,"[[""direct-0""]]","[""direct-0""]","[""direct-0""]",True,True,True,True,True,False,0
h10-c3:protocol_validation:tabular-credit:00086,tabular-credit,S2,node_up_edge_down_human_up,1.2,0.8,1.2,8ecea534295574a7468228d6ece7ed10a3e90e52c16ebcd55809f17aaf855ab4,"[[""direct-0"", ""direct-1"", ""direct-2"", ""direct-3""]]","[""direct-0"", ""direct-1"", ""direct-2"", ""direct-3""]","[""direct-0"", ""direct-1"", ""direct-2"", ""direct-3""]",True,True,True,True,True,False,0
h10-c3:protocol_validation:tabular-credit:00087,tabular-credit,S2,node_up_edge_down_human_up,1.2,0.8,1.2,8ecea534295574a7468228d6ece7ed10a3e90e52c16ebcd55809f17aaf855ab4,"[[""direct-0"", ""direct-1"", ""direct-2"", ""direct-3""]]","[""direct-0"", ""direct-1"", ""direct-2"", ""direct-3""]","[""direct-0"", ""direct-1"", ""direct-2"", ""direct-3""]",True,True,True,True,True,False,0
h10-c3:protocol_validation:tabular-credit:00088,tabular-credit,S3,node_up_edge_down_human_up,1.2,0.8,1.2,0f474419ec65657bb2fbd8d20d4a343074c6ccc480bbe811ba8ae84a3bf746f3,"[[""optimal-pair-01"", ""optimal-pair-23""]]","[""optimal-pair-01"", ""optimal-pair-23""]","[""optimal-pair-01"", ""optimal-pair-23""]",True,True,True,False,False,False,0
h10-c3:protocol_validation:tabular-credit:00089,tabular-credit,S3,node_up_edge_down_human_up,1.2,0.8,1.2,0f474419ec65657bb2fbd8d20d4a343074c6ccc480bbe811ba8ae84a3bf746f3,"[[""optimal-pair-01"", ""optimal-pair-23""]]","[""optimal-pair-01"", ""optimal-pair-23""]","[""optimal-pair-01"", ""optimal-pair-23""]",True,True,True,False,True,False,0
h10-c3:protocol_validation:tabular-credit:00090,tabular-credit,S3,node_up_edge_down_human_up,1.2,0.8,1.2,0f474419ec65657bb2fbd8d20d4a343074c6ccc480bbe811ba8ae84a3bf746f3,"[[""optimal-pair-01"", ""optimal-pair-23""]]","[""optimal-pair-01"", ""optimal-pair-23""]","[""optimal-pair-01"", ""optimal-pair-23""]",True,True,True,False,False,False,0
h10-c3:protocol_validation:tabular-credit:00091,tabular-credit,S4,node_up_edge_down_human_up,1.2,0.8,1.2,444c0b6380640f7fcfff41d671ee0e5aa6c1d398378d4e5c1377051cdb258f6b,"[[""alternative-global-b""]]","[""alternative-global-b""]","[""optimal-pair-01"", ""optimal-pair-23""]",True,False,True,False,True,False,0
h10-c3:protocol_validation:tabular-credit:00092,tabular-credit,S4,node_up_edge_down_human_up,1.2,0.8,1.2,444c0b6380640f7fcfff41d671ee0e5aa6c1d398378d4e5c1377051cdb258f6b,"[[""alternative-global-b""]]","[""alternative-global-b""]","[""optimal-pair-01"", ""optimal-pair-23""]",True,False,True,False,True,False,0
h10-c3:protocol_validation:tabular-credit:00093,tabular-credit,S5,node_up_edge_down_human_up,1.2,0.8,1.2,e67b896b35c58d3c4d2d393cb203a6f7c0a49e77314580088f4f45ed0c7ec08c,"[[""fallback-known-4"", ""optimal-pair-01"", ""optimal-pair-23""]]","[""fallback-known-4"", ""optimal-pair-01"", ""optimal-pair-23""]","[""fallback-known-4"", ""optimal-pair-01"", ""optimal-pair-23""]",True,True,True,False,False,False,0
h10-c3:protocol_validation:tabular-credit:00094,tabular-credit,S5,node_up_edge_down_human_up,1.2,0.8,1.2,e67b896b35c58d3c4d2d393cb203a6f7c0a49e77314580088f4f45ed0c7ec08c,"[[""fallback-known-4"", ""optimal-pair-01"", ""optimal-pair-23""]]","[""fallback-known-4"", ""optimal-pair-01"", ""optimal-pair-23""]","[""fallback-known-4"", ""optimal-pair-01"", ""optimal-pair-23""]",True,True,True,False,False,False,0
h10-c3:protocol_validation:tabular-credit:00095,tabular-credit,S1,node_up_edge_down_human_up,1.2,0.8,1.2,bb7a5ee3ba000375b4a930920dc7ebd87e641229bf30314cd8ace4b9022f2b21,"[[""direct-0""]]","[""direct-0""]","[""direct-0""]",True,True,True,True,True,False,0
h10-c3:protocol_validation:tabular-credit:00096,tabular-credit,S2,node_up_edge_down_human_up,1.2,0.8,1.2,8ecea534295574a7468228d6ece7ed10a3e90e52c16ebcd55809f17aaf855ab4,"[[""direct-0"", ""direct-1"", ""direct-2"", ""direct-3""]]","[""direct-0"", ""direct-1"", ""direct-2"", ""direct-3""]","[""direct-0"", ""direct-1"", ""direct-2"", ""direct-3""]",True,True,True,True,True,False,0
h10-c3:protocol_validation:tabular-credit:00097,tabular-credit,S2,node_up_edge_down_human_up,1.2,0.8,1.2,8ecea534295574a7468228d6ece7ed10a3e90e52c16ebcd55809f17aaf855ab4,"[[""direct-0"", ""direct-1"", ""direct-2"", ""direct-3""]]","[""direct-0"", ""direct-1"", ""direct-2"", ""direct-3""]","[""direct-0"", ""direct-1"", ""direct-2"", ""direct-3""]",True,True,True,True,True,False,0
h10-c3:protocol_validation:tabular-credit:00098,tabular-credit,S3,node_up_edge_down_human_up,1.2,0.8,1.2,0f474419ec65657bb2fbd8d20d4a343074c6ccc480bbe811ba8ae84a3bf746f3,"[[""optimal-pair-01"", ""optimal-pair-23""]]","[""optimal-pair-01"", ""optimal-pair-23""]","[""optimal-pair-01"", ""optimal-pair-23""]",True,True,True,False,False,False,0
h10-c3:protocol_validation:tabular-credit:00099,tabular-credit,S3,node_up_edge_down_human_up,1.2,0.8,1.2,0f474419ec65657bb2fbd8d20d4a343074c6ccc480bbe811ba8ae84a3bf746f3,"[[""optimal-pair-01"", ""optimal-pair-23""]]","[""optimal-pair-01"", ""optimal-pair-23""]","[""optimal-pair-01"", ""optimal-pair-23""]",True,True,True,False,True,False,0
h10-c3:protocol_validation:tabular-credit:00100,tabular-credit,S3,node_up_edge_down_human_up,1.2,0.8,1.2,0f474419ec65657bb2fbd8d20d4a343074c6ccc480bbe811ba8ae84a3bf746f3,"[[""optimal-pair-01"", ""optimal-pair-23""]]","[""optimal-pair-01"", ""optimal-pair-23""]","[""optimal-pair-01"", ""optimal-pair-23""]",True,True,True,False,False,False,0
h10-c3:protocol_validation:tabular-credit:00101,tabular-credit,S4,node_up_edge_down_human_up,1.2,0.8,1.2,444c0b6380640f7fcfff41d671ee0e5aa6c1d398378d4e5c1377051cdb258f6b,"[[""alternative-global-b""]]","[""alternative-global-b""]","[""optimal-pair-01"", ""optimal-pair-23""]",True,False,True,False,True,False,0
h10-c3:protocol_validation:tabular-credit:00102,tabular-credit,S4,node_up_edge_down_human_up,1.2,0.8,1.2,444c0b6380640f7fcfff41d671ee0e5aa6c1d398378d4e5c1377051cdb258f6b,"[[""alternative-global-b""]]","[""alternative-global-b""]","[""optimal-pair-01"", ""optimal-pair-23""]",True,False,True,False,True,False,0
h10-c3:protocol_validation:tabular-credit:00103,tabular-credit,S5,node_up_edge_down_human_up,1.2,0.8,1.2,e67b896b35c58d3c4d2d393cb203a6f7c0a49e77314580088f4f45ed0c7ec08c,[],[],"[""optimal-pair-01"", ""optimal-pair-23""]",False,False,False,False,False,False,0
h10-c3:protocol_validation:tabular-credit:00104,tabular-credit,S5,node_up_edge_down_human_up,1.2,0.8,1.2,e67b896b35c58d3c4d2d393cb203a6f7c0a49e77314580088f4f45ed0c7ec08c,"[[""fallback-known-4"", ""optimal-pair-01"", ""optimal-pair-23""]]","[""fallback-known-4"", ""optimal-pair-01"", ""optimal-pair-23""]","[""fallback-known-4"", ""optimal-pair-01"", ""optimal-pair-23""]",True,True,True,False,False,False,0
h10-c3:protocol_validation:tabular-credit:00105,tabular-credit,S1,node_up_edge_down_human_up,1.2,0.8,1.2,bb7a5ee3ba000375b4a930920dc7ebd87e641229bf30314cd8ace4b9022f2b21,"[[""direct-0""]]","[""direct-0""]","[""direct-0""]",True,True,True,True,True,False,0
h10-c3:protocol_validation:tabular-credit:00106,tabular-credit,S2,node_up_edge_down_human_up,1.2,0.8,1.2,8ecea534295574a7468228d6ece7ed10a3e90e52c16ebcd55809f17aaf855ab4,"[[""direct-0"", ""direct-1"", ""direct-2"", ""direct-3""]]","[""direct-0"", ""direct-1"", ""direct-2"", ""direct-3""]","[""direct-0"", ""direct-1"", ""direct-2"", ""direct-3""]",True,True,True,True,True,False,0
h10-c3:protocol_validation:tabular-credit:00107,tabular-credit,S2,node_up_edge_down_human_up,1.2,0.8,1.2,8ecea534295574a7468228d6ece7ed10a3e90e52c16ebcd55809f17aaf855ab4,"[[""direct-0"", ""direct-1"", ""direct-2"", ""direct-3""]]","[""direct-0"", ""direct-1"", ""direct-2"", ""direct-3""]","[""direct-0"", ""direct-1"", ""direct-2"", ""direct-3""]",True,True,True,True,True,False,0
h10-c3:protocol_validation:tabular-credit:00108,tabular-credit,S3,node_up_edge_down_human_up,1.2,0.8,1.2,0f474419ec65657bb2fbd8d20d4a343074c6ccc480bbe811ba8ae84a3bf746f3,"[[""optimal-pair-01"", ""optimal-pair-23""]]","[""optimal-pair-01"", ""optimal-pair-23""]","[""optimal-pair-01"", ""optimal-pair-23""]",True,True,True,False,False,False,0
h10-c3:protocol_validation:tabular-credit:00109,tabular-credit,S3,node_up_edge_down_human_up,1.2,0.8,1.2,0f474419ec65657bb2fbd8d20d4a343074c6ccc480bbe811ba8ae84a3bf746f3,"[[""optimal-pair-01"", ""optimal-pair-23""]]","[""optimal-pair-01"", ""optimal-pair-23""]","[""optimal-pair-01"", ""optimal-pair-23""]",True,True,True,False,True,False,0
h10-c3:protocol_validation:tabular-credit:00110,tabular-credit,S3,node_up_edge_down_human_up,1.2,0.8,1.2,0f474419ec65657bb2fbd8d20d4a343074c6ccc480bbe811ba8ae84a3bf746f3,"[[""optimal-pair-01"", ""optimal-pair-23""]]","[""optimal-pair-01"", ""optimal-pair-23""]","[""optimal-pair-01"", ""optimal-pair-23""]",True,True,True,False,False,False,0
h10-c3:protocol_validation:tabular-credit:00111,tabular-credit,S4,node_up_edge_down_human_up,1.2,0.8,1.2,444c0b6380640f7fcfff41d671ee0e5aa6c1d398378d4e5c1377051cdb258f6b,"[[""alternative-global-b""]]","[""alternative-global-b""]","[""optimal-pair-01"", ""optimal-pair-23""]",True,False,True,False,True,False,0
h10-c3:protocol_validation:tabular-credit:00112,tabular-credit,S4,node_up_edge_down_human_up,1.2,0.8,1.2,444c0b6380640f7fcfff41d671ee0e5aa6c1d398378d4e5c1377051cdb258f6b,"[[""alternative-global-b""]]","[""alternative-global-b""]","[""optimal-pair-01"", ""optimal-pair-23""]",True,False,True,False,True,False,0
h10-c3:protocol_validation:tabular-credit:00113,tabular-credit,S5,node_up_edge_down_human_up,1.2,0.8,1.2,e67b896b35c58d3c4d2d393cb203a6f7c0a49e77314580088f4f45ed0c7ec08c,"[[""fallback-known-4"", ""optimal-pair-01"", ""optimal-pair-23""]]","[""fallback-known-4"", ""optimal-pair-01"", ""optimal-pair-23""]","[""fallback-known-4"", ""optimal-pair-01"", ""optimal-pair-23""]",True,True,True,False,False,False,0
h10-c3:protocol_validation:tabular-credit:00114,tabular-credit,S5,node_up_edge_down_human_up,1.2,0.8,1.2,e67b896b35c58d3c4d2d393cb203a6f7c0a49e77314580088f4f45ed0c7ec08c,"[[""fallback-known-4"", ""optimal-pair-01"", ""optimal-pair-23""]]","[""fallback-known-4"", ""optimal-pair-01"", ""optimal-pair-23""]","[""fallback-known-4"", ""optimal-pair-01"", ""optimal-pair-23""]",True,True,True,False,False,False,0
h10-c3:protocol_validation:tabular-credit:00115,tabular-credit,S1,node_up_edge_down_human_up,1.2,0.8,1.2,bb7a5ee3ba000375b4a930920dc7ebd87e641229bf30314cd8ace4b9022f2b21,"[[""direct-0""]]","[""direct-0""]","[""direct-0""]",True,True,True,True,True,False,0
h10-c3:protocol_validation:tabular-credit:00116,tabular-credit,S2,node_up_edge_down_human_up,1.2,0.8,1.2,8ecea534295574a7468228d6ece7ed10a3e90e52c16ebcd55809f17aaf855ab4,"[[""direct-0"", ""direct-1"", ""direct-2"", ""direct-3""]]","[""direct-0"", ""direct-1"", ""direct-2"", ""direct-3""]","[""direct-0"", ""direct-1"", ""direct-2"", ""direct-3""]",True,True,True,True,True,False,0
h10-c3:protocol_validation:tabular-credit:00117,tabular-credit,S2,node_up_edge_down_human_up,1.2,0.8,1.2,8ecea534295574a7468228d6ece7ed10a3e90e52c16ebcd55809f17aaf855ab4,"[[""direct-0"", ""direct-1"", ""direct-2"", ""direct-3""]]","[""direct-0"", ""direct-1"", ""direct-2"", ""direct-3""]","[""direct-0"", ""direct-1"", ""direct-2"", ""direct-3""]",True,True,True,True,True,False,0
h10-c3:protocol_validation:tabular-credit:00118,tabular-credit,S3,node_up_edge_down_human_up,1.2,0.8,1.2,0f474419ec65657bb2fbd8d20d4a343074c6ccc480bbe811ba8ae84a3bf746f3,"[[""optimal-pair-01"", ""optimal-pair-23""]]","[""optimal-pair-01"", ""optimal-pair-23""]","[""optimal-pair-01"", ""optimal-pair-23""]",True,True,True,False,False,False,0
h10-c3:protocol_validation:tabular-credit:00119,tabular-credit,S3,node_up_edge_down_human_up,1.2,0.8,1.2,0f474419ec65657bb2fbd8d20d4a343074c6ccc480bbe811ba8ae84a3bf746f3,"[[""optimal-pair-01"", ""optimal-pair-23""]]","[""optimal-pair-01"", ""optimal-pair-23""]","[""optimal-pair-01"", ""optimal-pair-23""]",True,True,True,False,True,False,0
h10-c3:protocol_validation:tabular-energy:00120,tabular-energy,S2,node_up_edge_down_human_up,1.2,0.8,1.2,8ecea534295574a7468228d6ece7ed10a3e90e52c16ebcd55809f17aaf855ab4,"[[""direct-0"", ""direct-1"", ""direct-2"", ""direct-3""]]","[""direct-0"", ""direct-1"", ""direct-2"", ""direct-3""]","[""direct-0"", ""direct-1"", ""direct-2"", ""direct-3""]",True,True,True,True,True,False,0
h10-c3:protocol_validation:tabular-energy:00121,tabular-energy,S3,node_up_edge_down_human_up,1.2,0.8,1.2,0f474419ec65657bb2fbd8d20d4a343074c6ccc480bbe811ba8ae84a3bf746f3,"[[""optimal-pair-01"", ""optimal-pair-23""]]","[""optimal-pair-01"", ""optimal-pair-23""]","[""optimal-pair-01"", ""optimal-pair-23""]",True,True,True,False,True,False,0
h10-c3:protocol_validation:tabular-energy:00122,tabular-energy,S3,node_up_edge_down_human_up,1.2,0.8,1.2,0f474419ec65657bb2fbd8d20d4a343074c6ccc480bbe811ba8ae84a3bf746f3,"[[""optimal-pair-01"", ""optimal-pair-23""]]","[""optimal-pair-01"", ""optimal-pair-23""]","[""optimal-pair-01"", ""optimal-pair-23""]",True,True,True,False,False,False,0
h10-c3:protocol_validation:tabular-energy:00123,tabular-energy,S3,node_up_edge_down_human_up,1.2,0.8,1.2,0f474419ec65657bb2fbd8d20d4a343074c6ccc480bbe811ba8ae84a3bf746f3,"[[""optimal-pair-01"", ""optimal-pair-23""]]","[""optimal-pair-01"", ""optimal-pair-23""]","[""optimal-pair-01"", ""optimal-pair-23""]",True,True,True,False,True,False,0
h10-c3:protocol_validation:tabular-energy:00124,tabular-energy,S4,node_up_edge_down_human_up,1.2,0.8,1.2,444c0b6380640f7fcfff41d671ee0e5aa6c1d398378d4e5c1377051cdb258f6b,"[[""alternative-global-b""]]","[""alternative-global-b""]","[""optimal-pair-01"", ""optimal-pair-23""]",True,False,True,False,True,False,0
h10-c3:protocol_validation:tabular-energy:00125,tabular-energy,S4,node_up_edge_down_human_up,1.2,0.8,1.2,444c0b6380640f7fcfff41d671ee0e5aa6c1d398378d4e5c1377051cdb258f6b,"[[""alternative-global-b""]]","[""alternative-global-b""]","[""optimal-pair-01"", ""optimal-pair-23""]",True,False,True,False,True,False,0
h10-c3:protocol_validation:tabular-energy:00126,tabular-energy,S5,node_up_edge_down_human_up,1.2,0.8,1.2,e67b896b35c58d3c4d2d393cb203a6f7c0a49e77314580088f4f45ed0c7ec08c,[],[],"[""optimal-pair-01"", ""optimal-pair-23""]",False,False,False,False,False,False,0
h10-c3:protocol_validation:tabular-energy:00127,tabular-energy,S5,node_up_edge_down_human_up,1.2,0.8,1.2,e67b896b35c58d3c4d2d393cb203a6f7c0a49e77314580088f4f45ed0c7ec08c,"[[""fallback-known-4"", ""optimal-pair-01"", ""optimal-pair-23""]]","[""fallback-known-4"", ""optimal-pair-01"", ""optimal-pair-23""]","[""fallback-known-4"", ""optimal-pair-01"", ""optimal-pair-23""]",True,True,True,False,False,False,0
h10-c3:protocol_validation:tabular-energy:00128,tabular-energy,S1,node_up_edge_down_human_up,1.2,0.8,1.2,bb7a5ee3ba000375b4a930920dc7ebd87e641229bf30314cd8ace4b9022f2b21,"[[""direct-0""]]","[""direct-0""]","[""direct-0""]",True,True,True,True,True,False,0
h10-c3:protocol_validation:tabular-energy:00129,tabular-energy,S2,node_up_edge_down_human_up,1.2,0.8,1.2,8ecea534295574a7468228d6ece7ed10a3e90e52c16ebcd55809f17aaf855ab4,"[[""direct-0"", ""direct-1"", ""direct-2"", ""direct-3""]]","[""direct-0"", ""direct-1"", ""direct-2"", ""direct-3""]","[""direct-0"", ""direct-1"", ""direct-2"", ""direct-3""]",True,True,True,True,True,False,0
h10-c3:protocol_validation:tabular-energy:00130,tabular-energy,S2,node_up_edge_down_human_up,1.2,0.8,1.2,8ecea534295574a7468228d6ece7ed10a3e90e52c16ebcd55809f17aaf855ab4,"[[""direct-0"", ""direct-1"", ""direct-2"", ""direct-3""]]","[""direct-0"", ""direct-1"", ""direct-2"", ""direct-3""]","[""direct-0"", ""direct-1"", ""direct-2"", ""direct-3""]",True,True,True,True,True,False,0
h10-c3:protocol_validation:tabular-energy:00131,tabular-energy,S3,node_up_edge_down_human_up,1.2,0.8,1.2,0f474419ec65657bb2fbd8d20d4a343074c6ccc480bbe811ba8ae84a3bf746f3,"[[""optimal-pair-01"", ""optimal-pair-23""]]","[""optimal-pair-01"", ""optimal-pair-23""]","[""optimal-pair-01"", ""optimal-pair-23""]",True,True,True,False,True,False,0
h10-c3:protocol_validation:tabular-energy:00132,tabular-energy,S3,node_up_edge_down_human_up,1.2,0.8,1.2,0f474419ec65657bb2fbd8d20d4a343074c6ccc480bbe811ba8ae84a3bf746f3,"[[""optimal-pair-01"", ""optimal-pair-23""]]","[""optimal-pair-01"", ""optimal-pair-23""]","[""optimal-pair-01"", ""optimal-pair-23""]",True,True,True,False,False,False,0
h10-c3:protocol_validation:tabular-energy:00133,tabular-energy,S3,node_up_edge_down_human_up,1.2,0.8,1.2,0f474419ec65657bb2fbd8d20d4a343074c6ccc480bbe811ba8ae84a3bf746f3,"[[""optimal-pair-01"", ""optimal-pair-23""]]","[""optimal-pair-01"", ""optimal-pair-23""]","[""optimal-pair-01"", ""optimal-pair-23""]",True,True,True,False,True,False,0
h10-c3:protocol_validation:tabular-energy:00134,tabular-energy,S4,node_up_edge_down_human_up,1.2,0.8,1.2,444c0b6380640f7fcfff41d671ee0e5aa6c1d398378d4e5c1377051cdb258f6b,"[[""alternative-global-b""]]","[""alternative-global-b""]","[""optimal-pair-01"", ""optimal-pair-23""]",True,False,True,False,True,False,0
h10-c3:protocol_validation:tabular-energy:00135,tabular-energy,S4,node_up_edge_down_human_up,1.2,0.8,1.2,444c0b6380640f7fcfff41d671ee0e5aa6c1d398378d4e5c1377051cdb258f6b,"[[""alternative-global-b""]]","[""alternative-global-b""]","[""optimal-pair-01"", ""optimal-pair-23""]",True,False,True,False,True,False,0
h10-c3:protocol_validation:tabular-energy:00136,tabular-energy,S5,node_up_edge_down_human_up,1.2,0.8,1.2,e67b896b35c58d3c4d2d393cb203a6f7c0a49e77314580088f4f45ed0c7ec08c,"[[""fallback-known-4"", ""optimal-pair-01"", ""optimal-pair-23""]]","[""fallback-known-4"", ""optimal-pair-01"", ""optimal-pair-23""]","[""fallback-known-4"", ""optimal-pair-01"", ""optimal-pair-23""]",True,True,True,False,False,False,0
h10-c3:protocol_validation:tabular-energy:00137,tabular-energy,S5,node_up_edge_down_human_up,1.2,0.8,1.2,e67b896b35c58d3c4d2d393cb203a6f7c0a49e77314580088f4f45ed0c7ec08c,"[[""fallback-known-4"", ""optimal-pair-01"", ""optimal-pair-23""]]","[""fallback-known-4"", ""optimal-pair-01"", ""optimal-pair-23""]","[""fallback-known-4"", ""optimal-pair-01"", ""optimal-pair-23""]",True,True,True,False,False,False,0
h10-c3:protocol_validation:tabular-energy:00138,tabular-energy,S1,node_up_edge_down_human_up,1.2,0.8,1.2,bb7a5ee3ba000375b4a930920dc7ebd87e641229bf30314cd8ace4b9022f2b21,"[[""direct-0""]]","[""direct-0""]","[""direct-0""]",True,True,True,True,True,False,0
h10-c3:protocol_validation:tabular-energy:00139,tabular-energy,S2,node_up_edge_down_human_up,1.2,0.8,1.2,8ecea534295574a7468228d6ece7ed10a3e90e52c16ebcd55809f17aaf855ab4,"[[""direct-0"", ""direct-1"", ""direct-2"", ""direct-3""]]","[""direct-0"", ""direct-1"", ""direct-2"", ""direct-3""]","[""direct-0"", ""direct-1"", ""direct-2"", ""direct-3""]",True,True,True,True,True,False,0
h10-c3:protocol_validation:tabular-energy:00140,tabular-energy,S2,node_up_edge_down_human_up,1.2,0.8,1.2,8ecea534295574a7468228d6ece7ed10a3e90e52c16ebcd55809f17aaf855ab4,"[[""direct-0"", ""direct-1"", ""direct-2"", ""direct-3""]]","[""direct-0"", ""direct-1"", ""direct-2"", ""direct-3""]","[""direct-0"", ""direct-1"", ""direct-2"", ""direct-3""]",True,True,True,True,True,False,0
h10-c3:protocol_validation:tabular-energy:00141,tabular-energy,S3,node_up_edge_down_human_up,1.2,0.8,1.2,0f474419ec65657bb2fbd8d20d4a343074c6ccc480bbe811ba8ae84a3bf746f3,"[[""optimal-pair-01"", ""optimal-pair-23""]]","[""optimal-pair-01"", ""optimal-pair-23""]","[""optimal-pair-01"", ""optimal-pair-23""]",True,True,True,False,True,False,0
h10-c3:protocol_validation:tabular-energy:00142,tabular-energy,S3,node_up_edge_down_human_up,1.2,0.8,1.2,0f474419ec65657bb2fbd8d20d4a343074c6ccc480bbe811ba8ae84a3bf746f3,"[[""optimal-pair-01"", ""optimal-pair-23""]]","[""optimal-pair-01"", ""optimal-pair-23""]","[""optimal-pair-01"", ""optimal-pair-23""]",True,True,True,False,False,False,0
h10-c3:protocol_validation:tabular-energy:00143,tabular-energy,S3,node_up_edge_down_human_up,1.2,0.8,1.2,0f474419ec65657bb2fbd8d20d4a343074c6ccc480bbe811ba8ae84a3bf746f3,"[[""optimal-pair-01"", ""optimal-pair-23""]]","[""optimal-pair-01"", ""optimal-pair-23""]","[""optimal-pair-01"", ""optimal-pair-23""]",True,True,True,False,True,False,0
h10-c3:protocol_validation:tabular-energy:00144,tabular-energy,S4,node_up_edge_down_human_up,1.2,0.8,1.2,444c0b6380640f7fcfff41d671ee0e5aa6c1d398378d4e5c1377051cdb258f6b,"[[""alternative-global-b""]]","[""alternative-global-b""]","[""optimal-pair-01"", ""optimal-pair-23""]",True,False,True,False,True,False,0
h10-c3:protocol_validation:tabular-energy:00145,tabular-energy,S4,node_up_edge_down_human_up,1.2,0.8,1.2,444c0b6380640f7fcfff41d671ee0e5aa6c1d398378d4e5c1377051cdb258f6b,"[[""alternative-global-b""]]","[""alternative-global-b""]","[""optimal-pair-01"", ""optimal-pair-23""]",True,False,True,False,True,False,0
h10-c3:protocol_validation:tabular-energy:00146,tabular-energy,S5,node_up_edge_down_human_up,1.2,0.8,1.2,e67b896b35c58d3c4d2d393cb203a6f7c0a49e77314580088f4f45ed0c7ec08c,"[[""fallback-known-4"", ""optimal-pair-01"", ""optimal-pair-23""]]","[""fallback-known-4"", ""optimal-pair-01"", ""optimal-pair-23""]","[""fallback-known-4"", ""optimal-pair-01"", ""optimal-pair-23""]",True,True,True,False,False,False,0
h10-c3:protocol_validation:tabular-energy:00147,tabular-energy,S5,node_up_edge_down_human_up,1.2,0.8,1.2,e67b896b35c58d3c4d2d393cb203a6f7c0a49e77314580088f4f45ed0c7ec08c,[],[],"[""optimal-pair-01"", ""optimal-pair-23""]",False,False,False,False,False,False,0
h10-c3:protocol_validation:tabular-energy:00148,tabular-energy,S1,node_up_edge_down_human_up,1.2,0.8,1.2,bb7a5ee3ba000375b4a930920dc7ebd87e641229bf30314cd8ace4b9022f2b21,"[[""direct-0""]]","[""direct-0""]","[""direct-0""]",True,True,True,True,True,False,0
h10-c3:protocol_validation:tabular-energy:00149,tabular-energy,S2,node_up_edge_down_human_up,1.2,0.8,1.2,8ecea534295574a7468228d6ece7ed10a3e90e52c16ebcd55809f17aaf855ab4,"[[""direct-0"", ""direct-1"", ""direct-2"", ""direct-3""]]","[""direct-0"", ""direct-1"", ""direct-2"", ""direct-3""]","[""direct-0"", ""direct-1"", ""direct-2"", ""direct-3""]",True,True,True,True,True,False,0
h10-c3:protocol_validation:tabular-energy:00150,tabular-energy,S2,node_up_edge_down_human_up,1.2,0.8,1.2,8ecea534295574a7468228d6ece7ed10a3e90e52c16ebcd55809f17aaf855ab4,"[[""direct-0"", ""direct-1"", ""direct-2"", ""direct-3""]]","[""direct-0"", ""direct-1"", ""direct-2"", ""direct-3""]","[""direct-0"", ""direct-1"", ""direct-2"", ""direct-3""]",True,True,True,True,True,False,0
h10-c3:protocol_validation:tabular-energy:00151,tabular-energy,S3,node_up_edge_down_human_up,1.2,0.8,1.2,0f474419ec65657bb2fbd8d20d4a343074c6ccc480bbe811ba8ae84a3bf746f3,"[[""optimal-pair-01"", ""optimal-pair-23""]]","[""optimal-pair-01"", ""optimal-pair-23""]","[""optimal-pair-01"", ""optimal-pair-23""]",True,True,True,False,True,False,0
h10-c3:protocol_validation:tabular-energy:00152,tabular-energy,S3,node_up_edge_down_human_up,1.2,0.8,1.2,0f474419ec65657bb2fbd8d20d4a343074c6ccc480bbe811ba8ae84a3bf746f3,"[[""optimal-pair-01"", ""optimal-pair-23""]]","[""optimal-pair-01"", ""optimal-pair-23""]","[""optimal-pair-01"", ""optimal-pair-23""]",True,True,True,False,False,False,0
h10-c3:protocol_validation:tabular-energy:00153,tabular-energy,S3,node_up_edge_down_human_up,1.2,0.8,1.2,0f474419ec65657bb2fbd8d20d4a343074c6ccc480bbe811ba8ae84a3bf746f3,"[[""optimal-pair-01"", ""optimal-pair-23""]]","[""optimal-pair-01"", ""optimal-pair-23""]","[""optimal-pair-01"", ""optimal-pair-23""]",True,True,True,False,True,False,0
h10-c3:protocol_validation:tabular-energy:00154,tabular-energy,S4,node_up_edge_down_human_up,1.2,0.8,1.2,444c0b6380640f7fcfff41d671ee0e5aa6c1d398378d4e5c1377051cdb258f6b,"[[""alternative-global-b""]]","[""alternative-global-b""]","[""optimal-pair-01"", ""optimal-pair-23""]",True,False,True,False,True,False,0
h10-c3:protocol_validation:tabular-energy:00155,tabular-energy,S4,node_up_edge_down_human_up,1.2,0.8,1.2,444c0b6380640f7fcfff41d671ee0e5aa6c1d398378d4e5c1377051cdb258f6b,"[[""alternative-global-b""]]","[""alternative-global-b""]","[""optimal-pair-01"", ""optimal-pair-23""]",True,False,True,False,True,False,0
h10-c3:protocol_validation:tabular-energy:00156,tabular-energy,S5,node_up_edge_down_human_up,1.2,0.8,1.2,e67b896b35c58d3c4d2d393cb203a6f7c0a49e77314580088f4f45ed0c7ec08c,"[[""fallback-known-4"", ""optimal-pair-01"", ""optimal-pair-23""]]","[""fallback-known-4"", ""optimal-pair-01"", ""optimal-pair-23""]","[""fallback-known-4"", ""optimal-pair-01"", ""optimal-pair-23""]",True,True,True,False,False,False,0
h10-c3:protocol_validation:tabular-energy:00157,tabular-energy,S5,node_up_edge_down_human_up,1.2,0.8,1.2,e67b896b35c58d3c4d2d393cb203a6f7c0a49e77314580088f4f45ed0c7ec08c,"[[""fallback-known-4"", ""optimal-pair-01"", ""optimal-pair-23""]]","[""fallback-known-4"", ""optimal-pair-01"", ""optimal-pair-23""]","[""fallback-known-4"", ""optimal-pair-01"", ""optimal-pair-23""]",True,True,True,False,False,False,0
h10-c3:protocol_validation:tabular-energy:00158,tabular-energy,S1,node_up_edge_down_human_up,1.2,0.8,1.2,bb7a5ee3ba000375b4a930920dc7ebd87e641229bf30314cd8ace4b9022f2b21,"[[""direct-0""]]","[""direct-0""]","[""direct-0""]",True,True,True,True,True,False,0
h10-c3:protocol_validation:tabular-energy:00159,tabular-energy,S2,node_up_edge_down_human_up,1.2,0.8,1.2,8ecea534295574a7468228d6ece7ed10a3e90e52c16ebcd55809f17aaf855ab4,"[[""direct-0"", ""direct-1"", ""direct-2"", ""direct-3""]]","[""direct-0"", ""direct-1"", ""direct-2"", ""direct-3""]","[""direct-0"", ""direct-1"", ""direct-2"", ""direct-3""]",True,True,True,True,True,False,0
h10-c3:protocol_validation:tabular-energy:00160,tabular-energy,S2,node_up_edge_down_human_up,1.2,0.8,1.2,8ecea534295574a7468228d6ece7ed10a3e90e52c16ebcd55809f17aaf855ab4,"[[""direct-0"", ""direct-1"", ""direct-2"", ""direct-3""]]","[""direct-0"", ""direct-1"", ""direct-2"", ""direct-3""]","[""direct-0"", ""direct-1"", ""direct-2"", ""direct-3""]",True,True,True,True,True,False,0
h10-c3:protocol_validation:tabular-energy:00161,tabular-energy,S3,node_up_edge_down_human_up,1.2,0.8,1.2,0f474419ec65657bb2fbd8d20d4a343074c6ccc480bbe811ba8ae84a3bf746f3,"[[""optimal-pair-01"", ""optimal-pair-23""]]","[""optimal-pair-01"", ""optimal-pair-23""]","[""optimal-pair-01"", ""optimal-pair-23""]",True,True,True,False,True,False,0
h10-c3:protocol_validation:tabular-energy:00162,tabular-energy,S3,node_up_edge_down_human_up,1.2,0.8,1.2,0f474419ec65657bb2fbd8d20d4a343074c6ccc480bbe811ba8ae84a3bf746f3,"[[""optimal-pair-01"", ""optimal-pair-23""]]","[""optimal-pair-01"", ""optimal-pair-23""]","[""optimal-pair-01"", ""optimal-pair-23""]",True,True,True,False,False,False,0
h10-c3:protocol_validation:tabular-energy:00163,tabular-energy,S3,node_up_edge_down_human_up,1.2,0.8,1.2,0f474419ec65657bb2fbd8d20d4a343074c6ccc480bbe811ba8ae84a3bf746f3,"[[""optimal-pair-01"", ""optimal-pair-23""]]","[""optimal-pair-01"", ""optimal-pair-23""]","[""optimal-pair-01"", ""optimal-pair-23""]",True,True,True,False,True,False,0
h10-c3:protocol_validation:tabular-energy:00164,tabular-energy,S4,node_up_edge_down_human_up,1.2,0.8,1.2,444c0b6380640f7fcfff41d671ee0e5aa6c1d398378d4e5c1377051cdb258f6b,"[[""alternative-global-b""]]","[""alternative-global-b""]","[""optimal-pair-01"", ""optimal-pair-23""]",True,False,True,False,True,False,0
h10-c3:protocol_validation:tabular-energy:00165,tabular-energy,S4,node_up_edge_down_human_up,1.2,0.8,1.2,444c0b6380640f7fcfff41d671ee0e5aa6c1d398378d4e5c1377051cdb258f6b,"[[""alternative-global-b""]]","[""alternative-global-b""]","[""optimal-pair-01"", ""optimal-pair-23""]",True,False,True,False,True,False,0
h10-c3:protocol_validation:tabular-energy:00166,tabular-energy,S5,node_up_edge_down_human_up,1.2,0.8,1.2,e67b896b35c58d3c4d2d393cb203a6f7c0a49e77314580088f4f45ed0c7ec08c,"[[""fallback-known-4"", ""optimal-pair-01"", ""optimal-pair-23""]]","[""fallback-known-4"", ""optimal-pair-01"", ""optimal-pair-23""]","[""fallback-known-4"", ""optimal-pair-01"", ""optimal-pair-23""]",True,True,True,False,False,False,0
h10-c3:protocol_validation:tabular-energy:00167,tabular-energy,S5,node_up_edge_down_human_up,1.2,0.8,1.2,e67b896b35c58d3c4d2d393cb203a6f7c0a49e77314580088f4f45ed0c7ec08c,"[[""fallback-known-4"", ""optimal-pair-01"", ""optimal-pair-23""]]","[""fallback-known-4"", ""optimal-pair-01"", ""optimal-pair-23""]","[""fallback-known-4"", ""optimal-pair-01"", ""optimal-pair-23""]",True,True,True,False,False,False,0
h10-c3:protocol_validation:tabular-energy:00168,tabular-energy,S1,node_up_edge_down_human_up,1.2,0.8,1.2,bb7a5ee3ba000375b4a930920dc7ebd87e641229bf30314cd8ace4b9022f2b21,"[[""direct-0""]]","[""direct-0""]","[""direct-0""]",True,True,True,True,True,False,0
h10-c3:protocol_validation:tabular-energy:00169,tabular-energy,S2,node_up_edge_down_human_up,1.2,0.8,1.2,8ecea534295574a7468228d6ece7ed10a3e90e52c16ebcd55809f17aaf855ab4,"[[""direct-0"", ""direct-1"", ""direct-2"", ""direct-3""]]","[""direct-0"", ""direct-1"", ""direct-2"", ""direct-3""]","[""direct-0"", ""direct-1"", ""direct-2"", ""direct-3""]",True,True,True,True,True,False,0
h10-c3:protocol_validation:tabular-energy:00170,tabular-energy,S2,node_up_edge_down_human_up,1.2,0.8,1.2,8ecea534295574a7468228d6ece7ed10a3e90e52c16ebcd55809f17aaf855ab4,"[[""direct-0"", ""direct-1"", ""direct-2"", ""direct-3""]]","[""direct-0"", ""direct-1"", ""direct-2"", ""direct-3""]","[""direct-0"", ""direct-1"", ""direct-2"", ""direct-3""]",True,True,True,True,True,False,0
h10-c3:protocol_validation:tabular-energy:00171,tabular-energy,S3,node_up_edge_down_human_up,1.2,0.8,1.2,0f474419ec65657bb2fbd8d20d4a343074c6ccc480bbe811ba8ae84a3bf746f3,"[[""optimal-pair-01"", ""optimal-pair-23""]]","[""optimal-pair-01"", ""optimal-pair-23""]","[""optimal-pair-01"", ""optimal-pair-23""]",True,True,True,False,True,False,0
h10-c3:protocol_validation:tabular-energy:00172,tabular-energy,S3,node_up_edge_down_human_up,1.2,0.8,1.2,0f474419ec65657bb2fbd8d20d4a343074c6ccc480bbe811ba8ae84a3bf746f3,"[[""optimal-pair-01"", ""optimal-pair-23""]]","[""optimal-pair-01"", ""optimal-pair-23""]","[""optimal-pair-01"", ""optimal-pair-23""]",True,True,True,False,False,False,0
h10-c3:protocol_validation:tabular-energy:00173,tabular-energy,S3,node_up_edge_down_human_up,1.2,0.8,1.2,0f474419ec65657bb2fbd8d20d4a343074c6ccc480bbe811ba8ae84a3bf746f3,"[[""optimal-pair-01"", ""optimal-pair-23""]]","[""optimal-pair-01"", ""optimal-pair-23""]","[""optimal-pair-01"", ""optimal-pair-23""]",True,True,True,False,True,False,0
h10-c3:protocol_validation:tabular-energy:00174,tabular-energy,S4,node_up_edge_down_human_up,1.2,0.8,1.2,444c0b6380640f7fcfff41d671ee0e5aa6c1d398378d4e5c1377051cdb258f6b,"[[""alternative-global-b""]]","[""alternative-global-b""]","[""optimal-pair-01"", ""optimal-pair-23""]",True,False,True,False,True,False,0
h10-c3:protocol_validation:tabular-energy:00175,tabular-energy,S4,node_up_edge_down_human_up,1.2,0.8,1.2,444c0b6380640f7fcfff41d671ee0e5aa6c1d398378d4e5c1377051cdb258f6b,"[[""alternative-global-b""]]","[""alternative-global-b""]","[""optimal-pair-01"", ""optimal-pair-23""]",True,False,True,False,True,False,0
h10-c3:protocol_validation:tabular-energy:00176,tabular-energy,S5,node_up_edge_down_human_up,1.2,0.8,1.2,e67b896b35c58d3c4d2d393cb203a6f7c0a49e77314580088f4f45ed0c7ec08c,[],[],"[""optimal-pair-01"", ""optimal-pair-23""]",False,False,False,False,False,False,0
h10-c3:protocol_validation:tabular-energy:00177,tabular-energy,S5,node_up_edge_down_human_up,1.2,0.8,1.2,e67b896b35c58d3c4d2d393cb203a6f7c0a49e77314580088f4f45ed0c7ec08c,"[[""fallback-known-4"", ""optimal-pair-01"", ""optimal-pair-23""]]","[""fallback-known-4"", ""optimal-pair-01"", ""optimal-pair-23""]","[""fallback-known-4"", ""optimal-pair-01"", ""optimal-pair-23""]",True,True,True,False,False,False,0
h10-c3:protocol_validation:tabular-energy:00178,tabular-energy,S1,node_up_edge_down_human_up,1.2,0.8,1.2,bb7a5ee3ba000375b4a930920dc7ebd87e641229bf30314cd8ace4b9022f2b21,"[[""direct-0""]]","[""direct-0""]","[""direct-0""]",True,True,True,True,True,False,0
h10-c3:protocol_validation:tabular-energy:00179,tabular-energy,S2,node_up_edge_down_human_up,1.2,0.8,1.2,8ecea534295574a7468228d6ece7ed10a3e90e52c16ebcd55809f17aaf855ab4,"[[""direct-0"", ""direct-1"", ""direct-2"", ""direct-3""]]","[""direct-0"", ""direct-1"", ""direct-2"", ""direct-3""]","[""direct-0"", ""direct-1"", ""direct-2"", ""direct-3""]",True,True,True,True,True,False,0
h10-c3:protocol_validation:tabular-energy:00180,tabular-energy,S2,node_up_edge_down_human_up,1.2,0.8,1.2,8ecea534295574a7468228d6ece7ed10a3e90e52c16ebcd55809f17aaf855ab4,"[[""direct-0"", ""direct-1"", ""direct-2"", ""direct-3""]]","[""direct-0"", ""direct-1"", ""direct-2"", ""direct-3""]","[""direct-0"", ""direct-1"", ""direct-2"", ""direct-3""]",True,True,True,True,True,False,0
h10-c3:protocol_validation:tabular-energy:00181,tabular-energy,S3,node_up_edge_down_human_up,1.2,0.8,1.2,0f474419ec65657bb2fbd8d20d4a343074c6ccc480bbe811ba8ae84a3bf746f3,"[[""optimal-pair-01"", ""optimal-pair-23""]]","[""optimal-pair-01"", ""optimal-pair-23""]","[""optimal-pair-01"", ""optimal-pair-23""]",True,True,True,False,True,False,0
h10-c3:protocol_validation:tabular-energy:00182,tabular-energy,S3,node_up_edge_down_human_up,1.2,0.8,1.2,0f474419ec65657bb2fbd8d20d4a343074c6ccc480bbe811ba8ae84a3bf746f3,"[[""optimal-pair-01"", ""optimal-pair-23""]]","[""optimal-pair-01"", ""optimal-pair-23""]","[""optimal-pair-01"", ""optimal-pair-23""]",True,True,True,False,False,False,0
h10-c3:protocol_validation:tabular-energy:00183,tabular-energy,S3,node_up_edge_down_human_up,1.2,0.8,1.2,0f474419ec65657bb2fbd8d20d4a343074c6ccc480bbe811ba8ae84a3bf746f3,"[[""optimal-pair-01"", ""optimal-pair-23""]]","[""optimal-pair-01"", ""optimal-pair-23""]","[""optimal-pair-01"", ""optimal-pair-23""]",True,True,True,False,True,False,0
h10-c3:protocol_validation:tabular-energy:00184,tabular-energy,S4,node_up_edge_down_human_up,1.2,0.8,1.2,444c0b6380640f7fcfff41d671ee0e5aa6c1d398378d4e5c1377051cdb258f6b,"[[""alternative-global-b""]]","[""alternative-global-b""]","[""optimal-pair-01"", ""optimal-pair-23""]",True,False,True,False,True,False,0
h10-c3:protocol_validation:tabular-energy:00185,tabular-energy,S4,node_up_edge_down_human_up,1.2,0.8,1.2,444c0b6380640f7fcfff41d671ee0e5aa6c1d398378d4e5c1377051cdb258f6b,"[[""alternative-global-b""]]","[""alternative-global-b""]","[""optimal-pair-01"", ""optimal-pair-23""]",True,False,True,False,True,False,0
h10-c3:protocol_validation:tabular-energy:00186,tabular-energy,S5,node_up_edge_down_human_up,1.2,0.8,1.2,e67b896b35c58d3c4d2d393cb203a6f7c0a49e77314580088f4f45ed0c7ec08c,"[[""fallback-known-4"", ""optimal-pair-01"", ""optimal-pair-23""]]","[""fallback-known-4"", ""optimal-pair-01"", ""optimal-pair-23""]","[""fallback-known-4"", ""optimal-pair-01"", ""optimal-pair-23""]",True,True,True,False,False,False,0
h10-c3:protocol_validation:tabular-energy:00187,tabular-energy,S5,node_up_edge_down_human_up,1.2,0.8,1.2,e67b896b35c58d3c4d2d393cb203a6f7c0a49e77314580088f4f45ed0c7ec08c,"[[""fallback-known-4"", ""optimal-pair-01"", ""optimal-pair-23""]]","[""fallback-known-4"", ""optimal-pair-01"", ""optimal-pair-23""]","[""fallback-known-4"", ""optimal-pair-01"", ""optimal-pair-23""]",True,True,True,False,False,False,0
h10-c3:protocol_validation:tabular-energy:00188,tabular-energy,S1,node_up_edge_down_human_up,1.2,0.8,1.2,bb7a5ee3ba000375b4a930920dc7ebd87e641229bf30314cd8ace4b9022f2b21,"[[""direct-0""]]","[""direct-0""]","[""direct-0""]",True,True,True,True,True,False,0
h10-c3:protocol_validation:tabular-energy:00189,tabular-energy,S2,node_up_edge_down_human_up,1.2,0.8,1.2,8ecea534295574a7468228d6ece7ed10a3e90e52c16ebcd55809f17aaf855ab4,"[[""direct-0"", ""direct-1"", ""direct-2"", ""direct-3""]]","[""direct-0"", ""direct-1"", ""direct-2"", ""direct-3""]","[""direct-0"", ""direct-1"", ""direct-2"", ""direct-3""]",True,True,True,True,True,False,0
h10-c3:protocol_validation:tabular-energy:00190,tabular-energy,S2,node_up_edge_down_human_up,1.2,0.8,1.2,8ecea534295574a7468228d6ece7ed10a3e90e52c16ebcd55809f17aaf855ab4,"[[""direct-0"", ""direct-1"", ""direct-2"", ""direct-3""]]","[""direct-0"", ""direct-1"", ""direct-2"", ""direct-3""]","[""direct-0"", ""direct-1"", ""direct-2"", ""direct-3""]",True,True,True,True,True,False,0
h10-c3:protocol_validation:tabular-energy:00191,tabular-energy,S3,node_up_edge_down_human_up,1.2,0.8,1.2,0f474419ec65657bb2fbd8d20d4a343074c6ccc480bbe811ba8ae84a3bf746f3,"[[""optimal-pair-01"", ""optimal-pair-23""]]","[""optimal-pair-01"", ""optimal-pair-23""]","[""optimal-pair-01"", ""optimal-pair-23""]",True,True,True,False,True,False,0
h10-c3:protocol_validation:tabular-energy:00192,tabular-energy,S3,node_up_edge_down_human_up,1.2,0.8,1.2,0f474419ec65657bb2fbd8d20d4a343074c6ccc480bbe811ba8ae84a3bf746f3,"[[""optimal-pair-01"", ""optimal-pair-23""]]","[""optimal-pair-01"", ""optimal-pair-23""]","[""optimal-pair-01"", ""optimal-pair-23""]",True,True,True,False,False,False,0
h10-c3:protocol_validation:tabular-energy:00193,tabular-energy,S3,node_up_edge_down_human_up,1.2,0.8,1.2,0f474419ec65657bb2fbd8d20d4a343074c6ccc480bbe811ba8ae84a3bf746f3,"[[""optimal-pair-01"", ""optimal-pair-23""]]","[""optimal-pair-01"", ""optimal-pair-23""]","[""optimal-pair-01"", ""optimal-pair-23""]",True,True,True,False,True,False,0
h10-c3:protocol_validation:tabular-energy:00194,tabular-energy,S4,node_up_edge_down_human_up,1.2,0.8,1.2,444c0b6380640f7fcfff41d671ee0e5aa6c1d398378d4e5c1377051cdb258f6b,"[[""alternative-global-b""]]","[""alternative-global-b""]","[""optimal-pair-01"", ""optimal-pair-23""]",True,False,True,False,True,False,0
h10-c3:protocol_validation:tabular-energy:00195,tabular-energy,S4,node_up_edge_down_human_up,1.2,0.8,1.2,444c0b6380640f7fcfff41d671ee0e5aa6c1d398378d4e5c1377051cdb258f6b,"[[""alternative-global-b""]]","[""alternative-global-b""]","[""optimal-pair-01"", ""optimal-pair-23""]",True,False,True,False,True,False,0
h10-c3:protocol_validation:tabular-energy:00196,tabular-energy,S5,node_up_edge_down_human_up,1.2,0.8,1.2,e67b896b35c58d3c4d2d393cb203a6f7c0a49e77314580088f4f45ed0c7ec08c,"[[""fallback-known-4"", ""optimal-pair-01"", ""optimal-pair-23""]]","[""fallback-known-4"", ""optimal-pair-01"", ""optimal-pair-23""]","[""fallback-known-4"", ""optimal-pair-01"", ""optimal-pair-23""]",True,True,True,False,False,False,0
h10-c3:protocol_validation:tabular-energy:00197,tabular-energy,S5,node_up_edge_down_human_up,1.2,0.8,1.2,e67b896b35c58d3c4d2d393cb203a6f7c0a49e77314580088f4f45ed0c7ec08c,[],[],"[""optimal-pair-01"", ""optimal-pair-23""]",False,False,False,False,False,False,0
h10-c3:protocol_validation:tabular-energy:00198,tabular-energy,S1,node_up_edge_down_human_up,1.2,0.8,1.2,bb7a5ee3ba000375b4a930920dc7ebd87e641229bf30314cd8ace4b9022f2b21,"[[""direct-0""]]","[""direct-0""]","[""direct-0""]",True,True,True,True,True,False,0
h10-c3:protocol_validation:tabular-energy:00199,tabular-energy,S2,node_up_edge_down_human_up,1.2,0.8,1.2,8ecea534295574a7468228d6ece7ed10a3e90e52c16ebcd55809f17aaf855ab4,"[[""direct-0"", ""direct-1"", ""direct-2"", ""direct-3""]]","[""direct-0"", ""direct-1"", ""direct-2"", ""direct-3""]","[""direct-0"", ""direct-1"", ""direct-2"", ""direct-3""]",True,True,True,True,True,False,0
h10-c3:protocol_validation:tabular-energy:00200,tabular-energy,S2,node_up_edge_down_human_up,1.2,0.8,1.2,8ecea534295574a7468228d6ece7ed10a3e90e52c16ebcd55809f17aaf855ab4,"[[""direct-0"", ""direct-1"", ""direct-2"", ""direct-3""]]","[""direct-0"", ""direct-1"", ""direct-2"", ""direct-3""]","[""direct-0"", ""direct-1"", ""direct-2"", ""direct-3""]",True,True,True,True,True,False,0
h10-c3:protocol_validation:tabular-energy:00201,tabular-energy,S3,node_up_edge_down_human_up,1.2,0.8,1.2,0f474419ec65657bb2fbd8d20d4a343074c6ccc480bbe811ba8ae84a3bf746f3,"[[""optimal-pair-01"", ""optimal-pair-23""]]","[""optimal-pair-01"", ""optimal-pair-23""]","[""optimal-pair-01"", ""optimal-pair-23""]",True,True,True,False,True,False,0
h10-c3:protocol_validation:tabular-energy:00202,tabular-energy,S3,node_up_edge_down_human_up,1.2,0.8,1.2,0f474419ec65657bb2fbd8d20d4a343074c6ccc480bbe811ba8ae84a3bf746f3,"[[""optimal-pair-01"", ""optimal-pair-23""]]","[""optimal-pair-01"", ""optimal-pair-23""]","[""optimal-pair-01"", ""optimal-pair-23""]",True,True,True,False,False,False,0
h10-c3:protocol_validation:tabular-energy:00203,tabular-energy,S3,node_up_edge_down_human_up,1.2,0.8,1.2,0f474419ec65657bb2fbd8d20d4a343074c6ccc480bbe811ba8ae84a3bf746f3,"[[""optimal-pair-01"", ""optimal-pair-23""]]","[""optimal-pair-01"", ""optimal-pair-23""]","[""optimal-pair-01"", ""optimal-pair-23""]",True,True,True,False,True,False,0
h10-c3:protocol_validation:tabular-energy:00204,tabular-energy,S4,node_up_edge_down_human_up,1.2,0.8,1.2,444c0b6380640f7fcfff41d671ee0e5aa6c1d398378d4e5c1377051cdb258f6b,"[[""alternative-global-b""]]","[""alternative-global-b""]","[""optimal-pair-01"", ""optimal-pair-23""]",True,False,True,False,True,False,0
h10-c3:protocol_validation:tabular-energy:00205,tabular-energy,S4,node_up_edge_down_human_up,1.2,0.8,1.2,444c0b6380640f7fcfff41d671ee0e5aa6c1d398378d4e5c1377051cdb258f6b,"[[""alternative-global-b""]]","[""alternative-global-b""]","[""optimal-pair-01"", ""optimal-pair-23""]",True,False,True,False,True,False,0
h10-c3:protocol_validation:tabular-energy:00206,tabular-energy,S5,node_up_edge_down_human_up,1.2,0.8,1.2,e67b896b35c58d3c4d2d393cb203a6f7c0a49e77314580088f4f45ed0c7ec08c,"[[""fallback-known-4"", ""optimal-pair-01"", ""optimal-pair-23""]]","[""fallback-known-4"", ""optimal-pair-01"", ""optimal-pair-23""]","[""fallback-known-4"", ""optimal-pair-01"", ""optimal-pair-23""]",True,True,True,False,False,False,0
h10-c3:protocol_validation:tabular-energy:00207,tabular-energy,S5,node_up_edge_down_human_up,1.2,0.8,1.2,e67b896b35c58d3c4d2d393cb203a6f7c0a49e77314580088f4f45ed0c7ec08c,"[[""fallback-known-4"", ""optimal-pair-01"", ""optimal-pair-23""]]","[""fallback-known-4"", ""optimal-pair-01"", ""optimal-pair-23""]","[""fallback-known-4"", ""optimal-pair-01"", ""optimal-pair-23""]",True,True,True,False,False,False,0
h10-c3:protocol_validation:tabular-energy:00208,tabular-energy,S1,node_up_edge_down_human_up,1.2,0.8,1.2,bb7a5ee3ba000375b4a930920dc7ebd87e641229bf30314cd8ace4b9022f2b21,"[[""direct-0""]]","[""direct-0""]","[""direct-0""]",True,True,True,True,True,False,0
h10-c3:protocol_validation:tabular-energy:00209,tabular-energy,S2,node_up_edge_down_human_up,1.2,0.8,1.2,8ecea534295574a7468228d6ece7ed10a3e90e52c16ebcd55809f17aaf855ab4,"[[""direct-0"", ""direct-1"", ""direct-2"", ""direct-3""]]","[""direct-0"", ""direct-1"", ""direct-2"", ""direct-3""]","[""direct-0"", ""direct-1"", ""direct-2"", ""direct-3""]",True,True,True,True,True,False,0
h10-c3:protocol_validation:tabular-energy:00210,tabular-energy,S2,node_up_edge_down_human_up,1.2,0.8,1.2,8ecea534295574a7468228d6ece7ed10a3e90e52c16ebcd55809f17aaf855ab4,"[[""direct-0"", ""direct-1"", ""direct-2"", ""direct-3""]]","[""direct-0"", ""direct-1"", ""direct-2"", ""direct-3""]","[""direct-0"", ""direct-1"", ""direct-2"", ""direct-3""]",True,True,True,True,True,False,0
h10-c3:protocol_validation:tabular-energy:00211,tabular-energy,S3,node_up_edge_down_human_up,1.2,0.8,1.2,0f474419ec65657bb2fbd8d20d4a343074c6ccc480bbe811ba8ae84a3bf746f3,"[[""optimal-pair-01"", ""optimal-pair-23""]]","[""optimal-pair-01"", ""optimal-pair-23""]","[""optimal-pair-01"", ""optimal-pair-23""]",True,True,True,False,True,False,0
h10-c3:protocol_validation:tabular-energy:00212,tabular-energy,S3,node_up_edge_down_human_up,1.2,0.8,1.2,0f474419ec65657bb2fbd8d20d4a343074c6ccc480bbe811ba8ae84a3bf746f3,"[[""optimal-pair-01"", ""optimal-pair-23""]]","[""optimal-pair-01"", ""optimal-pair-23""]","[""optimal-pair-01"", ""optimal-pair-23""]",True,True,True,False,False,False,0
h10-c3:protocol_validation:tabular-energy:00213,tabular-energy,S3,node_up_edge_down_human_up,1.2,0.8,1.2,0f474419ec65657bb2fbd8d20d4a343074c6ccc480bbe811ba8ae84a3bf746f3,"[[""optimal-pair-01"", ""optimal-pair-23""]]","[""optimal-pair-01"", ""optimal-pair-23""]","[""optimal-pair-01"", ""optimal-pair-23""]",True,True,True,False,True,False,0
h10-c3:protocol_validation:tabular-energy:00214,tabular-energy,S4,node_up_edge_down_human_up,1.2,0.8,1.2,444c0b6380640f7fcfff41d671ee0e5aa6c1d398378d4e5c1377051cdb258f6b,"[[""alternative-global-b""]]","[""alternative-global-b""]","[""optimal-pair-01"", ""optimal-pair-23""]",True,False,True,False,True,False,0
h10-c3:protocol_validation:tabular-energy:00215,tabular-energy,S4,node_up_edge_down_human_up,1.2,0.8,1.2,444c0b6380640f7fcfff41d671ee0e5aa6c1d398378d4e5c1377051cdb258f6b,"[[""alternative-global-b""]]","[""alternative-global-b""]","[""optimal-pair-01"", ""optimal-pair-23""]",True,False,True,False,True,False,0
h10-c3:protocol_validation:tabular-energy:00216,tabular-energy,S5,node_up_edge_down_human_up,1.2,0.8,1.2,e67b896b35c58d3c4d2d393cb203a6f7c0a49e77314580088f4f45ed0c7ec08c,"[[""fallback-known-4"", ""optimal-pair-01"", ""optimal-pair-23""]]","[""fallback-known-4"", ""optimal-pair-01"", ""optimal-pair-23""]","[""fallback-known-4"", ""optimal-pair-01"", ""optimal-pair-23""]",True,True,True,False,False,False,0
h10-c3:protocol_validation:tabular-energy:00217,tabular-energy,S5,node_up_edge_down_human_up,1.2,0.8,1.2,e67b896b35c58d3c4d2d393cb203a6f7c0a49e77314580088f4f45ed0c7ec08c,"[[""fallback-known-4"", ""optimal-pair-01"", ""optimal-pair-23""]]","[""fallback-known-4"", ""optimal-pair-01"", ""optimal-pair-23""]","[""fallback-known-4"", ""optimal-pair-01"", ""optimal-pair-23""]",True,True,True,False,False,False,0
h10-c3:protocol_validation:tabular-energy:00218,tabular-energy,S1,node_up_edge_down_human_up,1.2,0.8,1.2,bb7a5ee3ba000375b4a930920dc7ebd87e641229bf30314cd8ace4b9022f2b21,"[[""direct-0""]]","[""direct-0""]","[""direct-0""]",True,True,True,True,True,False,0
h10-c3:protocol_validation:tabular-energy:00219,tabular-energy,S2,node_up_edge_down_human_up,1.2,0.8,1.2,8ecea534295574a7468228d6ece7ed10a3e90e52c16ebcd55809f17aaf855ab4,"[[""direct-0"", ""direct-1"", ""direct-2"", ""direct-3""]]","[""direct-0"", ""direct-1"", ""direct-2"", ""direct-3""]","[""direct-0"", ""direct-1"", ""direct-2"", ""direct-3""]",True,True,True,True,True,False,0
h10-c3:protocol_validation:tabular-energy:00220,tabular-energy,S2,node_up_edge_down_human_up,1.2,0.8,1.2,8ecea534295574a7468228d6ece7ed10a3e90e52c16ebcd55809f17aaf855ab4,"[[""direct-0"", ""direct-1"", ""direct-2"", ""direct-3""]]","[""direct-0"", ""direct-1"", ""direct-2"", ""direct-3""]","[""direct-0"", ""direct-1"", ""direct-2"", ""direct-3""]",True,True,True,True,True,False,0
h10-c3:protocol_validation:tabular-energy:00221,tabular-energy,S3,node_up_edge_down_human_up,1.2,0.8,1.2,0f474419ec65657bb2fbd8d20d4a343074c6ccc480bbe811ba8ae84a3bf746f3,"[[""optimal-pair-01"", ""optimal-pair-23""]]","[""optimal-pair-01"", ""optimal-pair-23""]","[""optimal-pair-01"", ""optimal-pair-23""]",True,True,True,False,True,False,0
h10-c3:protocol_validation:tabular-energy:00222,tabular-energy,S3,node_up_edge_down_human_up,1.2,0.8,1.2,0f474419ec65657bb2fbd8d20d4a343074c6ccc480bbe811ba8ae84a3bf746f3,"[[""optimal-pair-01"", ""optimal-pair-23""]]","[""optimal-pair-01"", ""optimal-pair-23""]","[""optimal-pair-01"", ""optimal-pair-23""]",True,True,True,False,False,False,0
h10-c3:protocol_validation:tabular-energy:00223,tabular-energy,S3,node_up_edge_down_human_up,1.2,0.8,1.2,0f474419ec65657bb2fbd8d20d4a343074c6ccc480bbe811ba8ae84a3bf746f3,"[[""optimal-pair-01"", ""optimal-pair-23""]]","[""optimal-pair-01"", ""optimal-pair-23""]","[""optimal-pair-01"", ""optimal-pair-23""]",True,True,True,False,True,False,0
h10-c3:protocol_validation:tabular-energy:00224,tabular-energy,S4,node_up_edge_down_human_up,1.2,0.8,1.2,444c0b6380640f7fcfff41d671ee0e5aa6c1d398378d4e5c1377051cdb258f6b,"[[""alternative-global-b""]]","[""alternative-global-b""]","[""optimal-pair-01"", ""optimal-pair-23""]",True,False,True,False,True,False,0
h10-c3:protocol_validation:tabular-energy:00225,tabular-energy,S4,node_up_edge_down_human_up,1.2,0.8,1.2,444c0b6380640f7fcfff41d671ee0e5aa6c1d398378d4e5c1377051cdb258f6b,"[[""alternative-global-b""]]","[""alternative-global-b""]","[""optimal-pair-01"", ""optimal-pair-23""]",True,False,True,False,True,False,0
h10-c3:protocol_validation:tabular-energy:00226,tabular-energy,S5,node_up_edge_down_human_up,1.2,0.8,1.2,e67b896b35c58d3c4d2d393cb203a6f7c0a49e77314580088f4f45ed0c7ec08c,[],[],"[""optimal-pair-01"", ""optimal-pair-23""]",False,False,False,False,False,False,0
h10-c3:protocol_validation:tabular-energy:00227,tabular-energy,S5,node_up_edge_down_human_up,1.2,0.8,1.2,e67b896b35c58d3c4d2d393cb203a6f7c0a49e77314580088f4f45ed0c7ec08c,"[[""fallback-known-4"", ""optimal-pair-01"", ""optimal-pair-23""]]","[""fallback-known-4"", ""optimal-pair-01"", ""optimal-pair-23""]","[""fallback-known-4"", ""optimal-pair-01"", ""optimal-pair-23""]",True,True,True,False,False,False,0
h10-c3:protocol_validation:tabular-energy:00228,tabular-energy,S1,node_up_edge_down_human_up,1.2,0.8,1.2,bb7a5ee3ba000375b4a930920dc7ebd87e641229bf30314cd8ace4b9022f2b21,"[[""direct-0""]]","[""direct-0""]","[""direct-0""]",True,True,True,True,True,False,0
h10-c3:protocol_validation:tabular-energy:00229,tabular-energy,S2,node_up_edge_down_human_up,1.2,0.8,1.2,8ecea534295574a7468228d6ece7ed10a3e90e52c16ebcd55809f17aaf855ab4,"[[""direct-0"", ""direct-1"", ""direct-2"", ""direct-3""]]","[""direct-0"", ""direct-1"", ""direct-2"", ""direct-3""]","[""direct-0"", ""direct-1"", ""direct-2"", ""direct-3""]",True,True,True,True,True,False,0
h10-c3:protocol_validation:tabular-energy:00230,tabular-energy,S2,node_up_edge_down_human_up,1.2,0.8,1.2,8ecea534295574a7468228d6ece7ed10a3e90e52c16ebcd55809f17aaf855ab4,"[[""direct-0"", ""direct-1"", ""direct-2"", ""direct-3""]]","[""direct-0"", ""direct-1"", ""direct-2"", ""direct-3""]","[""direct-0"", ""direct-1"", ""direct-2"", ""direct-3""]",True,True,True,True,True,False,0
h10-c3:protocol_validation:tabular-energy:00231,tabular-energy,S3,node_up_edge_down_human_up,1.2,0.8,1.2,0f474419ec65657bb2fbd8d20d4a343074c6ccc480bbe811ba8ae84a3bf746f3,"[[""optimal-pair-01"", ""optimal-pair-23""]]","[""optimal-pair-01"", ""optimal-pair-23""]","[""optimal-pair-01"", ""optimal-pair-23""]",True,True,True,False,True,False,0
h10-c3:protocol_validation:tabular-energy:00232,tabular-energy,S3,node_up_edge_down_human_up,1.2,0.8,1.2,0f474419ec65657bb2fbd8d20d4a343074c6ccc480bbe811ba8ae84a3bf746f3,"[[""optimal-pair-01"", ""optimal-pair-23""]]","[""optimal-pair-01"", ""optimal-pair-23""]","[""optimal-pair-01"", ""optimal-pair-23""]",True,True,True,False,False,False,0
h10-c3:protocol_validation:tabular-energy:00233,tabular-energy,S3,node_up_edge_down_human_up,1.2,0.8,1.2,0f474419ec65657bb2fbd8d20d4a343074c6ccc480bbe811ba8ae84a3bf746f3,"[[""optimal-pair-01"", ""optimal-pair-23""]]","[""optimal-pair-01"", ""optimal-pair-23""]","[""optimal-pair-01"", ""optimal-pair-23""]",True,True,True,False,True,False,0
h10-c3:protocol_validation:tabular-energy:00234,tabular-energy,S4,node_up_edge_down_human_up,1.2,0.8,1.2,444c0b6380640f7fcfff41d671ee0e5aa6c1d398378d4e5c1377051cdb258f6b,"[[""alternative-global-b""]]","[""alternative-global-b""]","[""optimal-pair-01"", ""optimal-pair-23""]",True,False,True,False,True,False,0
h10-c3:protocol_validation:tabular-energy:00235,tabular-energy,S4,node_up_edge_down_human_up,1.2,0.8,1.2,444c0b6380640f7fcfff41d671ee0e5aa6c1d398378d4e5c1377051cdb258f6b,"[[""alternative-global-b""]]","[""alternative-global-b""]","[""optimal-pair-01"", ""optimal-pair-23""]",True,False,True,False,True,False,0
h10-c3:protocol_validation:tabular-energy:00236,tabular-energy,S5,node_up_edge_down_human_up,1.2,0.8,1.2,e67b896b35c58d3c4d2d393cb203a6f7c0a49e77314580088f4f45ed0c7ec08c,"[[""fallback-known-4"", ""optimal-pair-01"", ""optimal-pair-23""]]","[""fallback-known-4"", ""optimal-pair-01"", ""optimal-pair-23""]","[""fallback-known-4"", ""optimal-pair-01"", ""optimal-pair-23""]",True,True,True,False,False,False,0
h10-c3:protocol_validation:tabular-energy:00237,tabular-energy,S5,node_up_edge_down_human_up,1.2,0.8,1.2,e67b896b35c58d3c4d2d393cb203a6f7c0a49e77314580088f4f45ed0c7ec08c,"[[""fallback-known-4"", ""optimal-pair-01"", ""optimal-pair-23""]]","[""fallback-known-4"", ""optimal-pair-01"", ""optimal-pair-23""]","[""fallback-known-4"", ""optimal-pair-01"", ""optimal-pair-23""]",True,True,True,False,False,False,0
h10-c3:protocol_validation:tabular-energy:00238,tabular-energy,S1,node_up_edge_down_human_up,1.2,0.8,1.2,bb7a5ee3ba000375b4a930920dc7ebd87e641229bf30314cd8ace4b9022f2b21,"[[""direct-0""]]","[""direct-0""]","[""direct-0""]",True,True,True,True,True,False,0
h10-c3:protocol_validation:tabular-energy:00239,tabular-energy,S2,node_up_edge_down_human_up,1.2,0.8,1.2,8ecea534295574a7468228d6ece7ed10a3e90e52c16ebcd55809f17aaf855ab4,"[[""direct-0"", ""direct-1"", ""direct-2"", ""direct-3""]]","[""direct-0"", ""direct-1"", ""direct-2"", ""direct-3""]","[""direct-0"", ""direct-1"", ""direct-2"", ""direct-3""]",True,True,True,True,True,False,0
h10-c3:protocol_validation:text-news:00240,text-news,S1,node_up_edge_down_human_up,1.2,0.8,1.2,bb7a5ee3ba000375b4a930920dc7ebd87e641229bf30314cd8ace4b9022f2b21,"[[""direct-0""]]","[""direct-0""]","[""direct-0""]",True,True,True,True,True,False,0
h10-c3:protocol_validation:text-news:00241,text-news,S2,node_up_edge_down_human_up,1.2,0.8,1.2,8ecea534295574a7468228d6ece7ed10a3e90e52c16ebcd55809f17aaf855ab4,"[[""direct-0"", ""direct-1"", ""direct-2"", ""direct-3""]]","[""direct-0"", ""direct-1"", ""direct-2"", ""direct-3""]","[""direct-0"", ""direct-1"", ""direct-2"", ""direct-3""]",True,True,True,True,True,False,0
h10-c3:protocol_validation:text-news:00242,text-news,S2,node_up_edge_down_human_up,1.2,0.8,1.2,8ecea534295574a7468228d6ece7ed10a3e90e52c16ebcd55809f17aaf855ab4,"[[""direct-0"", ""direct-1"", ""direct-2"", ""direct-3""]]","[""direct-0"", ""direct-1"", ""direct-2"", ""direct-3""]","[""direct-0"", ""direct-1"", ""direct-2"", ""direct-3""]",True,True,True,True,True,False,0
h10-c3:protocol_validation:text-news:00243,text-news,S3,node_up_edge_down_human_up,1.2,0.8,1.2,0f474419ec65657bb2fbd8d20d4a343074c6ccc480bbe811ba8ae84a3bf746f3,"[[""optimal-pair-01"", ""optimal-pair-23""]]","[""optimal-pair-01"", ""optimal-pair-23""]","[""optimal-pair-01"", ""optimal-pair-23""]",True,True,True,False,True,False,0
h10-c3:protocol_validation:text-news:00244,text-news,S3,node_up_edge_down_human_up,1.2,0.8,1.2,0f474419ec65657bb2fbd8d20d4a343074c6ccc480bbe811ba8ae84a3bf746f3,"[[""optimal-pair-01"", ""optimal-pair-23""]]","[""optimal-pair-01"", ""optimal-pair-23""]","[""optimal-pair-01"", ""optimal-pair-23""]",True,True,True,False,False,False,0
h10-c3:protocol_validation:text-news:00245,text-news,S3,node_up_edge_down_human_up,1.2,0.8,1.2,0f474419ec65657bb2fbd8d20d4a343074c6ccc480bbe811ba8ae84a3bf746f3,"[[""optimal-pair-01"", ""optimal-pair-23""]]","[""optimal-pair-01"", ""optimal-pair-23""]","[""optimal-pair-01"", ""optimal-pair-23""]",True,True,True,False,True,False,0
h10-c3:protocol_validation:text-news:00246,text-news,S4,node_up_edge_down_human_up,1.2,0.8,1.2,444c0b6380640f7fcfff41d671ee0e5aa6c1d398378d4e5c1377051cdb258f6b,"[[""alternative-global-b""]]","[""alternative-global-b""]","[""optimal-pair-01"", ""optimal-pair-23""]",True,False,True,False,True,False,0
h10-c3:protocol_validation:text-news:00247,text-news,S4,node_up_edge_down_human_up,1.2,0.8,1.2,444c0b6380640f7fcfff41d671ee0e5aa6c1d398378d4e5c1377051cdb258f6b,"[[""alternative-global-b""]]","[""alternative-global-b""]","[""optimal-pair-01"", ""optimal-pair-23""]",True,False,True,False,True,False,0
h10-c3:protocol_validation:text-news:00248,text-news,S5,node_up_edge_down_human_up,1.2,0.8,1.2,e67b896b35c58d3c4d2d393cb203a6f7c0a49e77314580088f4f45ed0c7ec08c,[],[],"[""optimal-pair-01"", ""optimal-pair-23""]",False,False,False,False,False,False,0
h10-c3:protocol_validation:text-news:00249,text-news,S5,node_up_edge_down_human_up,1.2,0.8,1.2,e67b896b35c58d3c4d2d393cb203a6f7c0a49e77314580088f4f45ed0c7ec08c,"[[""fallback-known-4"", ""optimal-pair-01"", ""optimal-pair-23""]]","[""fallback-known-4"", ""optimal-pair-01"", ""optimal-pair-23""]","[""fallback-known-4"", ""optimal-pair-01"", ""optimal-pair-23""]",True,True,True,False,False,False,0
h10-c3:protocol_validation:text-news:00250,text-news,S1,node_up_edge_down_human_up,1.2,0.8,1.2,bb7a5ee3ba000375b4a930920dc7ebd87e641229bf30314cd8ace4b9022f2b21,"[[""direct-0""]]","[""direct-0""]","[""direct-0""]",True,True,True,True,True,False,0
h10-c3:protocol_validation:text-news:00251,text-news,S2,node_up_edge_down_human_up,1.2,0.8,1.2,8ecea534295574a7468228d6ece7ed10a3e90e52c16ebcd55809f17aaf855ab4,"[[""direct-0"", ""direct-1"", ""direct-2"", ""direct-3""]]","[""direct-0"", ""direct-1"", ""direct-2"", ""direct-3""]","[""direct-0"", ""direct-1"", ""direct-2"", ""direct-3""]",True,True,True,True,True,False,0
h10-c3:protocol_validation:text-news:00252,text-news,S2,node_up_edge_down_human_up,1.2,0.8,1.2,8ecea534295574a7468228d6ece7ed10a3e90e52c16ebcd55809f17aaf855ab4,"[[""direct-0"", ""direct-1"", ""direct-2"", ""direct-3""]]","[""direct-0"", ""direct-1"", ""direct-2"", ""direct-3""]","[""direct-0"", ""direct-1"", ""direct-2"", ""direct-3""]",True,True,True,True,True,False,0
h10-c3:protocol_validation:text-news:00253,text-news,S3,node_up_edge_down_human_up,1.2,0.8,1.2,0f474419ec65657bb2fbd8d20d4a343074c6ccc480bbe811ba8ae84a3bf746f3,"[[""optimal-pair-01"", ""optimal-pair-23""]]","[""optimal-pair-01"", ""optimal-pair-23""]","[""optimal-pair-01"", ""optimal-pair-23""]",True,True,True,False,True,False,0
h10-c3:protocol_validation:text-news:00254,text-news,S3,node_up_edge_down_human_up,1.2,0.8,1.2,0f474419ec65657bb2fbd8d20d4a343074c6ccc480bbe811ba8ae84a3bf746f3,"[[""optimal-pair-01"", ""optimal-pair-23""]]","[""optimal-pair-01"", ""optimal-pair-23""]","[""optimal-pair-01"", ""optimal-pair-23""]",True,True,True,False,False,False,0
h10-c3:protocol_validation:text-news:00255,text-news,S3,node_up_edge_down_human_up,1.2,0.8,1.2,0f474419ec65657bb2fbd8d20d4a343074c6ccc480bbe811ba8ae84a3bf746f3,"[[""optimal-pair-01"", ""optimal-pair-23""]]","[""optimal-pair-01"", ""optimal-pair-23""]","[""optimal-pair-01"", ""optimal-pair-23""]",True,True,True,False,True,False,0
h10-c3:protocol_validation:text-news:00256,text-news,S4,node_up_edge_down_human_up,1.2,0.8,1.2,444c0b6380640f7fcfff41d671ee0e5aa6c1d398378d4e5c1377051cdb258f6b,"[[""alternative-global-b""]]","[""alternative-global-b""]","[""optimal-pair-01"", ""optimal-pair-23""]",True,False,True,False,True,False,0
h10-c3:protocol_validation:text-news:00257,text-news,S4,node_up_edge_down_human_up,1.2,0.8,1.2,444c0b6380640f7fcfff41d671ee0e5aa6c1d398378d4e5c1377051cdb258f6b,"[[""alternative-global-b""]]","[""alternative-global-b""]","[""optimal-pair-01"", ""optimal-pair-23""]",True,False,True,False,True,False,0
h10-c3:protocol_validation:text-news:00258,text-news,S5,node_up_edge_down_human_up,1.2,0.8,1.2,e67b896b35c58d3c4d2d393cb203a6f7c0a49e77314580088f4f45ed0c7ec08c,"[[""fallback-known-4"", ""optimal-pair-01"", ""optimal-pair-23""]]","[""fallback-known-4"", ""optimal-pair-01"", ""optimal-pair-23""]","[""fallback-known-4"", ""optimal-pair-01"", ""optimal-pair-23""]",True,True,True,False,False,False,0
h10-c3:protocol_validation:text-news:00259,text-news,S5,node_up_edge_down_human_up,1.2,0.8,1.2,e67b896b35c58d3c4d2d393cb203a6f7c0a49e77314580088f4f45ed0c7ec08c,"[[""fallback-known-4"", ""optimal-pair-01"", ""optimal-pair-23""]]","[""fallback-known-4"", ""optimal-pair-01"", ""optimal-pair-23""]","[""fallback-known-4"", ""optimal-pair-01"", ""optimal-pair-23""]",True,True,True,False,False,False,0
h10-c3:protocol_validation:text-news:00260,text-news,S1,node_up_edge_down_human_up,1.2,0.8,1.2,bb7a5ee3ba000375b4a930920dc7ebd87e641229bf30314cd8ace4b9022f2b21,"[[""direct-0""]]","[""direct-0""]","[""direct-0""]",True,True,True,True,True,False,0
h10-c3:protocol_validation:text-news:00261,text-news,S2,node_up_edge_down_human_up,1.2,0.8,1.2,8ecea534295574a7468228d6ece7ed10a3e90e52c16ebcd55809f17aaf855ab4,"[[""direct-0"", ""direct-1"", ""direct-2"", ""direct-3""]]","[""direct-0"", ""direct-1"", ""direct-2"", ""direct-3""]","[""direct-0"", ""direct-1"", ""direct-2"", ""direct-3""]",True,True,True,True,True,False,0
h10-c3:protocol_validation:text-news:00262,text-news,S2,node_up_edge_down_human_up,1.2,0.8,1.2,8ecea534295574a7468228d6ece7ed10a3e90e52c16ebcd55809f17aaf855ab4,"[[""direct-0"", ""direct-1"", ""direct-2"", ""direct-3""]]","[""direct-0"", ""direct-1"", ""direct-2"", ""direct-3""]","[""direct-0"", ""direct-1"", ""direct-2"", ""direct-3""]",True,True,True,True,True,False,0
h10-c3:protocol_validation:text-news:00263,text-news,S3,node_up_edge_down_human_up,1.2,0.8,1.2,0f474419ec65657bb2fbd8d20d4a343074c6ccc480bbe811ba8ae84a3bf746f3,"[[""optimal-pair-01"", ""optimal-pair-23""]]","[""optimal-pair-01"", ""optimal-pair-23""]","[""optimal-pair-01"", ""optimal-pair-23""]",True,True,True,False,True,False,0
h10-c3:protocol_validation:text-news:00264,text-news,S3,node_up_edge_down_human_up,1.2,0.8,1.2,0f474419ec65657bb2fbd8d20d4a343074c6ccc480bbe811ba8ae84a3bf746f3,"[[""optimal-pair-01"", ""optimal-pair-23""]]","[""optimal-pair-01"", ""optimal-pair-23""]","[""optimal-pair-01"", ""optimal-pair-23""]",True,True,True,False,False,False,0
h10-c3:protocol_validation:text-news:00265,text-news,S3,node_up_edge_down_human_up,1.2,0.8,1.2,0f474419ec65657bb2fbd8d20d4a343074c6ccc480bbe811ba8ae84a3bf746f3,"[[""optimal-pair-01"", ""optimal-pair-23""]]","[""optimal-pair-01"", ""optimal-pair-23""]","[""optimal-pair-01"", ""optimal-pair-23""]",True,True,True,False,True,False,0
h10-c3:protocol_validation:text-news:00266,text-news,S4,node_up_edge_down_human_up,1.2,0.8,1.2,444c0b6380640f7fcfff41d671ee0e5aa6c1d398378d4e5c1377051cdb258f6b,"[[""alternative-global-b""]]","[""alternative-global-b""]","[""optimal-pair-01"", ""optimal-pair-23""]",True,False,True,False,True,False,0
h10-c3:protocol_validation:text-news:00267,text-news,S4,node_up_edge_down_human_up,1.2,0.8,1.2,444c0b6380640f7fcfff41d671ee0e5aa6c1d398378d4e5c1377051cdb258f6b,"[[""alternative-global-b""]]","[""alternative-global-b""]","[""optimal-pair-01"", ""optimal-pair-23""]",True,False,True,False,True,False,0
h10-c3:protocol_validation:text-news:00268,text-news,S5,node_up_edge_down_human_up,1.2,0.8,1.2,e67b896b35c58d3c4d2d393cb203a6f7c0a49e77314580088f4f45ed0c7ec08c,"[[""fallback-known-4"", ""optimal-pair-01"", ""optimal-pair-23""]]","[""fallback-known-4"", ""optimal-pair-01"", ""optimal-pair-23""]","[""fallback-known-4"", ""optimal-pair-01"", ""optimal-pair-23""]",True,True,True,False,False,False,0
h10-c3:protocol_validation:text-news:00269,text-news,S5,node_up_edge_down_human_up,1.2,0.8,1.2,e67b896b35c58d3c4d2d393cb203a6f7c0a49e77314580088f4f45ed0c7ec08c,[],[],"[""optimal-pair-01"", ""optimal-pair-23""]",False,False,False,False,False,False,0
h10-c3:protocol_validation:text-news:00270,text-news,S1,node_up_edge_down_human_up,1.2,0.8,1.2,bb7a5ee3ba000375b4a930920dc7ebd87e641229bf30314cd8ace4b9022f2b21,"[[""direct-0""]]","[""direct-0""]","[""direct-0""]",True,True,True,True,True,False,0
h10-c3:protocol_validation:text-news:00271,text-news,S2,node_up_edge_down_human_up,1.2,0.8,1.2,8ecea534295574a7468228d6ece7ed10a3e90e52c16ebcd55809f17aaf855ab4,"[[""direct-0"", ""direct-1"", ""direct-2"", ""direct-3""]]","[""direct-0"", ""direct-1"", ""direct-2"", ""direct-3""]","[""direct-0"", ""direct-1"", ""direct-2"", ""direct-3""]",True,True,True,True,True,False,0
h10-c3:protocol_validation:text-news:00272,text-news,S2,node_up_edge_down_human_up,1.2,0.8,1.2,8ecea534295574a7468228d6ece7ed10a3e90e52c16ebcd55809f17aaf855ab4,"[[""direct-0"", ""direct-1"", ""direct-2"", ""direct-3""]]","[""direct-0"", ""direct-1"", ""direct-2"", ""direct-3""]","[""direct-0"", ""direct-1"", ""direct-2"", ""direct-3""]",True,True,True,True,True,False,0
h10-c3:protocol_validation:text-news:00273,text-news,S3,node_up_edge_down_human_up,1.2,0.8,1.2,0f474419ec65657bb2fbd8d20d4a343074c6ccc480bbe811ba8ae84a3bf746f3,"[[""optimal-pair-01"", ""optimal-pair-23""]]","[""optimal-pair-01"", ""optimal-pair-23""]","[""optimal-pair-01"", ""optimal-pair-23""]",True,True,True,False,True,False,0
h10-c3:protocol_validation:text-news:00274,text-news,S3,node_up_edge_down_human_up,1.2,0.8,1.2,0f474419ec65657bb2fbd8d20d4a343074c6ccc480bbe811ba8ae84a3bf746f3,"[[""optimal-pair-01"", ""optimal-pair-23""]]","[""optimal-pair-01"", ""optimal-pair-23""]","[""optimal-pair-01"", ""optimal-pair-23""]",True,True,True,False,False,False,0
h10-c3:protocol_validation:text-news:00275,text-news,S3,node_up_edge_down_human_up,1.2,0.8,1.2,0f474419ec65657bb2fbd8d20d4a343074c6ccc480bbe811ba8ae84a3bf746f3,"[[""optimal-pair-01"", ""optimal-pair-23""]]","[""optimal-pair-01"", ""optimal-pair-23""]","[""optimal-pair-01"", ""optimal-pair-23""]",True,True,True,False,True,False,0
h10-c3:protocol_validation:text-news:00276,text-news,S4,node_up_edge_down_human_up,1.2,0.8,1.2,444c0b6380640f7fcfff41d671ee0e5aa6c1d398378d4e5c1377051cdb258f6b,"[[""alternative-global-b""]]","[""alternative-global-b""]","[""optimal-pair-01"", ""optimal-pair-23""]",True,False,True,False,True,False,0
h10-c3:protocol_validation:text-news:00277,text-news,S4,node_up_edge_down_human_up,1.2,0.8,1.2,444c0b6380640f7fcfff41d671ee0e5aa6c1d398378d4e5c1377051cdb258f6b,"[[""alternative-global-b""]]","[""alternative-global-b""]","[""optimal-pair-01"", ""optimal-pair-23""]",True,False,True,False,True,False,0
h10-c3:protocol_validation:text-news:00278,text-news,S5,node_up_edge_down_human_up,1.2,0.8,1.2,e67b896b35c58d3c4d2d393cb203a6f7c0a49e77314580088f4f45ed0c7ec08c,"[[""fallback-known-4"", ""optimal-pair-01"", ""optimal-pair-23""]]","[""fallback-known-4"", ""optimal-pair-01"", ""optimal-pair-23""]","[""fallback-known-4"", ""optimal-pair-01"", ""optimal-pair-23""]",True,True,True,False,False,False,0
h10-c3:protocol_validation:text-news:00279,text-news,S5,node_up_edge_down_human_up,1.2,0.8,1.2,e67b896b35c58d3c4d2d393cb203a6f7c0a49e77314580088f4f45ed0c7ec08c,"[[""fallback-known-4"", ""optimal-pair-01"", ""optimal-pair-23""]]","[""fallback-known-4"", ""optimal-pair-01"", ""optimal-pair-23""]","[""fallback-known-4"", ""optimal-pair-01"", ""optimal-pair-23""]",True,True,True,False,False,False,0
h10-c3:protocol_validation:text-news:00280,text-news,S1,node_up_edge_down_human_up,1.2,0.8,1.2,bb7a5ee3ba000375b4a930920dc7ebd87e641229bf30314cd8ace4b9022f2b21,"[[""direct-0""]]","[""direct-0""]","[""direct-0""]",True,True,True,True,True,False,0
h10-c3:protocol_validation:text-news:00281,text-news,S2,node_up_edge_down_human_up,1.2,0.8,1.2,8ecea534295574a7468228d6ece7ed10a3e90e52c16ebcd55809f17aaf855ab4,"[[""direct-0"", ""direct-1"", ""direct-2"", ""direct-3""]]","[""direct-0"", ""direct-1"", ""direct-2"", ""direct-3""]","[""direct-0"", ""direct-1"", ""direct-2"", ""direct-3""]",True,True,True,True,True,False,0
h10-c3:protocol_validation:text-news:00282,text-news,S2,node_up_edge_down_human_up,1.2,0.8,1.2,8ecea534295574a7468228d6ece7ed10a3e90e52c16ebcd55809f17aaf855ab4,"[[""direct-0"", ""direct-1"", ""direct-2"", ""direct-3""]]","[""direct-0"", ""direct-1"", ""direct-2"", ""direct-3""]","[""direct-0"", ""direct-1"", ""direct-2"", ""direct-3""]",True,True,True,True,True,False,0
h10-c3:protocol_validation:text-news:00283,text-news,S3,node_up_edge_down_human_up,1.2,0.8,1.2,0f474419ec65657bb2fbd8d20d4a343074c6ccc480bbe811ba8ae84a3bf746f3,"[[""optimal-pair-01"", ""optimal-pair-23""]]","[""optimal-pair-01"", ""optimal-pair-23""]","[""optimal-pair-01"", ""optimal-pair-23""]",True,True,True,False,True,False,0
h10-c3:protocol_validation:text-news:00284,text-news,S3,node_up_edge_down_human_up,1.2,0.8,1.2,0f474419ec65657bb2fbd8d20d4a343074c6ccc480bbe811ba8ae84a3bf746f3,"[[""optimal-pair-01"", ""optimal-pair-23""]]","[""optimal-pair-01"", ""optimal-pair-23""]","[""optimal-pair-01"", ""optimal-pair-23""]",True,True,True,False,False,False,0
h10-c3:protocol_validation:text-news:00285,text-news,S3,node_up_edge_down_human_up,1.2,0.8,1.2,0f474419ec65657bb2fbd8d20d4a343074c6ccc480bbe811ba8ae84a3bf746f3,"[[""optimal-pair-01"", ""optimal-pair-23""]]","[""optimal-pair-01"", ""optimal-pair-23""]","[""optimal-pair-01"", ""optimal-pair-23""]",True,True,True,False,True,False,0
h10-c3:protocol_validation:text-news:00286,text-news,S4,node_up_edge_down_human_up,1.2,0.8,1.2,444c0b6380640f7fcfff41d671ee0e5aa6c1d398378d4e5c1377051cdb258f6b,"[[""alternative-global-b""]]","[""alternative-global-b""]","[""optimal-pair-01"", ""optimal-pair-23""]",True,False,True,False,True,False,0
h10-c3:protocol_validation:text-news:00287,text-news,S4,node_up_edge_down_human_up,1.2,0.8,1.2,444c0b6380640f7fcfff41d671ee0e5aa6c1d398378d4e5c1377051cdb258f6b,"[[""alternative-global-b""]]","[""alternative-global-b""]","[""optimal-pair-01"", ""optimal-pair-23""]",True,False,True,False,True,False,0
h10-c3:protocol_validation:text-news:00288,text-news,S5,node_up_edge_down_human_up,1.2,0.8,1.2,e67b896b35c58d3c4d2d393cb203a6f7c0a49e77314580088f4f45ed0c7ec08c,"[[""fallback-known-4"", ""optimal-pair-01"", ""optimal-pair-23""]]","[""fallback-known-4"", ""optimal-pair-01"", ""optimal-pair-23""]","[""fallback-known-4"", ""optimal-pair-01"", ""optimal-pair-23""]",True,True,True,False,False,False,0
h10-c3:protocol_validation:text-news:00289,text-news,S5,node_up_edge_down_human_up,1.2,0.8,1.2,e67b896b35c58d3c4d2d393cb203a6f7c0a49e77314580088f4f45ed0c7ec08c,"[[""fallback-known-4"", ""optimal-pair-01"", ""optimal-pair-23""]]","[""fallback-known-4"", ""optimal-pair-01"", ""optimal-pair-23""]","[""fallback-known-4"", ""optimal-pair-01"", ""optimal-pair-23""]",True,True,True,False,False,False,0
h10-c3:protocol_validation:text-news:00290,text-news,S1,node_up_edge_down_human_up,1.2,0.8,1.2,bb7a5ee3ba000375b4a930920dc7ebd87e641229bf30314cd8ace4b9022f2b21,"[[""direct-0""]]","[""direct-0""]","[""direct-0""]",True,True,True,True,True,False,0
h10-c3:protocol_validation:text-news:00291,text-news,S2,node_up_edge_down_human_up,1.2,0.8,1.2,8ecea534295574a7468228d6ece7ed10a3e90e52c16ebcd55809f17aaf855ab4,"[[""direct-0"", ""direct-1"", ""direct-2"", ""direct-3""]]","[""direct-0"", ""direct-1"", ""direct-2"", ""direct-3""]","[""direct-0"", ""direct-1"", ""direct-2"", ""direct-3""]",True,True,True,True,True,False,0
h10-c3:protocol_validation:text-news:00292,text-news,S2,node_up_edge_down_human_up,1.2,0.8,1.2,8ecea534295574a7468228d6ece7ed10a3e90e52c16ebcd55809f17aaf855ab4,"[[""direct-0"", ""direct-1"", ""direct-2"", ""direct-3""]]","[""direct-0"", ""direct-1"", ""direct-2"", ""direct-3""]","[""direct-0"", ""direct-1"", ""direct-2"", ""direct-3""]",True,True,True,True,True,False,0
h10-c3:protocol_validation:text-news:00293,text-news,S3,node_up_edge_down_human_up,1.2,0.8,1.2,0f474419ec65657bb2fbd8d20d4a343074c6ccc480bbe811ba8ae84a3bf746f3,"[[""optimal-pair-01"", ""optimal-pair-23""]]","[""optimal-pair-01"", ""optimal-pair-23""]","[""optimal-pair-01"", ""optimal-pair-23""]",True,True,True,False,True,False,0
h10-c3:protocol_validation:text-news:00294,text-news,S3,node_up_edge_down_human_up,1.2,0.8,1.2,0f474419ec65657bb2fbd8d20d4a343074c6ccc480bbe811ba8ae84a3bf746f3,"[[""optimal-pair-01"", ""optimal-pair-23""]]","[""optimal-pair-01"", ""optimal-pair-23""]","[""optimal-pair-01"", ""optimal-pair-23""]",True,True,True,False,False,False,0
h10-c3:protocol_validation:text-news:00295,text-news,S3,node_up_edge_down_human_up,1.2,0.8,1.2,0f474419ec65657bb2fbd8d20d4a343074c6ccc480bbe811ba8ae84a3bf746f3,"[[""optimal-pair-01"", ""optimal-pair-23""]]","[""optimal-pair-01"", ""optimal-pair-23""]","[""optimal-pair-01"", ""optimal-pair-23""]",True,True,True,False,True,False,0
h10-c3:protocol_validation:text-news:00296,text-news,S4,node_up_edge_down_human_up,1.2,0.8,1.2,444c0b6380640f7fcfff41d671ee0e5aa6c1d398378d4e5c1377051cdb258f6b,"[[""alternative-global-b""]]","[""alternative-global-b""]","[""optimal-pair-01"", ""optimal-pair-23""]",True,False,True,False,True,False,0
h10-c3:protocol_validation:text-news:00297,text-news,S4,node_up_edge_down_human_up,1.2,0.8,1.2,444c0b6380640f7fcfff41d671ee0e5aa6c1d398378d4e5c1377051cdb258f6b,"[[""alternative-global-b""]]","[""alternative-global-b""]","[""optimal-pair-01"", ""optimal-pair-23""]",True,False,True,False,True,False,0
h10-c3:protocol_validation:text-news:00298,text-news,S5,node_up_edge_down_human_up,1.2,0.8,1.2,e67b896b35c58d3c4d2d393cb203a6f7c0a49e77314580088f4f45ed0c7ec08c,[],[],"[""optimal-pair-01"", ""optimal-pair-23""]",False,False,False,False,False,False,0
h10-c3:protocol_validation:text-news:00299,text-news,S5,node_up_edge_down_human_up,1.2,0.8,1.2,e67b896b35c58d3c4d2d393cb203a6f7c0a49e77314580088f4f45ed0c7ec08c,"[[""fallback-known-4"", ""optimal-pair-01"", ""optimal-pair-23""]]","[""fallback-known-4"", ""optimal-pair-01"", ""optimal-pair-23""]","[""fallback-known-4"", ""optimal-pair-01"", ""optimal-pair-23""]",True,True,True,False,False,False,0
h10-c3:protocol_validation:text-news:00300,text-news,S1,node_up_edge_down_human_up,1.2,0.8,1.2,bb7a5ee3ba000375b4a930920dc7ebd87e641229bf30314cd8ace4b9022f2b21,"[[""direct-0""]]","[""direct-0""]","[""direct-0""]",True,True,True,True,True,False,0
h10-c3:protocol_validation:text-news:00301,text-news,S2,node_up_edge_down_human_up,1.2,0.8,1.2,8ecea534295574a7468228d6ece7ed10a3e90e52c16ebcd55809f17aaf855ab4,"[[""direct-0"", ""direct-1"", ""direct-2"", ""direct-3""]]","[""direct-0"", ""direct-1"", ""direct-2"", ""direct-3""]","[""direct-0"", ""direct-1"", ""direct-2"", ""direct-3""]",True,True,True,True,True,False,0
h10-c3:protocol_validation:text-news:00302,text-news,S2,node_up_edge_down_human_up,1.2,0.8,1.2,8ecea534295574a7468228d6ece7ed10a3e90e52c16ebcd55809f17aaf855ab4,"[[""direct-0"", ""direct-1"", ""direct-2"", ""direct-3""]]","[""direct-0"", ""direct-1"", ""direct-2"", ""direct-3""]","[""direct-0"", ""direct-1"", ""direct-2"", ""direct-3""]",True,True,True,True,True,False,0
h10-c3:protocol_validation:text-news:00303,text-news,S3,node_up_edge_down_human_up,1.2,0.8,1.2,0f474419ec65657bb2fbd8d20d4a343074c6ccc480bbe811ba8ae84a3bf746f3,"[[""optimal-pair-01"", ""optimal-pair-23""]]","[""optimal-pair-01"", ""optimal-pair-23""]","[""optimal-pair-01"", ""optimal-pair-23""]",True,True,True,False,True,False,0
h10-c3:protocol_validation:text-news:00304,text-news,S3,node_up_edge_down_human_up,1.2,0.8,1.2,0f474419ec65657bb2fbd8d20d4a343074c6ccc480bbe811ba8ae84a3bf746f3,"[[""optimal-pair-01"", ""optimal-pair-23""]]","[""optimal-pair-01"", ""optimal-pair-23""]","[""optimal-pair-01"", ""optimal-pair-23""]",True,True,True,False,False,False,0
h10-c3:protocol_validation:text-news:00305,text-news,S3,node_up_edge_down_human_up,1.2,0.8,1.2,0f474419ec65657bb2fbd8d20d4a343074c6ccc480bbe811ba8ae84a3bf746f3,"[[""optimal-pair-01"", ""optimal-pair-23""]]","[""optimal-pair-01"", ""optimal-pair-23""]","[""optimal-pair-01"", ""optimal-pair-23""]",True,True,True,False,True,False,0
h10-c3:protocol_validation:text-news:00306,text-news,S4,node_up_edge_down_human_up,1.2,0.8,1.2,444c0b6380640f7fcfff41d671ee0e5aa6c1d398378d4e5c1377051cdb258f6b,"[[""alternative-global-b""]]","[""alternative-global-b""]","[""optimal-pair-01"", ""optimal-pair-23""]",True,False,True,False,True,False,0
h10-c3:protocol_validation:text-news:00307,text-news,S4,node_up_edge_down_human_up,1.2,0.8,1.2,444c0b6380640f7fcfff41d671ee0e5aa6c1d398378d4e5c1377051cdb258f6b,"[[""alternative-global-b""]]","[""alternative-global-b""]","[""optimal-pair-01"", ""optimal-pair-23""]",True,False,True,False,True,False,0
h10-c3:protocol_validation:text-news:00308,text-news,S5,node_up_edge_down_human_up,1.2,0.8,1.2,e67b896b35c58d3c4d2d393cb203a6f7c0a49e77314580088f4f45ed0c7ec08c,"[[""fallback-known-4"", ""optimal-pair-01"", ""optimal-pair-23""]]","[""fallback-known-4"", ""optimal-pair-01"", ""optimal-pair-23""]","[""fallback-known-4"", ""optimal-pair-01"", ""optimal-pair-23""]",True,True,True,False,False,False,0
h10-c3:protocol_validation:text-news:00309,text-news,S5,node_up_edge_down_human_up,1.2,0.8,1.2,e67b896b35c58d3c4d2d393cb203a6f7c0a49e77314580088f4f45ed0c7ec08c,"[[""fallback-known-4"", ""optimal-pair-01"", ""optimal-pair-23""]]","[""fallback-known-4"", ""optimal-pair-01"", ""optimal-pair-23""]","[""fallback-known-4"", ""optimal-pair-01"", ""optimal-pair-23""]",True,True,True,False,False,False,0
h10-c3:protocol_validation:text-news:00310,text-news,S1,node_up_edge_down_human_up,1.2,0.8,1.2,bb7a5ee3ba000375b4a930920dc7ebd87e641229bf30314cd8ace4b9022f2b21,"[[""direct-0""]]","[""direct-0""]","[""direct-0""]",True,True,True,True,True,False,0
h10-c3:protocol_validation:text-news:00311,text-news,S2,node_up_edge_down_human_up,1.2,0.8,1.2,8ecea534295574a7468228d6ece7ed10a3e90e52c16ebcd55809f17aaf855ab4,"[[""direct-0"", ""direct-1"", ""direct-2"", ""direct-3""]]","[""direct-0"", ""direct-1"", ""direct-2"", ""direct-3""]","[""direct-0"", ""direct-1"", ""direct-2"", ""direct-3""]",True,True,True,True,True,False,0
h10-c3:protocol_validation:text-news:00312,text-news,S2,node_up_edge_down_human_up,1.2,0.8,1.2,8ecea534295574a7468228d6ece7ed10a3e90e52c16ebcd55809f17aaf855ab4,"[[""direct-0"", ""direct-1"", ""direct-2"", ""direct-3""]]","[""direct-0"", ""direct-1"", ""direct-2"", ""direct-3""]","[""direct-0"", ""direct-1"", ""direct-2"", ""direct-3""]",True,True,True,True,True,False,0
h10-c3:protocol_validation:text-news:00313,text-news,S3,node_up_edge_down_human_up,1.2,0.8,1.2,0f474419ec65657bb2fbd8d20d4a343074c6ccc480bbe811ba8ae84a3bf746f3,"[[""optimal-pair-01"", ""optimal-pair-23""]]","[""optimal-pair-01"", ""optimal-pair-23""]","[""optimal-pair-01"", ""optimal-pair-23""]",True,True,True,False,True,False,0
h10-c3:protocol_validation:text-news:00314,text-news,S3,node_up_edge_down_human_up,1.2,0.8,1.2,0f474419ec65657bb2fbd8d20d4a343074c6ccc480bbe811ba8ae84a3bf746f3,"[[""optimal-pair-01"", ""optimal-pair-23""]]","[""optimal-pair-01"", ""optimal-pair-23""]","[""optimal-pair-01"", ""optimal-pair-23""]",True,True,True,False,False,False,0
h10-c3:protocol_validation:text-news:00315,text-news,S3,node_up_edge_down_human_up,1.2,0.8,1.2,0f474419ec65657bb2fbd8d20d4a343074c6ccc480bbe811ba8ae84a3bf746f3,"[[""optimal-pair-01"", ""optimal-pair-23""]]","[""optimal-pair-01"", ""optimal-pair-23""]","[""optimal-pair-01"", ""optimal-pair-23""]",True,True,True,False,True,False,0
h10-c3:protocol_validation:text-news:00316,text-news,S4,node_up_edge_down_human_up,1.2,0.8,1.2,444c0b6380640f7fcfff41d671ee0e5aa6c1d398378d4e5c1377051cdb258f6b,"[[""alternative-global-b""]]","[""alternative-global-b""]","[""optimal-pair-01"", ""optimal-pair-23""]",True,False,True,False,True,False,0
h10-c3:protocol_validation:text-news:00317,text-news,S4,node_up_edge_down_human_up,1.2,0.8,1.2,444c0b6380640f7fcfff41d671ee0e5aa6c1d398378d4e5c1377051cdb258f6b,"[[""alternative-global-b""]]","[""alternative-global-b""]","[""optimal-pair-01"", ""optimal-pair-23""]",True,False,True,False,True,False,0
h10-c3:protocol_validation:text-news:00318,text-news,S5,node_up_edge_down_human_up,1.2,0.8,1.2,e67b896b35c58d3c4d2d393cb203a6f7c0a49e77314580088f4f45ed0c7ec08c,"[[""fallback-known-4"", ""optimal-pair-01"", ""optimal-pair-23""]]","[""fallback-known-4"", ""optimal-pair-01"", ""optimal-pair-23""]","[""fallback-known-4"", ""optimal-pair-01"", ""optimal-pair-23""]",True,True,True,False,False,False,0
h10-c3:protocol_validation:text-news:00319,text-news,S5,node_up_edge_down_human_up,1.2,0.8,1.2,e67b896b35c58d3c4d2d393cb203a6f7c0a49e77314580088f4f45ed0c7ec08c,[],[],"[""optimal-pair-01"", ""optimal-pair-23""]",False,False,False,False,False,False,0
h10-c3:protocol_validation:text-news:00320,text-news,S1,node_up_edge_down_human_up,1.2,0.8,1.2,bb7a5ee3ba000375b4a930920dc7ebd87e641229bf30314cd8ace4b9022f2b21,"[[""direct-0""]]","[""direct-0""]","[""direct-0""]",True,True,True,True,True,False,0
h10-c3:protocol_validation:text-news:00321,text-news,S2,node_up_edge_down_human_up,1.2,0.8,1.2,8ecea534295574a7468228d6ece7ed10a3e90e52c16ebcd55809f17aaf855ab4,"[[""direct-0"", ""direct-1"", ""direct-2"", ""direct-3""]]","[""direct-0"", ""direct-1"", ""direct-2"", ""direct-3""]","[""direct-0"", ""direct-1"", ""direct-2"", ""direct-3""]",True,True,True,True,True,False,0
h10-c3:protocol_validation:text-news:00322,text-news,S2,node_up_edge_down_human_up,1.2,0.8,1.2,8ecea534295574a7468228d6ece7ed10a3e90e52c16ebcd55809f17aaf855ab4,"[[""direct-0"", ""direct-1"", ""direct-2"", ""direct-3""]]","[""direct-0"", ""direct-1"", ""direct-2"", ""direct-3""]","[""direct-0"", ""direct-1"", ""direct-2"", ""direct-3""]",True,True,True,True,True,False,0
h10-c3:protocol_validation:text-news:00323,text-news,S3,node_up_edge_down_human_up,1.2,0.8,1.2,0f474419ec65657bb2fbd8d20d4a343074c6ccc480bbe811ba8ae84a3bf746f3,"[[""optimal-pair-01"", ""optimal-pair-23""]]","[""optimal-pair-01"", ""optimal-pair-23""]","[""optimal-pair-01"", ""optimal-pair-23""]",True,True,True,False,True,False,0
h10-c3:protocol_validation:text-news:00324,text-news,S3,node_up_edge_down_human_up,1.2,0.8,1.2,0f474419ec65657bb2fbd8d20d4a343074c6ccc480bbe811ba8ae84a3bf746f3,"[[""optimal-pair-01"", ""optimal-pair-23""]]","[""optimal-pair-01"", ""optimal-pair-23""]","[""optimal-pair-01"", ""optimal-pair-23""]",True,True,True,False,False,False,0
h10-c3:protocol_validation:text-news:00325,text-news,S3,node_up_edge_down_human_up,1.2,0.8,1.2,0f474419ec65657bb2fbd8d20d4a343074c6ccc480bbe811ba8ae84a3bf746f3,"[[""optimal-pair-01"", ""optimal-pair-23""]]","[""optimal-pair-01"", ""optimal-pair-23""]","[""optimal-pair-01"", ""optimal-pair-23""]",True,True,True,False,True,False,0
h10-c3:protocol_validation:text-news:00326,text-news,S4,node_up_edge_down_human_up,1.2,0.8,1.2,444c0b6380640f7fcfff41d671ee0e5aa6c1d398378d4e5c1377051cdb258f6b,"[[""alternative-global-b""]]","[""alternative-global-b""]","[""optimal-pair-01"", ""optimal-pair-23""]",True,False,True,False,True,False,0
h10-c3:protocol_validation:text-news:00327,text-news,S4,node_up_edge_down_human_up,1.2,0.8,1.2,444c0b6380640f7fcfff41d671ee0e5aa6c1d398378d4e5c1377051cdb258f6b,"[[""alternative-global-b""]]","[""alternative-global-b""]","[""optimal-pair-01"", ""optimal-pair-23""]",True,False,True,False,True,False,0
h10-c3:protocol_validation:text-news:00328,text-news,S5,node_up_edge_down_human_up,1.2,0.8,1.2,e67b896b35c58d3c4d2d393cb203a6f7c0a49e77314580088f4f45ed0c7ec08c,"[[""fallback-known-4"", ""optimal-pair-01"", ""optimal-pair-23""]]","[""fallback-known-4"", ""optimal-pair-01"", ""optimal-pair-23""]","[""fallback-known-4"", ""optimal-pair-01"", ""optimal-pair-23""]",True,True,True,False,False,False,0
h10-c3:protocol_validation:text-news:00329,text-news,S5,node_up_edge_down_human_up,1.2,0.8,1.2,e67b896b35c58d3c4d2d393cb203a6f7c0a49e77314580088f4f45ed0c7ec08c,"[[""fallback-known-4"", ""optimal-pair-01"", ""optimal-pair-23""]]","[""fallback-known-4"", ""optimal-pair-01"", ""optimal-pair-23""]","[""fallback-known-4"", ""optimal-pair-01"", ""optimal-pair-23""]",True,True,True,False,False,False,0
h10-c3:protocol_validation:text-news:00330,text-news,S1,node_up_edge_down_human_up,1.2,0.8,1.2,bb7a5ee3ba000375b4a930920dc7ebd87e641229bf30314cd8ace4b9022f2b21,"[[""direct-0""]]","[""direct-0""]","[""direct-0""]",True,True,True,True,True,False,0
h10-c3:protocol_validation:text-news:00331,text-news,S2,node_up_edge_down_human_up,1.2,0.8,1.2,8ecea534295574a7468228d6ece7ed10a3e90e52c16ebcd55809f17aaf855ab4,"[[""direct-0"", ""direct-1"", ""direct-2"", ""direct-3""]]","[""direct-0"", ""direct-1"", ""direct-2"", ""direct-3""]","[""direct-0"", ""direct-1"", ""direct-2"", ""direct-3""]",True,True,True,True,True,False,0
h10-c3:protocol_validation:text-news:00332,text-news,S2,node_up_edge_down_human_up,1.2,0.8,1.2,8ecea534295574a7468228d6ece7ed10a3e90e52c16ebcd55809f17aaf855ab4,"[[""direct-0"", ""direct-1"", ""direct-2"", ""direct-3""]]","[""direct-0"", ""direct-1"", ""direct-2"", ""direct-3""]","[""direct-0"", ""direct-1"", ""direct-2"", ""direct-3""]",True,True,True,True,True,False,0
h10-c3:protocol_validation:text-news:00333,text-news,S3,node_up_edge_down_human_up,1.2,0.8,1.2,0f474419ec65657bb2fbd8d20d4a343074c6ccc480bbe811ba8ae84a3bf746f3,"[[""optimal-pair-01"", ""optimal-pair-23""]]","[""optimal-pair-01"", ""optimal-pair-23""]","[""optimal-pair-01"", ""optimal-pair-23""]",True,True,True,False,True,False,0
h10-c3:protocol_validation:text-news:00334,text-news,S3,node_up_edge_down_human_up,1.2,0.8,1.2,0f474419ec65657bb2fbd8d20d4a343074c6ccc480bbe811ba8ae84a3bf746f3,"[[""optimal-pair-01"", ""optimal-pair-23""]]","[""optimal-pair-01"", ""optimal-pair-23""]","[""optimal-pair-01"", ""optimal-pair-23""]",True,True,True,False,False,False,0
h10-c3:protocol_validation:text-news:00335,text-news,S3,node_up_edge_down_human_up,1.2,0.8,1.2,0f474419ec65657bb2fbd8d20d4a343074c6ccc480bbe811ba8ae84a3bf746f3,"[[""optimal-pair-01"", ""optimal-pair-23""]]","[""optimal-pair-01"", ""optimal-pair-23""]","[""optimal-pair-01"", ""optimal-pair-23""]",True,True,True,False,True,False,0
h10-c3:protocol_validation:text-news:00336,text-news,S4,node_up_edge_down_human_up,1.2,0.8,1.2,444c0b6380640f7fcfff41d671ee0e5aa6c1d398378d4e5c1377051cdb258f6b,"[[""alternative-global-b""]]","[""alternative-global-b""]","[""optimal-pair-01"", ""optimal-pair-23""]",True,False,True,False,True,False,0
h10-c3:protocol_validation:text-news:00337,text-news,S4,node_up_edge_down_human_up,1.2,0.8,1.2,444c0b6380640f7fcfff41d671ee0e5aa6c1d398378d4e5c1377051cdb258f6b,"[[""alternative-global-b""]]","[""alternative-global-b""]","[""optimal-pair-01"", ""optimal-pair-23""]",True,False,True,False,True,False,0
h10-c3:protocol_validation:text-news:00338,text-news,S5,node_up_edge_down_human_up,1.2,0.8,1.2,e67b896b35c58d3c4d2d393cb203a6f7c0a49e77314580088f4f45ed0c7ec08c,"[[""fallback-known-4"", ""optimal-pair-01"", ""optimal-pair-23""]]","[""fallback-known-4"", ""optimal-pair-01"", ""optimal-pair-23""]","[""fallback-known-4"", ""optimal-pair-01"", ""optimal-pair-23""]",True,True,True,False,False,False,0
h10-c3:protocol_validation:text-news:00339,text-news,S5,node_up_edge_down_human_up,1.2,0.8,1.2,e67b896b35c58d3c4d2d393cb203a6f7c0a49e77314580088f4f45ed0c7ec08c,"[[""fallback-known-4"", ""optimal-pair-01"", ""optimal-pair-23""]]","[""fallback-known-4"", ""optimal-pair-01"", ""optimal-pair-23""]","[""fallback-known-4"", ""optimal-pair-01"", ""optimal-pair-23""]",True,True,True,False,False,False,0
h10-c3:protocol_validation:text-news:00340,text-news,S1,node_up_edge_down_human_up,1.2,0.8,1.2,bb7a5ee3ba000375b4a930920dc7ebd87e641229bf30314cd8ace4b9022f2b21,"[[""direct-0""]]","[""direct-0""]","[""direct-0""]",True,True,True,True,True,False,0
h10-c3:protocol_validation:text-news:00341,text-news,S2,node_up_edge_down_human_up,1.2,0.8,1.2,8ecea534295574a7468228d6ece7ed10a3e90e52c16ebcd55809f17aaf855ab4,"[[""direct-0"", ""direct-1"", ""direct-2"", ""direct-3""]]","[""direct-0"", ""direct-1"", ""direct-2"", ""direct-3""]","[""direct-0"", ""direct-1"", ""direct-2"", ""direct-3""]",True,True,True,True,True,False,0
h10-c3:protocol_validation:text-news:00342,text-news,S2,node_up_edge_down_human_up,1.2,0.8,1.2,8ecea534295574a7468228d6ece7ed10a3e90e52c16ebcd55809f17aaf855ab4,"[[""direct-0"", ""direct-1"", ""direct-2"", ""direct-3""]]","[""direct-0"", ""direct-1"", ""direct-2"", ""direct-3""]","[""direct-0"", ""direct-1"", ""direct-2"", ""direct-3""]",True,True,True,True,True,False,0
h10-c3:protocol_validation:text-news:00343,text-news,S3,node_up_edge_down_human_up,1.2,0.8,1.2,0f474419ec65657bb2fbd8d20d4a343074c6ccc480bbe811ba8ae84a3bf746f3,"[[""optimal-pair-01"", ""optimal-pair-23""]]","[""optimal-pair-01"", ""optimal-pair-23""]","[""optimal-pair-01"", ""optimal-pair-23""]",True,True,True,False,True,False,0
h10-c3:protocol_validation:text-news:00344,text-news,S3,node_up_edge_down_human_up,1.2,0.8,1.2,0f474419ec65657bb2fbd8d20d4a343074c6ccc480bbe811ba8ae84a3bf746f3,"[[""optimal-pair-01"", ""optimal-pair-23""]]","[""optimal-pair-01"", ""optimal-pair-23""]","[""optimal-pair-01"", ""optimal-pair-23""]",True,True,True,False,False,False,0
h10-c3:protocol_validation:text-news:00345,text-news,S3,node_up_edge_down_human_up,1.2,0.8,1.2,0f474419ec65657bb2fbd8d20d4a343074c6ccc480bbe811ba8ae84a3bf746f3,"[[""optimal-pair-01"", ""optimal-pair-23""]]","[""optimal-pair-01"", ""optimal-pair-23""]","[""optimal-pair-01"", ""optimal-pair-23""]",True,True,True,False,True,False,0
h10-c3:protocol_validation:text-news:00346,text-news,S4,node_up_edge_down_human_up,1.2,0.8,1.2,444c0b6380640f7fcfff41d671ee0e5aa6c1d398378d4e5c1377051cdb258f6b,"[[""alternative-global-b""]]","[""alternative-global-b""]","[""optimal-pair-01"", ""optimal-pair-23""]",True,False,True,False,True,False,0
h10-c3:protocol_validation:text-news:00347,text-news,S4,node_up_edge_down_human_up,1.2,0.8,1.2,444c0b6380640f7fcfff41d671ee0e5aa6c1d398378d4e5c1377051cdb258f6b,"[[""alternative-global-b""]]","[""alternative-global-b""]","[""optimal-pair-01"", ""optimal-pair-23""]",True,False,True,False,True,False,0
h10-c3:protocol_validation:text-news:00348,text-news,S5,node_up_edge_down_human_up,1.2,0.8,1.2,e67b896b35c58d3c4d2d393cb203a6f7c0a49e77314580088f4f45ed0c7ec08c,[],[],"[""optimal-pair-01"", ""optimal-pair-23""]",False,False,False,False,False,False,0
h10-c3:protocol_validation:text-news:00349,text-news,S5,node_up_edge_down_human_up,1.2,0.8,1.2,e67b896b35c58d3c4d2d393cb203a6f7c0a49e77314580088f4f45ed0c7ec08c,"[[""fallback-known-4"", ""optimal-pair-01"", ""optimal-pair-23""]]","[""fallback-known-4"", ""optimal-pair-01"", ""optimal-pair-23""]","[""fallback-known-4"", ""optimal-pair-01"", ""optimal-pair-23""]",True,True,True,False,False,False,0
h10-c3:protocol_validation:text-news:00350,text-news,S1,node_up_edge_down_human_up,1.2,0.8,1.2,bb7a5ee3ba000375b4a930920dc7ebd87e641229bf30314cd8ace4b9022f2b21,"[[""direct-0""]]","[""direct-0""]","[""direct-0""]",True,True,True,True,True,False,0
h10-c3:protocol_validation:text-news:00351,text-news,S2,node_up_edge_down_human_up,1.2,0.8,1.2,8ecea534295574a7468228d6ece7ed10a3e90e52c16ebcd55809f17aaf855ab4,"[[""direct-0"", ""direct-1"", ""direct-2"", ""direct-3""]]","[""direct-0"", ""direct-1"", ""direct-2"", ""direct-3""]","[""direct-0"", ""direct-1"", ""direct-2"", ""direct-3""]",True,True,True,True,True,False,0
h10-c3:protocol_validation:text-news:00352,text-news,S2,node_up_edge_down_human_up,1.2,0.8,1.2,8ecea534295574a7468228d6ece7ed10a3e90e52c16ebcd55809f17aaf855ab4,"[[""direct-0"", ""direct-1"", ""direct-2"", ""direct-3""]]","[""direct-0"", ""direct-1"", ""direct-2"", ""direct-3""]","[""direct-0"", ""direct-1"", ""direct-2"", ""direct-3""]",True,True,True,True,True,False,0
h10-c3:protocol_validation:text-news:00353,text-news,S3,node_up_edge_down_human_up,1.2,0.8,1.2,0f474419ec65657bb2fbd8d20d4a343074c6ccc480bbe811ba8ae84a3bf746f3,"[[""optimal-pair-01"", ""optimal-pair-23""]]","[""optimal-pair-01"", ""optimal-pair-23""]","[""optimal-pair-01"", ""optimal-pair-23""]",True,True,True,False,True,False,0
h10-c3:protocol_validation:text-news:00354,text-news,S3,node_up_edge_down_human_up,1.2,0.8,1.2,0f474419ec65657bb2fbd8d20d4a343074c6ccc480bbe811ba8ae84a3bf746f3,"[[""optimal-pair-01"", ""optimal-pair-23""]]","[""optimal-pair-01"", ""optimal-pair-23""]","[""optimal-pair-01"", ""optimal-pair-23""]",True,True,True,False,False,False,0
h10-c3:protocol_validation:text-news:00355,text-news,S3,node_up_edge_down_human_up,1.2,0.8,1.2,0f474419ec65657bb2fbd8d20d4a343074c6ccc480bbe811ba8ae84a3bf746f3,"[[""optimal-pair-01"", ""optimal-pair-23""]]","[""optimal-pair-01"", ""optimal-pair-23""]","[""optimal-pair-01"", ""optimal-pair-23""]",True,True,True,False,True,False,0
h10-c3:protocol_validation:text-news:00356,text-news,S4,node_up_edge_down_human_up,1.2,0.8,1.2,444c0b6380640f7fcfff41d671ee0e5aa6c1d398378d4e5c1377051cdb258f6b,"[[""alternative-global-b""]]","[""alternative-global-b""]","[""optimal-pair-01"", ""optimal-pair-23""]",True,False,True,False,True,False,0
h10-c3:protocol_validation:text-news:00357,text-news,S4,node_up_edge_down_human_up,1.2,0.8,1.2,444c0b6380640f7fcfff41d671ee0e5aa6c1d398378d4e5c1377051cdb258f6b,"[[""alternative-global-b""]]","[""alternative-global-b""]","[""optimal-pair-01"", ""optimal-pair-23""]",True,False,True,False,True,False,0
h10-c3:protocol_validation:text-news:00358,text-news,S5,node_up_edge_down_human_up,1.2,0.8,1.2,e67b896b35c58d3c4d2d393cb203a6f7c0a49e77314580088f4f45ed0c7ec08c,"[[""fallback-known-4"", ""optimal-pair-01"", ""optimal-pair-23""]]","[""fallback-known-4"", ""optimal-pair-01"", ""optimal-pair-23""]","[""fallback-known-4"", ""optimal-pair-01"", ""optimal-pair-23""]",True,True,True,False,False,False,0
h10-c3:protocol_validation:text-news:00359,text-news,S5,node_up_edge_down_human_up,1.2,0.8,1.2,e67b896b35c58d3c4d2d393cb203a6f7c0a49e77314580088f4f45ed0c7ec08c,"[[""fallback-known-4"", ""optimal-pair-01"", ""optimal-pair-23""]]","[""fallback-known-4"", ""optimal-pair-01"", ""optimal-pair-23""]","[""fallback-known-4"", ""optimal-pair-01"", ""optimal-pair-23""]",True,True,True,False,False,False,0
h10-c3:protocol_validation:text-reviews:00360,text-reviews,S4,node_up_edge_down_human_up,1.2,0.8,1.2,444c0b6380640f7fcfff41d671ee0e5aa6c1d398378d4e5c1377051cdb258f6b,"[[""alternative-global-b""]]","[""alternative-global-b""]","[""optimal-pair-01"", ""optimal-pair-23""]",True,False,True,False,True,False,0
h10-c3:protocol_validation:text-reviews:00361,text-reviews,S4,node_up_edge_down_human_up,1.2,0.8,1.2,444c0b6380640f7fcfff41d671ee0e5aa6c1d398378d4e5c1377051cdb258f6b,"[[""alternative-global-b""]]","[""alternative-global-b""]","[""optimal-pair-01"", ""optimal-pair-23""]",True,False,True,False,True,False,0
h10-c3:protocol_validation:text-reviews:00362,text-reviews,S5,node_up_edge_down_human_up,1.2,0.8,1.2,e67b896b35c58d3c4d2d393cb203a6f7c0a49e77314580088f4f45ed0c7ec08c,[],[],"[""optimal-pair-01"", ""optimal-pair-23""]",False,False,False,False,False,False,0
h10-c3:protocol_validation:text-reviews:00363,text-reviews,S5,node_up_edge_down_human_up,1.2,0.8,1.2,e67b896b35c58d3c4d2d393cb203a6f7c0a49e77314580088f4f45ed0c7ec08c,"[[""fallback-known-4"", ""optimal-pair-01"", ""optimal-pair-23""]]","[""fallback-known-4"", ""optimal-pair-01"", ""optimal-pair-23""]","[""fallback-known-4"", ""optimal-pair-01"", ""optimal-pair-23""]",True,True,True,False,False,False,0
h10-c3:protocol_validation:text-reviews:00364,text-reviews,S1,node_up_edge_down_human_up,1.2,0.8,1.2,bb7a5ee3ba000375b4a930920dc7ebd87e641229bf30314cd8ace4b9022f2b21,"[[""direct-0""]]","[""direct-0""]","[""direct-0""]",True,True,True,True,True,False,0
h10-c3:protocol_validation:text-reviews:00365,text-reviews,S2,node_up_edge_down_human_up,1.2,0.8,1.2,8ecea534295574a7468228d6ece7ed10a3e90e52c16ebcd55809f17aaf855ab4,"[[""direct-0"", ""direct-1"", ""direct-2"", ""direct-3""]]","[""direct-0"", ""direct-1"", ""direct-2"", ""direct-3""]","[""direct-0"", ""direct-1"", ""direct-2"", ""direct-3""]",True,True,True,True,True,False,0
h10-c3:protocol_validation:text-reviews:00366,text-reviews,S2,node_up_edge_down_human_up,1.2,0.8,1.2,8ecea534295574a7468228d6ece7ed10a3e90e52c16ebcd55809f17aaf855ab4,"[[""direct-0"", ""direct-1"", ""direct-2"", ""direct-3""]]","[""direct-0"", ""direct-1"", ""direct-2"", ""direct-3""]","[""direct-0"", ""direct-1"", ""direct-2"", ""direct-3""]",True,True,True,True,True,False,0
h10-c3:protocol_validation:text-reviews:00367,text-reviews,S3,node_up_edge_down_human_up,1.2,0.8,1.2,0f474419ec65657bb2fbd8d20d4a343074c6ccc480bbe811ba8ae84a3bf746f3,"[[""optimal-pair-01"", ""optimal-pair-23""]]","[""optimal-pair-01"", ""optimal-pair-23""]","[""optimal-pair-01"", ""optimal-pair-23""]",True,True,True,False,True,False,0
h10-c3:protocol_validation:text-reviews:00368,text-reviews,S3,node_up_edge_down_human_up,1.2,0.8,1.2,0f474419ec65657bb2fbd8d20d4a343074c6ccc480bbe811ba8ae84a3bf746f3,"[[""optimal-pair-01"", ""optimal-pair-23""]]","[""optimal-pair-01"", ""optimal-pair-23""]","[""optimal-pair-01"", ""optimal-pair-23""]",True,True,True,False,False,False,0
h10-c3:protocol_validation:text-reviews:00369,text-reviews,S3,node_up_edge_down_human_up,1.2,0.8,1.2,0f474419ec65657bb2fbd8d20d4a343074c6ccc480bbe811ba8ae84a3bf746f3,"[[""optimal-pair-01"", ""optimal-pair-23""]]","[""optimal-pair-01"", ""optimal-pair-23""]","[""optimal-pair-01"", ""optimal-pair-23""]",True,True,True,False,True,False,0
h10-c3:protocol_validation:text-reviews:00370,text-reviews,S4,node_up_edge_down_human_up,1.2,0.8,1.2,444c0b6380640f7fcfff41d671ee0e5aa6c1d398378d4e5c1377051cdb258f6b,"[[""alternative-global-b""]]","[""alternative-global-b""]","[""optimal-pair-01"", ""optimal-pair-23""]",True,False,True,False,True,False,0
h10-c3:protocol_validation:text-reviews:00371,text-reviews,S4,node_up_edge_down_human_up,1.2,0.8,1.2,444c0b6380640f7fcfff41d671ee0e5aa6c1d398378d4e5c1377051cdb258f6b,"[[""alternative-global-b""]]","[""alternative-global-b""]","[""optimal-pair-01"", ""optimal-pair-23""]",True,False,True,False,True,False,0
h10-c3:protocol_validation:text-reviews:00372,text-reviews,S5,node_up_edge_down_human_up,1.2,0.8,1.2,e67b896b35c58d3c4d2d393cb203a6f7c0a49e77314580088f4f45ed0c7ec08c,"[[""fallback-known-4"", ""optimal-pair-01"", ""optimal-pair-23""]]","[""fallback-known-4"", ""optimal-pair-01"", ""optimal-pair-23""]","[""fallback-known-4"", ""optimal-pair-01"", ""optimal-pair-23""]",True,True,True,False,False,False,0
h10-c3:protocol_validation:text-reviews:00373,text-reviews,S5,node_up_edge_down_human_up,1.2,0.8,1.2,e67b896b35c58d3c4d2d393cb203a6f7c0a49e77314580088f4f45ed0c7ec08c,"[[""fallback-known-4"", ""optimal-pair-01"", ""optimal-pair-23""]]","[""fallback-known-4"", ""optimal-pair-01"", ""optimal-pair-23""]","[""fallback-known-4"", ""optimal-pair-01"", ""optimal-pair-23""]",True,True,True,False,False,False,0
h10-c3:protocol_validation:text-reviews:00374,text-reviews,S1,node_up_edge_down_human_up,1.2,0.8,1.2,bb7a5ee3ba000375b4a930920dc7ebd87e641229bf30314cd8ace4b9022f2b21,"[[""direct-0""]]","[""direct-0""]","[""direct-0""]",True,True,True,True,True,False,0
h10-c3:protocol_validation:text-reviews:00375,text-reviews,S2,node_up_edge_down_human_up,1.2,0.8,1.2,8ecea534295574a7468228d6ece7ed10a3e90e52c16ebcd55809f17aaf855ab4,"[[""direct-0"", ""direct-1"", ""direct-2"", ""direct-3""]]","[""direct-0"", ""direct-1"", ""direct-2"", ""direct-3""]","[""direct-0"", ""direct-1"", ""direct-2"", ""direct-3""]",True,True,True,True,True,False,0
h10-c3:protocol_validation:text-reviews:00376,text-reviews,S2,node_up_edge_down_human_up,1.2,0.8,1.2,8ecea534295574a7468228d6ece7ed10a3e90e52c16ebcd55809f17aaf855ab4,"[[""direct-0"", ""direct-1"", ""direct-2"", ""direct-3""]]","[""direct-0"", ""direct-1"", ""direct-2"", ""direct-3""]","[""direct-0"", ""direct-1"", ""direct-2"", ""direct-3""]",True,True,True,True,True,False,0
h10-c3:protocol_validation:text-reviews:00377,text-reviews,S3,node_up_edge_down_human_up,1.2,0.8,1.2,0f474419ec65657bb2fbd8d20d4a343074c6ccc480bbe811ba8ae84a3bf746f3,"[[""optimal-pair-01"", ""optimal-pair-23""]]","[""optimal-pair-01"", ""optimal-pair-23""]","[""optimal-pair-01"", ""optimal-pair-23""]",True,True,True,False,True,False,0
h10-c3:protocol_validation:text-reviews:00378,text-reviews,S3,node_up_edge_down_human_up,1.2,0.8,1.2,0f474419ec65657bb2fbd8d20d4a343074c6ccc480bbe811ba8ae84a3bf746f3,"[[""optimal-pair-01"", ""optimal-pair-23""]]","[""optimal-pair-01"", ""optimal-pair-23""]","[""optimal-pair-01"", ""optimal-pair-23""]",True,True,True,False,False,False,0
h10-c3:protocol_validation:text-reviews:00379,text-reviews,S3,node_up_edge_down_human_up,1.2,0.8,1.2,0f474419ec65657bb2fbd8d20d4a343074c6ccc480bbe811ba8ae84a3bf746f3,"[[""optimal-pair-01"", ""optimal-pair-23""]]","[""optimal-pair-01"", ""optimal-pair-23""]","[""optimal-pair-01"", ""optimal-pair-23""]",True,True,True,False,True,False,0
h10-c3:protocol_validation:text-reviews:00380,text-reviews,S4,node_up_edge_down_human_up,1.2,0.8,1.2,444c0b6380640f7fcfff41d671ee0e5aa6c1d398378d4e5c1377051cdb258f6b,"[[""alternative-global-b""]]","[""alternative-global-b""]","[""optimal-pair-01"", ""optimal-pair-23""]",True,False,True,False,True,False,0
h10-c3:protocol_validation:text-reviews:00381,text-reviews,S4,node_up_edge_down_human_up,1.2,0.8,1.2,444c0b6380640f7fcfff41d671ee0e5aa6c1d398378d4e5c1377051cdb258f6b,"[[""alternative-global-b""]]","[""alternative-global-b""]","[""optimal-pair-01"", ""optimal-pair-23""]",True,False,True,False,True,False,0
h10-c3:protocol_validation:text-reviews:00382,text-reviews,S5,node_up_edge_down_human_up,1.2,0.8,1.2,e67b896b35c58d3c4d2d393cb203a6f7c0a49e77314580088f4f45ed0c7ec08c,"[[""fallback-known-4"", ""optimal-pair-01"", ""optimal-pair-23""]]","[""fallback-known-4"", ""optimal-pair-01"", ""optimal-pair-23""]","[""fallback-known-4"", ""optimal-pair-01"", ""optimal-pair-23""]",True,True,True,False,False,False,0
h10-c3:protocol_validation:text-reviews:00383,text-reviews,S5,node_up_edge_down_human_up,1.2,0.8,1.2,e67b896b35c58d3c4d2d393cb203a6f7c0a49e77314580088f4f45ed0c7ec08c,[],[],"[""optimal-pair-01"", ""optimal-pair-23""]",False,False,False,False,False,False,0
h10-c3:protocol_validation:text-reviews:00384,text-reviews,S1,node_up_edge_down_human_up,1.2,0.8,1.2,bb7a5ee3ba000375b4a930920dc7ebd87e641229bf30314cd8ace4b9022f2b21,"[[""direct-0""]]","[""direct-0""]","[""direct-0""]",True,True,True,True,True,False,0
h10-c3:protocol_validation:text-reviews:00385,text-reviews,S2,node_up_edge_down_human_up,1.2,0.8,1.2,8ecea534295574a7468228d6ece7ed10a3e90e52c16ebcd55809f17aaf855ab4,"[[""direct-0"", ""direct-1"", ""direct-2"", ""direct-3""]]","[""direct-0"", ""direct-1"", ""direct-2"", ""direct-3""]","[""direct-0"", ""direct-1"", ""direct-2"", ""direct-3""]",True,True,True,True,True,False,0
h10-c3:protocol_validation:text-reviews:00386,text-reviews,S2,node_up_edge_down_human_up,1.2,0.8,1.2,8ecea534295574a7468228d6ece7ed10a3e90e52c16ebcd55809f17aaf855ab4,"[[""direct-0"", ""direct-1"", ""direct-2"", ""direct-3""]]","[""direct-0"", ""direct-1"", ""direct-2"", ""direct-3""]","[""direct-0"", ""direct-1"", ""direct-2"", ""direct-3""]",True,True,True,True,True,False,0
h10-c3:protocol_validation:text-reviews:00387,text-reviews,S3,node_up_edge_down_human_up,1.2,0.8,1.2,0f474419ec65657bb2fbd8d20d4a343074c6ccc480bbe811ba8ae84a3bf746f3,"[[""optimal-pair-01"", ""optimal-pair-23""]]","[""optimal-pair-01"", ""optimal-pair-23""]","[""optimal-pair-01"", ""optimal-pair-23""]",True,True,True,False,True,False,0
h10-c3:protocol_validation:text-reviews:00388,text-reviews,S3,node_up_edge_down_human_up,1.2,0.8,1.2,0f474419ec65657bb2fbd8d20d4a343074c6ccc480bbe811ba8ae84a3bf746f3,"[[""optimal-pair-01"", ""optimal-pair-23""]]","[""optimal-pair-01"", ""optimal-pair-23""]","[""optimal-pair-01"", ""optimal-pair-23""]",True,True,True,False,False,False,0
h10-c3:protocol_validation:text-reviews:00389,text-reviews,S3,node_up_edge_down_human_up,1.2,0.8,1.2,0f474419ec65657bb2fbd8d20d4a343074c6ccc480bbe811ba8ae84a3bf746f3,"[[""optimal-pair-01"", ""optimal-pair-23""]]","[""optimal-pair-01"", ""optimal-pair-23""]","[""optimal-pair-01"", ""optimal-pair-23""]",True,True,True,False,True,False,0
h10-c3:protocol_validation:text-reviews:00390,text-reviews,S4,node_up_edge_down_human_up,1.2,0.8,1.2,444c0b6380640f7fcfff41d671ee0e5aa6c1d398378d4e5c1377051cdb258f6b,"[[""alternative-global-b""]]","[""alternative-global-b""]","[""optimal-pair-01"", ""optimal-pair-23""]",True,False,True,False,True,False,0
h10-c3:protocol_validation:text-reviews:00391,text-reviews,S4,node_up_edge_down_human_up,1.2,0.8,1.2,444c0b6380640f7fcfff41d671ee0e5aa6c1d398378d4e5c1377051cdb258f6b,"[[""alternative-global-b""]]","[""alternative-global-b""]","[""optimal-pair-01"", ""optimal-pair-23""]",True,False,True,False,True,False,0
h10-c3:protocol_validation:text-reviews:00392,text-reviews,S5,node_up_edge_down_human_up,1.2,0.8,1.2,e67b896b35c58d3c4d2d393cb203a6f7c0a49e77314580088f4f45ed0c7ec08c,"[[""fallback-known-4"", ""optimal-pair-01"", ""optimal-pair-23""]]","[""fallback-known-4"", ""optimal-pair-01"", ""optimal-pair-23""]","[""fallback-known-4"", ""optimal-pair-01"", ""optimal-pair-23""]",True,True,True,False,False,False,0
h10-c3:protocol_validation:text-reviews:00393,text-reviews,S5,node_up_edge_down_human_up,1.2,0.8,1.2,e67b896b35c58d3c4d2d393cb203a6f7c0a49e77314580088f4f45ed0c7ec08c,"[[""fallback-known-4"", ""optimal-pair-01"", ""optimal-pair-23""]]","[""fallback-known-4"", ""optimal-pair-01"", ""optimal-pair-23""]","[""fallback-known-4"", ""optimal-pair-01"", ""optimal-pair-23""]",True,True,True,False,False,False,0
h10-c3:protocol_validation:text-reviews:00394,text-reviews,S1,node_up_edge_down_human_up,1.2,0.8,1.2,bb7a5ee3ba000375b4a930920dc7ebd87e641229bf30314cd8ace4b9022f2b21,"[[""direct-0""]]","[""direct-0""]","[""direct-0""]",True,True,True,True,True,False,0
h10-c3:protocol_validation:text-reviews:00395,text-reviews,S2,node_up_edge_down_human_up,1.2,0.8,1.2,8ecea534295574a7468228d6ece7ed10a3e90e52c16ebcd55809f17aaf855ab4,"[[""direct-0"", ""direct-1"", ""direct-2"", ""direct-3""]]","[""direct-0"", ""direct-1"", ""direct-2"", ""direct-3""]","[""direct-0"", ""direct-1"", ""direct-2"", ""direct-3""]",True,True,True,True,True,False,0
h10-c3:protocol_validation:text-reviews:00396,text-reviews,S2,node_up_edge_down_human_up,1.2,0.8,1.2,8ecea534295574a7468228d6ece7ed10a3e90e52c16ebcd55809f17aaf855ab4,"[[""direct-0"", ""direct-1"", ""direct-2"", ""direct-3""]]","[""direct-0"", ""direct-1"", ""direct-2"", ""direct-3""]","[""direct-0"", ""direct-1"", ""direct-2"", ""direct-3""]",True,True,True,True,True,False,0
h10-c3:protocol_validation:text-reviews:00397,text-reviews,S3,node_up_edge_down_human_up,1.2,0.8,1.2,0f474419ec65657bb2fbd8d20d4a343074c6ccc480bbe811ba8ae84a3bf746f3,"[[""optimal-pair-01"", ""optimal-pair-23""]]","[""optimal-pair-01"", ""optimal-pair-23""]","[""optimal-pair-01"", ""optimal-pair-23""]",True,True,True,False,True,False,0
h10-c3:protocol_validation:text-reviews:00398,text-reviews,S3,node_up_edge_down_human_up,1.2,0.8,1.2,0f474419ec65657bb2fbd8d20d4a343074c6ccc480bbe811ba8ae84a3bf746f3,"[[""optimal-pair-01"", ""optimal-pair-23""]]","[""optimal-pair-01"", ""optimal-pair-23""]","[""optimal-pair-01"", ""optimal-pair-23""]",True,True,True,False,False,False,0
h10-c3:protocol_validation:text-reviews:00399,text-reviews,S3,node_up_edge_down_human_up,1.2,0.8,1.2,0f474419ec65657bb2fbd8d20d4a343074c6ccc480bbe811ba8ae84a3bf746f3,"[[""optimal-pair-01"", ""optimal-pair-23""]]","[""optimal-pair-01"", ""optimal-pair-23""]","[""optimal-pair-01"", ""optimal-pair-23""]",True,True,True,False,True,False,0
h10-c3:protocol_validation:text-reviews:00400,text-reviews,S4,node_up_edge_down_human_up,1.2,0.8,1.2,444c0b6380640f7fcfff41d671ee0e5aa6c1d398378d4e5c1377051cdb258f6b,"[[""alternative-global-b""]]","[""alternative-global-b""]","[""optimal-pair-01"", ""optimal-pair-23""]",True,False,True,False,True,False,0
h10-c3:protocol_validation:text-reviews:00401,text-reviews,S4,node_up_edge_down_human_up,1.2,0.8,1.2,444c0b6380640f7fcfff41d671ee0e5aa6c1d398378d4e5c1377051cdb258f6b,"[[""alternative-global-b""]]","[""alternative-global-b""]","[""optimal-pair-01"", ""optimal-pair-23""]",True,False,True,False,True,False,0
h10-c3:protocol_validation:text-reviews:00402,text-reviews,S5,node_up_edge_down_human_up,1.2,0.8,1.2,e67b896b35c58d3c4d2d393cb203a6f7c0a49e77314580088f4f45ed0c7ec08c,"[[""fallback-known-4"", ""optimal-pair-01"", ""optimal-pair-23""]]","[""fallback-known-4"", ""optimal-pair-01"", ""optimal-pair-23""]","[""fallback-known-4"", ""optimal-pair-01"", ""optimal-pair-23""]",True,True,True,False,False,False,0
h10-c3:protocol_validation:text-reviews:00403,text-reviews,S5,node_up_edge_down_human_up,1.2,0.8,1.2,e67b896b35c58d3c4d2d393cb203a6f7c0a49e77314580088f4f45ed0c7ec08c,"[[""fallback-known-4"", ""optimal-pair-01"", ""optimal-pair-23""]]","[""fallback-known-4"", ""optimal-pair-01"", ""optimal-pair-23""]","[""fallback-known-4"", ""optimal-pair-01"", ""optimal-pair-23""]",True,True,True,False,False,False,0
h10-c3:protocol_validation:text-reviews:00404,text-reviews,S1,node_up_edge_down_human_up,1.2,0.8,1.2,bb7a5ee3ba000375b4a930920dc7ebd87e641229bf30314cd8ace4b9022f2b21,"[[""direct-0""]]","[""direct-0""]","[""direct-0""]",True,True,True,True,True,False,0
h10-c3:protocol_validation:text-reviews:00405,text-reviews,S2,node_up_edge_down_human_up,1.2,0.8,1.2,8ecea534295574a7468228d6ece7ed10a3e90e52c16ebcd55809f17aaf855ab4,"[[""direct-0"", ""direct-1"", ""direct-2"", ""direct-3""]]","[""direct-0"", ""direct-1"", ""direct-2"", ""direct-3""]","[""direct-0"", ""direct-1"", ""direct-2"", ""direct-3""]",True,True,True,True,True,False,0
h10-c3:protocol_validation:text-reviews:00406,text-reviews,S2,node_up_edge_down_human_up,1.2,0.8,1.2,8ecea534295574a7468228d6ece7ed10a3e90e52c16ebcd55809f17aaf855ab4,"[[""direct-0"", ""direct-1"", ""direct-2"", ""direct-3""]]","[""direct-0"", ""direct-1"", ""direct-2"", ""direct-3""]","[""direct-0"", ""direct-1"", ""direct-2"", ""direct-3""]",True,True,True,True,True,False,0
h10-c3:protocol_validation:text-reviews:00407,text-reviews,S3,node_up_edge_down_human_up,1.2,0.8,1.2,0f474419ec65657bb2fbd8d20d4a343074c6ccc480bbe811ba8ae84a3bf746f3,"[[""optimal-pair-01"", ""optimal-pair-23""]]","[""optimal-pair-01"", ""optimal-pair-23""]","[""optimal-pair-01"", ""optimal-pair-23""]",True,True,True,False,True,False,0
h10-c3:protocol_validation:text-reviews:00408,text-reviews,S3,node_up_edge_down_human_up,1.2,0.8,1.2,0f474419ec65657bb2fbd8d20d4a343074c6ccc480bbe811ba8ae84a3bf746f3,"[[""optimal-pair-01"", ""optimal-pair-23""]]","[""optimal-pair-01"", ""optimal-pair-23""]","[""optimal-pair-01"", ""optimal-pair-23""]",True,True,True,False,False,False,0
h10-c3:protocol_validation:text-reviews:00409,text-reviews,S3,node_up_edge_down_human_up,1.2,0.8,1.2,0f474419ec65657bb2fbd8d20d4a343074c6ccc480bbe811ba8ae84a3bf746f3,"[[""optimal-pair-01"", ""optimal-pair-23""]]","[""optimal-pair-01"", ""optimal-pair-23""]","[""optimal-pair-01"", ""optimal-pair-23""]",True,True,True,False,True,False,0
h10-c3:protocol_validation:text-reviews:00410,text-reviews,S4,node_up_edge_down_human_up,1.2,0.8,1.2,444c0b6380640f7fcfff41d671ee0e5aa6c1d398378d4e5c1377051cdb258f6b,"[[""alternative-global-b""]]","[""alternative-global-b""]","[""optimal-pair-01"", ""optimal-pair-23""]",True,False,True,False,True,False,0
h10-c3:protocol_validation:text-reviews:00411,text-reviews,S4,node_up_edge_down_human_up,1.2,0.8,1.2,444c0b6380640f7fcfff41d671ee0e5aa6c1d398378d4e5c1377051cdb258f6b,"[[""alternative-global-b""]]","[""alternative-global-b""]","[""optimal-pair-01"", ""optimal-pair-23""]",True,False,True,False,True,False,0
h10-c3:protocol_validation:text-reviews:00412,text-reviews,S5,node_up_edge_down_human_up,1.2,0.8,1.2,e67b896b35c58d3c4d2d393cb203a6f7c0a49e77314580088f4f45ed0c7ec08c,[],[],"[""optimal-pair-01"", ""optimal-pair-23""]",False,False,False,False,False,False,0
h10-c3:protocol_validation:text-reviews:00413,text-reviews,S5,node_up_edge_down_human_up,1.2,0.8,1.2,e67b896b35c58d3c4d2d393cb203a6f7c0a49e77314580088f4f45ed0c7ec08c,"[[""fallback-known-4"", ""optimal-pair-01"", ""optimal-pair-23""]]","[""fallback-known-4"", ""optimal-pair-01"", ""optimal-pair-23""]","[""fallback-known-4"", ""optimal-pair-01"", ""optimal-pair-23""]",True,True,True,False,False,False,0
h10-c3:protocol_validation:text-reviews:00414,text-reviews,S1,node_up_edge_down_human_up,1.2,0.8,1.2,bb7a5ee3ba000375b4a930920dc7ebd87e641229bf30314cd8ace4b9022f2b21,"[[""direct-0""]]","[""direct-0""]","[""direct-0""]",True,True,True,True,True,False,0
h10-c3:protocol_validation:text-reviews:00415,text-reviews,S2,node_up_edge_down_human_up,1.2,0.8,1.2,8ecea534295574a7468228d6ece7ed10a3e90e52c16ebcd55809f17aaf855ab4,"[[""direct-0"", ""direct-1"", ""direct-2"", ""direct-3""]]","[""direct-0"", ""direct-1"", ""direct-2"", ""direct-3""]","[""direct-0"", ""direct-1"", ""direct-2"", ""direct-3""]",True,True,True,True,True,False,0
h10-c3:protocol_validation:text-reviews:00416,text-reviews,S2,node_up_edge_down_human_up,1.2,0.8,1.2,8ecea534295574a7468228d6ece7ed10a3e90e52c16ebcd55809f17aaf855ab4,"[[""direct-0"", ""direct-1"", ""direct-2"", ""direct-3""]]","[""direct-0"", ""direct-1"", ""direct-2"", ""direct-3""]","[""direct-0"", ""direct-1"", ""direct-2"", ""direct-3""]",True,True,True,True,True,False,0
h10-c3:protocol_validation:text-reviews:00417,text-reviews,S3,node_up_edge_down_human_up,1.2,0.8,1.2,0f474419ec65657bb2fbd8d20d4a343074c6ccc480bbe811ba8ae84a3bf746f3,"[[""optimal-pair-01"", ""optimal-pair-23""]]","[""optimal-pair-01"", ""optimal-pair-23""]","[""optimal-pair-01"", ""optimal-pair-23""]",True,True,True,False,True,False,0
h10-c3:protocol_validation:text-reviews:00418,text-reviews,S3,node_up_edge_down_human_up,1.2,0.8,1.2,0f474419ec65657bb2fbd8d20d4a343074c6ccc480bbe811ba8ae84a3bf746f3,"[[""optimal-pair-01"", ""optimal-pair-23""]]","[""optimal-pair-01"", ""optimal-pair-23""]","[""optimal-pair-01"", ""optimal-pair-23""]",True,True,True,False,False,False,0
h10-c3:protocol_validation:text-reviews:00419,text-reviews,S3,node_up_edge_down_human_up,1.2,0.8,1.2,0f474419ec65657bb2fbd8d20d4a343074c6ccc480bbe811ba8ae84a3bf746f3,"[[""optimal-pair-01"", ""optimal-pair-23""]]","[""optimal-pair-01"", ""optimal-pair-23""]","[""optimal-pair-01"", ""optimal-pair-23""]",True,True,True,False,True,False,0
h10-c3:protocol_validation:text-reviews:00420,text-reviews,S4,node_up_edge_down_human_up,1.2,0.8,1.2,444c0b6380640f7fcfff41d671ee0e5aa6c1d398378d4e5c1377051cdb258f6b,"[[""alternative-global-b""]]","[""alternative-global-b""]","[""optimal-pair-01"", ""optimal-pair-23""]",True,False,True,False,True,False,0
h10-c3:protocol_validation:text-reviews:00421,text-reviews,S4,node_up_edge_down_human_up,1.2,0.8,1.2,444c0b6380640f7fcfff41d671ee0e5aa6c1d398378d4e5c1377051cdb258f6b,"[[""alternative-global-b""]]","[""alternative-global-b""]","[""optimal-pair-01"", ""optimal-pair-23""]",True,False,True,False,True,False,0
h10-c3:protocol_validation:text-reviews:00422,text-reviews,S5,node_up_edge_down_human_up,1.2,0.8,1.2,e67b896b35c58d3c4d2d393cb203a6f7c0a49e77314580088f4f45ed0c7ec08c,"[[""fallback-known-4"", ""optimal-pair-01"", ""optimal-pair-23""]]","[""fallback-known-4"", ""optimal-pair-01"", ""optimal-pair-23""]","[""fallback-known-4"", ""optimal-pair-01"", ""optimal-pair-23""]",True,True,True,False,False,False,0
h10-c3:protocol_validation:text-reviews:00423,text-reviews,S5,node_up_edge_down_human_up,1.2,0.8,1.2,e67b896b35c58d3c4d2d393cb203a6f7c0a49e77314580088f4f45ed0c7ec08c,"[[""fallback-known-4"", ""optimal-pair-01"", ""optimal-pair-23""]]","[""fallback-known-4"", ""optimal-pair-01"", ""optimal-pair-23""]","[""fallback-known-4"", ""optimal-pair-01"", ""optimal-pair-23""]",True,True,True,False,False,False,0
h10-c3:protocol_validation:text-reviews:00424,text-reviews,S1,node_up_edge_down_human_up,1.2,0.8,1.2,bb7a5ee3ba000375b4a930920dc7ebd87e641229bf30314cd8ace4b9022f2b21,"[[""direct-0""]]","[""direct-0""]","[""direct-0""]",True,True,True,True,True,False,0
h10-c3:protocol_validation:text-reviews:00425,text-reviews,S2,node_up_edge_down_human_up,1.2,0.8,1.2,8ecea534295574a7468228d6ece7ed10a3e90e52c16ebcd55809f17aaf855ab4,"[[""direct-0"", ""direct-1"", ""direct-2"", ""direct-3""]]","[""direct-0"", ""direct-1"", ""direct-2"", ""direct-3""]","[""direct-0"", ""direct-1"", ""direct-2"", ""direct-3""]",True,True,True,True,True,False,0
h10-c3:protocol_validation:text-reviews:00426,text-reviews,S2,node_up_edge_down_human_up,1.2,0.8,1.2,8ecea534295574a7468228d6ece7ed10a3e90e52c16ebcd55809f17aaf855ab4,"[[""direct-0"", ""direct-1"", ""direct-2"", ""direct-3""]]","[""direct-0"", ""direct-1"", ""direct-2"", ""direct-3""]","[""direct-0"", ""direct-1"", ""direct-2"", ""direct-3""]",True,True,True,True,True,False,0
h10-c3:protocol_validation:text-reviews:00427,text-reviews,S3,node_up_edge_down_human_up,1.2,0.8,1.2,0f474419ec65657bb2fbd8d20d4a343074c6ccc480bbe811ba8ae84a3bf746f3,"[[""optimal-pair-01"", ""optimal-pair-23""]]","[""optimal-pair-01"", ""optimal-pair-23""]","[""optimal-pair-01"", ""optimal-pair-23""]",True,True,True,False,True,False,0
h10-c3:protocol_validation:text-reviews:00428,text-reviews,S3,node_up_edge_down_human_up,1.2,0.8,1.2,0f474419ec65657bb2fbd8d20d4a343074c6ccc480bbe811ba8ae84a3bf746f3,"[[""optimal-pair-01"", ""optimal-pair-23""]]","[""optimal-pair-01"", ""optimal-pair-23""]","[""optimal-pair-01"", ""optimal-pair-23""]",True,True,True,False,False,False,0
h10-c3:protocol_validation:text-reviews:00429,text-reviews,S3,node_up_edge_down_human_up,1.2,0.8,1.2,0f474419ec65657bb2fbd8d20d4a343074c6ccc480bbe811ba8ae84a3bf746f3,"[[""optimal-pair-01"", ""optimal-pair-23""]]","[""optimal-pair-01"", ""optimal-pair-23""]","[""optimal-pair-01"", ""optimal-pair-23""]",True,True,True,False,True,False,0
h10-c3:protocol_validation:text-reviews:00430,text-reviews,S4,node_up_edge_down_human_up,1.2,0.8,1.2,444c0b6380640f7fcfff41d671ee0e5aa6c1d398378d4e5c1377051cdb258f6b,"[[""alternative-global-b""]]","[""alternative-global-b""]","[""optimal-pair-01"", ""optimal-pair-23""]",True,False,True,False,True,False,0
h10-c3:protocol_validation:text-reviews:00431,text-reviews,S4,node_up_edge_down_human_up,1.2,0.8,1.2,444c0b6380640f7fcfff41d671ee0e5aa6c1d398378d4e5c1377051cdb258f6b,"[[""alternative-global-b""]]","[""alternative-global-b""]","[""optimal-pair-01"", ""optimal-pair-23""]",True,False,True,False,True,False,0
h10-c3:protocol_validation:text-reviews:00432,text-reviews,S5,node_up_edge_down_human_up,1.2,0.8,1.2,e67b896b35c58d3c4d2d393cb203a6f7c0a49e77314580088f4f45ed0c7ec08c,"[[""fallback-known-4"", ""optimal-pair-01"", ""optimal-pair-23""]]","[""fallback-known-4"", ""optimal-pair-01"", ""optimal-pair-23""]","[""fallback-known-4"", ""optimal-pair-01"", ""optimal-pair-23""]",True,True,True,False,False,False,0
h10-c3:protocol_validation:text-reviews:00433,text-reviews,S5,node_up_edge_down_human_up,1.2,0.8,1.2,e67b896b35c58d3c4d2d393cb203a6f7c0a49e77314580088f4f45ed0c7ec08c,[],[],"[""optimal-pair-01"", ""optimal-pair-23""]",False,False,False,False,False,False,0
h10-c3:protocol_validation:text-reviews:00434,text-reviews,S1,node_up_edge_down_human_up,1.2,0.8,1.2,bb7a5ee3ba000375b4a930920dc7ebd87e641229bf30314cd8ace4b9022f2b21,"[[""direct-0""]]","[""direct-0""]","[""direct-0""]",True,True,True,True,True,False,0
h10-c3:protocol_validation:text-reviews:00435,text-reviews,S2,node_up_edge_down_human_up,1.2,0.8,1.2,8ecea534295574a7468228d6ece7ed10a3e90e52c16ebcd55809f17aaf855ab4,"[[""direct-0"", ""direct-1"", ""direct-2"", ""direct-3""]]","[""direct-0"", ""direct-1"", ""direct-2"", ""direct-3""]","[""direct-0"", ""direct-1"", ""direct-2"", ""direct-3""]",True,True,True,True,True,False,0
h10-c3:protocol_validation:text-reviews:00436,text-reviews,S2,node_up_edge_down_human_up,1.2,0.8,1.2,8ecea534295574a7468228d6ece7ed10a3e90e52c16ebcd55809f17aaf855ab4,"[[""direct-0"", ""direct-1"", ""direct-2"", ""direct-3""]]","[""direct-0"", ""direct-1"", ""direct-2"", ""direct-3""]","[""direct-0"", ""direct-1"", ""direct-2"", ""direct-3""]",True,True,True,True,True,False,0
h10-c3:protocol_validation:text-reviews:00437,text-reviews,S3,node_up_edge_down_human_up,1.2,0.8,1.2,0f474419ec65657bb2fbd8d20d4a343074c6ccc480bbe811ba8ae84a3bf746f3,"[[""optimal-pair-01"", ""optimal-pair-23""]]","[""optimal-pair-01"", ""optimal-pair-23""]","[""optimal-pair-01"", ""optimal-pair-23""]",True,True,True,False,True,False,0
h10-c3:protocol_validation:text-reviews:00438,text-reviews,S3,node_up_edge_down_human_up,1.2,0.8,1.2,0f474419ec65657bb2fbd8d20d4a343074c6ccc480bbe811ba8ae84a3bf746f3,"[[""optimal-pair-01"", ""optimal-pair-23""]]","[""optimal-pair-01"", ""optimal-pair-23""]","[""optimal-pair-01"", ""optimal-pair-23""]",True,True,True,False,False,False,0
h10-c3:protocol_validation:text-reviews:00439,text-reviews,S3,node_up_edge_down_human_up,1.2,0.8,1.2,0f474419ec65657bb2fbd8d20d4a343074c6ccc480bbe811ba8ae84a3bf746f3,"[[""optimal-pair-01"", ""optimal-pair-23""]]","[""optimal-pair-01"", ""optimal-pair-23""]","[""optimal-pair-01"", ""optimal-pair-23""]",True,True,True,False,True,False,0
h10-c3:protocol_validation:text-reviews:00440,text-reviews,S4,node_up_edge_down_human_up,1.2,0.8,1.2,444c0b6380640f7fcfff41d671ee0e5aa6c1d398378d4e5c1377051cdb258f6b,"[[""alternative-global-b""]]","[""alternative-global-b""]","[""optimal-pair-01"", ""optimal-pair-23""]",True,False,True,False,True,False,0
h10-c3:protocol_validation:text-reviews:00441,text-reviews,S4,node_up_edge_down_human_up,1.2,0.8,1.2,444c0b6380640f7fcfff41d671ee0e5aa6c1d398378d4e5c1377051cdb258f6b,"[[""alternative-global-b""]]","[""alternative-global-b""]","[""optimal-pair-01"", ""optimal-pair-23""]",True,False,True,False,True,False,0
h10-c3:protocol_validation:text-reviews:00442,text-reviews,S5,node_up_edge_down_human_up,1.2,0.8,1.2,e67b896b35c58d3c4d2d393cb203a6f7c0a49e77314580088f4f45ed0c7ec08c,"[[""fallback-known-4"", ""optimal-pair-01"", ""optimal-pair-23""]]","[""fallback-known-4"", ""optimal-pair-01"", ""optimal-pair-23""]","[""fallback-known-4"", ""optimal-pair-01"", ""optimal-pair-23""]",True,True,True,False,False,False,0
h10-c3:protocol_validation:text-reviews:00443,text-reviews,S5,node_up_edge_down_human_up,1.2,0.8,1.2,e67b896b35c58d3c4d2d393cb203a6f7c0a49e77314580088f4f45ed0c7ec08c,"[[""fallback-known-4"", ""optimal-pair-01"", ""optimal-pair-23""]]","[""fallback-known-4"", ""optimal-pair-01"", ""optimal-pair-23""]","[""fallback-known-4"", ""optimal-pair-01"", ""optimal-pair-23""]",True,True,True,False,False,False,0
h10-c3:protocol_validation:text-reviews:00444,text-reviews,S1,node_up_edge_down_human_up,1.2,0.8,1.2,bb7a5ee3ba000375b4a930920dc7ebd87e641229bf30314cd8ace4b9022f2b21,"[[""direct-0""]]","[""direct-0""]","[""direct-0""]",True,True,True,True,True,False,0
h10-c3:protocol_validation:text-reviews:00445,text-reviews,S2,node_up_edge_down_human_up,1.2,0.8,1.2,8ecea534295574a7468228d6ece7ed10a3e90e52c16ebcd55809f17aaf855ab4,"[[""direct-0"", ""direct-1"", ""direct-2"", ""direct-3""]]","[""direct-0"", ""direct-1"", ""direct-2"", ""direct-3""]","[""direct-0"", ""direct-1"", ""direct-2"", ""direct-3""]",True,True,True,True,True,False,0
h10-c3:protocol_validation:text-reviews:00446,text-reviews,S2,node_up_edge_down_human_up,1.2,0.8,1.2,8ecea534295574a7468228d6ece7ed10a3e90e52c16ebcd55809f17aaf855ab4,"[[""direct-0"", ""direct-1"", ""direct-2"", ""direct-3""]]","[""direct-0"", ""direct-1"", ""direct-2"", ""direct-3""]","[""direct-0"", ""direct-1"", ""direct-2"", ""direct-3""]",True,True,True,True,True,False,0
h10-c3:protocol_validation:text-reviews:00447,text-reviews,S3,node_up_edge_down_human_up,1.2,0.8,1.2,0f474419ec65657bb2fbd8d20d4a343074c6ccc480bbe811ba8ae84a3bf746f3,"[[""optimal-pair-01"", ""optimal-pair-23""]]","[""optimal-pair-01"", ""optimal-pair-23""]","[""optimal-pair-01"", ""optimal-pair-23""]",True,True,True,False,True,False,0
h10-c3:protocol_validation:text-reviews:00448,text-reviews,S3,node_up_edge_down_human_up,1.2,0.8,1.2,0f474419ec65657bb2fbd8d20d4a343074c6ccc480bbe811ba8ae84a3bf746f3,"[[""optimal-pair-01"", ""optimal-pair-23""]]","[""optimal-pair-01"", ""optimal-pair-23""]","[""optimal-pair-01"", ""optimal-pair-23""]",True,True,True,False,False,False,0
h10-c3:protocol_validation:text-reviews:00449,text-reviews,S3,node_up_edge_down_human_up,1.2,0.8,1.2,0f474419ec65657bb2fbd8d20d4a343074c6ccc480bbe811ba8ae84a3bf746f3,"[[""optimal-pair-01"", ""optimal-pair-23""]]","[""optimal-pair-01"", ""optimal-pair-23""]","[""optimal-pair-01"", ""optimal-pair-23""]",True,True,True,False,True,False,0
h10-c3:protocol_validation:text-reviews:00450,text-reviews,S4,node_up_edge_down_human_up,1.2,0.8,1.2,444c0b6380640f7fcfff41d671ee0e5aa6c1d398378d4e5c1377051cdb258f6b,"[[""alternative-global-b""]]","[""alternative-global-b""]","[""optimal-pair-01"", ""optimal-pair-23""]",True,False,True,False,True,False,0
h10-c3:protocol_validation:text-reviews:00451,text-reviews,S4,node_up_edge_down_human_up,1.2,0.8,1.2,444c0b6380640f7fcfff41d671ee0e5aa6c1d398378d4e5c1377051cdb258f6b,"[[""alternative-global-b""]]","[""alternative-global-b""]","[""optimal-pair-01"", ""optimal-pair-23""]",True,False,True,False,True,False,0
h10-c3:protocol_validation:text-reviews:00452,text-reviews,S5,node_up_edge_down_human_up,1.2,0.8,1.2,e67b896b35c58d3c4d2d393cb203a6f7c0a49e77314580088f4f45ed0c7ec08c,"[[""fallback-known-4"", ""optimal-pair-01"", ""optimal-pair-23""]]","[""fallback-known-4"", ""optimal-pair-01"", ""optimal-pair-23""]","[""fallback-known-4"", ""optimal-pair-01"", ""optimal-pair-23""]",True,True,True,False,False,False,0
h10-c3:protocol_validation:text-reviews:00453,text-reviews,S5,node_up_edge_down_human_up,1.2,0.8,1.2,e67b896b35c58d3c4d2d393cb203a6f7c0a49e77314580088f4f45ed0c7ec08c,"[[""fallback-known-4"", ""optimal-pair-01"", ""optimal-pair-23""]]","[""fallback-known-4"", ""optimal-pair-01"", ""optimal-pair-23""]","[""fallback-known-4"", ""optimal-pair-01"", ""optimal-pair-23""]",True,True,True,False,False,False,0
h10-c3:protocol_validation:text-reviews:00454,text-reviews,S1,node_up_edge_down_human_up,1.2,0.8,1.2,bb7a5ee3ba000375b4a930920dc7ebd87e641229bf30314cd8ace4b9022f2b21,"[[""direct-0""]]","[""direct-0""]","[""direct-0""]",True,True,True,True,True,False,0
h10-c3:protocol_validation:text-reviews:00455,text-reviews,S2,node_up_edge_down_human_up,1.2,0.8,1.2,8ecea534295574a7468228d6ece7ed10a3e90e52c16ebcd55809f17aaf855ab4,"[[""direct-0"", ""direct-1"", ""direct-2"", ""direct-3""]]","[""direct-0"", ""direct-1"", ""direct-2"", ""direct-3""]","[""direct-0"", ""direct-1"", ""direct-2"", ""direct-3""]",True,True,True,True,True,False,0
h10-c3:protocol_validation:text-reviews:00456,text-reviews,S2,node_up_edge_down_human_up,1.2,0.8,1.2,8ecea534295574a7468228d6ece7ed10a3e90e52c16ebcd55809f17aaf855ab4,"[[""direct-0"", ""direct-1"", ""direct-2"", ""direct-3""]]","[""direct-0"", ""direct-1"", ""direct-2"", ""direct-3""]","[""direct-0"", ""direct-1"", ""direct-2"", ""direct-3""]",True,True,True,True,True,False,0
h10-c3:protocol_validation:text-reviews:00457,text-reviews,S3,node_up_edge_down_human_up,1.2,0.8,1.2,0f474419ec65657bb2fbd8d20d4a343074c6ccc480bbe811ba8ae84a3bf746f3,"[[""optimal-pair-01"", ""optimal-pair-23""]]","[""optimal-pair-01"", ""optimal-pair-23""]","[""optimal-pair-01"", ""optimal-pair-23""]",True,True,True,False,True,False,0
h10-c3:protocol_validation:text-reviews:00458,text-reviews,S3,node_up_edge_down_human_up,1.2,0.8,1.2,0f474419ec65657bb2fbd8d20d4a343074c6ccc480bbe811ba8ae84a3bf746f3,"[[""optimal-pair-01"", ""optimal-pair-23""]]","[""optimal-pair-01"", ""optimal-pair-23""]","[""optimal-pair-01"", ""optimal-pair-23""]",True,True,True,False,False,False,0
h10-c3:protocol_validation:text-reviews:00459,text-reviews,S3,node_up_edge_down_human_up,1.2,0.8,1.2,0f474419ec65657bb2fbd8d20d4a343074c6ccc480bbe811ba8ae84a3bf746f3,"[[""optimal-pair-01"", ""optimal-pair-23""]]","[""optimal-pair-01"", ""optimal-pair-23""]","[""optimal-pair-01"", ""optimal-pair-23""]",True,True,True,False,True,False,0
h10-c3:protocol_validation:text-reviews:00460,text-reviews,S4,node_up_edge_down_human_up,1.2,0.8,1.2,444c0b6380640f7fcfff41d671ee0e5aa6c1d398378d4e5c1377051cdb258f6b,"[[""alternative-global-b""]]","[""alternative-global-b""]","[""optimal-pair-01"", ""optimal-pair-23""]",True,False,True,False,True,False,0
h10-c3:protocol_validation:text-reviews:00461,text-reviews,S4,node_up_edge_down_human_up,1.2,0.8,1.2,444c0b6380640f7fcfff41d671ee0e5aa6c1d398378d4e5c1377051cdb258f6b,"[[""alternative-global-b""]]","[""alternative-global-b""]","[""optimal-pair-01"", ""optimal-pair-23""]",True,False,True,False,True,False,0
h10-c3:protocol_validation:text-reviews:00462,text-reviews,S5,node_up_edge_down_human_up,1.2,0.8,1.2,e67b896b35c58d3c4d2d393cb203a6f7c0a49e77314580088f4f45ed0c7ec08c,[],[],"[""optimal-pair-01"", ""optimal-pair-23""]",False,False,False,False,False,False,0
h10-c3:protocol_validation:text-reviews:00463,text-reviews,S5,node_up_edge_down_human_up,1.2,0.8,1.2,e67b896b35c58d3c4d2d393cb203a6f7c0a49e77314580088f4f45ed0c7ec08c,"[[""fallback-known-4"", ""optimal-pair-01"", ""optimal-pair-23""]]","[""fallback-known-4"", ""optimal-pair-01"", ""optimal-pair-23""]","[""fallback-known-4"", ""optimal-pair-01"", ""optimal-pair-23""]",True,True,True,False,False,False,0
h10-c3:protocol_validation:text-reviews:00464,text-reviews,S1,node_up_edge_down_human_up,1.2,0.8,1.2,bb7a5ee3ba000375b4a930920dc7ebd87e641229bf30314cd8ace4b9022f2b21,"[[""direct-0""]]","[""direct-0""]","[""direct-0""]",True,True,True,True,True,False,0
h10-c3:protocol_validation:text-reviews:00465,text-reviews,S2,node_up_edge_down_human_up,1.2,0.8,1.2,8ecea534295574a7468228d6ece7ed10a3e90e52c16ebcd55809f17aaf855ab4,"[[""direct-0"", ""direct-1"", ""direct-2"", ""direct-3""]]","[""direct-0"", ""direct-1"", ""direct-2"", ""direct-3""]","[""direct-0"", ""direct-1"", ""direct-2"", ""direct-3""]",True,True,True,True,True,False,0
h10-c3:protocol_validation:text-reviews:00466,text-reviews,S2,node_up_edge_down_human_up,1.2,0.8,1.2,8ecea534295574a7468228d6ece7ed10a3e90e52c16ebcd55809f17aaf855ab4,"[[""direct-0"", ""direct-1"", ""direct-2"", ""direct-3""]]","[""direct-0"", ""direct-1"", ""direct-2"", ""direct-3""]","[""direct-0"", ""direct-1"", ""direct-2"", ""direct-3""]",True,True,True,True,True,False,0
h10-c3:protocol_validation:text-reviews:00467,text-reviews,S3,node_up_edge_down_human_up,1.2,0.8,1.2,0f474419ec65657bb2fbd8d20d4a343074c6ccc480bbe811ba8ae84a3bf746f3,"[[""optimal-pair-01"", ""optimal-pair-23""]]","[""optimal-pair-01"", ""optimal-pair-23""]","[""optimal-pair-01"", ""optimal-pair-23""]",True,True,True,False,True,False,0
h10-c3:protocol_validation:text-reviews:00468,text-reviews,S3,node_up_edge_down_human_up,1.2,0.8,1.2,0f474419ec65657bb2fbd8d20d4a343074c6ccc480bbe811ba8ae84a3bf746f3,"[[""optimal-pair-01"", ""optimal-pair-23""]]","[""optimal-pair-01"", ""optimal-pair-23""]","[""optimal-pair-01"", ""optimal-pair-23""]",True,True,True,False,False,False,0
h10-c3:protocol_validation:text-reviews:00469,text-reviews,S3,node_up_edge_down_human_up,1.2,0.8,1.2,0f474419ec65657bb2fbd8d20d4a343074c6ccc480bbe811ba8ae84a3bf746f3,"[[""optimal-pair-01"", ""optimal-pair-23""]]","[""optimal-pair-01"", ""optimal-pair-23""]","[""optimal-pair-01"", ""optimal-pair-23""]",True,True,True,False,True,False,0
h10-c3:protocol_validation:text-reviews:00470,text-reviews,S4,node_up_edge_down_human_up,1.2,0.8,1.2,444c0b6380640f7fcfff41d671ee0e5aa6c1d398378d4e5c1377051cdb258f6b,"[[""alternative-global-b""]]","[""alternative-global-b""]","[""optimal-pair-01"", ""optimal-pair-23""]",True,False,True,False,True,False,0
h10-c3:protocol_validation:text-reviews:00471,text-reviews,S4,node_up_edge_down_human_up,1.2,0.8,1.2,444c0b6380640f7fcfff41d671ee0e5aa6c1d398378d4e5c1377051cdb258f6b,"[[""alternative-global-b""]]","[""alternative-global-b""]","[""optimal-pair-01"", ""optimal-pair-23""]",True,False,True,False,True,False,0
h10-c3:protocol_validation:text-reviews:00472,text-reviews,S5,node_up_edge_down_human_up,1.2,0.8,1.2,e67b896b35c58d3c4d2d393cb203a6f7c0a49e77314580088f4f45ed0c7ec08c,"[[""fallback-known-4"", ""optimal-pair-01"", ""optimal-pair-23""]]","[""fallback-known-4"", ""optimal-pair-01"", ""optimal-pair-23""]","[""fallback-known-4"", ""optimal-pair-01"", ""optimal-pair-23""]",True,True,True,False,False,False,0
h10-c3:protocol_validation:text-reviews:00473,text-reviews,S5,node_up_edge_down_human_up,1.2,0.8,1.2,e67b896b35c58d3c4d2d393cb203a6f7c0a49e77314580088f4f45ed0c7ec08c,"[[""fallback-known-4"", ""optimal-pair-01"", ""optimal-pair-23""]]","[""fallback-known-4"", ""optimal-pair-01"", ""optimal-pair-23""]","[""fallback-known-4"", ""optimal-pair-01"", ""optimal-pair-23""]",True,True,True,False,False,False,0
h10-c3:protocol_validation:text-reviews:00474,text-reviews,S1,node_up_edge_down_human_up,1.2,0.8,1.2,bb7a5ee3ba000375b4a930920dc7ebd87e641229bf30314cd8ace4b9022f2b21,"[[""direct-0""]]","[""direct-0""]","[""direct-0""]",True,True,True,True,True,False,0
h10-c3:protocol_validation:text-reviews:00475,text-reviews,S2,node_up_edge_down_human_up,1.2,0.8,1.2,8ecea534295574a7468228d6ece7ed10a3e90e52c16ebcd55809f17aaf855ab4,"[[""direct-0"", ""direct-1"", ""direct-2"", ""direct-3""]]","[""direct-0"", ""direct-1"", ""direct-2"", ""direct-3""]","[""direct-0"", ""direct-1"", ""direct-2"", ""direct-3""]",True,True,True,True,True,False,0
h10-c3:protocol_validation:text-reviews:00476,text-reviews,S2,node_up_edge_down_human_up,1.2,0.8,1.2,8ecea534295574a7468228d6ece7ed10a3e90e52c16ebcd55809f17aaf855ab4,"[[""direct-0"", ""direct-1"", ""direct-2"", ""direct-3""]]","[""direct-0"", ""direct-1"", ""direct-2"", ""direct-3""]","[""direct-0"", ""direct-1"", ""direct-2"", ""direct-3""]",True,True,True,True,True,False,0
h10-c3:protocol_validation:text-reviews:00477,text-reviews,S3,node_up_edge_down_human_up,1.2,0.8,1.2,0f474419ec65657bb2fbd8d20d4a343074c6ccc480bbe811ba8ae84a3bf746f3,"[[""optimal-pair-01"", ""optimal-pair-23""]]","[""optimal-pair-01"", ""optimal-pair-23""]","[""optimal-pair-01"", ""optimal-pair-23""]",True,True,True,False,True,False,0
h10-c3:protocol_validation:text-reviews:00478,text-reviews,S3,node_up_edge_down_human_up,1.2,0.8,1.2,0f474419ec65657bb2fbd8d20d4a343074c6ccc480bbe811ba8ae84a3bf746f3,"[[""optimal-pair-01"", ""optimal-pair-23""]]","[""optimal-pair-01"", ""optimal-pair-23""]","[""optimal-pair-01"", ""optimal-pair-23""]",True,True,True,False,False,False,0
h10-c3:protocol_validation:text-reviews:00479,text-reviews,S3,node_up_edge_down_human_up,1.2,0.8,1.2,0f474419ec65657bb2fbd8d20d4a343074c6ccc480bbe811ba8ae84a3bf746f3,"[[""optimal-pair-01"", ""optimal-pair-23""]]","[""optimal-pair-01"", ""optimal-pair-23""]","[""optimal-pair-01"", ""optimal-pair-23""]",True,True,True,False,True,False,0
h10-c3:protocol_validation:image-quality:00480,image-quality,S4,node_up_edge_down_human_up,1.2,0.8,1.2,444c0b6380640f7fcfff41d671ee0e5aa6c1d398378d4e5c1377051cdb258f6b,"[[""alternative-global-b""]]","[""alternative-global-b""]","[""optimal-pair-01"", ""optimal-pair-23""]",True,False,True,False,True,False,0
h10-c3:protocol_validation:image-quality:00481,image-quality,S5,node_up_edge_down_human_up,1.2,0.8,1.2,e67b896b35c58d3c4d2d393cb203a6f7c0a49e77314580088f4f45ed0c7ec08c,[],[],"[""optimal-pair-01"", ""optimal-pair-23""]",False,False,False,False,False,False,0
h10-c3:protocol_validation:image-quality:00482,image-quality,S5,node_up_edge_down_human_up,1.2,0.8,1.2,e67b896b35c58d3c4d2d393cb203a6f7c0a49e77314580088f4f45ed0c7ec08c,"[[""fallback-known-4"", ""optimal-pair-01"", ""optimal-pair-23""]]","[""fallback-known-4"", ""optimal-pair-01"", ""optimal-pair-23""]","[""fallback-known-4"", ""optimal-pair-01"", ""optimal-pair-23""]",True,True,True,False,False,False,0
h10-c3:protocol_validation:image-quality:00483,image-quality,S1,node_up_edge_down_human_up,1.2,0.8,1.2,bb7a5ee3ba000375b4a930920dc7ebd87e641229bf30314cd8ace4b9022f2b21,"[[""direct-0""]]","[""direct-0""]","[""direct-0""]",True,True,True,True,True,False,0
h10-c3:protocol_validation:image-quality:00484,image-quality,S2,node_up_edge_down_human_up,1.2,0.8,1.2,8ecea534295574a7468228d6ece7ed10a3e90e52c16ebcd55809f17aaf855ab4,"[[""direct-0"", ""direct-1"", ""direct-2"", ""direct-3""]]","[""direct-0"", ""direct-1"", ""direct-2"", ""direct-3""]","[""direct-0"", ""direct-1"", ""direct-2"", ""direct-3""]",True,True,True,True,True,False,0
h10-c3:protocol_validation:image-quality:00485,image-quality,S2,node_up_edge_down_human_up,1.2,0.8,1.2,8ecea534295574a7468228d6ece7ed10a3e90e52c16ebcd55809f17aaf855ab4,"[[""direct-0"", ""direct-1"", ""direct-2"", ""direct-3""]]","[""direct-0"", ""direct-1"", ""direct-2"", ""direct-3""]","[""direct-0"", ""direct-1"", ""direct-2"", ""direct-3""]",True,True,True,True,True,False,0
h10-c3:protocol_validation:image-quality:00486,image-quality,S3,node_up_edge_down_human_up,1.2,0.8,1.2,0f474419ec65657bb2fbd8d20d4a343074c6ccc480bbe811ba8ae84a3bf746f3,"[[""optimal-pair-01"", ""optimal-pair-23""]]","[""optimal-pair-01"", ""optimal-pair-23""]","[""optimal-pair-01"", ""optimal-pair-23""]",True,True,True,False,False,False,0
h10-c3:protocol_validation:image-quality:00487,image-quality,S3,node_up_edge_down_human_up,1.2,0.8,1.2,0f474419ec65657bb2fbd8d20d4a343074c6ccc480bbe811ba8ae84a3bf746f3,"[[""optimal-pair-01"", ""optimal-pair-23""]]","[""optimal-pair-01"", ""optimal-pair-23""]","[""optimal-pair-01"", ""optimal-pair-23""]",True,True,True,False,True,False,0
h10-c3:protocol_validation:image-quality:00488,image-quality,S3,node_up_edge_down_human_up,1.2,0.8,1.2,0f474419ec65657bb2fbd8d20d4a343074c6ccc480bbe811ba8ae84a3bf746f3,"[[""optimal-pair-01"", ""optimal-pair-23""]]","[""optimal-pair-01"", ""optimal-pair-23""]","[""optimal-pair-01"", ""optimal-pair-23""]",True,True,True,False,False,False,0
h10-c3:protocol_validation:image-quality:00489,image-quality,S4,node_up_edge_down_human_up,1.2,0.8,1.2,444c0b6380640f7fcfff41d671ee0e5aa6c1d398378d4e5c1377051cdb258f6b,"[[""alternative-global-b""]]","[""alternative-global-b""]","[""optimal-pair-01"", ""optimal-pair-23""]",True,False,True,False,True,False,0
h10-c3:protocol_validation:image-quality:00490,image-quality,S4,node_up_edge_down_human_up,1.2,0.8,1.2,444c0b6380640f7fcfff41d671ee0e5aa6c1d398378d4e5c1377051cdb258f6b,"[[""alternative-global-b""]]","[""alternative-global-b""]","[""optimal-pair-01"", ""optimal-pair-23""]",True,False,True,False,True,False,0
h10-c3:protocol_validation:image-quality:00491,image-quality,S5,node_up_edge_down_human_up,1.2,0.8,1.2,e67b896b35c58d3c4d2d393cb203a6f7c0a49e77314580088f4f45ed0c7ec08c,"[[""fallback-known-4"", ""optimal-pair-01"", ""optimal-pair-23""]]","[""fallback-known-4"", ""optimal-pair-01"", ""optimal-pair-23""]","[""fallback-known-4"", ""optimal-pair-01"", ""optimal-pair-23""]",True,True,True,False,False,False,0
h10-c3:protocol_validation:image-quality:00492,image-quality,S5,node_up_edge_down_human_up,1.2,0.8,1.2,e67b896b35c58d3c4d2d393cb203a6f7c0a49e77314580088f4f45ed0c7ec08c,"[[""fallback-known-4"", ""optimal-pair-01"", ""optimal-pair-23""]]","[""fallback-known-4"", ""optimal-pair-01"", ""optimal-pair-23""]","[""fallback-known-4"", ""optimal-pair-01"", ""optimal-pair-23""]",True,True,True,False,False,False,0
h10-c3:protocol_validation:image-quality:00493,image-quality,S1,node_up_edge_down_human_up,1.2,0.8,1.2,bb7a5ee3ba000375b4a930920dc7ebd87e641229bf30314cd8ace4b9022f2b21,"[[""direct-0""]]","[""direct-0""]","[""direct-0""]",True,True,True,True,True,False,0
h10-c3:protocol_validation:image-quality:00494,image-quality,S2,node_up_edge_down_human_up,1.2,0.8,1.2,8ecea534295574a7468228d6ece7ed10a3e90e52c16ebcd55809f17aaf855ab4,"[[""direct-0"", ""direct-1"", ""direct-2"", ""direct-3""]]","[""direct-0"", ""direct-1"", ""direct-2"", ""direct-3""]","[""direct-0"", ""direct-1"", ""direct-2"", ""direct-3""]",True,True,True,True,True,False,0
h10-c3:protocol_validation:image-quality:00495,image-quality,S2,node_up_edge_down_human_up,1.2,0.8,1.2,8ecea534295574a7468228d6ece7ed10a3e90e52c16ebcd55809f17aaf855ab4,"[[""direct-0"", ""direct-1"", ""direct-2"", ""direct-3""]]","[""direct-0"", ""direct-1"", ""direct-2"", ""direct-3""]","[""direct-0"", ""direct-1"", ""direct-2"", ""direct-3""]",True,True,True,True,True,False,0
h10-c3:protocol_validation:image-quality:00496,image-quality,S3,node_up_edge_down_human_up,1.2,0.8,1.2,0f474419ec65657bb2fbd8d20d4a343074c6ccc480bbe811ba8ae84a3bf746f3,"[[""optimal-pair-01"", ""optimal-pair-23""]]","[""optimal-pair-01"", ""optimal-pair-23""]","[""optimal-pair-01"", ""optimal-pair-23""]",True,True,True,False,False,False,0
h10-c3:protocol_validation:image-quality:00497,image-quality,S3,node_up_edge_down_human_up,1.2,0.8,1.2,0f474419ec65657bb2fbd8d20d4a343074c6ccc480bbe811ba8ae84a3bf746f3,"[[""optimal-pair-01"", ""optimal-pair-23""]]","[""optimal-pair-01"", ""optimal-pair-23""]","[""optimal-pair-01"", ""optimal-pair-23""]",True,True,True,False,True,False,0
h10-c3:protocol_validation:image-quality:00498,image-quality,S3,node_up_edge_down_human_up,1.2,0.8,1.2,0f474419ec65657bb2fbd8d20d4a343074c6ccc480bbe811ba8ae84a3bf746f3,"[[""optimal-pair-01"", ""optimal-pair-23""]]","[""optimal-pair-01"", ""optimal-pair-23""]","[""optimal-pair-01"", ""optimal-pair-23""]",True,True,True,False,False,False,0
h10-c3:protocol_validation:image-quality:00499,image-quality,S4,node_up_edge_down_human_up,1.2,0.8,1.2,444c0b6380640f7fcfff41d671ee0e5aa6c1d398378d4e5c1377051cdb258f6b,"[[""alternative-global-b""]]","[""alternative-global-b""]","[""optimal-pair-01"", ""optimal-pair-23""]",True,False,True,False,True,False,0
h10-c3:protocol_validation:image-quality:00500,image-quality,S4,node_up_edge_down_human_up,1.2,0.8,1.2,444c0b6380640f7fcfff41d671ee0e5aa6c1d398378d4e5c1377051cdb258f6b,"[[""alternative-global-b""]]","[""alternative-global-b""]","[""optimal-pair-01"", ""optimal-pair-23""]",True,False,True,False,True,False,0
h10-c3:protocol_validation:image-quality:00501,image-quality,S5,node_up_edge_down_human_up,1.2,0.8,1.2,e67b896b35c58d3c4d2d393cb203a6f7c0a49e77314580088f4f45ed0c7ec08c,"[[""fallback-known-4"", ""optimal-pair-01"", ""optimal-pair-23""]]","[""fallback-known-4"", ""optimal-pair-01"", ""optimal-pair-23""]","[""fallback-known-4"", ""optimal-pair-01"", ""optimal-pair-23""]",True,True,True,False,False,False,0
h10-c3:protocol_validation:image-quality:00502,image-quality,S5,node_up_edge_down_human_up,1.2,0.8,1.2,e67b896b35c58d3c4d2d393cb203a6f7c0a49e77314580088f4f45ed0c7ec08c,[],[],"[""optimal-pair-01"", ""optimal-pair-23""]",False,False,False,False,False,False,0
h10-c3:protocol_validation:image-quality:00503,image-quality,S1,node_up_edge_down_human_up,1.2,0.8,1.2,bb7a5ee3ba000375b4a930920dc7ebd87e641229bf30314cd8ace4b9022f2b21,"[[""direct-0""]]","[""direct-0""]","[""direct-0""]",True,True,True,True,True,False,0
h10-c3:protocol_validation:image-quality:00504,image-quality,S2,node_up_edge_down_human_up,1.2,0.8,1.2,8ecea534295574a7468228d6ece7ed10a3e90e52c16ebcd55809f17aaf855ab4,"[[""direct-0"", ""direct-1"", ""direct-2"", ""direct-3""]]","[""direct-0"", ""direct-1"", ""direct-2"", ""direct-3""]","[""direct-0"", ""direct-1"", ""direct-2"", ""direct-3""]",True,True,True,True,True,False,0
h10-c3:protocol_validation:image-quality:00505,image-quality,S2,node_up_edge_down_human_up,1.2,0.8,1.2,8ecea534295574a7468228d6ece7ed10a3e90e52c16ebcd55809f17aaf855ab4,"[[""direct-0"", ""direct-1"", ""direct-2"", ""direct-3""]]","[""direct-0"", ""direct-1"", ""direct-2"", ""direct-3""]","[""direct-0"", ""direct-1"", ""direct-2"", ""direct-3""]",True,True,True,True,True,False,0
h10-c3:protocol_validation:image-quality:00506,image-quality,S3,node_up_edge_down_human_up,1.2,0.8,1.2,0f474419ec65657bb2fbd8d20d4a343074c6ccc480bbe811ba8ae84a3bf746f3,"[[""optimal-pair-01"", ""optimal-pair-23""]]","[""optimal-pair-01"", ""optimal-pair-23""]","[""optimal-pair-01"", ""optimal-pair-23""]",True,True,True,False,False,False,0
h10-c3:protocol_validation:image-quality:00507,image-quality,S3,node_up_edge_down_human_up,1.2,0.8,1.2,0f474419ec65657bb2fbd8d20d4a343074c6ccc480bbe811ba8ae84a3bf746f3,"[[""optimal-pair-01"", ""optimal-pair-23""]]","[""optimal-pair-01"", ""optimal-pair-23""]","[""optimal-pair-01"", ""optimal-pair-23""]",True,True,True,False,True,False,0
h10-c3:protocol_validation:image-quality:00508,image-quality,S3,node_up_edge_down_human_up,1.2,0.8,1.2,0f474419ec65657bb2fbd8d20d4a343074c6ccc480bbe811ba8ae84a3bf746f3,"[[""optimal-pair-01"", ""optimal-pair-23""]]","[""optimal-pair-01"", ""optimal-pair-23""]","[""optimal-pair-01"", ""optimal-pair-23""]",True,True,True,False,False,False,0
h10-c3:protocol_validation:image-quality:00509,image-quality,S4,node_up_edge_down_human_up,1.2,0.8,1.2,444c0b6380640f7fcfff41d671ee0e5aa6c1d398378d4e5c1377051cdb258f6b,"[[""alternative-global-b""]]","[""alternative-global-b""]","[""optimal-pair-01"", ""optimal-pair-23""]",True,False,True,False,True,False,0
h10-c3:protocol_validation:image-quality:00510,image-quality,S4,node_up_edge_down_human_up,1.2,0.8,1.2,444c0b6380640f7fcfff41d671ee0e5aa6c1d398378d4e5c1377051cdb258f6b,"[[""alternative-global-b""]]","[""alternative-global-b""]","[""optimal-pair-01"", ""optimal-pair-23""]",True,False,True,False,True,False,0
h10-c3:protocol_validation:image-quality:00511,image-quality,S5,node_up_edge_down_human_up,1.2,0.8,1.2,e67b896b35c58d3c4d2d393cb203a6f7c0a49e77314580088f4f45ed0c7ec08c,"[[""fallback-known-4"", ""optimal-pair-01"", ""optimal-pair-23""]]","[""fallback-known-4"", ""optimal-pair-01"", ""optimal-pair-23""]","[""fallback-known-4"", ""optimal-pair-01"", ""optimal-pair-23""]",True,True,True,False,False,False,0
h10-c3:protocol_validation:image-quality:00512,image-quality,S5,node_up_edge_down_human_up,1.2,0.8,1.2,e67b896b35c58d3c4d2d393cb203a6f7c0a49e77314580088f4f45ed0c7ec08c,"[[""fallback-known-4"", ""optimal-pair-01"", ""optimal-pair-23""]]","[""fallback-known-4"", ""optimal-pair-01"", ""optimal-pair-23""]","[""fallback-known-4"", ""optimal-pair-01"", ""optimal-pair-23""]",True,True,True,False,False,False,0
h10-c3:protocol_validation:image-quality:00513,image-quality,S1,node_up_edge_down_human_up,1.2,0.8,1.2,bb7a5ee3ba000375b4a930920dc7ebd87e641229bf30314cd8ace4b9022f2b21,"[[""direct-0""]]","[""direct-0""]","[""direct-0""]",True,True,True,True,True,False,0
h10-c3:protocol_validation:image-quality:00514,image-quality,S2,node_up_edge_down_human_up,1.2,0.8,1.2,8ecea534295574a7468228d6ece7ed10a3e90e52c16ebcd55809f17aaf855ab4,"[[""direct-0"", ""direct-1"", ""direct-2"", ""direct-3""]]","[""direct-0"", ""direct-1"", ""direct-2"", ""direct-3""]","[""direct-0"", ""direct-1"", ""direct-2"", ""direct-3""]",True,True,True,True,True,False,0
h10-c3:protocol_validation:image-quality:00515,image-quality,S2,node_up_edge_down_human_up,1.2,0.8,1.2,8ecea534295574a7468228d6ece7ed10a3e90e52c16ebcd55809f17aaf855ab4,"[[""direct-0"", ""direct-1"", ""direct-2"", ""direct-3""]]","[""direct-0"", ""direct-1"", ""direct-2"", ""direct-3""]","[""direct-0"", ""direct-1"", ""direct-2"", ""direct-3""]",True,True,True,True,True,False,0
h10-c3:protocol_validation:image-quality:00516,image-quality,S3,node_up_edge_down_human_up,1.2,0.8,1.2,0f474419ec65657bb2fbd8d20d4a343074c6ccc480bbe811ba8ae84a3bf746f3,"[[""optimal-pair-01"", ""optimal-pair-23""]]","[""optimal-pair-01"", ""optimal-pair-23""]","[""optimal-pair-01"", ""optimal-pair-23""]",True,True,True,False,False,False,0
h10-c3:protocol_validation:image-quality:00517,image-quality,S3,node_up_edge_down_human_up,1.2,0.8,1.2,0f474419ec65657bb2fbd8d20d4a343074c6ccc480bbe811ba8ae84a3bf746f3,"[[""optimal-pair-01"", ""optimal-pair-23""]]","[""optimal-pair-01"", ""optimal-pair-23""]","[""optimal-pair-01"", ""optimal-pair-23""]",True,True,True,False,True,False,0
h10-c3:protocol_validation:image-quality:00518,image-quality,S3,node_up_edge_down_human_up,1.2,0.8,1.2,0f474419ec65657bb2fbd8d20d4a343074c6ccc480bbe811ba8ae84a3bf746f3,"[[""optimal-pair-01"", ""optimal-pair-23""]]","[""optimal-pair-01"", ""optimal-pair-23""]","[""optimal-pair-01"", ""optimal-pair-23""]",True,True,True,False,False,False,0
h10-c3:protocol_validation:image-quality:00519,image-quality,S4,node_up_edge_down_human_up,1.2,0.8,1.2,444c0b6380640f7fcfff41d671ee0e5aa6c1d398378d4e5c1377051cdb258f6b,"[[""alternative-global-b""]]","[""alternative-global-b""]","[""optimal-pair-01"", ""optimal-pair-23""]",True,False,True,False,True,False,0
h10-c3:protocol_validation:image-quality:00520,image-quality,S4,node_up_edge_down_human_up,1.2,0.8,1.2,444c0b6380640f7fcfff41d671ee0e5aa6c1d398378d4e5c1377051cdb258f6b,"[[""alternative-global-b""]]","[""alternative-global-b""]","[""optimal-pair-01"", ""optimal-pair-23""]",True,False,True,False,True,False,0
h10-c3:protocol_validation:image-quality:00521,image-quality,S5,node_up_edge_down_human_up,1.2,0.8,1.2,e67b896b35c58d3c4d2d393cb203a6f7c0a49e77314580088f4f45ed0c7ec08c,"[[""fallback-known-4"", ""optimal-pair-01"", ""optimal-pair-23""]]","[""fallback-known-4"", ""optimal-pair-01"", ""optimal-pair-23""]","[""fallback-known-4"", ""optimal-pair-01"", ""optimal-pair-23""]",True,True,True,False,False,False,0
h10-c3:protocol_validation:image-quality:00522,image-quality,S5,node_up_edge_down_human_up,1.2,0.8,1.2,e67b896b35c58d3c4d2d393cb203a6f7c0a49e77314580088f4f45ed0c7ec08c,"[[""fallback-known-4"", ""optimal-pair-01"", ""optimal-pair-23""]]","[""fallback-known-4"", ""optimal-pair-01"", ""optimal-pair-23""]","[""fallback-known-4"", ""optimal-pair-01"", ""optimal-pair-23""]",True,True,True,False,False,False,0
h10-c3:protocol_validation:image-quality:00523,image-quality,S1,node_up_edge_down_human_up,1.2,0.8,1.2,bb7a5ee3ba000375b4a930920dc7ebd87e641229bf30314cd8ace4b9022f2b21,"[[""direct-0""]]","[""direct-0""]","[""direct-0""]",True,True,True,True,True,False,0
h10-c3:protocol_validation:image-quality:00524,image-quality,S2,node_up_edge_down_human_up,1.2,0.8,1.2,8ecea534295574a7468228d6ece7ed10a3e90e52c16ebcd55809f17aaf855ab4,"[[""direct-0"", ""direct-1"", ""direct-2"", ""direct-3""]]","[""direct-0"", ""direct-1"", ""direct-2"", ""direct-3""]","[""direct-0"", ""direct-1"", ""direct-2"", ""direct-3""]",True,True,True,True,True,False,0
h10-c3:protocol_validation:image-quality:00525,image-quality,S2,node_up_edge_down_human_up,1.2,0.8,1.2,8ecea534295574a7468228d6ece7ed10a3e90e52c16ebcd55809f17aaf855ab4,"[[""direct-0"", ""direct-1"", ""direct-2"", ""direct-3""]]","[""direct-0"", ""direct-1"", ""direct-2"", ""direct-3""]","[""direct-0"", ""direct-1"", ""direct-2"", ""direct-3""]",True,True,True,True,True,False,0
h10-c3:protocol_validation:image-quality:00526,image-quality,S3,node_up_edge_down_human_up,1.2,0.8,1.2,0f474419ec65657bb2fbd8d20d4a343074c6ccc480bbe811ba8ae84a3bf746f3,"[[""optimal-pair-01"", ""optimal-pair-23""]]","[""optimal-pair-01"", ""optimal-pair-23""]","[""optimal-pair-01"", ""optimal-pair-23""]",True,True,True,False,False,False,0
h10-c3:protocol_validation:image-quality:00527,image-quality,S3,node_up_edge_down_human_up,1.2,0.8,1.2,0f474419ec65657bb2fbd8d20d4a343074c6ccc480bbe811ba8ae84a3bf746f3,"[[""optimal-pair-01"", ""optimal-pair-23""]]","[""optimal-pair-01"", ""optimal-pair-23""]","[""optimal-pair-01"", ""optimal-pair-23""]",True,True,True,False,True,False,0
h10-c3:protocol_validation:image-quality:00528,image-quality,S3,node_up_edge_down_human_up,1.2,0.8,1.2,0f474419ec65657bb2fbd8d20d4a343074c6ccc480bbe811ba8ae84a3bf746f3,"[[""optimal-pair-01"", ""optimal-pair-23""]]","[""optimal-pair-01"", ""optimal-pair-23""]","[""optimal-pair-01"", ""optimal-pair-23""]",True,True,True,False,False,False,0
h10-c3:protocol_validation:image-quality:00529,image-quality,S4,node_up_edge_down_human_up,1.2,0.8,1.2,444c0b6380640f7fcfff41d671ee0e5aa6c1d398378d4e5c1377051cdb258f6b,"[[""alternative-global-b""]]","[""alternative-global-b""]","[""optimal-pair-01"", ""optimal-pair-23""]",True,False,True,False,True,False,0
h10-c3:protocol_validation:image-quality:00530,image-quality,S4,node_up_edge_down_human_up,1.2,0.8,1.2,444c0b6380640f7fcfff41d671ee0e5aa6c1d398378d4e5c1377051cdb258f6b,"[[""alternative-global-b""]]","[""alternative-global-b""]","[""optimal-pair-01"", ""optimal-pair-23""]",True,False,True,False,True,False,0
h10-c3:protocol_validation:image-quality:00531,image-quality,S5,node_up_edge_down_human_up,1.2,0.8,1.2,e67b896b35c58d3c4d2d393cb203a6f7c0a49e77314580088f4f45ed0c7ec08c,[],[],"[""optimal-pair-01"", ""optimal-pair-23""]",False,False,False,False,False,False,0
h10-c3:protocol_validation:image-quality:00532,image-quality,S5,node_up_edge_down_human_up,1.2,0.8,1.2,e67b896b35c58d3c4d2d393cb203a6f7c0a49e77314580088f4f45ed0c7ec08c,"[[""fallback-known-4"", ""optimal-pair-01"", ""optimal-pair-23""]]","[""fallback-known-4"", ""optimal-pair-01"", ""optimal-pair-23""]","[""fallback-known-4"", ""optimal-pair-01"", ""optimal-pair-23""]",True,True,True,False,False,False,0
h10-c3:protocol_validation:image-quality:00533,image-quality,S1,node_up_edge_down_human_up,1.2,0.8,1.2,bb7a5ee3ba000375b4a930920dc7ebd87e641229bf30314cd8ace4b9022f2b21,"[[""direct-0""]]","[""direct-0""]","[""direct-0""]",True,True,True,True,True,False,0
h10-c3:protocol_validation:image-quality:00534,image-quality,S2,node_up_edge_down_human_up,1.2,0.8,1.2,8ecea534295574a7468228d6ece7ed10a3e90e52c16ebcd55809f17aaf855ab4,"[[""direct-0"", ""direct-1"", ""direct-2"", ""direct-3""]]","[""direct-0"", ""direct-1"", ""direct-2"", ""direct-3""]","[""direct-0"", ""direct-1"", ""direct-2"", ""direct-3""]",True,True,True,True,True,False,0
h10-c3:protocol_validation:image-quality:00535,image-quality,S2,node_up_edge_down_human_up,1.2,0.8,1.2,8ecea534295574a7468228d6ece7ed10a3e90e52c16ebcd55809f17aaf855ab4,"[[""direct-0"", ""direct-1"", ""direct-2"", ""direct-3""]]","[""direct-0"", ""direct-1"", ""direct-2"", ""direct-3""]","[""direct-0"", ""direct-1"", ""direct-2"", ""direct-3""]",True,True,True,True,True,False,0
h10-c3:protocol_validation:image-quality:00536,image-quality,S3,node_up_edge_down_human_up,1.2,0.8,1.2,0f474419ec65657bb2fbd8d20d4a343074c6ccc480bbe811ba8ae84a3bf746f3,"[[""optimal-pair-01"", ""optimal-pair-23""]]","[""optimal-pair-01"", ""optimal-pair-23""]","[""optimal-pair-01"", ""optimal-pair-23""]",True,True,True,False,False,False,0
h10-c3:protocol_validation:image-quality:00537,image-quality,S3,node_up_edge_down_human_up,1.2,0.8,1.2,0f474419ec65657bb2fbd8d20d4a343074c6ccc480bbe811ba8ae84a3bf746f3,"[[""optimal-pair-01"", ""optimal-pair-23""]]","[""optimal-pair-01"", ""optimal-pair-23""]","[""optimal-pair-01"", ""optimal-pair-23""]",True,True,True,False,True,False,0
h10-c3:protocol_validation:image-quality:00538,image-quality,S3,node_up_edge_down_human_up,1.2,0.8,1.2,0f474419ec65657bb2fbd8d20d4a343074c6ccc480bbe811ba8ae84a3bf746f3,"[[""optimal-pair-01"", ""optimal-pair-23""]]","[""optimal-pair-01"", ""optimal-pair-23""]","[""optimal-pair-01"", ""optimal-pair-23""]",True,True,True,False,False,False,0
h10-c3:protocol_validation:image-quality:00539,image-quality,S4,node_up_edge_down_human_up,1.2,0.8,1.2,444c0b6380640f7fcfff41d671ee0e5aa6c1d398378d4e5c1377051cdb258f6b,"[[""alternative-global-b""]]","[""alternative-global-b""]","[""optimal-pair-01"", ""optimal-pair-23""]",True,False,True,False,True,False,0
h10-c3:protocol_validation:image-quality:00540,image-quality,S4,node_up_edge_down_human_up,1.2,0.8,1.2,444c0b6380640f7fcfff41d671ee0e5aa6c1d398378d4e5c1377051cdb258f6b,"[[""alternative-global-b""]]","[""alternative-global-b""]","[""optimal-pair-01"", ""optimal-pair-23""]",True,False,True,False,True,False,0
h10-c3:protocol_validation:image-quality:00541,image-quality,S5,node_up_edge_down_human_up,1.2,0.8,1.2,e67b896b35c58d3c4d2d393cb203a6f7c0a49e77314580088f4f45ed0c7ec08c,"[[""fallback-known-4"", ""optimal-pair-01"", ""optimal-pair-23""]]","[""fallback-known-4"", ""optimal-pair-01"", ""optimal-pair-23""]","[""fallback-known-4"", ""optimal-pair-01"", ""optimal-pair-23""]",True,True,True,False,False,False,0
h10-c3:protocol_validation:image-quality:00542,image-quality,S5,node_up_edge_down_human_up,1.2,0.8,1.2,e67b896b35c58d3c4d2d393cb203a6f7c0a49e77314580088f4f45ed0c7ec08c,"[[""fallback-known-4"", ""optimal-pair-01"", ""optimal-pair-23""]]","[""fallback-known-4"", ""optimal-pair-01"", ""optimal-pair-23""]","[""fallback-known-4"", ""optimal-pair-01"", ""optimal-pair-23""]",True,True,True,False,False,False,0
h10-c3:protocol_validation:image-quality:00543,image-quality,S1,node_up_edge_down_human_up,1.2,0.8,1.2,bb7a5ee3ba000375b4a930920dc7ebd87e641229bf30314cd8ace4b9022f2b21,"[[""direct-0""]]","[""direct-0""]","[""direct-0""]",True,True,True,True,True,False,0
h10-c3:protocol_validation:image-quality:00544,image-quality,S2,node_up_edge_down_human_up,1.2,0.8,1.2,8ecea534295574a7468228d6ece7ed10a3e90e52c16ebcd55809f17aaf855ab4,"[[""direct-0"", ""direct-1"", ""direct-2"", ""direct-3""]]","[""direct-0"", ""direct-1"", ""direct-2"", ""direct-3""]","[""direct-0"", ""direct-1"", ""direct-2"", ""direct-3""]",True,True,True,True,True,False,0
h10-c3:protocol_validation:image-quality:00545,image-quality,S2,node_up_edge_down_human_up,1.2,0.8,1.2,8ecea534295574a7468228d6ece7ed10a3e90e52c16ebcd55809f17aaf855ab4,"[[""direct-0"", ""direct-1"", ""direct-2"", ""direct-3""]]","[""direct-0"", ""direct-1"", ""direct-2"", ""direct-3""]","[""direct-0"", ""direct-1"", ""direct-2"", ""direct-3""]",True,True,True,True,True,False,0
h10-c3:protocol_validation:image-quality:00546,image-quality,S3,node_up_edge_down_human_up,1.2,0.8,1.2,0f474419ec65657bb2fbd8d20d4a343074c6ccc480bbe811ba8ae84a3bf746f3,"[[""optimal-pair-01"", ""optimal-pair-23""]]","[""optimal-pair-01"", ""optimal-pair-23""]","[""optimal-pair-01"", ""optimal-pair-23""]",True,True,True,False,False,False,0
h10-c3:protocol_validation:image-quality:00547,image-quality,S3,node_up_edge_down_human_up,1.2,0.8,1.2,0f474419ec65657bb2fbd8d20d4a343074c6ccc480bbe811ba8ae84a3bf746f3,"[[""optimal-pair-01"", ""optimal-pair-23""]]","[""optimal-pair-01"", ""optimal-pair-23""]","[""optimal-pair-01"", ""optimal-pair-23""]",True,True,True,False,True,False,0
h10-c3:protocol_validation:image-quality:00548,image-quality,S3,node_up_edge_down_human_up,1.2,0.8,1.2,0f474419ec65657bb2fbd8d20d4a343074c6ccc480bbe811ba8ae84a3bf746f3,"[[""optimal-pair-01"", ""optimal-pair-23""]]","[""optimal-pair-01"", ""optimal-pair-23""]","[""optimal-pair-01"", ""optimal-pair-23""]",True,True,True,False,False,False,0
h10-c3:protocol_validation:image-quality:00549,image-quality,S4,node_up_edge_down_human_up,1.2,0.8,1.2,444c0b6380640f7fcfff41d671ee0e5aa6c1d398378d4e5c1377051cdb258f6b,"[[""alternative-global-b""]]","[""alternative-global-b""]","[""optimal-pair-01"", ""optimal-pair-23""]",True,False,True,False,True,False,0
h10-c3:protocol_validation:image-quality:00550,image-quality,S4,node_up_edge_down_human_up,1.2,0.8,1.2,444c0b6380640f7fcfff41d671ee0e5aa6c1d398378d4e5c1377051cdb258f6b,"[[""alternative-global-b""]]","[""alternative-global-b""]","[""optimal-pair-01"", ""optimal-pair-23""]",True,False,True,False,True,False,0
h10-c3:protocol_validation:image-quality:00551,image-quality,S5,node_up_edge_down_human_up,1.2,0.8,1.2,e67b896b35c58d3c4d2d393cb203a6f7c0a49e77314580088f4f45ed0c7ec08c,"[[""fallback-known-4"", ""optimal-pair-01"", ""optimal-pair-23""]]","[""fallback-known-4"", ""optimal-pair-01"", ""optimal-pair-23""]","[""fallback-known-4"", ""optimal-pair-01"", ""optimal-pair-23""]",True,True,True,False,False,False,0
h10-c3:protocol_validation:image-quality:00552,image-quality,S5,node_up_edge_down_human_up,1.2,0.8,1.2,e67b896b35c58d3c4d2d393cb203a6f7c0a49e77314580088f4f45ed0c7ec08c,[],[],"[""optimal-pair-01"", ""optimal-pair-23""]",False,False,False,False,False,False,0
h10-c3:protocol_validation:image-quality:00553,image-quality,S1,node_up_edge_down_human_up,1.2,0.8,1.2,bb7a5ee3ba000375b4a930920dc7ebd87e641229bf30314cd8ace4b9022f2b21,"[[""direct-0""]]","[""direct-0""]","[""direct-0""]",True,True,True,True,True,False,0
h10-c3:protocol_validation:image-quality:00554,image-quality,S2,node_up_edge_down_human_up,1.2,0.8,1.2,8ecea534295574a7468228d6ece7ed10a3e90e52c16ebcd55809f17aaf855ab4,"[[""direct-0"", ""direct-1"", ""direct-2"", ""direct-3""]]","[""direct-0"", ""direct-1"", ""direct-2"", ""direct-3""]","[""direct-0"", ""direct-1"", ""direct-2"", ""direct-3""]",True,True,True,True,True,False,0
h10-c3:protocol_validation:image-quality:00555,image-quality,S2,node_up_edge_down_human_up,1.2,0.8,1.2,8ecea534295574a7468228d6ece7ed10a3e90e52c16ebcd55809f17aaf855ab4,"[[""direct-0"", ""direct-1"", ""direct-2"", ""direct-3""]]","[""direct-0"", ""direct-1"", ""direct-2"", ""direct-3""]","[""direct-0"", ""direct-1"", ""direct-2"", ""direct-3""]",True,True,True,True,True,False,0
h10-c3:protocol_validation:image-quality:00556,image-quality,S3,node_up_edge_down_human_up,1.2,0.8,1.2,0f474419ec65657bb2fbd8d20d4a343074c6ccc480bbe811ba8ae84a3bf746f3,"[[""optimal-pair-01"", ""optimal-pair-23""]]","[""optimal-pair-01"", ""optimal-pair-23""]","[""optimal-pair-01"", ""optimal-pair-23""]",True,True,True,False,False,False,0
h10-c3:protocol_validation:image-quality:00557,image-quality,S3,node_up_edge_down_human_up,1.2,0.8,1.2,0f474419ec65657bb2fbd8d20d4a343074c6ccc480bbe811ba8ae84a3bf746f3,"[[""optimal-pair-01"", ""optimal-pair-23""]]","[""optimal-pair-01"", ""optimal-pair-23""]","[""optimal-pair-01"", ""optimal-pair-23""]",True,True,True,False,True,False,0
h10-c3:protocol_validation:image-quality:00558,image-quality,S3,node_up_edge_down_human_up,1.2,0.8,1.2,0f474419ec65657bb2fbd8d20d4a343074c6ccc480bbe811ba8ae84a3bf746f3,"[[""optimal-pair-01"", ""optimal-pair-23""]]","[""optimal-pair-01"", ""optimal-pair-23""]","[""optimal-pair-01"", ""optimal-pair-23""]",True,True,True,False,False,False,0
h10-c3:protocol_validation:image-quality:00559,image-quality,S4,node_up_edge_down_human_up,1.2,0.8,1.2,444c0b6380640f7fcfff41d671ee0e5aa6c1d398378d4e5c1377051cdb258f6b,"[[""alternative-global-b""]]","[""alternative-global-b""]","[""optimal-pair-01"", ""optimal-pair-23""]",True,False,True,False,True,False,0
h10-c3:protocol_validation:image-quality:00560,image-quality,S4,node_up_edge_down_human_up,1.2,0.8,1.2,444c0b6380640f7fcfff41d671ee0e5aa6c1d398378d4e5c1377051cdb258f6b,"[[""alternative-global-b""]]","[""alternative-global-b""]","[""optimal-pair-01"", ""optimal-pair-23""]",True,False,True,False,True,False,0
h10-c3:protocol_validation:image-quality:00561,image-quality,S5,node_up_edge_down_human_up,1.2,0.8,1.2,e67b896b35c58d3c4d2d393cb203a6f7c0a49e77314580088f4f45ed0c7ec08c,"[[""fallback-known-4"", ""optimal-pair-01"", ""optimal-pair-23""]]","[""fallback-known-4"", ""optimal-pair-01"", ""optimal-pair-23""]","[""fallback-known-4"", ""optimal-pair-01"", ""optimal-pair-23""]",True,True,True,False,False,False,0
h10-c3:protocol_validation:image-quality:00562,image-quality,S5,node_up_edge_down_human_up,1.2,0.8,1.2,e67b896b35c58d3c4d2d393cb203a6f7c0a49e77314580088f4f45ed0c7ec08c,"[[""fallback-known-4"", ""optimal-pair-01"", ""optimal-pair-23""]]","[""fallback-known-4"", ""optimal-pair-01"", ""optimal-pair-23""]","[""fallback-known-4"", ""optimal-pair-01"", ""optimal-pair-23""]",True,True,True,False,False,False,0
h10-c3:protocol_validation:image-quality:00563,image-quality,S1,node_up_edge_down_human_up,1.2,0.8,1.2,bb7a5ee3ba000375b4a930920dc7ebd87e641229bf30314cd8ace4b9022f2b21,"[[""direct-0""]]","[""direct-0""]","[""direct-0""]",True,True,True,True,True,False,0
h10-c3:protocol_validation:image-quality:00564,image-quality,S2,node_up_edge_down_human_up,1.2,0.8,1.2,8ecea534295574a7468228d6ece7ed10a3e90e52c16ebcd55809f17aaf855ab4,"[[""direct-0"", ""direct-1"", ""direct-2"", ""direct-3""]]","[""direct-0"", ""direct-1"", ""direct-2"", ""direct-3""]","[""direct-0"", ""direct-1"", ""direct-2"", ""direct-3""]",True,True,True,True,True,False,0
h10-c3:protocol_validation:image-quality:00565,image-quality,S2,node_up_edge_down_human_up,1.2,0.8,1.2,8ecea534295574a7468228d6ece7ed10a3e90e52c16ebcd55809f17aaf855ab4,"[[""direct-0"", ""direct-1"", ""direct-2"", ""direct-3""]]","[""direct-0"", ""direct-1"", ""direct-2"", ""direct-3""]","[""direct-0"", ""direct-1"", ""direct-2"", ""direct-3""]",True,True,True,True,True,False,0
h10-c3:protocol_validation:image-quality:00566,image-quality,S3,node_up_edge_down_human_up,1.2,0.8,1.2,0f474419ec65657bb2fbd8d20d4a343074c6ccc480bbe811ba8ae84a3bf746f3,"[[""optimal-pair-01"", ""optimal-pair-23""]]","[""optimal-pair-01"", ""optimal-pair-23""]","[""optimal-pair-01"", ""optimal-pair-23""]",True,True,True,False,False,False,0
h10-c3:protocol_validation:image-quality:00567,image-quality,S3,node_up_edge_down_human_up,1.2,0.8,1.2,0f474419ec65657bb2fbd8d20d4a343074c6ccc480bbe811ba8ae84a3bf746f3,"[[""optimal-pair-01"", ""optimal-pair-23""]]","[""optimal-pair-01"", ""optimal-pair-23""]","[""optimal-pair-01"", ""optimal-pair-23""]",True,True,True,False,True,False,0
h10-c3:protocol_validation:image-quality:00568,image-quality,S3,node_up_edge_down_human_up,1.2,0.8,1.2,0f474419ec65657bb2fbd8d20d4a343074c6ccc480bbe811ba8ae84a3bf746f3,"[[""optimal-pair-01"", ""optimal-pair-23""]]","[""optimal-pair-01"", ""optimal-pair-23""]","[""optimal-pair-01"", ""optimal-pair-23""]",True,True,True,False,False,False,0
h10-c3:protocol_validation:image-quality:00569,image-quality,S4,node_up_edge_down_human_up,1.2,0.8,1.2,444c0b6380640f7fcfff41d671ee0e5aa6c1d398378d4e5c1377051cdb258f6b,"[[""alternative-global-b""]]","[""alternative-global-b""]","[""optimal-pair-01"", ""optimal-pair-23""]",True,False,True,False,True,False,0
h10-c3:protocol_validation:image-quality:00570,image-quality,S4,node_up_edge_down_human_up,1.2,0.8,1.2,444c0b6380640f7fcfff41d671ee0e5aa6c1d398378d4e5c1377051cdb258f6b,"[[""alternative-global-b""]]","[""alternative-global-b""]","[""optimal-pair-01"", ""optimal-pair-23""]",True,False,True,False,True,False,0
h10-c3:protocol_validation:image-quality:00571,image-quality,S5,node_up_edge_down_human_up,1.2,0.8,1.2,e67b896b35c58d3c4d2d393cb203a6f7c0a49e77314580088f4f45ed0c7ec08c,"[[""fallback-known-4"", ""optimal-pair-01"", ""optimal-pair-23""]]","[""fallback-known-4"", ""optimal-pair-01"", ""optimal-pair-23""]","[""fallback-known-4"", ""optimal-pair-01"", ""optimal-pair-23""]",True,True,True,False,False,False,0
h10-c3:protocol_validation:image-quality:00572,image-quality,S5,node_up_edge_down_human_up,1.2,0.8,1.2,e67b896b35c58d3c4d2d393cb203a6f7c0a49e77314580088f4f45ed0c7ec08c,"[[""fallback-known-4"", ""optimal-pair-01"", ""optimal-pair-23""]]","[""fallback-known-4"", ""optimal-pair-01"", ""optimal-pair-23""]","[""fallback-known-4"", ""optimal-pair-01"", ""optimal-pair-23""]",True,True,True,False,False,False,0
h10-c3:protocol_validation:image-quality:00573,image-quality,S1,node_up_edge_down_human_up,1.2,0.8,1.2,bb7a5ee3ba000375b4a930920dc7ebd87e641229bf30314cd8ace4b9022f2b21,"[[""direct-0""]]","[""direct-0""]","[""direct-0""]",True,True,True,True,True,False,0
h10-c3:protocol_validation:image-quality:00574,image-quality,S2,node_up_edge_down_human_up,1.2,0.8,1.2,8ecea534295574a7468228d6ece7ed10a3e90e52c16ebcd55809f17aaf855ab4,"[[""direct-0"", ""direct-1"", ""direct-2"", ""direct-3""]]","[""direct-0"", ""direct-1"", ""direct-2"", ""direct-3""]","[""direct-0"", ""direct-1"", ""direct-2"", ""direct-3""]",True,True,True,True,True,False,0
h10-c3:protocol_validation:image-quality:00575,image-quality,S2,node_up_edge_down_human_up,1.2,0.8,1.2,8ecea534295574a7468228d6ece7ed10a3e90e52c16ebcd55809f17aaf855ab4,"[[""direct-0"", ""direct-1"", ""direct-2"", ""direct-3""]]","[""direct-0"", ""direct-1"", ""direct-2"", ""direct-3""]","[""direct-0"", ""direct-1"", ""direct-2"", ""direct-3""]",True,True,True,True,True,False,0
h10-c3:protocol_validation:image-quality:00576,image-quality,S3,node_up_edge_down_human_up,1.2,0.8,1.2,0f474419ec65657bb2fbd8d20d4a343074c6ccc480bbe811ba8ae84a3bf746f3,"[[""optimal-pair-01"", ""optimal-pair-23""]]","[""optimal-pair-01"", ""optimal-pair-23""]","[""optimal-pair-01"", ""optimal-pair-23""]",True,True,True,False,False,False,0
h10-c3:protocol_validation:image-quality:00577,image-quality,S3,node_up_edge_down_human_up,1.2,0.8,1.2,0f474419ec65657bb2fbd8d20d4a343074c6ccc480bbe811ba8ae84a3bf746f3,"[[""optimal-pair-01"", ""optimal-pair-23""]]","[""optimal-pair-01"", ""optimal-pair-23""]","[""optimal-pair-01"", ""optimal-pair-23""]",True,True,True,False,True,False,0
h10-c3:protocol_validation:image-quality:00578,image-quality,S3,node_up_edge_down_human_up,1.2,0.8,1.2,0f474419ec65657bb2fbd8d20d4a343074c6ccc480bbe811ba8ae84a3bf746f3,"[[""optimal-pair-01"", ""optimal-pair-23""]]","[""optimal-pair-01"", ""optimal-pair-23""]","[""optimal-pair-01"", ""optimal-pair-23""]",True,True,True,False,False,False,0
h10-c3:protocol_validation:image-quality:00579,image-quality,S4,node_up_edge_down_human_up,1.2,0.8,1.2,444c0b6380640f7fcfff41d671ee0e5aa6c1d398378d4e5c1377051cdb258f6b,"[[""alternative-global-b""]]","[""alternative-global-b""]","[""optimal-pair-01"", ""optimal-pair-23""]",True,False,True,False,True,False,0
h10-c3:protocol_validation:image-quality:00580,image-quality,S4,node_up_edge_down_human_up,1.2,0.8,1.2,444c0b6380640f7fcfff41d671ee0e5aa6c1d398378d4e5c1377051cdb258f6b,"[[""alternative-global-b""]]","[""alternative-global-b""]","[""optimal-pair-01"", ""optimal-pair-23""]",True,False,True,False,True,False,0
h10-c3:protocol_validation:image-quality:00581,image-quality,S5,node_up_edge_down_human_up,1.2,0.8,1.2,e67b896b35c58d3c4d2d393cb203a6f7c0a49e77314580088f4f45ed0c7ec08c,[],[],"[""optimal-pair-01"", ""optimal-pair-23""]",False,False,False,False,False,False,0
h10-c3:protocol_validation:image-quality:00582,image-quality,S5,node_up_edge_down_human_up,1.2,0.8,1.2,e67b896b35c58d3c4d2d393cb203a6f7c0a49e77314580088f4f45ed0c7ec08c,"[[""fallback-known-4"", ""optimal-pair-01"", ""optimal-pair-23""]]","[""fallback-known-4"", ""optimal-pair-01"", ""optimal-pair-23""]","[""fallback-known-4"", ""optimal-pair-01"", ""optimal-pair-23""]",True,True,True,False,False,False,0
h10-c3:protocol_validation:image-quality:00583,image-quality,S1,node_up_edge_down_human_up,1.2,0.8,1.2,bb7a5ee3ba000375b4a930920dc7ebd87e641229bf30314cd8ace4b9022f2b21,"[[""direct-0""]]","[""direct-0""]","[""direct-0""]",True,True,True,True,True,False,0
h10-c3:protocol_validation:image-quality:00584,image-quality,S2,node_up_edge_down_human_up,1.2,0.8,1.2,8ecea534295574a7468228d6ece7ed10a3e90e52c16ebcd55809f17aaf855ab4,"[[""direct-0"", ""direct-1"", ""direct-2"", ""direct-3""]]","[""direct-0"", ""direct-1"", ""direct-2"", ""direct-3""]","[""direct-0"", ""direct-1"", ""direct-2"", ""direct-3""]",True,True,True,True,True,False,0
h10-c3:protocol_validation:image-quality:00585,image-quality,S2,node_up_edge_down_human_up,1.2,0.8,1.2,8ecea534295574a7468228d6ece7ed10a3e90e52c16ebcd55809f17aaf855ab4,"[[""direct-0"", ""direct-1"", ""direct-2"", ""direct-3""]]","[""direct-0"", ""direct-1"", ""direct-2"", ""direct-3""]","[""direct-0"", ""direct-1"", ""direct-2"", ""direct-3""]",True,True,True,True,True,False,0
h10-c3:protocol_validation:image-quality:00586,image-quality,S3,node_up_edge_down_human_up,1.2,0.8,1.2,0f474419ec65657bb2fbd8d20d4a343074c6ccc480bbe811ba8ae84a3bf746f3,"[[""optimal-pair-01"", ""optimal-pair-23""]]","[""optimal-pair-01"", ""optimal-pair-23""]","[""optimal-pair-01"", ""optimal-pair-23""]",True,True,True,False,False,False,0
h10-c3:protocol_validation:image-quality:00587,image-quality,S3,node_up_edge_down_human_up,1.2,0.8,1.2,0f474419ec65657bb2fbd8d20d4a343074c6ccc480bbe811ba8ae84a3bf746f3,"[[""optimal-pair-01"", ""optimal-pair-23""]]","[""optimal-pair-01"", ""optimal-pair-23""]","[""optimal-pair-01"", ""optimal-pair-23""]",True,True,True,False,True,False,0
h10-c3:protocol_validation:image-quality:00588,image-quality,S3,node_up_edge_down_human_up,1.2,0.8,1.2,0f474419ec65657bb2fbd8d20d4a343074c6ccc480bbe811ba8ae84a3bf746f3,"[[""optimal-pair-01"", ""optimal-pair-23""]]","[""optimal-pair-01"", ""optimal-pair-23""]","[""optimal-pair-01"", ""optimal-pair-23""]",True,True,True,False,False,False,0
h10-c3:protocol_validation:image-quality:00589,image-quality,S4,node_up_edge_down_human_up,1.2,0.8,1.2,444c0b6380640f7fcfff41d671ee0e5aa6c1d398378d4e5c1377051cdb258f6b,"[[""alternative-global-b""]]","[""alternative-global-b""]","[""optimal-pair-01"", ""optimal-pair-23""]",True,False,True,False,True,False,0
h10-c3:protocol_validation:image-quality:00590,image-quality,S4,node_up_edge_down_human_up,1.2,0.8,1.2,444c0b6380640f7fcfff41d671ee0e5aa6c1d398378d4e5c1377051cdb258f6b,"[[""alternative-global-b""]]","[""alternative-global-b""]","[""optimal-pair-01"", ""optimal-pair-23""]",True,False,True,False,True,False,0
h10-c3:protocol_validation:image-quality:00591,image-quality,S5,node_up_edge_down_human_up,1.2,0.8,1.2,e67b896b35c58d3c4d2d393cb203a6f7c0a49e77314580088f4f45ed0c7ec08c,"[[""fallback-known-4"", ""optimal-pair-01"", ""optimal-pair-23""]]","[""fallback-known-4"", ""optimal-pair-01"", ""optimal-pair-23""]","[""fallback-known-4"", ""optimal-pair-01"", ""optimal-pair-23""]",True,True,True,False,False,False,0
h10-c3:protocol_validation:image-quality:00592,image-quality,S5,node_up_edge_down_human_up,1.2,0.8,1.2,e67b896b35c58d3c4d2d393cb203a6f7c0a49e77314580088f4f45ed0c7ec08c,"[[""fallback-known-4"", ""optimal-pair-01"", ""optimal-pair-23""]]","[""fallback-known-4"", ""optimal-pair-01"", ""optimal-pair-23""]","[""fallback-known-4"", ""optimal-pair-01"", ""optimal-pair-23""]",True,True,True,False,False,False,0
h10-c3:protocol_validation:image-quality:00593,image-quality,S1,node_up_edge_down_human_up,1.2,0.8,1.2,bb7a5ee3ba000375b4a930920dc7ebd87e641229bf30314cd8ace4b9022f2b21,"[[""direct-0""]]","[""direct-0""]","[""direct-0""]",True,True,True,True,True,False,0
h10-c3:protocol_validation:image-quality:00594,image-quality,S2,node_up_edge_down_human_up,1.2,0.8,1.2,8ecea534295574a7468228d6ece7ed10a3e90e52c16ebcd55809f17aaf855ab4,"[[""direct-0"", ""direct-1"", ""direct-2"", ""direct-3""]]","[""direct-0"", ""direct-1"", ""direct-2"", ""direct-3""]","[""direct-0"", ""direct-1"", ""direct-2"", ""direct-3""]",True,True,True,True,True,False,0
h10-c3:protocol_validation:image-quality:00595,image-quality,S2,node_up_edge_down_human_up,1.2,0.8,1.2,8ecea534295574a7468228d6ece7ed10a3e90e52c16ebcd55809f17aaf855ab4,"[[""direct-0"", ""direct-1"", ""direct-2"", ""direct-3""]]","[""direct-0"", ""direct-1"", ""direct-2"", ""direct-3""]","[""direct-0"", ""direct-1"", ""direct-2"", ""direct-3""]",True,True,True,True,True,False,0
h10-c3:protocol_validation:image-quality:00596,image-quality,S3,node_up_edge_down_human_up,1.2,0.8,1.2,0f474419ec65657bb2fbd8d20d4a343074c6ccc480bbe811ba8ae84a3bf746f3,"[[""optimal-pair-01"", ""optimal-pair-23""]]","[""optimal-pair-01"", ""optimal-pair-23""]","[""optimal-pair-01"", ""optimal-pair-23""]",True,True,True,False,False,False,0
h10-c3:protocol_validation:image-quality:00597,image-quality,S3,node_up_edge_down_human_up,1.2,0.8,1.2,0f474419ec65657bb2fbd8d20d4a343074c6ccc480bbe811ba8ae84a3bf746f3,"[[""optimal-pair-01"", ""optimal-pair-23""]]","[""optimal-pair-01"", ""optimal-pair-23""]","[""optimal-pair-01"", ""optimal-pair-23""]",True,True,True,False,True,False,0
h10-c3:protocol_validation:image-quality:00598,image-quality,S3,node_up_edge_down_human_up,1.2,0.8,1.2,0f474419ec65657bb2fbd8d20d4a343074c6ccc480bbe811ba8ae84a3bf746f3,"[[""optimal-pair-01"", ""optimal-pair-23""]]","[""optimal-pair-01"", ""optimal-pair-23""]","[""optimal-pair-01"", ""optimal-pair-23""]",True,True,True,False,False,False,0
h10-c3:protocol_validation:image-quality:00599,image-quality,S4,node_up_edge_down_human_up,1.2,0.8,1.2,444c0b6380640f7fcfff41d671ee0e5aa6c1d398378d4e5c1377051cdb258f6b,"[[""alternative-global-b""]]","[""alternative-global-b""]","[""optimal-pair-01"", ""optimal-pair-23""]",True,False,True,False,True,False,0
h10-c3:protocol_validation:timeseries-sensors:00600,timeseries-sensors,S1,node_up_edge_down_human_up,1.2,0.8,1.2,bb7a5ee3ba000375b4a930920dc7ebd87e641229bf30314cd8ace4b9022f2b21,"[[""direct-0""]]","[""direct-0""]","[""direct-0""]",True,True,True,True,True,False,0
h10-c3:protocol_validation:timeseries-sensors:00601,timeseries-sensors,S2,node_up_edge_down_human_up,1.2,0.8,1.2,8ecea534295574a7468228d6ece7ed10a3e90e52c16ebcd55809f17aaf855ab4,"[[""direct-0"", ""direct-1"", ""direct-2"", ""direct-3""]]","[""direct-0"", ""direct-1"", ""direct-2"", ""direct-3""]","[""direct-0"", ""direct-1"", ""direct-2"", ""direct-3""]",True,True,True,True,True,False,0
h10-c3:protocol_validation:timeseries-sensors:00602,timeseries-sensors,S2,node_up_edge_down_human_up,1.2,0.8,1.2,8ecea534295574a7468228d6ece7ed10a3e90e52c16ebcd55809f17aaf855ab4,"[[""direct-0"", ""direct-1"", ""direct-2"", ""direct-3""]]","[""direct-0"", ""direct-1"", ""direct-2"", ""direct-3""]","[""direct-0"", ""direct-1"", ""direct-2"", ""direct-3""]",True,True,True,True,True,False,0
h10-c3:protocol_validation:timeseries-sensors:00603,timeseries-sensors,S3,node_up_edge_down_human_up,1.2,0.8,1.2,0f474419ec65657bb2fbd8d20d4a343074c6ccc480bbe811ba8ae84a3bf746f3,"[[""optimal-pair-01"", ""optimal-pair-23""]]","[""optimal-pair-01"", ""optimal-pair-23""]","[""optimal-pair-01"", ""optimal-pair-23""]",True,True,True,False,True,False,0
h10-c3:protocol_validation:timeseries-sensors:00604,timeseries-sensors,S3,node_up_edge_down_human_up,1.2,0.8,1.2,0f474419ec65657bb2fbd8d20d4a343074c6ccc480bbe811ba8ae84a3bf746f3,"[[""optimal-pair-01"", ""optimal-pair-23""]]","[""optimal-pair-01"", ""optimal-pair-23""]","[""optimal-pair-01"", ""optimal-pair-23""]",True,True,True,False,False,False,0
h10-c3:protocol_validation:timeseries-sensors:00605,timeseries-sensors,S3,node_up_edge_down_human_up,1.2,0.8,1.2,0f474419ec65657bb2fbd8d20d4a343074c6ccc480bbe811ba8ae84a3bf746f3,"[[""optimal-pair-01"", ""optimal-pair-23""]]","[""optimal-pair-01"", ""optimal-pair-23""]","[""optimal-pair-01"", ""optimal-pair-23""]",True,True,True,False,True,False,0
h10-c3:protocol_validation:timeseries-sensors:00606,timeseries-sensors,S4,node_up_edge_down_human_up,1.2,0.8,1.2,444c0b6380640f7fcfff41d671ee0e5aa6c1d398378d4e5c1377051cdb258f6b,"[[""alternative-global-b""]]","[""alternative-global-b""]","[""optimal-pair-01"", ""optimal-pair-23""]",True,False,True,False,True,False,0
h10-c3:protocol_validation:timeseries-sensors:00607,timeseries-sensors,S4,node_up_edge_down_human_up,1.2,0.8,1.2,444c0b6380640f7fcfff41d671ee0e5aa6c1d398378d4e5c1377051cdb258f6b,"[[""alternative-global-b""]]","[""alternative-global-b""]","[""optimal-pair-01"", ""optimal-pair-23""]",True,False,True,False,True,False,0
h10-c3:protocol_validation:timeseries-sensors:00608,timeseries-sensors,S5,node_up_edge_down_human_up,1.2,0.8,1.2,e67b896b35c58d3c4d2d393cb203a6f7c0a49e77314580088f4f45ed0c7ec08c,[],[],"[""optimal-pair-01"", ""optimal-pair-23""]",False,False,False,False,False,False,0
h10-c3:protocol_validation:timeseries-sensors:00609,timeseries-sensors,S5,node_up_edge_down_human_up,1.2,0.8,1.2,e67b896b35c58d3c4d2d393cb203a6f7c0a49e77314580088f4f45ed0c7ec08c,"[[""fallback-known-4"", ""optimal-pair-01"", ""optimal-pair-23""]]","[""fallback-known-4"", ""optimal-pair-01"", ""optimal-pair-23""]","[""fallback-known-4"", ""optimal-pair-01"", ""optimal-pair-23""]",True,True,True,False,False,False,0
h10-c3:protocol_validation:timeseries-sensors:00610,timeseries-sensors,S1,node_up_edge_down_human_up,1.2,0.8,1.2,bb7a5ee3ba000375b4a930920dc7ebd87e641229bf30314cd8ace4b9022f2b21,"[[""direct-0""]]","[""direct-0""]","[""direct-0""]",True,True,True,True,True,False,0
h10-c3:protocol_validation:timeseries-sensors:00611,timeseries-sensors,S2,node_up_edge_down_human_up,1.2,0.8,1.2,8ecea534295574a7468228d6ece7ed10a3e90e52c16ebcd55809f17aaf855ab4,"[[""direct-0"", ""direct-1"", ""direct-2"", ""direct-3""]]","[""direct-0"", ""direct-1"", ""direct-2"", ""direct-3""]","[""direct-0"", ""direct-1"", ""direct-2"", ""direct-3""]",True,True,True,True,True,False,0
h10-c3:protocol_validation:timeseries-sensors:00612,timeseries-sensors,S2,node_up_edge_down_human_up,1.2,0.8,1.2,8ecea534295574a7468228d6ece7ed10a3e90e52c16ebcd55809f17aaf855ab4,"[[""direct-0"", ""direct-1"", ""direct-2"", ""direct-3""]]","[""direct-0"", ""direct-1"", ""direct-2"", ""direct-3""]","[""direct-0"", ""direct-1"", ""direct-2"", ""direct-3""]",True,True,True,True,True,False,0
h10-c3:protocol_validation:timeseries-sensors:00613,timeseries-sensors,S3,node_up_edge_down_human_up,1.2,0.8,1.2,0f474419ec65657bb2fbd8d20d4a343074c6ccc480bbe811ba8ae84a3bf746f3,"[[""optimal-pair-01"", ""optimal-pair-23""]]","[""optimal-pair-01"", ""optimal-pair-23""]","[""optimal-pair-01"", ""optimal-pair-23""]",True,True,True,False,True,False,0
h10-c3:protocol_validation:timeseries-sensors:00614,timeseries-sensors,S3,node_up_edge_down_human_up,1.2,0.8,1.2,0f474419ec65657bb2fbd8d20d4a343074c6ccc480bbe811ba8ae84a3bf746f3,"[[""optimal-pair-01"", ""optimal-pair-23""]]","[""optimal-pair-01"", ""optimal-pair-23""]","[""optimal-pair-01"", ""optimal-pair-23""]",True,True,True,False,False,False,0
h10-c3:protocol_validation:timeseries-sensors:00615,timeseries-sensors,S3,node_up_edge_down_human_up,1.2,0.8,1.2,0f474419ec65657bb2fbd8d20d4a343074c6ccc480bbe811ba8ae84a3bf746f3,"[[""optimal-pair-01"", ""optimal-pair-23""]]","[""optimal-pair-01"", ""optimal-pair-23""]","[""optimal-pair-01"", ""optimal-pair-23""]",True,True,True,False,True,False,0
h10-c3:protocol_validation:timeseries-sensors:00616,timeseries-sensors,S4,node_up_edge_down_human_up,1.2,0.8,1.2,444c0b6380640f7fcfff41d671ee0e5aa6c1d398378d4e5c1377051cdb258f6b,"[[""alternative-global-b""]]","[""alternative-global-b""]","[""optimal-pair-01"", ""optimal-pair-23""]",True,False,True,False,True,False,0
h10-c3:protocol_validation:timeseries-sensors:00617,timeseries-sensors,S4,node_up_edge_down_human_up,1.2,0.8,1.2,444c0b6380640f7fcfff41d671ee0e5aa6c1d398378d4e5c1377051cdb258f6b,"[[""alternative-global-b""]]","[""alternative-global-b""]","[""optimal-pair-01"", ""optimal-pair-23""]",True,False,True,False,True,False,0
h10-c3:protocol_validation:timeseries-sensors:00618,timeseries-sensors,S5,node_up_edge_down_human_up,1.2,0.8,1.2,e67b896b35c58d3c4d2d393cb203a6f7c0a49e77314580088f4f45ed0c7ec08c,"[[""fallback-known-4"", ""optimal-pair-01"", ""optimal-pair-23""]]","[""fallback-known-4"", ""optimal-pair-01"", ""optimal-pair-23""]","[""fallback-known-4"", ""optimal-pair-01"", ""optimal-pair-23""]",True,True,True,False,False,False,0
h10-c3:protocol_validation:timeseries-sensors:00619,timeseries-sensors,S5,node_up_edge_down_human_up,1.2,0.8,1.2,e67b896b35c58d3c4d2d393cb203a6f7c0a49e77314580088f4f45ed0c7ec08c,"[[""fallback-known-4"", ""optimal-pair-01"", ""optimal-pair-23""]]","[""fallback-known-4"", ""optimal-pair-01"", ""optimal-pair-23""]","[""fallback-known-4"", ""optimal-pair-01"", ""optimal-pair-23""]",True,True,True,False,False,False,0
h10-c3:protocol_validation:timeseries-sensors:00620,timeseries-sensors,S1,node_up_edge_down_human_up,1.2,0.8,1.2,bb7a5ee3ba000375b4a930920dc7ebd87e641229bf30314cd8ace4b9022f2b21,"[[""direct-0""]]","[""direct-0""]","[""direct-0""]",True,True,True,True,True,False,0
h10-c3:protocol_validation:timeseries-sensors:00621,timeseries-sensors,S2,node_up_edge_down_human_up,1.2,0.8,1.2,8ecea534295574a7468228d6ece7ed10a3e90e52c16ebcd55809f17aaf855ab4,"[[""direct-0"", ""direct-1"", ""direct-2"", ""direct-3""]]","[""direct-0"", ""direct-1"", ""direct-2"", ""direct-3""]","[""direct-0"", ""direct-1"", ""direct-2"", ""direct-3""]",True,True,True,True,True,False,0
h10-c3:protocol_validation:timeseries-sensors:00622,timeseries-sensors,S2,node_up_edge_down_human_up,1.2,0.8,1.2,8ecea534295574a7468228d6ece7ed10a3e90e52c16ebcd55809f17aaf855ab4,"[[""direct-0"", ""direct-1"", ""direct-2"", ""direct-3""]]","[""direct-0"", ""direct-1"", ""direct-2"", ""direct-3""]","[""direct-0"", ""direct-1"", ""direct-2"", ""direct-3""]",True,True,True,True,True,False,0
h10-c3:protocol_validation:timeseries-sensors:00623,timeseries-sensors,S3,node_up_edge_down_human_up,1.2,0.8,1.2,0f474419ec65657bb2fbd8d20d4a343074c6ccc480bbe811ba8ae84a3bf746f3,"[[""optimal-pair-01"", ""optimal-pair-23""]]","[""optimal-pair-01"", ""optimal-pair-23""]","[""optimal-pair-01"", ""optimal-pair-23""]",True,True,True,False,True,False,0
h10-c3:protocol_validation:timeseries-sensors:00624,timeseries-sensors,S3,node_up_edge_down_human_up,1.2,0.8,1.2,0f474419ec65657bb2fbd8d20d4a343074c6ccc480bbe811ba8ae84a3bf746f3,"[[""optimal-pair-01"", ""optimal-pair-23""]]","[""optimal-pair-01"", ""optimal-pair-23""]","[""optimal-pair-01"", ""optimal-pair-23""]",True,True,True,False,False,False,0
h10-c3:protocol_validation:timeseries-sensors:00625,timeseries-sensors,S3,node_up_edge_down_human_up,1.2,0.8,1.2,0f474419ec65657bb2fbd8d20d4a343074c6ccc480bbe811ba8ae84a3bf746f3,"[[""optimal-pair-01"", ""optimal-pair-23""]]","[""optimal-pair-01"", ""optimal-pair-23""]","[""optimal-pair-01"", ""optimal-pair-23""]",True,True,True,False,True,False,0
h10-c3:protocol_validation:timeseries-sensors:00626,timeseries-sensors,S4,node_up_edge_down_human_up,1.2,0.8,1.2,444c0b6380640f7fcfff41d671ee0e5aa6c1d398378d4e5c1377051cdb258f6b,"[[""alternative-global-b""]]","[""alternative-global-b""]","[""optimal-pair-01"", ""optimal-pair-23""]",True,False,True,False,True,False,0
h10-c3:protocol_validation:timeseries-sensors:00627,timeseries-sensors,S4,node_up_edge_down_human_up,1.2,0.8,1.2,444c0b6380640f7fcfff41d671ee0e5aa6c1d398378d4e5c1377051cdb258f6b,"[[""alternative-global-b""]]","[""alternative-global-b""]","[""optimal-pair-01"", ""optimal-pair-23""]",True,False,True,False,True,False,0
h10-c3:protocol_validation:timeseries-sensors:00628,timeseries-sensors,S5,node_up_edge_down_human_up,1.2,0.8,1.2,e67b896b35c58d3c4d2d393cb203a6f7c0a49e77314580088f4f45ed0c7ec08c,"[[""fallback-known-4"", ""optimal-pair-01"", ""optimal-pair-23""]]","[""fallback-known-4"", ""optimal-pair-01"", ""optimal-pair-23""]","[""fallback-known-4"", ""optimal-pair-01"", ""optimal-pair-23""]",True,True,True,False,False,False,0
h10-c3:protocol_validation:timeseries-sensors:00629,timeseries-sensors,S5,node_up_edge_down_human_up,1.2,0.8,1.2,e67b896b35c58d3c4d2d393cb203a6f7c0a49e77314580088f4f45ed0c7ec08c,[],[],"[""optimal-pair-01"", ""optimal-pair-23""]",False,False,False,False,False,False,0
h10-c3:protocol_validation:timeseries-sensors:00630,timeseries-sensors,S1,node_up_edge_down_human_up,1.2,0.8,1.2,bb7a5ee3ba000375b4a930920dc7ebd87e641229bf30314cd8ace4b9022f2b21,"[[""direct-0""]]","[""direct-0""]","[""direct-0""]",True,True,True,True,True,False,0
h10-c3:protocol_validation:timeseries-sensors:00631,timeseries-sensors,S2,node_up_edge_down_human_up,1.2,0.8,1.2,8ecea534295574a7468228d6ece7ed10a3e90e52c16ebcd55809f17aaf855ab4,"[[""direct-0"", ""direct-1"", ""direct-2"", ""direct-3""]]","[""direct-0"", ""direct-1"", ""direct-2"", ""direct-3""]","[""direct-0"", ""direct-1"", ""direct-2"", ""direct-3""]",True,True,True,True,True,False,0
h10-c3:protocol_validation:timeseries-sensors:00632,timeseries-sensors,S2,node_up_edge_down_human_up,1.2,0.8,1.2,8ecea534295574a7468228d6ece7ed10a3e90e52c16ebcd55809f17aaf855ab4,"[[""direct-0"", ""direct-1"", ""direct-2"", ""direct-3""]]","[""direct-0"", ""direct-1"", ""direct-2"", ""direct-3""]","[""direct-0"", ""direct-1"", ""direct-2"", ""direct-3""]",True,True,True,True,True,False,0
h10-c3:protocol_validation:timeseries-sensors:00633,timeseries-sensors,S3,node_up_edge_down_human_up,1.2,0.8,1.2,0f474419ec65657bb2fbd8d20d4a343074c6ccc480bbe811ba8ae84a3bf746f3,"[[""optimal-pair-01"", ""optimal-pair-23""]]","[""optimal-pair-01"", ""optimal-pair-23""]","[""optimal-pair-01"", ""optimal-pair-23""]",True,True,True,False,True,False,0
h10-c3:protocol_validation:timeseries-sensors:00634,timeseries-sensors,S3,node_up_edge_down_human_up,1.2,0.8,1.2,0f474419ec65657bb2fbd8d20d4a343074c6ccc480bbe811ba8ae84a3bf746f3,"[[""optimal-pair-01"", ""optimal-pair-23""]]","[""optimal-pair-01"", ""optimal-pair-23""]","[""optimal-pair-01"", ""optimal-pair-23""]",True,True,True,False,False,False,0
h10-c3:protocol_validation:timeseries-sensors:00635,timeseries-sensors,S3,node_up_edge_down_human_up,1.2,0.8,1.2,0f474419ec65657bb2fbd8d20d4a343074c6ccc480bbe811ba8ae84a3bf746f3,"[[""optimal-pair-01"", ""optimal-pair-23""]]","[""optimal-pair-01"", ""optimal-pair-23""]","[""optimal-pair-01"", ""optimal-pair-23""]",True,True,True,False,True,False,0
h10-c3:protocol_validation:timeseries-sensors:00636,timeseries-sensors,S4,node_up_edge_down_human_up,1.2,0.8,1.2,444c0b6380640f7fcfff41d671ee0e5aa6c1d398378d4e5c1377051cdb258f6b,"[[""alternative-global-b""]]","[""alternative-global-b""]","[""optimal-pair-01"", ""optimal-pair-23""]",True,False,True,False,True,False,0
h10-c3:protocol_validation:timeseries-sensors:00637,timeseries-sensors,S4,node_up_edge_down_human_up,1.2,0.8,1.2,444c0b6380640f7fcfff41d671ee0e5aa6c1d398378d4e5c1377051cdb258f6b,"[[""alternative-global-b""]]","[""alternative-global-b""]","[""optimal-pair-01"", ""optimal-pair-23""]",True,False,True,False,True,False,0
h10-c3:protocol_validation:timeseries-sensors:00638,timeseries-sensors,S5,node_up_edge_down_human_up,1.2,0.8,1.2,e67b896b35c58d3c4d2d393cb203a6f7c0a49e77314580088f4f45ed0c7ec08c,"[[""fallback-known-4"", ""optimal-pair-01"", ""optimal-pair-23""]]","[""fallback-known-4"", ""optimal-pair-01"", ""optimal-pair-23""]","[""fallback-known-4"", ""optimal-pair-01"", ""optimal-pair-23""]",True,True,True,False,False,False,0
h10-c3:protocol_validation:timeseries-sensors:00639,timeseries-sensors,S5,node_up_edge_down_human_up,1.2,0.8,1.2,e67b896b35c58d3c4d2d393cb203a6f7c0a49e77314580088f4f45ed0c7ec08c,"[[""fallback-known-4"", ""optimal-pair-01"", ""optimal-pair-23""]]","[""fallback-known-4"", ""optimal-pair-01"", ""optimal-pair-23""]","[""fallback-known-4"", ""optimal-pair-01"", ""optimal-pair-23""]",True,True,True,False,False,False,0
h10-c3:protocol_validation:timeseries-sensors:00640,timeseries-sensors,S1,node_up_edge_down_human_up,1.2,0.8,1.2,bb7a5ee3ba000375b4a930920dc7ebd87e641229bf30314cd8ace4b9022f2b21,"[[""direct-0""]]","[""direct-0""]","[""direct-0""]",True,True,True,True,True,False,0
h10-c3:protocol_validation:timeseries-sensors:00641,timeseries-sensors,S2,node_up_edge_down_human_up,1.2,0.8,1.2,8ecea534295574a7468228d6ece7ed10a3e90e52c16ebcd55809f17aaf855ab4,"[[""direct-0"", ""direct-1"", ""direct-2"", ""direct-3""]]","[""direct-0"", ""direct-1"", ""direct-2"", ""direct-3""]","[""direct-0"", ""direct-1"", ""direct-2"", ""direct-3""]",True,True,True,True,True,False,0
h10-c3:protocol_validation:timeseries-sensors:00642,timeseries-sensors,S2,node_up_edge_down_human_up,1.2,0.8,1.2,8ecea534295574a7468228d6ece7ed10a3e90e52c16ebcd55809f17aaf855ab4,"[[""direct-0"", ""direct-1"", ""direct-2"", ""direct-3""]]","[""direct-0"", ""direct-1"", ""direct-2"", ""direct-3""]","[""direct-0"", ""direct-1"", ""direct-2"", ""direct-3""]",True,True,True,True,True,False,0
h10-c3:protocol_validation:timeseries-sensors:00643,timeseries-sensors,S3,node_up_edge_down_human_up,1.2,0.8,1.2,0f474419ec65657bb2fbd8d20d4a343074c6ccc480bbe811ba8ae84a3bf746f3,"[[""optimal-pair-01"", ""optimal-pair-23""]]","[""optimal-pair-01"", ""optimal-pair-23""]","[""optimal-pair-01"", ""optimal-pair-23""]",True,True,True,False,True,False,0
h10-c3:protocol_validation:timeseries-sensors:00644,timeseries-sensors,S3,node_up_edge_down_human_up,1.2,0.8,1.2,0f474419ec65657bb2fbd8d20d4a343074c6ccc480bbe811ba8ae84a3bf746f3,"[[""optimal-pair-01"", ""optimal-pair-23""]]","[""optimal-pair-01"", ""optimal-pair-23""]","[""optimal-pair-01"", ""optimal-pair-23""]",True,True,True,False,False,False,0
h10-c3:protocol_validation:timeseries-sensors:00645,timeseries-sensors,S3,node_up_edge_down_human_up,1.2,0.8,1.2,0f474419ec65657bb2fbd8d20d4a343074c6ccc480bbe811ba8ae84a3bf746f3,"[[""optimal-pair-01"", ""optimal-pair-23""]]","[""optimal-pair-01"", ""optimal-pair-23""]","[""optimal-pair-01"", ""optimal-pair-23""]",True,True,True,False,True,False,0
h10-c3:protocol_validation:timeseries-sensors:00646,timeseries-sensors,S4,node_up_edge_down_human_up,1.2,0.8,1.2,444c0b6380640f7fcfff41d671ee0e5aa6c1d398378d4e5c1377051cdb258f6b,"[[""alternative-global-b""]]","[""alternative-global-b""]","[""optimal-pair-01"", ""optimal-pair-23""]",True,False,True,False,True,False,0
h10-c3:protocol_validation:timeseries-sensors:00647,timeseries-sensors,S4,node_up_edge_down_human_up,1.2,0.8,1.2,444c0b6380640f7fcfff41d671ee0e5aa6c1d398378d4e5c1377051cdb258f6b,"[[""alternative-global-b""]]","[""alternative-global-b""]","[""optimal-pair-01"", ""optimal-pair-23""]",True,False,True,False,True,False,0
h10-c3:protocol_validation:timeseries-sensors:00648,timeseries-sensors,S5,node_up_edge_down_human_up,1.2,0.8,1.2,e67b896b35c58d3c4d2d393cb203a6f7c0a49e77314580088f4f45ed0c7ec08c,"[[""fallback-known-4"", ""optimal-pair-01"", ""optimal-pair-23""]]","[""fallback-known-4"", ""optimal-pair-01"", ""optimal-pair-23""]","[""fallback-known-4"", ""optimal-pair-01"", ""optimal-pair-23""]",True,True,True,False,False,False,0
h10-c3:protocol_validation:timeseries-sensors:00649,timeseries-sensors,S5,node_up_edge_down_human_up,1.2,0.8,1.2,e67b896b35c58d3c4d2d393cb203a6f7c0a49e77314580088f4f45ed0c7ec08c,"[[""fallback-known-4"", ""optimal-pair-01"", ""optimal-pair-23""]]","[""fallback-known-4"", ""optimal-pair-01"", ""optimal-pair-23""]","[""fallback-known-4"", ""optimal-pair-01"", ""optimal-pair-23""]",True,True,True,False,False,False,0
h10-c3:protocol_validation:timeseries-sensors:00650,timeseries-sensors,S1,node_up_edge_down_human_up,1.2,0.8,1.2,bb7a5ee3ba000375b4a930920dc7ebd87e641229bf30314cd8ace4b9022f2b21,"[[""direct-0""]]","[""direct-0""]","[""direct-0""]",True,True,True,True,True,False,0
h10-c3:protocol_validation:timeseries-sensors:00651,timeseries-sensors,S2,node_up_edge_down_human_up,1.2,0.8,1.2,8ecea534295574a7468228d6ece7ed10a3e90e52c16ebcd55809f17aaf855ab4,"[[""direct-0"", ""direct-1"", ""direct-2"", ""direct-3""]]","[""direct-0"", ""direct-1"", ""direct-2"", ""direct-3""]","[""direct-0"", ""direct-1"", ""direct-2"", ""direct-3""]",True,True,True,True,True,False,0
h10-c3:protocol_validation:timeseries-sensors:00652,timeseries-sensors,S2,node_up_edge_down_human_up,1.2,0.8,1.2,8ecea534295574a7468228d6ece7ed10a3e90e52c16ebcd55809f17aaf855ab4,"[[""direct-0"", ""direct-1"", ""direct-2"", ""direct-3""]]","[""direct-0"", ""direct-1"", ""direct-2"", ""direct-3""]","[""direct-0"", ""direct-1"", ""direct-2"", ""direct-3""]",True,True,True,True,True,False,0
h10-c3:protocol_validation:timeseries-sensors:00653,timeseries-sensors,S3,node_up_edge_down_human_up,1.2,0.8,1.2,0f474419ec65657bb2fbd8d20d4a343074c6ccc480bbe811ba8ae84a3bf746f3,"[[""optimal-pair-01"", ""optimal-pair-23""]]","[""optimal-pair-01"", ""optimal-pair-23""]","[""optimal-pair-01"", ""optimal-pair-23""]",True,True,True,False,True,False,0
h10-c3:protocol_validation:timeseries-sensors:00654,timeseries-sensors,S3,node_up_edge_down_human_up,1.2,0.8,1.2,0f474419ec65657bb2fbd8d20d4a343074c6ccc480bbe811ba8ae84a3bf746f3,"[[""optimal-pair-01"", ""optimal-pair-23""]]","[""optimal-pair-01"", ""optimal-pair-23""]","[""optimal-pair-01"", ""optimal-pair-23""]",True,True,True,False,False,False,0
h10-c3:protocol_validation:timeseries-sensors:00655,timeseries-sensors,S3,node_up_edge_down_human_up,1.2,0.8,1.2,0f474419ec65657bb2fbd8d20d4a343074c6ccc480bbe811ba8ae84a3bf746f3,"[[""optimal-pair-01"", ""optimal-pair-23""]]","[""optimal-pair-01"", ""optimal-pair-23""]","[""optimal-pair-01"", ""optimal-pair-23""]",True,True,True,False,True,False,0
h10-c3:protocol_validation:timeseries-sensors:00656,timeseries-sensors,S4,node_up_edge_down_human_up,1.2,0.8,1.2,444c0b6380640f7fcfff41d671ee0e5aa6c1d398378d4e5c1377051cdb258f6b,"[[""alternative-global-b""]]","[""alternative-global-b""]","[""optimal-pair-01"", ""optimal-pair-23""]",True,False,True,False,True,False,0
h10-c3:protocol_validation:timeseries-sensors:00657,timeseries-sensors,S4,node_up_edge_down_human_up,1.2,0.8,1.2,444c0b6380640f7fcfff41d671ee0e5aa6c1d398378d4e5c1377051cdb258f6b,"[[""alternative-global-b""]]","[""alternative-global-b""]","[""optimal-pair-01"", ""optimal-pair-23""]",True,False,True,False,True,False,0
h10-c3:protocol_validation:timeseries-sensors:00658,timeseries-sensors,S5,node_up_edge_down_human_up,1.2,0.8,1.2,e67b896b35c58d3c4d2d393cb203a6f7c0a49e77314580088f4f45ed0c7ec08c,[],[],"[""optimal-pair-01"", ""optimal-pair-23""]",False,False,False,False,False,False,0
h10-c3:protocol_validation:timeseries-sensors:00659,timeseries-sensors,S5,node_up_edge_down_human_up,1.2,0.8,1.2,e67b896b35c58d3c4d2d393cb203a6f7c0a49e77314580088f4f45ed0c7ec08c,"[[""fallback-known-4"", ""optimal-pair-01"", ""optimal-pair-23""]]","[""fallback-known-4"", ""optimal-pair-01"", ""optimal-pair-23""]","[""fallback-known-4"", ""optimal-pair-01"", ""optimal-pair-23""]",True,True,True,False,False,False,0
h10-c3:protocol_validation:timeseries-sensors:00660,timeseries-sensors,S1,node_up_edge_down_human_up,1.2,0.8,1.2,bb7a5ee3ba000375b4a930920dc7ebd87e641229bf30314cd8ace4b9022f2b21,"[[""direct-0""]]","[""direct-0""]","[""direct-0""]",True,True,True,True,True,False,0
h10-c3:protocol_validation:timeseries-sensors:00661,timeseries-sensors,S2,node_up_edge_down_human_up,1.2,0.8,1.2,8ecea534295574a7468228d6ece7ed10a3e90e52c16ebcd55809f17aaf855ab4,"[[""direct-0"", ""direct-1"", ""direct-2"", ""direct-3""]]","[""direct-0"", ""direct-1"", ""direct-2"", ""direct-3""]","[""direct-0"", ""direct-1"", ""direct-2"", ""direct-3""]",True,True,True,True,True,False,0
h10-c3:protocol_validation:timeseries-sensors:00662,timeseries-sensors,S2,node_up_edge_down_human_up,1.2,0.8,1.2,8ecea534295574a7468228d6ece7ed10a3e90e52c16ebcd55809f17aaf855ab4,"[[""direct-0"", ""direct-1"", ""direct-2"", ""direct-3""]]","[""direct-0"", ""direct-1"", ""direct-2"", ""direct-3""]","[""direct-0"", ""direct-1"", ""direct-2"", ""direct-3""]",True,True,True,True,True,False,0
h10-c3:protocol_validation:timeseries-sensors:00663,timeseries-sensors,S3,node_up_edge_down_human_up,1.2,0.8,1.2,0f474419ec65657bb2fbd8d20d4a343074c6ccc480bbe811ba8ae84a3bf746f3,"[[""optimal-pair-01"", ""optimal-pair-23""]]","[""optimal-pair-01"", ""optimal-pair-23""]","[""optimal-pair-01"", ""optimal-pair-23""]",True,True,True,False,True,False,0
h10-c3:protocol_validation:timeseries-sensors:00664,timeseries-sensors,S3,node_up_edge_down_human_up,1.2,0.8,1.2,0f474419ec65657bb2fbd8d20d4a343074c6ccc480bbe811ba8ae84a3bf746f3,"[[""optimal-pair-01"", ""optimal-pair-23""]]","[""optimal-pair-01"", ""optimal-pair-23""]","[""optimal-pair-01"", ""optimal-pair-23""]",True,True,True,False,False,False,0
h10-c3:protocol_validation:timeseries-sensors:00665,timeseries-sensors,S3,node_up_edge_down_human_up,1.2,0.8,1.2,0f474419ec65657bb2fbd8d20d4a343074c6ccc480bbe811ba8ae84a3bf746f3,"[[""optimal-pair-01"", ""optimal-pair-23""]]","[""optimal-pair-01"", ""optimal-pair-23""]","[""optimal-pair-01"", ""optimal-pair-23""]",True,True,True,False,True,False,0
h10-c3:protocol_validation:timeseries-sensors:00666,timeseries-sensors,S4,node_up_edge_down_human_up,1.2,0.8,1.2,444c0b6380640f7fcfff41d671ee0e5aa6c1d398378d4e5c1377051cdb258f6b,"[[""alternative-global-b""]]","[""alternative-global-b""]","[""optimal-pair-01"", ""optimal-pair-23""]",True,False,True,False,True,False,0
h10-c3:protocol_validation:timeseries-sensors:00667,timeseries-sensors,S4,node_up_edge_down_human_up,1.2,0.8,1.2,444c0b6380640f7fcfff41d671ee0e5aa6c1d398378d4e5c1377051cdb258f6b,"[[""alternative-global-b""]]","[""alternative-global-b""]","[""optimal-pair-01"", ""optimal-pair-23""]",True,False,True,False,True,False,0
h10-c3:protocol_validation:timeseries-sensors:00668,timeseries-sensors,S5,node_up_edge_down_human_up,1.2,0.8,1.2,e67b896b35c58d3c4d2d393cb203a6f7c0a49e77314580088f4f45ed0c7ec08c,"[[""fallback-known-4"", ""optimal-pair-01"", ""optimal-pair-23""]]","[""fallback-known-4"", ""optimal-pair-01"", ""optimal-pair-23""]","[""fallback-known-4"", ""optimal-pair-01"", ""optimal-pair-23""]",True,True,True,False,False,False,0
h10-c3:protocol_validation:timeseries-sensors:00669,timeseries-sensors,S5,node_up_edge_down_human_up,1.2,0.8,1.2,e67b896b35c58d3c4d2d393cb203a6f7c0a49e77314580088f4f45ed0c7ec08c,"[[""fallback-known-4"", ""optimal-pair-01"", ""optimal-pair-23""]]","[""fallback-known-4"", ""optimal-pair-01"", ""optimal-pair-23""]","[""fallback-known-4"", ""optimal-pair-01"", ""optimal-pair-23""]",True,True,True,False,False,False,0
h10-c3:protocol_validation:timeseries-sensors:00670,timeseries-sensors,S1,node_up_edge_down_human_up,1.2,0.8,1.2,bb7a5ee3ba000375b4a930920dc7ebd87e641229bf30314cd8ace4b9022f2b21,"[[""direct-0""]]","[""direct-0""]","[""direct-0""]",True,True,True,True,True,False,0
h10-c3:protocol_validation:timeseries-sensors:00671,timeseries-sensors,S2,node_up_edge_down_human_up,1.2,0.8,1.2,8ecea534295574a7468228d6ece7ed10a3e90e52c16ebcd55809f17aaf855ab4,"[[""direct-0"", ""direct-1"", ""direct-2"", ""direct-3""]]","[""direct-0"", ""direct-1"", ""direct-2"", ""direct-3""]","[""direct-0"", ""direct-1"", ""direct-2"", ""direct-3""]",True,True,True,True,True,False,0
h10-c3:protocol_validation:timeseries-sensors:00672,timeseries-sensors,S2,node_up_edge_down_human_up,1.2,0.8,1.2,8ecea534295574a7468228d6ece7ed10a3e90e52c16ebcd55809f17aaf855ab4,"[[""direct-0"", ""direct-1"", ""direct-2"", ""direct-3""]]","[""direct-0"", ""direct-1"", ""direct-2"", ""direct-3""]","[""direct-0"", ""direct-1"", ""direct-2"", ""direct-3""]",True,True,True,True,True,False,0
h10-c3:protocol_validation:timeseries-sensors:00673,timeseries-sensors,S3,node_up_edge_down_human_up,1.2,0.8,1.2,0f474419ec65657bb2fbd8d20d4a343074c6ccc480bbe811ba8ae84a3bf746f3,"[[""optimal-pair-01"", ""optimal-pair-23""]]","[""optimal-pair-01"", ""optimal-pair-23""]","[""optimal-pair-01"", ""optimal-pair-23""]",True,True,True,False,True,False,0
h10-c3:protocol_validation:timeseries-sensors:00674,timeseries-sensors,S3,node_up_edge_down_human_up,1.2,0.8,1.2,0f474419ec65657bb2fbd8d20d4a343074c6ccc480bbe811ba8ae84a3bf746f3,"[[""optimal-pair-01"", ""optimal-pair-23""]]","[""optimal-pair-01"", ""optimal-pair-23""]","[""optimal-pair-01"", ""optimal-pair-23""]",True,True,True,False,False,False,0
h10-c3:protocol_validation:timeseries-sensors:00675,timeseries-sensors,S3,node_up_edge_down_human_up,1.2,0.8,1.2,0f474419ec65657bb2fbd8d20d4a343074c6ccc480bbe811ba8ae84a3bf746f3,"[[""optimal-pair-01"", ""optimal-pair-23""]]","[""optimal-pair-01"", ""optimal-pair-23""]","[""optimal-pair-01"", ""optimal-pair-23""]",True,True,True,False,True,False,0
h10-c3:protocol_validation:timeseries-sensors:00676,timeseries-sensors,S4,node_up_edge_down_human_up,1.2,0.8,1.2,444c0b6380640f7fcfff41d671ee0e5aa6c1d398378d4e5c1377051cdb258f6b,"[[""alternative-global-b""]]","[""alternative-global-b""]","[""optimal-pair-01"", ""optimal-pair-23""]",True,False,True,False,True,False,0
h10-c3:protocol_validation:timeseries-sensors:00677,timeseries-sensors,S4,node_up_edge_down_human_up,1.2,0.8,1.2,444c0b6380640f7fcfff41d671ee0e5aa6c1d398378d4e5c1377051cdb258f6b,"[[""alternative-global-b""]]","[""alternative-global-b""]","[""optimal-pair-01"", ""optimal-pair-23""]",True,False,True,False,True,False,0
h10-c3:protocol_validation:timeseries-sensors:00678,timeseries-sensors,S5,node_up_edge_down_human_up,1.2,0.8,1.2,e67b896b35c58d3c4d2d393cb203a6f7c0a49e77314580088f4f45ed0c7ec08c,"[[""fallback-known-4"", ""optimal-pair-01"", ""optimal-pair-23""]]","[""fallback-known-4"", ""optimal-pair-01"", ""optimal-pair-23""]","[""fallback-known-4"", ""optimal-pair-01"", ""optimal-pair-23""]",True,True,True,False,False,False,0
h10-c3:protocol_validation:timeseries-sensors:00679,timeseries-sensors,S5,node_up_edge_down_human_up,1.2,0.8,1.2,e67b896b35c58d3c4d2d393cb203a6f7c0a49e77314580088f4f45ed0c7ec08c,[],[],"[""optimal-pair-01"", ""optimal-pair-23""]",False,False,False,False,False,False,0
h10-c3:protocol_validation:timeseries-sensors:00680,timeseries-sensors,S1,node_up_edge_down_human_up,1.2,0.8,1.2,bb7a5ee3ba000375b4a930920dc7ebd87e641229bf30314cd8ace4b9022f2b21,"[[""direct-0""]]","[""direct-0""]","[""direct-0""]",True,True,True,True,True,False,0
h10-c3:protocol_validation:timeseries-sensors:00681,timeseries-sensors,S2,node_up_edge_down_human_up,1.2,0.8,1.2,8ecea534295574a7468228d6ece7ed10a3e90e52c16ebcd55809f17aaf855ab4,"[[""direct-0"", ""direct-1"", ""direct-2"", ""direct-3""]]","[""direct-0"", ""direct-1"", ""direct-2"", ""direct-3""]","[""direct-0"", ""direct-1"", ""direct-2"", ""direct-3""]",True,True,True,True,True,False,0
h10-c3:protocol_validation:timeseries-sensors:00682,timeseries-sensors,S2,node_up_edge_down_human_up,1.2,0.8,1.2,8ecea534295574a7468228d6ece7ed10a3e90e52c16ebcd55809f17aaf855ab4,"[[""direct-0"", ""direct-1"", ""direct-2"", ""direct-3""]]","[""direct-0"", ""direct-1"", ""direct-2"", ""direct-3""]","[""direct-0"", ""direct-1"", ""direct-2"", ""direct-3""]",True,True,True,True,True,False,0
h10-c3:protocol_validation:timeseries-sensors:00683,timeseries-sensors,S3,node_up_edge_down_human_up,1.2,0.8,1.2,0f474419ec65657bb2fbd8d20d4a343074c6ccc480bbe811ba8ae84a3bf746f3,"[[""optimal-pair-01"", ""optimal-pair-23""]]","[""optimal-pair-01"", ""optimal-pair-23""]","[""optimal-pair-01"", ""optimal-pair-23""]",True,True,True,False,True,False,0
h10-c3:protocol_validation:timeseries-sensors:00684,timeseries-sensors,S3,node_up_edge_down_human_up,1.2,0.8,1.2,0f474419ec65657bb2fbd8d20d4a343074c6ccc480bbe811ba8ae84a3bf746f3,"[[""optimal-pair-01"", ""optimal-pair-23""]]","[""optimal-pair-01"", ""optimal-pair-23""]","[""optimal-pair-01"", ""optimal-pair-23""]",True,True,True,False,False,False,0
h10-c3:protocol_validation:timeseries-sensors:00685,timeseries-sensors,S3,node_up_edge_down_human_up,1.2,0.8,1.2,0f474419ec65657bb2fbd8d20d4a343074c6ccc480bbe811ba8ae84a3bf746f3,"[[""optimal-pair-01"", ""optimal-pair-23""]]","[""optimal-pair-01"", ""optimal-pair-23""]","[""optimal-pair-01"", ""optimal-pair-23""]",True,True,True,False,True,False,0
h10-c3:protocol_validation:timeseries-sensors:00686,timeseries-sensors,S4,node_up_edge_down_human_up,1.2,0.8,1.2,444c0b6380640f7fcfff41d671ee0e5aa6c1d398378d4e5c1377051cdb258f6b,"[[""alternative-global-b""]]","[""alternative-global-b""]","[""optimal-pair-01"", ""optimal-pair-23""]",True,False,True,False,True,False,0
h10-c3:protocol_validation:timeseries-sensors:00687,timeseries-sensors,S4,node_up_edge_down_human_up,1.2,0.8,1.2,444c0b6380640f7fcfff41d671ee0e5aa6c1d398378d4e5c1377051cdb258f6b,"[[""alternative-global-b""]]","[""alternative-global-b""]","[""optimal-pair-01"", ""optimal-pair-23""]",True,False,True,False,True,False,0
h10-c3:protocol_validation:timeseries-sensors:00688,timeseries-sensors,S5,node_up_edge_down_human_up,1.2,0.8,1.2,e67b896b35c58d3c4d2d393cb203a6f7c0a49e77314580088f4f45ed0c7ec08c,"[[""fallback-known-4"", ""optimal-pair-01"", ""optimal-pair-23""]]","[""fallback-known-4"", ""optimal-pair-01"", ""optimal-pair-23""]","[""fallback-known-4"", ""optimal-pair-01"", ""optimal-pair-23""]",True,True,True,False,False,False,0
h10-c3:protocol_validation:timeseries-sensors:00689,timeseries-sensors,S5,node_up_edge_down_human_up,1.2,0.8,1.2,e67b896b35c58d3c4d2d393cb203a6f7c0a49e77314580088f4f45ed0c7ec08c,"[[""fallback-known-4"", ""optimal-pair-01"", ""optimal-pair-23""]]","[""fallback-known-4"", ""optimal-pair-01"", ""optimal-pair-23""]","[""fallback-known-4"", ""optimal-pair-01"", ""optimal-pair-23""]",True,True,True,False,False,False,0
h10-c3:protocol_validation:timeseries-sensors:00690,timeseries-sensors,S1,node_up_edge_down_human_up,1.2,0.8,1.2,bb7a5ee3ba000375b4a930920dc7ebd87e641229bf30314cd8ace4b9022f2b21,"[[""direct-0""]]","[""direct-0""]","[""direct-0""]",True,True,True,True,True,False,0
h10-c3:protocol_validation:timeseries-sensors:00691,timeseries-sensors,S2,node_up_edge_down_human_up,1.2,0.8,1.2,8ecea534295574a7468228d6ece7ed10a3e90e52c16ebcd55809f17aaf855ab4,"[[""direct-0"", ""direct-1"", ""direct-2"", ""direct-3""]]","[""direct-0"", ""direct-1"", ""direct-2"", ""direct-3""]","[""direct-0"", ""direct-1"", ""direct-2"", ""direct-3""]",True,True,True,True,True,False,0
h10-c3:protocol_validation:timeseries-sensors:00692,timeseries-sensors,S2,node_up_edge_down_human_up,1.2,0.8,1.2,8ecea534295574a7468228d6ece7ed10a3e90e52c16ebcd55809f17aaf855ab4,"[[""direct-0"", ""direct-1"", ""direct-2"", ""direct-3""]]","[""direct-0"", ""direct-1"", ""direct-2"", ""direct-3""]","[""direct-0"", ""direct-1"", ""direct-2"", ""direct-3""]",True,True,True,True,True,False,0
h10-c3:protocol_validation:timeseries-sensors:00693,timeseries-sensors,S3,node_up_edge_down_human_up,1.2,0.8,1.2,0f474419ec65657bb2fbd8d20d4a343074c6ccc480bbe811ba8ae84a3bf746f3,"[[""optimal-pair-01"", ""optimal-pair-23""]]","[""optimal-pair-01"", ""optimal-pair-23""]","[""optimal-pair-01"", ""optimal-pair-23""]",True,True,True,False,True,False,0
h10-c3:protocol_validation:timeseries-sensors:00694,timeseries-sensors,S3,node_up_edge_down_human_up,1.2,0.8,1.2,0f474419ec65657bb2fbd8d20d4a343074c6ccc480bbe811ba8ae84a3bf746f3,"[[""optimal-pair-01"", ""optimal-pair-23""]]","[""optimal-pair-01"", ""optimal-pair-23""]","[""optimal-pair-01"", ""optimal-pair-23""]",True,True,True,False,False,False,0
h10-c3:protocol_validation:timeseries-sensors:00695,timeseries-sensors,S3,node_up_edge_down_human_up,1.2,0.8,1.2,0f474419ec65657bb2fbd8d20d4a343074c6ccc480bbe811ba8ae84a3bf746f3,"[[""optimal-pair-01"", ""optimal-pair-23""]]","[""optimal-pair-01"", ""optimal-pair-23""]","[""optimal-pair-01"", ""optimal-pair-23""]",True,True,True,False,True,False,0
h10-c3:protocol_validation:timeseries-sensors:00696,timeseries-sensors,S4,node_up_edge_down_human_up,1.2,0.8,1.2,444c0b6380640f7fcfff41d671ee0e5aa6c1d398378d4e5c1377051cdb258f6b,"[[""alternative-global-b""]]","[""alternative-global-b""]","[""optimal-pair-01"", ""optimal-pair-23""]",True,False,True,False,True,False,0
h10-c3:protocol_validation:timeseries-sensors:00697,timeseries-sensors,S4,node_up_edge_down_human_up,1.2,0.8,1.2,444c0b6380640f7fcfff41d671ee0e5aa6c1d398378d4e5c1377051cdb258f6b,"[[""alternative-global-b""]]","[""alternative-global-b""]","[""optimal-pair-01"", ""optimal-pair-23""]",True,False,True,False,True,False,0
h10-c3:protocol_validation:timeseries-sensors:00698,timeseries-sensors,S5,node_up_edge_down_human_up,1.2,0.8,1.2,e67b896b35c58d3c4d2d393cb203a6f7c0a49e77314580088f4f45ed0c7ec08c,"[[""fallback-known-4"", ""optimal-pair-01"", ""optimal-pair-23""]]","[""fallback-known-4"", ""optimal-pair-01"", ""optimal-pair-23""]","[""fallback-known-4"", ""optimal-pair-01"", ""optimal-pair-23""]",True,True,True,False,False,False,0
h10-c3:protocol_validation:timeseries-sensors:00699,timeseries-sensors,S5,node_up_edge_down_human_up,1.2,0.8,1.2,e67b896b35c58d3c4d2d393cb203a6f7c0a49e77314580088f4f45ed0c7ec08c,"[[""fallback-known-4"", ""optimal-pair-01"", ""optimal-pair-23""]]","[""fallback-known-4"", ""optimal-pair-01"", ""optimal-pair-23""]","[""fallback-known-4"", ""optimal-pair-01"", ""optimal-pair-23""]",True,True,True,False,False,False,0
h10-c3:protocol_validation:timeseries-sensors:00700,timeseries-sensors,S1,node_up_edge_down_human_up,1.2,0.8,1.2,bb7a5ee3ba000375b4a930920dc7ebd87e641229bf30314cd8ace4b9022f2b21,"[[""direct-0""]]","[""direct-0""]","[""direct-0""]",True,True,True,True,True,False,0
h10-c3:protocol_validation:timeseries-sensors:00701,timeseries-sensors,S2,node_up_edge_down_human_up,1.2,0.8,1.2,8ecea534295574a7468228d6ece7ed10a3e90e52c16ebcd55809f17aaf855ab4,"[[""direct-0"", ""direct-1"", ""direct-2"", ""direct-3""]]","[""direct-0"", ""direct-1"", ""direct-2"", ""direct-3""]","[""direct-0"", ""direct-1"", ""direct-2"", ""direct-3""]",True,True,True,True,True,False,0
h10-c3:protocol_validation:timeseries-sensors:00702,timeseries-sensors,S2,node_up_edge_down_human_up,1.2,0.8,1.2,8ecea534295574a7468228d6ece7ed10a3e90e52c16ebcd55809f17aaf855ab4,"[[""direct-0"", ""direct-1"", ""direct-2"", ""direct-3""]]","[""direct-0"", ""direct-1"", ""direct-2"", ""direct-3""]","[""direct-0"", ""direct-1"", ""direct-2"", ""direct-3""]",True,True,True,True,True,False,0
h10-c3:protocol_validation:timeseries-sensors:00703,timeseries-sensors,S3,node_up_edge_down_human_up,1.2,0.8,1.2,0f474419ec65657bb2fbd8d20d4a343074c6ccc480bbe811ba8ae84a3bf746f3,"[[""optimal-pair-01"", ""optimal-pair-23""]]","[""optimal-pair-01"", ""optimal-pair-23""]","[""optimal-pair-01"", ""optimal-pair-23""]",True,True,True,False,True,False,0
h10-c3:protocol_validation:timeseries-sensors:00704,timeseries-sensors,S3,node_up_edge_down_human_up,1.2,0.8,1.2,0f474419ec65657bb2fbd8d20d4a343074c6ccc480bbe811ba8ae84a3bf746f3,"[[""optimal-pair-01"", ""optimal-pair-23""]]","[""optimal-pair-01"", ""optimal-pair-23""]","[""optimal-pair-01"", ""optimal-pair-23""]",True,True,True,False,False,False,0
h10-c3:protocol_validation:timeseries-sensors:00705,timeseries-sensors,S3,node_up_edge_down_human_up,1.2,0.8,1.2,0f474419ec65657bb2fbd8d20d4a343074c6ccc480bbe811ba8ae84a3bf746f3,"[[""optimal-pair-01"", ""optimal-pair-23""]]","[""optimal-pair-01"", ""optimal-pair-23""]","[""optimal-pair-01"", ""optimal-pair-23""]",True,True,True,False,True,False,0
h10-c3:protocol_validation:timeseries-sensors:00706,timeseries-sensors,S4,node_up_edge_down_human_up,1.2,0.8,1.2,444c0b6380640f7fcfff41d671ee0e5aa6c1d398378d4e5c1377051cdb258f6b,"[[""alternative-global-b""]]","[""alternative-global-b""]","[""optimal-pair-01"", ""optimal-pair-23""]",True,False,True,False,True,False,0
h10-c3:protocol_validation:timeseries-sensors:00707,timeseries-sensors,S4,node_up_edge_down_human_up,1.2,0.8,1.2,444c0b6380640f7fcfff41d671ee0e5aa6c1d398378d4e5c1377051cdb258f6b,"[[""alternative-global-b""]]","[""alternative-global-b""]","[""optimal-pair-01"", ""optimal-pair-23""]",True,False,True,False,True,False,0
h10-c3:protocol_validation:timeseries-sensors:00708,timeseries-sensors,S5,node_up_edge_down_human_up,1.2,0.8,1.2,e67b896b35c58d3c4d2d393cb203a6f7c0a49e77314580088f4f45ed0c7ec08c,[],[],"[""optimal-pair-01"", ""optimal-pair-23""]",False,False,False,False,False,False,0
h10-c3:protocol_validation:timeseries-sensors:00709,timeseries-sensors,S5,node_up_edge_down_human_up,1.2,0.8,1.2,e67b896b35c58d3c4d2d393cb203a6f7c0a49e77314580088f4f45ed0c7ec08c,"[[""fallback-known-4"", ""optimal-pair-01"", ""optimal-pair-23""]]","[""fallback-known-4"", ""optimal-pair-01"", ""optimal-pair-23""]","[""fallback-known-4"", ""optimal-pair-01"", ""optimal-pair-23""]",True,True,True,False,False,False,0
h10-c3:protocol_validation:timeseries-sensors:00710,timeseries-sensors,S1,node_up_edge_down_human_up,1.2,0.8,1.2,bb7a5ee3ba000375b4a930920dc7ebd87e641229bf30314cd8ace4b9022f2b21,"[[""direct-0""]]","[""direct-0""]","[""direct-0""]",True,True,True,True,True,False,0
h10-c3:protocol_validation:timeseries-sensors:00711,timeseries-sensors,S2,node_up_edge_down_human_up,1.2,0.8,1.2,8ecea534295574a7468228d6ece7ed10a3e90e52c16ebcd55809f17aaf855ab4,"[[""direct-0"", ""direct-1"", ""direct-2"", ""direct-3""]]","[""direct-0"", ""direct-1"", ""direct-2"", ""direct-3""]","[""direct-0"", ""direct-1"", ""direct-2"", ""direct-3""]",True,True,True,True,True,False,0
h10-c3:protocol_validation:timeseries-sensors:00712,timeseries-sensors,S2,node_up_edge_down_human_up,1.2,0.8,1.2,8ecea534295574a7468228d6ece7ed10a3e90e52c16ebcd55809f17aaf855ab4,"[[""direct-0"", ""direct-1"", ""direct-2"", ""direct-3""]]","[""direct-0"", ""direct-1"", ""direct-2"", ""direct-3""]","[""direct-0"", ""direct-1"", ""direct-2"", ""direct-3""]",True,True,True,True,True,False,0
h10-c3:protocol_validation:timeseries-sensors:00713,timeseries-sensors,S3,node_up_edge_down_human_up,1.2,0.8,1.2,0f474419ec65657bb2fbd8d20d4a343074c6ccc480bbe811ba8ae84a3bf746f3,"[[""optimal-pair-01"", ""optimal-pair-23""]]","[""optimal-pair-01"", ""optimal-pair-23""]","[""optimal-pair-01"", ""optimal-pair-23""]",True,True,True,False,True,False,0
h10-c3:protocol_validation:timeseries-sensors:00714,timeseries-sensors,S3,node_up_edge_down_human_up,1.2,0.8,1.2,0f474419ec65657bb2fbd8d20d4a343074c6ccc480bbe811ba8ae84a3bf746f3,"[[""optimal-pair-01"", ""optimal-pair-23""]]","[""optimal-pair-01"", ""optimal-pair-23""]","[""optimal-pair-01"", ""optimal-pair-23""]",True,True,True,False,False,False,0
h10-c3:protocol_validation:timeseries-sensors:00715,timeseries-sensors,S3,node_up_edge_down_human_up,1.2,0.8,1.2,0f474419ec65657bb2fbd8d20d4a343074c6ccc480bbe811ba8ae84a3bf746f3,"[[""optimal-pair-01"", ""optimal-pair-23""]]","[""optimal-pair-01"", ""optimal-pair-23""]","[""optimal-pair-01"", ""optimal-pair-23""]",True,True,True,False,True,False,0
h10-c3:protocol_validation:timeseries-sensors:00716,timeseries-sensors,S4,node_up_edge_down_human_up,1.2,0.8,1.2,444c0b6380640f7fcfff41d671ee0e5aa6c1d398378d4e5c1377051cdb258f6b,"[[""alternative-global-b""]]","[""alternative-global-b""]","[""optimal-pair-01"", ""optimal-pair-23""]",True,False,True,False,True,False,0
h10-c3:protocol_validation:timeseries-sensors:00717,timeseries-sensors,S4,node_up_edge_down_human_up,1.2,0.8,1.2,444c0b6380640f7fcfff41d671ee0e5aa6c1d398378d4e5c1377051cdb258f6b,"[[""alternative-global-b""]]","[""alternative-global-b""]","[""optimal-pair-01"", ""optimal-pair-23""]",True,False,True,False,True,False,0
h10-c3:protocol_validation:timeseries-sensors:00718,timeseries-sensors,S5,node_up_edge_down_human_up,1.2,0.8,1.2,e67b896b35c58d3c4d2d393cb203a6f7c0a49e77314580088f4f45ed0c7ec08c,"[[""fallback-known-4"", ""optimal-pair-01"", ""optimal-pair-23""]]","[""fallback-known-4"", ""optimal-pair-01"", ""optimal-pair-23""]","[""fallback-known-4"", ""optimal-pair-01"", ""optimal-pair-23""]",True,True,True,False,False,False,0
h10-c3:protocol_validation:timeseries-sensors:00719,timeseries-sensors,S5,node_up_edge_down_human_up,1.2,0.8,1.2,e67b896b35c58d3c4d2d393cb203a6f7c0a49e77314580088f4f45ed0c7ec08c,"[[""fallback-known-4"", ""optimal-pair-01"", ""optimal-pair-23""]]","[""fallback-known-4"", ""optimal-pair-01"", ""optimal-pair-23""]","[""fallback-known-4"", ""optimal-pair-01"", ""optimal-pair-23""]",True,True,True,False,False,False,0
