pipeline,batch_size,mode,model_ms,explainer_ms,base_ms,fuzzyxai_ms,fuzzyxai_ms_per_object,relative_overhead,root_digest,normalize_ms,prediction_digest_ms,explanation_digest_ms,contract_check_ms,route_build_ms,cut_search_ms,proof_trace_ms,serialization_ms,repetition
tabular_shap,1,online,0.044404,0.125998,0.170402,0.065434,0.065434,0.3839978404009343,92c2ca788cb2fb49dc7367a9ecec6af38a20a732cb71d1b3edc9ce86cba487b9,0.000401,0.017393,0.006703,0.000531,0.02653,7e-05,0.004108,0.00012,0
tabular_shap,1,online,0.049223,0.145075,0.19429800000000003,0.059342,0.059342,0.3054174515435053,92c2ca788cb2fb49dc7367a9ecec6af38a20a732cb71d1b3edc9ce86cba487b9,0.0004,0.011332,0.005971,0.000541,0.02611,7e-05,0.004378,0.00013,1
tabular_shap,1,online,0.046809,0.157688,0.20449699999999998,0.073008,0.073008,0.3570125723115743,92c2ca788cb2fb49dc7367a9ecec6af38a20a732cb71d1b3edc9ce86cba487b9,0.000381,0.0157,0.006342,0.000521,0.030327,8e-05,0.004769,0.000141,2
tabular_shap,1,online,0.076565,0.155975,0.23254,0.062078,0.062078,0.26695622258536167,92c2ca788cb2fb49dc7367a9ecec6af38a20a732cb71d1b3edc9ce86cba487b9,0.000351,0.011411,0.008737,0.000521,0.026039,6e-05,0.004038,0.00014,3
tabular_shap,1,online,0.049864,0.146988,0.196852,0.063611,0.063611,0.32314124316745574,92c2ca788cb2fb49dc7367a9ecec6af38a20a732cb71d1b3edc9ce86cba487b9,0.000411,0.011872,0.006001,0.000501,0.027593,8e-05,0.004618,0.000141,4
tabular_shap,1,online,0.048411,0.133533,0.18194400000000002,0.058942,0.058942,0.3239568218792595,92c2ca788cb2fb49dc7367a9ecec6af38a20a732cb71d1b3edc9ce86cba487b9,0.000361,0.011491,0.005982,0.000461,0.026219,7e-05,0.004108,0.00012,5
tabular_shap,1,online,0.049153,0.136158,0.185311,0.062168,0.062168,0.33547927538030664,92c2ca788cb2fb49dc7367a9ecec6af38a20a732cb71d1b3edc9ce86cba487b9,0.000491,0.011442,0.006242,0.000641,0.028193,8e-05,0.004108,0.00014,6
tabular_shap,1,online,0.051077,0.182024,0.233101,0.104769,0.104769,0.44945753128472204,92c2ca788cb2fb49dc7367a9ecec6af38a20a732cb71d1b3edc9ce86cba487b9,0.000781,0.026581,0.007063,0.000962,0.039875,8.1e-05,0.004889,0.000541,7
tabular_shap,1,online,0.160273,0.233843,0.394116,0.109417,0.109417,0.2776263841102619,92c2ca788cb2fb49dc7367a9ecec6af38a20a732cb71d1b3edc9ce86cba487b9,0.000962,0.027842,0.008557,0.001062,0.041107,7.1e-05,0.005019,0.000481,8
tabular_shap,1,online,0.123203,0.203826,0.327029,0.098516,0.098516,0.3012454552960135,92c2ca788cb2fb49dc7367a9ecec6af38a20a732cb71d1b3edc9ce86cba487b9,0.001302,0.026049,0.006924,0.001142,0.036248,7e-05,0.00479,0.000531,9
tabular_shap,1,online,0.133883,0.225437,0.35932,0.107473,0.107473,0.29910107981743295,92c2ca788cb2fb49dc7367a9ecec6af38a20a732cb71d1b3edc9ce86cba487b9,0.000862,0.029335,0.006422,0.001343,0.039976,7e-05,0.005129,0.000802,10
tabular_shap,1,online,0.114287,0.134344,0.248631,0.0582,0.0582,0.23408183211264888,92c2ca788cb2fb49dc7367a9ecec6af38a20a732cb71d1b3edc9ce86cba487b9,0.000371,0.01076,0.006142,0.000531,0.025208,7e-05,0.004128,0.00013,11
tabular_shap,1,online,0.043682,0.128564,0.172246,0.056817,0.056817,0.32985961938158215,92c2ca788cb2fb49dc7367a9ecec6af38a20a732cb71d1b3edc9ce86cba487b9,0.000341,0.01085,0.006082,0.000551,0.025067,9.1e-05,0.003997,0.00013,12
tabular_shap,1,online,0.043171,0.135056,0.17822700000000002,0.057389,0.057389,0.3219994725827175,92c2ca788cb2fb49dc7367a9ecec6af38a20a732cb71d1b3edc9ce86cba487b9,0.000381,0.011201,0.005981,0.000541,0.025138,7e-05,0.003967,0.000121,13
tabular_shap,1,online,0.043462,0.124676,0.168138,0.056377,0.056377,0.3353019543470244,92c2ca788cb2fb49dc7367a9ecec6af38a20a732cb71d1b3edc9ce86cba487b9,0.00038,0.01032,0.005921,0.000521,0.025108,7e-05,0.004128,0.00012,14
tabular_shap,1,online,0.04221,0.123895,0.166105,0.056667,0.056667,0.34115168116552785,92c2ca788cb2fb49dc7367a9ecec6af38a20a732cb71d1b3edc9ce86cba487b9,0.000351,0.010289,0.006192,0.000501,0.025318,7e-05,0.004048,0.00012,15
tabular_shap,1,online,0.04208,0.123874,0.165954,0.056107,0.056107,0.3380876628463309,92c2ca788cb2fb49dc7367a9ecec6af38a20a732cb71d1b3edc9ce86cba487b9,0.000351,0.010239,0.005961,0.000461,0.025198,7e-05,0.004078,0.00012,16
tabular_shap,1,online,0.041779,0.135937,0.17771599999999999,0.059202,0.059202,0.33312701163654374,92c2ca788cb2fb49dc7367a9ecec6af38a20a732cb71d1b3edc9ce86cba487b9,0.000401,0.011312,0.005871,0.000481,0.026069,7e-05,0.004148,0.00012,17
tabular_shap,1,online,0.046939,0.125658,0.172597,0.056687,0.056687,0.3284356043268423,92c2ca788cb2fb49dc7367a9ecec6af38a20a732cb71d1b3edc9ce86cba487b9,0.00039,0.01061,0.006092,0.000491,0.024887,7e-05,0.004048,0.00012,18
tabular_shap,1,online,0.04211,0.124816,0.166926,0.055665,0.055665,0.33347111893893105,92c2ca788cb2fb49dc7367a9ecec6af38a20a732cb71d1b3edc9ce86cba487b9,0.000391,0.01034,0.005901,0.000501,0.024787,7e-05,0.004057,0.000121,19
tabular_shap,1,online,0.0418,0.123764,0.165564,0.055555,0.055555,0.335549998792008,92c2ca788cb2fb49dc7367a9ecec6af38a20a732cb71d1b3edc9ce86cba487b9,0.000411,0.010119,0.005801,0.000571,0.025017,7e-05,0.004068,0.00012,20
tabular_shap,1,online,0.040707,0.131739,0.172446,0.064142,0.064142,0.37195411897057634,92c2ca788cb2fb49dc7367a9ecec6af38a20a732cb71d1b3edc9ce86cba487b9,0.000381,0.0108,0.005821,0.000511,0.032301,7.1e-05,0.004258,0.00013,21
tabular_shap,1,online,0.049072,0.134575,0.183647,0.068039,0.068039,0.3704879469852489,92c2ca788cb2fb49dc7367a9ecec6af38a20a732cb71d1b3edc9ce86cba487b9,0.000391,0.011742,0.006132,0.000581,0.034946,7e-05,0.004038,0.00012,22
tabular_shap,1,online,0.045627,0.138692,0.184319,0.05797,0.05797,0.31450908479321177,92c2ca788cb2fb49dc7367a9ecec6af38a20a732cb71d1b3edc9ce86cba487b9,0.000371,0.011301,0.006102,0.000491,0.025428,6e-05,0.004017,0.000121,23
tabular_shap,1,online,0.044314,0.125718,0.170032,0.055996,0.055996,0.3293262444716289,92c2ca788cb2fb49dc7367a9ecec6af38a20a732cb71d1b3edc9ce86cba487b9,0.000391,0.010219,0.005962,0.000511,0.025117,7e-05,0.004108,0.00012,24
tabular_shap,1,online,0.042651,0.122842,0.165493,0.056307,0.056307,0.34023795568392623,92c2ca788cb2fb49dc7367a9ecec6af38a20a732cb71d1b3edc9ce86cba487b9,0.000381,0.01056,0.006091,0.000471,0.024927,7e-05,0.004068,0.00012,25
tabular_shap,1,online,0.051337,0.127061,0.178398,0.05822,0.05822,0.32634895010033743,92c2ca788cb2fb49dc7367a9ecec6af38a20a732cb71d1b3edc9ce86cba487b9,0.000401,0.011141,0.005921,0.000551,0.025408,6.1e-05,0.004298,0.00013,26
tabular_shap,1,online,0.043613,0.122702,0.166315,0.055555,0.055555,0.334034813456393,92c2ca788cb2fb49dc7367a9ecec6af38a20a732cb71d1b3edc9ce86cba487b9,0.000361,0.01047,0.005891,0.000531,0.024687,6e-05,0.004057,0.000131,27
tabular_shap,1,online,0.042421,0.123153,0.165574,0.055665,0.055665,0.3361940884438378,92c2ca788cb2fb49dc7367a9ecec6af38a20a732cb71d1b3edc9ce86cba487b9,0.000371,0.010239,0.005821,0.000471,0.024997,6.1e-05,0.004117,0.000121,28
tabular_shap,1,online,0.041719,0.121841,0.16356,0.056206,0.056206,0.3436414771337735,92c2ca788cb2fb49dc7367a9ecec6af38a20a732cb71d1b3edc9ce86cba487b9,0.000371,0.010389,0.005942,0.000441,0.025097,7e-05,0.004108,0.00011,29
tabular_shap,1,full,0.042571,0.127611,0.170182,0.061457,0.061457,0.36112514837056797,92c2ca788cb2fb49dc7367a9ecec6af38a20a732cb71d1b3edc9ce86cba487b9,0.000351,0.011081,0.006202,0.000501,0.026039,7e-05,0.004088,0.002745,0
tabular_shap,1,full,0.046088,0.150414,0.19650199999999998,0.064112,0.064112,0.32626639932417995,92c2ca788cb2fb49dc7367a9ecec6af38a20a732cb71d1b3edc9ce86cba487b9,0.000391,0.012253,0.006132,0.000551,0.026711,7e-05,0.004418,0.002775,1
tabular_shap,1,full,0.051487,0.135537,0.187024,0.062639,0.062639,0.334924929420823,92c2ca788cb2fb49dc7367a9ecec6af38a20a732cb71d1b3edc9ce86cba487b9,0.000381,0.011722,0.006041,0.000491,0.02637,9e-05,0.004108,0.002425,2
tabular_shap,1,full,0.04762,0.136528,0.184148,0.064132,0.064132,0.3482633533896648,92c2ca788cb2fb49dc7367a9ecec6af38a20a732cb71d1b3edc9ce86cba487b9,0.000351,0.013535,0.005951,0.000632,0.02654,8e-05,0.004058,0.002645,3
tabular_shap,1,full,0.048542,0.127391,0.175933,0.060695,0.060695,0.34498928569398574,92c2ca788cb2fb49dc7367a9ecec6af38a20a732cb71d1b3edc9ce86cba487b9,0.000391,0.011171,0.006232,0.000471,0.025709,7e-05,0.004077,0.002415,4
tabular_shap,1,full,0.044164,0.136047,0.180211,0.060324,0.060324,0.3347409425617748,92c2ca788cb2fb49dc7367a9ecec6af38a20a732cb71d1b3edc9ce86cba487b9,0.00038,0.010821,0.005971,0.000461,0.025799,8e-05,0.004008,0.002424,5
tabular_shap,1,full,0.046378,0.124165,0.170543,0.059302,0.059302,0.34772462077012833,92c2ca788cb2fb49dc7367a9ecec6af38a20a732cb71d1b3edc9ce86cba487b9,0.000371,0.0107,0.006262,0.000551,0.025057,7e-05,0.004168,0.002585,6
tabular_shap,1,full,0.042982,0.126279,0.169261,0.057459,0.057459,0.33946981289251515,92c2ca788cb2fb49dc7367a9ecec6af38a20a732cb71d1b3edc9ce86cba487b9,0.000341,0.010369,0.005881,0.000471,0.024517,7e-05,0.003957,0.002385,7
tabular_shap,1,full,0.043142,0.124054,0.167196,0.05815,0.05815,0.34779540180387086,92c2ca788cb2fb49dc7367a9ecec6af38a20a732cb71d1b3edc9ce86cba487b9,0.00035,0.01015,0.006101,0.000491,0.025007,7.1e-05,0.004007,0.002345,8
tabular_shap,1,full,0.042781,0.137139,0.17992000000000002,0.060284,0.060284,0.33506002667852375,92c2ca788cb2fb49dc7367a9ecec6af38a20a732cb71d1b3edc9ce86cba487b9,0.000401,0.011442,0.006081,0.000491,0.025298,6e-05,0.004058,0.002435,9
tabular_shap,1,full,0.046518,0.12685,0.173368,0.059863,0.059863,0.34529440265793,92c2ca788cb2fb49dc7367a9ecec6af38a20a732cb71d1b3edc9ce86cba487b9,0.000361,0.011211,0.005941,0.000501,0.024867,6e-05,0.004138,0.002645,10
tabular_shap,1,full,0.043302,0.130577,0.173879,0.060494,0.060494,0.3479086031090586,92c2ca788cb2fb49dc7367a9ecec6af38a20a732cb71d1b3edc9ce86cba487b9,0.000331,0.011191,0.006021,0.000541,0.025248,7e-05,0.004128,0.002805,11
tabular_shap,1,full,0.044545,0.139223,0.18376800000000001,0.061266,0.061266,0.3333877497714509,92c2ca788cb2fb49dc7367a9ecec6af38a20a732cb71d1b3edc9ce86cba487b9,0.000361,0.011652,0.006112,0.000461,0.026009,7e-05,0.004128,0.002374,12
tabular_shap,1,full,0.046398,0.139524,0.185922,0.06341,0.06341,0.3410570023988554,92c2ca788cb2fb49dc7367a9ecec6af38a20a732cb71d1b3edc9ce86cba487b9,0.000431,0.012203,0.006122,0.000601,0.02641,9e-05,0.004198,0.002585,13
tabular_shap,1,full,0.047971,0.129806,0.17777700000000002,0.059232,0.059232,0.33318145766887725,92c2ca788cb2fb49dc7367a9ecec6af38a20a732cb71d1b3edc9ce86cba487b9,0.000411,0.010901,0.005931,0.000491,0.025198,8e-05,0.004047,0.002445,14
tabular_shap,1,full,0.044073,0.127582,0.171655,0.059112,0.059112,0.3443651510296816,92c2ca788cb2fb49dc7367a9ecec6af38a20a732cb71d1b3edc9ce86cba487b9,0.000351,0.01075,0.006152,0.000511,0.025188,7e-05,0.004047,0.002345,15
tabular_shap,1,full,0.043612,0.126219,0.169831,0.058932,0.058932,0.34700378611678667,92c2ca788cb2fb49dc7367a9ecec6af38a20a732cb71d1b3edc9ce86cba487b9,0.00036,0.011352,0.005921,0.000501,0.024707,7e-05,0.003988,0.002284,16
tabular_shap,1,full,0.043663,0.125337,0.169,0.066095,0.066095,0.391094674556213,92c2ca788cb2fb49dc7367a9ecec6af38a20a732cb71d1b3edc9ce86cba487b9,0.000321,0.0106,0.012634,0.000441,0.025558,6e-05,0.004148,0.002475,17
tabular_shap,1,full,0.045336,0.133943,0.17927900000000002,0.060725,0.060725,0.3387178643343615,92c2ca788cb2fb49dc7367a9ecec6af38a20a732cb71d1b3edc9ce86cba487b9,0.000401,0.011401,0.005911,0.000521,0.025348,8.1e-05,0.004298,0.002585,18
tabular_shap,1,full,0.044985,0.127682,0.172667,0.05831,0.05831,0.3377020507682418,92c2ca788cb2fb49dc7367a9ecec6af38a20a732cb71d1b3edc9ce86cba487b9,0.000331,0.010429,0.005861,0.000471,0.024898,8e-05,0.004107,0.002455,19
tabular_shap,1,full,0.042962,0.124816,0.16777799999999998,0.05818,0.05818,0.34676775262549325,92c2ca788cb2fb49dc7367a9ecec6af38a20a732cb71d1b3edc9ce86cba487b9,0.000341,0.01051,0.005831,0.000511,0.024597,6e-05,0.004147,0.002405,20
tabular_shap,1,full,0.043452,0.129746,0.173198,0.059292,0.059292,0.3423365165879514,92c2ca788cb2fb49dc7367a9ecec6af38a20a732cb71d1b3edc9ce86cba487b9,0.000341,0.01056,0.006141,0.000501,0.025258,8e-05,0.004058,0.002415,21
tabular_shap,1,full,0.051718,0.130507,0.18222500000000003,0.061927,0.061927,0.339838112223899,92c2ca788cb2fb49dc7367a9ecec6af38a20a732cb71d1b3edc9ce86cba487b9,0.000481,0.012163,0.006042,0.000761,0.025619,7e-05,0.004087,0.002345,22
tabular_shap,1,full,0.045626,0.12667,0.172296,0.05845,0.05845,0.3392417699772485,92c2ca788cb2fb49dc7367a9ecec6af38a20a732cb71d1b3edc9ce86cba487b9,0.000341,0.01044,0.005921,0.000531,0.025017,7e-05,0.004098,0.002385,23
tabular_shap,1,full,0.044273,0.124135,0.168408,0.058882,0.058882,0.34963897202033156,92c2ca788cb2fb49dc7367a9ecec6af38a20a732cb71d1b3edc9ce86cba487b9,0.000381,0.01072,0.005861,0.000481,0.025248,7e-05,0.004077,0.002265,24
tabular_shap,1,full,0.04202,0.125657,0.167677,0.058872,0.058872,0.3511036099166851,92c2ca788cb2fb49dc7367a9ecec6af38a20a732cb71d1b3edc9ce86cba487b9,0.000381,0.01082,0.005951,0.000471,0.025028,7e-05,0.004158,0.002414,25
tabular_shap,1,full,0.042541,0.133592,0.17613299999999998,0.059192,0.059192,0.3360642241942169,92c2ca788cb2fb49dc7367a9ecec6af38a20a732cb71d1b3edc9ce86cba487b9,0.000431,0.01081,0.005912,0.000511,0.025197,6e-05,0.004038,0.002334,26
tabular_shap,1,full,0.043673,0.132671,0.176344,0.058661,0.058661,0.33265095495168534,92c2ca788cb2fb49dc7367a9ecec6af38a20a732cb71d1b3edc9ce86cba487b9,0.000371,0.01085,0.005831,0.000491,0.025198,7e-05,0.004038,0.002344,27
tabular_shap,1,full,0.043973,0.129606,0.17357899999999998,0.060244,0.060244,0.3470696339995046,92c2ca788cb2fb49dc7367a9ecec6af38a20a732cb71d1b3edc9ce86cba487b9,0.000391,0.01084,0.006112,0.000531,0.025418,7e-05,0.004108,0.002344,28
tabular_shap,1,full,0.043543,0.126258,0.169801,0.05793,0.05793,0.34116406852727604,92c2ca788cb2fb49dc7367a9ecec6af38a20a732cb71d1b3edc9ce86cba487b9,0.00036,0.0104,0.005831,0.000481,0.025017,7e-05,0.004058,0.002325,29
tabular_shap,8,online,0.048401,0.244804,0.293205,0.190681,0.023835125,0.6503333844920789,68b004b2dd20328a1ac8a8a8e1c0701557f0f30cb50ef576925b6615e7e7929a,0.000521,0.046848,0.038804,0.000741,0.074752,7e-05,0.016882,0.00012,0
tabular_shap,8,online,0.048913,0.248721,0.297634,0.185991,0.023248875,0.624898365106137,68b004b2dd20328a1ac8a8a8e1c0701557f0f30cb50ef576925b6615e7e7929a,0.000411,0.047299,0.038814,0.000681,0.069241,0.000331,0.017002,0.00012,1
tabular_shap,8,online,0.04758,0.242619,0.290199,0.189028,0.0236285,0.6513737125214077,68b004b2dd20328a1ac8a8a8e1c0701557f0f30cb50ef576925b6615e7e7929a,0.000341,0.046598,0.038703,0.000541,0.074091,9e-05,0.016842,0.00016,2
tabular_shap,8,online,0.048803,0.243841,0.292644,0.183999,0.022999875,0.6287468733341534,68b004b2dd20328a1ac8a8a8e1c0701557f0f30cb50ef576925b6615e7e7929a,0.000421,0.04726,0.038633,0.000561,0.068229,9e-05,0.017092,0.000121,3
tabular_shap,8,online,0.04724,0.241086,0.28832599999999997,0.188547,0.023568375,0.6539368631340913,68b004b2dd20328a1ac8a8a8e1c0701557f0f30cb50ef576925b6615e7e7929a,0.000361,0.046498,0.038673,0.000551,0.068229,7e-05,0.022302,0.00012,4
tabular_shap,8,online,0.048592,0.245504,0.294096,0.185902,0.02323775,0.6321133235406126,68b004b2dd20328a1ac8a8a8e1c0701557f0f30cb50ef576925b6615e7e7929a,0.00039,0.046999,0.038433,0.000551,0.069752,7e-05,0.017303,0.00013,5
tabular_shap,8,online,0.046428,0.242799,0.289227,0.184419,0.023052375,0.6376271924820297,68b004b2dd20328a1ac8a8a8e1c0701557f0f30cb50ef576925b6615e7e7929a,0.00034,0.046909,0.039074,0.000521,0.068449,7.1e-05,0.017112,0.00013,6
tabular_shap,8,online,0.053181,0.250684,0.303865,0.185522,0.02319025,0.6105408651868428,68b004b2dd20328a1ac8a8a8e1c0701557f0f30cb50ef576925b6615e7e7929a,0.000471,0.04765,0.038412,0.000592,0.06896,7e-05,0.016902,0.00013,7
tabular_shap,8,online,0.048041,0.243381,0.29142199999999996,0.183858,0.02298225,0.6308995202833005,68b004b2dd20328a1ac8a8a8e1c0701557f0f30cb50ef576925b6615e7e7929a,0.000481,0.046708,0.038493,0.000561,0.06866,6e-05,0.017012,0.00015,8
tabular_shap,8,online,0.052039,0.245575,0.297614,0.183778,0.02297225,0.6175045528772168,68b004b2dd20328a1ac8a8a8e1c0701557f0f30cb50ef576925b6615e7e7929a,0.000371,0.047049,0.038593,0.000551,0.068399,7e-05,0.016962,0.000131,9
tabular_shap,8,online,0.047871,0.24313,0.291001,0.19011,0.02376375,0.6532967240662403,68b004b2dd20328a1ac8a8a8e1c0701557f0f30cb50ef576925b6615e7e7929a,0.000421,0.04744,0.038613,0.000571,0.06906,7.1e-05,0.02127,0.0002,10
tabular_shap,8,online,0.049794,0.259281,0.309075,0.186974,0.02337175,0.6049470193318774,68b004b2dd20328a1ac8a8a8e1c0701557f0f30cb50ef576925b6615e7e7929a,0.000351,0.04755,0.038693,0.000581,0.069893,0.0001,0.016982,0.00013,11
tabular_shap,8,online,0.050596,0.243691,0.29428699999999997,0.184319,0.023039875,0.6263239626622992,68b004b2dd20328a1ac8a8a8e1c0701557f0f30cb50ef576925b6615e7e7929a,0.00036,0.046328,0.038743,0.000551,0.068741,7e-05,0.017282,0.000111,12
tabular_shap,8,online,0.046468,0.249593,0.296061,0.186062,0.02325775,0.6284583244669173,68b004b2dd20328a1ac8a8a8e1c0701557f0f30cb50ef576925b6615e7e7929a,0.00038,0.04755,0.038553,0.000572,0.069892,7e-05,0.017102,0.000141,13
tabular_shap,8,online,0.047379,0.243341,0.29072,0.184108,0.0230135,0.6332828838745185,68b004b2dd20328a1ac8a8a8e1c0701557f0f30cb50ef576925b6615e7e7929a,0.00038,0.046709,0.038843,0.000651,0.068741,8e-05,0.016942,0.00011,14
tabular_shap,8,online,0.046047,0.249683,0.29573,0.184269,0.023033625,0.623098772528996,68b004b2dd20328a1ac8a8a8e1c0701557f0f30cb50ef576925b6615e7e7929a,0.00039,0.04732,0.038663,0.000561,0.068289,8e-05,0.017373,0.000151,15
tabular_shap,8,online,0.047019,0.247568,0.294587,0.18489,0.02311125,0.6276244369235574,68b004b2dd20328a1ac8a8a8e1c0701557f0f30cb50ef576925b6615e7e7929a,0.000361,0.046929,0.038643,0.000531,0.06907,8.1e-05,0.017533,0.00014,16
tabular_shap,8,online,0.04734,0.250474,0.29781399999999997,0.18518,0.0231475,0.6217974977670627,68b004b2dd20328a1ac8a8a8e1c0701557f0f30cb50ef576925b6615e7e7929a,0.000381,0.046969,0.038553,0.000561,0.069451,8e-05,0.017273,0.00014,17
tabular_shap,8,online,0.04791,0.244293,0.292203,0.18536,0.02317,0.6343535145087491,68b004b2dd20328a1ac8a8a8e1c0701557f0f30cb50ef576925b6615e7e7929a,0.000341,0.047169,0.038954,0.000561,0.069562,8e-05,0.017092,0.00011,18
tabular_shap,8,online,0.046498,0.250925,0.297423,0.185982,0.02324775,0.6253114251419696,68b004b2dd20328a1ac8a8a8e1c0701557f0f30cb50ef576925b6615e7e7929a,0.000391,0.04754,0.038884,0.000531,0.06915,8.1e-05,0.017393,0.00013,19
tabular_shap,8,online,0.048071,0.242499,0.29057,0.184128,0.023016,0.6336786316550228,68b004b2dd20328a1ac8a8a8e1c0701557f0f30cb50ef576925b6615e7e7929a,0.00037,0.046558,0.038684,0.000581,0.069131,8e-05,0.017132,0.00011,20
tabular_shap,8,online,0.045746,0.250705,0.296451,0.187204,0.0234005,0.6314837865279591,68b004b2dd20328a1ac8a8a8e1c0701557f0f30cb50ef576925b6615e7e7929a,0.000351,0.04752,0.039104,0.000681,0.070183,9e-05,0.017313,0.00014,21
tabular_shap,8,online,0.048602,0.241196,0.289798,0.1848,0.0231,0.6376855602868204,68b004b2dd20328a1ac8a8a8e1c0701557f0f30cb50ef576925b6615e7e7929a,0.00044,0.046288,0.039234,0.000601,0.069031,7e-05,0.017153,0.00013,22
tabular_shap,8,online,0.045997,0.246266,0.292263,0.185531,0.023191375,0.6348083746488608,68b004b2dd20328a1ac8a8a8e1c0701557f0f30cb50ef576925b6615e7e7929a,0.000341,0.047339,0.038533,0.000571,0.069572,8e-05,0.017112,0.000171,23
tabular_shap,8,online,0.049063,0.242479,0.291542,0.184419,0.023052375,0.6325640902511473,68b004b2dd20328a1ac8a8a8e1c0701557f0f30cb50ef576925b6615e7e7929a,0.0004,0.046869,0.038613,0.000581,0.069011,7e-05,0.017172,0.000131,24
tabular_shap,8,online,0.045817,0.247749,0.293566,0.192073,0.024009125,0.6542753588630836,68b004b2dd20328a1ac8a8a8e1c0701557f0f30cb50ef576925b6615e7e7929a,0.000501,0.048301,0.039164,0.000541,0.069091,8e-05,0.017203,0.00015,25
tabular_shap,8,online,0.048492,0.244363,0.292855,0.184759,0.023094875,0.6308890065049257,68b004b2dd20328a1ac8a8a8e1c0701557f0f30cb50ef576925b6615e7e7929a,0.00037,0.047611,0.038803,0.000601,0.06859,8e-05,0.016962,0.00012,26
tabular_shap,8,online,0.046408,0.242208,0.288616,0.19024,0.02378,0.6591457161072152,68b004b2dd20328a1ac8a8a8e1c0701557f0f30cb50ef576925b6615e7e7929a,0.000381,0.052108,0.038964,0.000561,0.069291,7.1e-05,0.017172,0.00012,27
tabular_shap,8,online,0.048472,0.243781,0.292253,0.183648,0.022956,0.6283870482082305,68b004b2dd20328a1ac8a8a8e1c0701557f0f30cb50ef576925b6615e7e7929a,0.000451,0.046749,0.038773,0.000531,0.068419,0.000111,0.017022,0.00013,28
tabular_shap,8,online,0.046438,0.242829,0.289267,0.190441,0.023805125,0.6583571579198457,68b004b2dd20328a1ac8a8a8e1c0701557f0f30cb50ef576925b6615e7e7929a,0.000351,0.04759,0.044013,0.000551,0.069091,7e-05,0.016952,0.000121,29
tabular_shap,8,full,0.050506,0.247488,0.29799400000000004,0.194288,0.024286,0.6519862816029852,68b004b2dd20328a1ac8a8a8e1c0701557f0f30cb50ef576925b6615e7e7929a,0.000361,0.047099,0.038894,0.000621,0.069401,9e-05,0.016922,0.008737,0
tabular_shap,8,full,0.047008,0.249803,0.296811,0.193406,0.02417575,0.6516133162180647,68b004b2dd20328a1ac8a8a8e1c0701557f0f30cb50ef576925b6615e7e7929a,0.000331,0.047039,0.038723,0.000642,0.06873,7e-05,0.017152,0.008947,1
tabular_shap,8,full,0.054723,0.244974,0.299697,0.194027,0.024253375,0.6474105513235034,68b004b2dd20328a1ac8a8a8e1c0701557f0f30cb50ef576925b6615e7e7929a,0.000381,0.04739,0.038633,0.000651,0.069221,7e-05,0.017012,0.008677,2
tabular_shap,8,full,0.046709,0.242689,0.289398,0.193115,0.024139375,0.6672990138148848,68b004b2dd20328a1ac8a8a8e1c0701557f0f30cb50ef576925b6615e7e7929a,0.000351,0.046428,0.038803,0.000591,0.06835,8e-05,0.016942,0.009488,3
tabular_shap,8,full,0.05268,0.249692,0.302372,0.19518,0.0243975,0.6454962761102219,68b004b2dd20328a1ac8a8a8e1c0701557f0f30cb50ef576925b6615e7e7929a,0.000381,0.04773,0.038904,0.000611,0.069171,7e-05,0.017112,0.009178,4
tabular_shap,8,full,0.048892,0.243722,0.292614,0.19546,0.0244325,0.6679789757154476,68b004b2dd20328a1ac8a8a8e1c0701557f0f30cb50ef576925b6615e7e7929a,0.00035,0.04752,0.038874,0.000621,0.069511,8.1e-05,0.016892,0.009177,5
tabular_shap,8,full,0.054834,0.246226,0.30106,0.195099,0.024387375,0.648040257755929,68b004b2dd20328a1ac8a8a8e1c0701557f0f30cb50ef576925b6615e7e7929a,0.000371,0.04766,0.038954,0.000571,0.069762,8e-05,0.016992,0.008767,6
tabular_shap,8,full,0.048462,0.242038,0.2905,0.193957,0.024244625,0.6676660929432013,68b004b2dd20328a1ac8a8a8e1c0701557f0f30cb50ef576925b6615e7e7929a,0.000371,0.04764,0.038703,0.000642,0.06911,7.1e-05,0.016902,0.008916,7
tabular_shap,8,full,0.052369,0.246767,0.29913599999999996,0.195279,0.024409875,0.6528100930680361,68b004b2dd20328a1ac8a8a8e1c0701557f0f30cb50ef576925b6615e7e7929a,0.000441,0.04735,0.039254,0.000541,0.069422,7e-05,0.017272,0.008867,8
tabular_shap,8,full,0.048642,0.245594,0.294236,0.193477,0.024184625,0.6575571989831293,68b004b2dd20328a1ac8a8a8e1c0701557f0f30cb50ef576925b6615e7e7929a,0.000401,0.047119,0.038844,0.000551,0.068539,7e-05,0.017093,0.008937,9
tabular_shap,8,full,0.054373,0.252648,0.307021,0.198746,0.02484325,0.6473368271225747,68b004b2dd20328a1ac8a8a8e1c0701557f0f30cb50ef576925b6615e7e7929a,0.000411,0.048321,0.039134,0.000601,0.070614,0.00015,0.017143,0.009427,10
tabular_shap,8,full,0.051488,0.24834,0.299828,0.194408,0.024301,0.648398415091319,68b004b2dd20328a1ac8a8a8e1c0701557f0f30cb50ef576925b6615e7e7929a,0.000411,0.04724,0.038973,0.000712,0.06889,8e-05,0.017193,0.008827,11
tabular_shap,8,full,0.054313,0.246717,0.30103,0.195359,0.024419875,0.6489685413413945,68b004b2dd20328a1ac8a8a8e1c0701557f0f30cb50ef576925b6615e7e7929a,0.000461,0.04751,0.039084,0.000621,0.069852,0.00011,0.016832,0.008757,12
tabular_shap,8,full,0.04796,0.254121,0.302081,0.197785,0.024723125,0.6547416090386353,68b004b2dd20328a1ac8a8a8e1c0701557f0f30cb50ef576925b6615e7e7929a,0.00044,0.048432,0.039164,0.000611,0.070945,0.0001,0.017112,0.008747,13
tabular_shap,8,full,0.056988,0.252418,0.30940599999999996,0.197724,0.0247155,0.6390438453035818,68b004b2dd20328a1ac8a8a8e1c0701557f0f30cb50ef576925b6615e7e7929a,0.00039,0.049063,0.038964,0.000641,0.069953,0.0001,0.017343,0.008716,14
tabular_shap,8,full,0.049253,0.244994,0.294247,0.195459,0.024432375,0.6642684547336082,68b004b2dd20328a1ac8a8a8e1c0701557f0f30cb50ef576925b6615e7e7929a,0.00037,0.047831,0.039174,0.000591,0.069391,8e-05,0.017103,0.008656,15
tabular_shap,8,full,0.056106,0.240395,0.296501,0.176444,0.0220555,0.5950873690139324,68b004b2dd20328a1ac8a8a8e1c0701557f0f30cb50ef576925b6615e7e7929a,0.00037,0.04218,0.033945,0.000511,0.061015,0.0001,0.019587,0.007725,16
tabular_shap,8,full,0.045927,0.21708,0.263007,0.173208,0.021651,0.6585680229043334,68b004b2dd20328a1ac8a8a8e1c0701557f0f30cb50ef576925b6615e7e7929a,0.00035,0.042721,0.033704,0.000511,0.061927,7e-05,0.015049,0.007885,17
tabular_shap,8,full,0.043713,0.222942,0.266655,0.177005,0.022125625,0.663797791153363,68b004b2dd20328a1ac8a8a8e1c0701557f0f30cb50ef576925b6615e7e7929a,0.000301,0.042941,0.034084,0.000572,0.061035,7e-05,0.014928,0.009438,18
tabular_shap,8,full,0.044494,0.215568,0.260062,0.170723,0.021340375,0.6564703801401205,68b004b2dd20328a1ac8a8a8e1c0701557f0f30cb50ef576925b6615e7e7929a,0.000321,0.041398,0.033934,0.000511,0.060825,6.1e-05,0.015058,0.008015,19
tabular_shap,8,full,0.041679,0.220668,0.262347,0.172236,0.0215295,0.6565198001120653,68b004b2dd20328a1ac8a8a8e1c0701557f0f30cb50ef576925b6615e7e7929a,0.000321,0.042079,0.034195,0.000481,0.061116,7e-05,0.015178,0.007996,20
tabular_shap,8,full,0.042541,0.221128,0.263669,0.13219,0.01652375,0.5013482813679272,68b004b2dd20328a1ac8a8a8e1c0701557f0f30cb50ef576925b6615e7e7929a,0.000281,0.033123,0.025568,0.000521,0.046037,5e-05,0.011272,0.006181,21
tabular_shap,8,full,0.041158,0.176244,0.217402,0.131759,0.016469875,0.6060615817701768,68b004b2dd20328a1ac8a8a8e1c0701557f0f30cb50ef576925b6615e7e7929a,0.000361,0.032461,0.024717,0.000541,0.046658,4e-05,0.011572,0.006402,22
tabular_shap,8,full,0.038644,0.268207,0.306851,0.155575,0.019446875,0.5070050284991738,68b004b2dd20328a1ac8a8a8e1c0701557f0f30cb50ef576925b6615e7e7929a,0.00036,0.042,0.025598,0.000621,0.053291,6e-05,0.012043,0.007855,23
tabular_shap,8,full,0.065594,0.193567,0.259161,0.142048,0.017756,0.5481071611855179,68b004b2dd20328a1ac8a8a8e1c0701557f0f30cb50ef576925b6615e7e7929a,0.000341,0.03678,0.025668,0.000561,0.049574,7e-05,0.011542,0.007103,24
tabular_shap,8,full,0.046308,0.188206,0.234514,0.13721,0.01715125,0.5850823404999275,68b004b2dd20328a1ac8a8a8e1c0701557f0f30cb50ef576925b6615e7e7929a,0.000311,0.034695,0.025268,0.000551,0.047841,8e-05,0.011462,0.007043,25
tabular_shap,8,full,0.043823,0.176714,0.220537,0.134986,0.01687325,0.6120786988124441,68b004b2dd20328a1ac8a8a8e1c0701557f0f30cb50ef576925b6615e7e7929a,0.00034,0.033664,0.024677,0.000451,0.04795,5.1e-05,0.011411,0.006523,26
tabular_shap,8,full,0.042049,0.172116,0.214165,0.130938,0.01636725,0.6113884154740504,68b004b2dd20328a1ac8a8a8e1c0701557f0f30cb50ef576925b6615e7e7929a,0.000361,0.032982,0.024737,0.000461,0.045847,5e-05,0.011261,0.006482,27
tabular_shap,8,full,0.039435,0.177125,0.21656,0.133052,0.0166315,0.6143886220908755,68b004b2dd20328a1ac8a8a8e1c0701557f0f30cb50ef576925b6615e7e7929a,0.000311,0.033283,0.025268,0.000471,0.046057,6e-05,0.011101,0.007083,28
tabular_shap,8,full,0.039996,0.166815,0.206811,0.128153,0.016019125,0.6196623970678542,68b004b2dd20328a1ac8a8a8e1c0701557f0f30cb50ef576925b6615e7e7929a,0.00027,0.0313,0.024226,0.00048,0.045767,6e-05,0.011191,0.006262,29
tabular_shap,32,online,0.042571,0.424523,0.467094,0.392342,0.0122606875,0.8399636903920839,c499317495ef05adbee28a301417d098233ee6e75040f780046781fc70f41549,0.00032,0.108395,0.096182,0.000571,0.138583,5e-05,0.034275,0.0002,0
tabular_shap,32,online,0.043432,0.437418,0.48085,0.394576,0.0123305,0.8205802225226162,c499317495ef05adbee28a301417d098233ee6e75040f780046781fc70f41549,0.000361,0.11119,0.095261,0.000631,0.138141,4e-05,0.035037,0.00011,1
tabular_shap,32,online,0.046287,0.427169,0.47345600000000004,0.394717,0.01233490625,0.8336930992531512,c499317495ef05adbee28a301417d098233ee6e75040f780046781fc70f41549,0.000271,0.109497,0.097935,0.000642,0.138121,8e-05,0.034696,0.00014,2
tabular_shap,32,online,0.045386,0.412551,0.457937,0.398304,0.012447,0.8697790307400363,c499317495ef05adbee28a301417d098233ee6e75040f780046781fc70f41549,0.00032,0.114186,0.095872,0.000661,0.138883,5e-05,0.035106,0.000321,3
tabular_shap,32,online,0.044495,0.418191,0.462686,0.397152,0.012411,0.858361826379013,c499317495ef05adbee28a301417d098233ee6e75040f780046781fc70f41549,0.00038,0.107935,0.10079,0.000672,0.135887,5e-05,0.036198,0.000241,4
tabular_shap,32,online,0.044344,0.415586,0.45993,0.398004,0.012437625,0.8653577718348445,c499317495ef05adbee28a301417d098233ee6e75040f780046781fc70f41549,0.00037,0.108646,0.095651,0.000591,0.145195,7e-05,0.034926,0.00012,5
tabular_shap,32,online,0.045617,0.413342,0.458959,0.390509,0.01220340625,0.8508581376549975,c499317495ef05adbee28a301417d098233ee6e75040f780046781fc70f41549,0.000371,0.108976,0.09527,0.000672,0.13755,5e-05,0.035227,0.00011,6
tabular_shap,32,online,0.04269,0.422951,0.465641,0.392823,0.01227571875,0.8436177226661741,c499317495ef05adbee28a301417d098233ee6e75040f780046781fc70f41549,0.000291,0.109547,0.096062,0.000671,0.138172,7e-05,0.035287,0.00012,7
tabular_shap,32,online,0.044333,0.421258,0.46559100000000003,0.390018,0.0121880625,0.8376837181131077,c499317495ef05adbee28a301417d098233ee6e75040f780046781fc70f41549,0.000281,0.108435,0.09512,0.000671,0.138001,6.1e-05,0.035066,0.00012,8
tabular_shap,32,online,0.044714,0.42789,0.47260399999999997,0.39617,0.0123803125,0.8382705182351399,c499317495ef05adbee28a301417d098233ee6e75040f780046781fc70f41549,0.00031,0.108716,0.099829,0.000601,0.138062,6e-05,0.035106,0.00016,9
tabular_shap,32,online,0.045456,0.430575,0.476031,0.402682,0.0125838125,0.8459154970999788,c499317495ef05adbee28a301417d098233ee6e75040f780046781fc70f41549,0.00027,0.115629,0.096152,0.000691,0.141879,5e-05,0.034836,0.00012,10
tabular_shap,32,online,0.050125,0.427449,0.47757400000000005,0.400408,0.01251275,0.8384208520564351,c499317495ef05adbee28a301417d098233ee6e75040f780046781fc70f41549,0.000391,0.114596,0.095722,0.000761,0.139173,0.000141,0.034816,0.00023,11
tabular_shap,32,online,0.054152,0.415066,0.46921799999999997,0.403714,0.0126160625,0.8603975124568964,c499317495ef05adbee28a301417d098233ee6e75040f780046781fc70f41549,0.000531,0.110098,0.097675,0.000661,0.146227,6e-05,0.034926,0.00014,12
tabular_shap,32,online,0.05266,0.415716,0.46837599999999996,0.397994,0.0124373125,0.849731839376911,c499317495ef05adbee28a301417d098233ee6e75040f780046781fc70f41549,0.000381,0.109217,0.09538,0.000772,0.143401,5e-05,0.035437,0.0001,13
tabular_shap,32,online,0.048512,0.415096,0.463608,0.389246,0.0121639375,0.8396015599385687,c499317495ef05adbee28a301417d098233ee6e75040f780046781fc70f41549,0.000331,0.108205,0.0953,0.000731,0.13722,8e-05,0.034946,0.000111,14
tabular_shap,32,online,0.044304,0.430154,0.474458,0.393826,0.0123070625,0.8300545042975354,c499317495ef05adbee28a301417d098233ee6e75040f780046781fc70f41549,0.000331,0.109377,0.095871,0.000702,0.137089,0.000241,0.035547,0.00023,15
tabular_shap,32,online,0.049133,0.421167,0.4703,0.393935,0.01231046875,0.8376249202636614,c499317495ef05adbee28a301417d098233ee6e75040f780046781fc70f41549,0.000321,0.112333,0.095761,0.000631,0.13715,5e-05,0.034635,0.00013,16
tabular_shap,32,online,0.045105,0.422189,0.467294,0.39089,0.0122153125,0.8364969376880508,c499317495ef05adbee28a301417d098233ee6e75040f780046781fc70f41549,0.000291,0.108686,0.09551,0.000682,0.138031,6e-05,0.034766,0.00012,17
tabular_shap,32,online,0.043292,0.420496,0.463788,0.398544,0.0124545,0.8593236564982277,c499317495ef05adbee28a301417d098233ee6e75040f780046781fc70f41549,0.000291,0.115418,0.096242,0.000772,0.138382,5e-05,0.034345,0.0001,18
tabular_shap,32,online,0.05294,0.414134,0.467074,0.399726,0.0124914375,0.8558087155354398,c499317495ef05adbee28a301417d098233ee6e75040f780046781fc70f41549,0.000591,0.109377,0.102303,0.000631,0.139374,8e-05,0.034466,0.00011,19
tabular_shap,32,online,0.045746,0.414555,0.460301,0.398985,0.01246828125,0.8667915125102921,c499317495ef05adbee28a301417d098233ee6e75040f780046781fc70f41549,0.00028,0.109487,0.096523,0.000661,0.144444,6e-05,0.034846,0.00012,20
tabular_shap,32,online,0.047479,0.420065,0.467544,0.393325,0.01229140625,0.8412577211984326,c499317495ef05adbee28a301417d098233ee6e75040f780046781fc70f41549,0.00035,0.109357,0.097325,0.000661,0.13762,8e-05,0.035017,0.00013,21
tabular_shap,32,online,0.051047,0.414023,0.46507,0.395228,0.012350875,0.8498247575633776,c499317495ef05adbee28a301417d098233ee6e75040f780046781fc70f41549,0.000271,0.109247,0.097765,0.000921,0.139053,5.1e-05,0.034775,0.000131,22
tabular_shap,32,online,0.0476,0.441626,0.48922600000000005,0.400628,0.012519625,0.818901693695756,c499317495ef05adbee28a301417d098233ee6e75040f780046781fc70f41549,0.000411,0.115909,0.09534,0.000581,0.139464,5e-05,0.035207,0.00019,23
tabular_shap,32,online,0.054964,0.436256,0.49122,0.399005,0.01246890625,0.8122735230650218,c499317495ef05adbee28a301417d098233ee6e75040f780046781fc70f41549,0.000441,0.110148,0.096212,0.000682,0.14252,7e-05,0.034445,0.00011,24
tabular_shap,32,online,0.052189,0.428581,0.48077,0.394757,0.01233615625,0.821093246250806,c499317495ef05adbee28a301417d098233ee6e75040f780046781fc70f41549,0.00031,0.110319,0.096382,0.000862,0.138993,7e-05,0.034776,0.00012,25
tabular_shap,32,online,0.04775,0.412862,0.460612,0.396831,0.01240096875,0.8615298776410514,c499317495ef05adbee28a301417d098233ee6e75040f780046781fc70f41549,0.00029,0.113685,0.096273,0.000861,0.13727,7e-05,0.035838,0.00011,26
tabular_shap,32,online,0.044384,0.420857,0.46524099999999996,0.40185,0.0125578125,0.8637458865405242,c499317495ef05adbee28a301417d098233ee6e75040f780046781fc70f41549,0.000361,0.112382,0.10039,0.000832,0.136608,5.1e-05,0.038452,0.000181,27
tabular_shap,32,online,0.043973,0.413933,0.457906,0.402432,0.012576,0.8788528649984932,c499317495ef05adbee28a301417d098233ee6e75040f780046781fc70f41549,0.00039,0.109668,0.097204,0.000822,0.146116,6e-05,0.035427,0.0001,28
tabular_shap,32,online,0.051087,0.439682,0.490769,0.402131,0.01256659375,0.8193895702458794,c499317495ef05adbee28a301417d098233ee6e75040f780046781fc70f41549,0.000451,0.110769,0.095731,0.000792,0.139915,6e-05,0.040737,8e-05,29
tabular_shap,32,full,0.041408,0.400729,0.442137,0.41734,0.013041875,0.9439155736796513,c499317495ef05adbee28a301417d098233ee6e75040f780046781fc70f41549,0.000261,0.10578,0.104708,0.000711,0.136358,0.000171,0.03722,0.019938,0
tabular_shap,32,full,0.046198,0.414294,0.460492,0.409685,0.01280265625,0.8896680072617983,c499317495ef05adbee28a301417d098233ee6e75040f780046781fc70f41549,0.0003,0.106221,0.094539,0.000642,0.141497,7e-05,0.034325,0.019858,1
tabular_shap,32,full,0.041258,0.404435,0.445693,0.409876,0.012808625,0.9196375083297248,c499317495ef05adbee28a301417d098233ee6e75040f780046781fc70f41549,0.000261,0.106341,0.094679,0.000641,0.136619,6e-05,0.034295,0.025117,2
tabular_shap,32,full,0.042921,0.406309,0.44922999999999996,0.411108,0.012847125,0.9151392382521203,c499317495ef05adbee28a301417d098233ee6e75040f780046781fc70f41549,0.00026,0.108476,0.095811,0.000861,0.139795,6e-05,0.034125,0.019537,3
tabular_shap,32,full,0.044614,0.418011,0.462625,0.404917,0.01265365625,0.8752596595514727,c499317495ef05adbee28a301417d098233ee6e75040f780046781fc70f41549,0.000291,0.106832,0.094629,0.000721,0.136038,8e-05,0.034165,0.019887,4
tabular_shap,32,full,0.041549,0.412781,0.45433,0.408403,0.01276259375,0.8989126846125063,c499317495ef05adbee28a301417d098233ee6e75040f780046781fc70f41549,0.000301,0.106521,0.094038,0.000621,0.135938,5e-05,0.038593,0.019737,5
tabular_shap,32,full,0.04203,0.418742,0.460772,0.409205,0.01278765625,0.8880856475653902,c499317495ef05adbee28a301417d098233ee6e75040f780046781fc70f41549,0.0003,0.11093,0.094679,0.000582,0.136187,7e-05,0.034245,0.019577,6
tabular_shap,32,full,0.041338,0.405347,0.446685,0.416228,0.013007125,0.9318154851853095,c499317495ef05adbee28a301417d098233ee6e75040f780046781fc70f41549,0.0003,0.114136,0.098346,0.000682,0.136127,5e-05,0.034596,0.019787,7
tabular_shap,32,full,0.041409,0.410116,0.45152499999999995,0.411238,0.0128511875,0.9107757045567799,c499317495ef05adbee28a301417d098233ee6e75040f780046781fc70f41549,0.000251,0.106602,0.101011,0.000861,0.136058,5e-05,0.034555,0.019597,8
tabular_shap,32,full,0.040276,0.405127,0.445403,0.408433,0.01276353125,0.9169965177603204,c499317495ef05adbee28a301417d098233ee6e75040f780046781fc70f41549,0.000271,0.10599,0.094499,0.000631,0.140627,6e-05,0.034535,0.019747,9
tabular_shap,32,full,0.042109,0.405798,0.447907,0.407071,0.01272096875,0.9088292882227784,c499317495ef05adbee28a301417d098233ee6e75040f780046781fc70f41549,0.000311,0.107012,0.095791,0.000672,0.138291,4e-05,0.033594,0.019246,10
tabular_shap,32,full,0.039976,0.411599,0.451575,0.40689,0.0127153125,0.9010463378176382,c499317495ef05adbee28a301417d098233ee6e75040f780046781fc70f41549,0.0003,0.106472,0.093266,0.000631,0.139845,5e-05,0.034215,0.019627,11
tabular_shap,32,full,0.048452,0.424333,0.472785,0.418482,0.0130775625,0.8851422951235762,c499317495ef05adbee28a301417d098233ee6e75040f780046781fc70f41549,0.00028,0.108706,0.096703,0.000661,0.144974,5.1e-05,0.034625,0.019838,12
tabular_shap,32,full,0.043372,0.421267,0.464639,0.405968,0.0126865,0.873727775757093,c499317495ef05adbee28a301417d098233ee6e75040f780046781fc70f41549,0.000281,0.107634,0.093597,0.000641,0.137169,5.1e-05,0.034775,0.019808,13
tabular_shap,32,full,0.044213,0.412972,0.457185,0.407501,0.01273440625,0.8913262683596356,c499317495ef05adbee28a301417d098233ee6e75040f780046781fc70f41549,0.00026,0.107584,0.095471,0.000661,0.137009,8e-05,0.034325,0.019637,14
tabular_shap,32,full,0.041398,0.41199,0.453388,0.411148,0.012848375,0.9068347640431595,c499317495ef05adbee28a301417d098233ee6e75040f780046781fc70f41549,0.00026,0.112313,0.094969,0.000652,0.136498,8e-05,0.034205,0.019968,15
tabular_shap,32,full,0.041809,0.412821,0.45463,0.413312,0.012916,0.9091173041814223,c499317495ef05adbee28a301417d098233ee6e75040f780046781fc70f41549,0.00028,0.107965,0.09527,0.000671,0.14242,6e-05,0.034555,0.019798,16
tabular_shap,32,full,0.041689,0.408443,0.450132,0.414133,0.01294165625,0.9200256813556912,c499317495ef05adbee28a301417d098233ee6e75040f780046781fc70f41549,0.00031,0.107504,0.095781,0.000621,0.13748,5e-05,0.040046,0.019878,17
tabular_shap,32,full,0.042841,0.409265,0.452106,0.414955,0.01296734375,0.9178267928317696,c499317495ef05adbee28a301417d098233ee6e75040f780046781fc70f41549,0.000261,0.108856,0.096362,0.001212,0.141699,8e-05,0.034535,0.019587,18
tabular_shap,32,full,0.04191,0.419233,0.461143,0.406209,0.01269403125,0.8808742624305258,c499317495ef05adbee28a301417d098233ee6e75040f780046781fc70f41549,0.000371,0.106992,0.094299,0.000591,0.136378,6e-05,0.034796,0.020198,19
tabular_shap,32,full,0.041388,0.420015,0.461403,0.409064,0.01278325,0.886565540319417,c499317495ef05adbee28a301417d098233ee6e75040f780046781fc70f41549,0.0003,0.108305,0.096804,0.000631,0.136238,4e-05,0.034485,0.019888,20
tabular_shap,32,full,0.041679,0.41742,0.45909900000000003,0.407281,0.01272753125,0.8871310980855981,c499317495ef05adbee28a301417d098233ee6e75040f780046781fc70f41549,0.00029,0.107283,0.09488,0.000631,0.13714,0.0001,0.034826,0.019848,21
tabular_shap,32,full,0.041248,0.408653,0.449901,0.420366,0.0131364375,0.9343522241559811,c499317495ef05adbee28a301417d098233ee6e75040f780046781fc70f41549,0.000271,0.110879,0.095782,0.000731,0.139033,5e-05,0.034846,0.019878,22
tabular_shap,32,full,0.061236,0.411519,0.47275500000000004,0.41244,0.01288875,0.872418060094552,c499317495ef05adbee28a301417d098233ee6e75040f780046781fc70f41549,0.00029,0.112904,0.094769,0.000672,0.136598,8e-05,0.034606,0.019948,23
tabular_shap,32,full,0.04246,0.424784,0.467244,0.413031,0.01290721875,0.8839728279014819,c499317495ef05adbee28a301417d098233ee6e75040f780046781fc70f41549,0.000321,0.107353,0.09498,0.000691,0.142419,7.1e-05,0.034445,0.020068,24
tabular_shap,32,full,0.042821,0.418191,0.461012,0.414154,0.0129423125,0.8983583941415842,c499317495ef05adbee28a301417d098233ee6e75040f780046781fc70f41549,0.00028,0.107093,0.094709,0.000642,0.145345,6e-05,0.034124,0.019628,25
tabular_shap,32,full,0.04228,0.415417,0.45769699999999996,0.409074,0.0127835625,0.8937659630716391,c499317495ef05adbee28a301417d098233ee6e75040f780046781fc70f41549,0.000291,0.108355,0.095961,0.000712,0.136418,5e-05,0.034405,0.019627,26
tabular_shap,32,full,0.040998,0.415727,0.456725,0.40688,0.012715,0.8908643056543872,c499317495ef05adbee28a301417d098233ee6e75040f780046781fc70f41549,0.000311,0.107293,0.095009,0.000672,0.136368,8e-05,0.034175,0.020268,27
tabular_shap,32,full,0.040987,0.412942,0.45392899999999997,0.405347,0.01266709375,0.8929744519517371,c499317495ef05adbee28a301417d098233ee6e75040f780046781fc70f41549,0.0003,0.110099,0.093837,0.000641,0.134505,5e-05,0.034054,0.019688,28
tabular_shap,32,full,0.040687,0.408854,0.44954099999999997,0.403383,0.01260571875,0.8973219350404079,c499317495ef05adbee28a301417d098233ee6e75040f780046781fc70f41549,0.000341,0.106482,0.095009,0.000672,0.135436,6e-05,0.033484,0.019777,29
image_gradcam,1,online,0.051899,0.177886,0.229785,0.055806,0.055806,0.2428618056008878,3cd91ef9ea650a1cfc478208ab6cda3b03fecf970735e0a25200b731c59db6af,0.000341,0.013225,0.005941,0.000461,0.020539,4e-05,0.002745,0.0001,0
image_gradcam,1,online,0.05269,0.170032,0.22272199999999998,0.056106,0.056106,0.2519104533903252,3cd91ef9ea650a1cfc478208ab6cda3b03fecf970735e0a25200b731c59db6af,0.000341,0.013094,0.005851,0.000441,0.020629,5e-05,0.002976,0.0001,1
image_gradcam,1,online,0.052359,0.168609,0.220968,0.055946,0.055946,0.25318598168060535,3cd91ef9ea650a1cfc478208ab6cda3b03fecf970735e0a25200b731c59db6af,0.000361,0.013265,0.005801,0.000441,0.020128,6e-05,0.003116,8e-05,2
image_gradcam,1,online,0.051919,0.175171,0.22709,0.056427,0.056427,0.24847857677572768,3cd91ef9ea650a1cfc478208ab6cda3b03fecf970735e0a25200b731c59db6af,0.000351,0.013235,0.005781,0.000441,0.020458,5e-05,0.003036,8e-05,3
image_gradcam,1,online,0.053341,0.171024,0.224365,0.056937,0.056937,0.2537695273326945,3cd91ef9ea650a1cfc478208ab6cda3b03fecf970735e0a25200b731c59db6af,0.000341,0.013165,0.00571,0.000471,0.021431,4e-05,0.003046,8e-05,4
image_gradcam,1,online,0.052309,0.168539,0.220848,0.061196,0.061196,0.2770955589364631,3cd91ef9ea650a1cfc478208ab6cda3b03fecf970735e0a25200b731c59db6af,0.000341,0.017313,0.006151,0.000441,0.02101,5e-05,0.003076,0.0001,5
image_gradcam,1,online,0.054383,0.172577,0.22696,0.056727,0.056727,0.24994272118434968,3cd91ef9ea650a1cfc478208ab6cda3b03fecf970735e0a25200b731c59db6af,0.00033,0.013436,0.006021,0.000421,0.020689,5e-05,0.002996,9e-05,6
image_gradcam,1,online,0.057719,0.172537,0.230256,0.056687,0.056687,0.24619119588631785,3cd91ef9ea650a1cfc478208ab6cda3b03fecf970735e0a25200b731c59db6af,0.00035,0.013526,0.005921,0.000451,0.020839,4e-05,0.002746,8e-05,7
image_gradcam,1,online,0.053311,0.170593,0.223904,0.056437,0.056437,0.2520589181077605,3cd91ef9ea650a1cfc478208ab6cda3b03fecf970735e0a25200b731c59db6af,0.000341,0.013305,0.005891,0.000441,0.020479,4e-05,0.003035,0.000101,8
image_gradcam,1,online,0.052419,0.16891,0.221329,0.057378,0.057378,0.259243027348427,3cd91ef9ea650a1cfc478208ab6cda3b03fecf970735e0a25200b731c59db6af,0.000351,0.013115,0.006001,0.000461,0.02131,4e-05,0.003286,9.1e-05,9
image_gradcam,1,online,0.051989,0.178127,0.23011600000000001,0.057899,0.057899,0.25160788471901124,3cd91ef9ea650a1cfc478208ab6cda3b03fecf970735e0a25200b731c59db6af,0.00034,0.013366,0.005991,0.000481,0.02138,3e-05,0.003096,0.000121,10
image_gradcam,1,online,0.053731,0.172416,0.22614700000000001,0.056748,0.056748,0.2509341269174475,3cd91ef9ea650a1cfc478208ab6cda3b03fecf970735e0a25200b731c59db6af,0.00036,0.013256,0.005911,0.000511,0.02108,3e-05,0.002985,7e-05,11
image_gradcam,1,online,0.05322,0.169161,0.222381,0.056767,0.056767,0.2552691102207473,3cd91ef9ea650a1cfc478208ab6cda3b03fecf970735e0a25200b731c59db6af,0.000351,0.013225,0.005901,0.000461,0.020959,4e-05,0.002936,0.00011,12
image_gradcam,1,online,0.052099,0.169881,0.22198,0.056638,0.056638,0.2551491125326606,3cd91ef9ea650a1cfc478208ab6cda3b03fecf970735e0a25200b731c59db6af,0.000351,0.013134,0.005912,0.00046,0.0209,4e-05,0.003066,0.00012,13
image_gradcam,1,online,0.062689,0.171504,0.23419299999999998,0.060465,0.060465,0.25818448886175077,3cd91ef9ea650a1cfc478208ab6cda3b03fecf970735e0a25200b731c59db6af,0.000341,0.013315,0.005861,0.000431,0.024306,5e-05,0.003106,0.0001,14
image_gradcam,1,online,0.054713,0.169962,0.224675,0.056116,0.056116,0.24976521642372312,3cd91ef9ea650a1cfc478208ab6cda3b03fecf970735e0a25200b731c59db6af,0.000341,0.012994,0.005911,0.000391,0.020779,5.1e-05,0.003035,0.0001,15
image_gradcam,1,online,0.051848,0.169331,0.22117900000000001,0.056487,0.056487,0.25539043037539727,3cd91ef9ea650a1cfc478208ab6cda3b03fecf970735e0a25200b731c59db6af,0.000331,0.013205,0.005981,0.000451,0.020729,6e-05,0.002996,0.0001,16
image_gradcam,1,online,0.052619,0.176835,0.229454,0.056136,0.056136,0.24465034385977147,3cd91ef9ea650a1cfc478208ab6cda3b03fecf970735e0a25200b731c59db6af,0.000351,0.013255,0.006061,0.000461,0.020269,4e-05,0.003036,9e-05,17
image_gradcam,1,online,0.053371,0.170442,0.223813,0.056267,0.056267,0.25140183992886916,3cd91ef9ea650a1cfc478208ab6cda3b03fecf970735e0a25200b731c59db6af,0.00035,0.013185,0.006012,0.00043,0.020499,4e-05,0.003036,0.00012,18
image_gradcam,1,online,0.052068,0.168679,0.220747,0.056557,0.056557,0.2562073323759779,3cd91ef9ea650a1cfc478208ab6cda3b03fecf970735e0a25200b731c59db6af,0.00032,0.012985,0.005851,0.000431,0.02133,4e-05,0.003056,0.00011,19
image_gradcam,1,online,0.051898,0.169391,0.221289,0.055134,0.055134,0.24914930249583123,3cd91ef9ea650a1cfc478208ab6cda3b03fecf970735e0a25200b731c59db6af,0.000341,0.012884,0.005982,0.00041,0.019878,4e-05,0.003016,0.0001,20
image_gradcam,1,online,0.053722,0.16895,0.22267199999999998,0.055755,0.055755,0.25039070920456996,3cd91ef9ea650a1cfc478208ab6cda3b03fecf970735e0a25200b731c59db6af,0.000331,0.012914,0.005841,0.000391,0.020579,4e-05,0.002905,0.000101,21
image_gradcam,1,online,0.052389,0.16867,0.22105899999999998,0.057719,0.057719,0.2611022396735713,3cd91ef9ea650a1cfc478208ab6cda3b03fecf970735e0a25200b731c59db6af,0.000371,0.013305,0.006192,0.00048,0.021471,5e-05,0.003126,9e-05,22
image_gradcam,1,online,0.052219,0.168198,0.22041699999999997,0.059663,0.059663,0.2706823883820214,3cd91ef9ea650a1cfc478208ab6cda3b03fecf970735e0a25200b731c59db6af,0.000361,0.013235,0.005741,0.000401,0.020489,4e-05,0.003086,0.00013,23
image_gradcam,1,online,0.05253,0.17455,0.22708,0.056357,0.056357,0.24818125770653512,3cd91ef9ea650a1cfc478208ab6cda3b03fecf970735e0a25200b731c59db6af,0.00035,0.013025,0.005611,0.00045,0.02083,4e-05,0.003086,0.0001,24
image_gradcam,1,online,0.051958,0.16888,0.220838,0.056256,0.056256,0.2547387677845298,3cd91ef9ea650a1cfc478208ab6cda3b03fecf970735e0a25200b731c59db6af,0.000381,0.013054,0.005882,0.00043,0.02071,3e-05,0.003025,0.000111,25
image_gradcam,1,online,0.053,0.16913,0.22213,0.056568,0.056568,0.25466168459910865,3cd91ef9ea650a1cfc478208ab6cda3b03fecf970735e0a25200b731c59db6af,0.000341,0.013275,0.005901,0.000481,0.020489,5e-05,0.003056,0.00013,26
image_gradcam,1,online,0.05273,0.168438,0.221168,0.061998,0.061998,0.28032084207480285,3cd91ef9ea650a1cfc478208ab6cda3b03fecf970735e0a25200b731c59db6af,0.000401,0.013105,0.006021,0.000441,0.025869,4e-05,0.003066,0.00012,27
image_gradcam,1,online,0.053692,0.171194,0.224886,0.056657,0.056657,0.25193653673416755,3cd91ef9ea650a1cfc478208ab6cda3b03fecf970735e0a25200b731c59db6af,0.00039,0.013145,0.006062,0.000441,0.020508,5e-05,0.002986,0.00011,28
image_gradcam,1,online,0.053181,0.16913,0.222311,0.055816,0.055816,0.25107169685710556,3cd91ef9ea650a1cfc478208ab6cda3b03fecf970735e0a25200b731c59db6af,0.000351,0.013085,0.005861,0.000421,0.020378,5e-05,0.002996,0.00011,29
image_gradcam,1,full,0.051047,0.169881,0.220928,0.057469,0.057469,0.26012547074159903,3cd91ef9ea650a1cfc478208ab6cda3b03fecf970735e0a25200b731c59db6af,0.00034,0.012985,0.005821,0.000421,0.020168,5e-05,0.002946,0.002154,0
image_gradcam,1,full,0.05252,0.169861,0.222381,0.057489,0.057489,0.25851579046771084,3cd91ef9ea650a1cfc478208ab6cda3b03fecf970735e0a25200b731c59db6af,0.000351,0.013065,0.005871,0.000491,0.020058,4e-05,0.002805,0.002174,1
image_gradcam,1,full,0.052339,0.188367,0.240706,0.05824,0.05824,0.24195491595556404,3cd91ef9ea650a1cfc478208ab6cda3b03fecf970735e0a25200b731c59db6af,0.000341,0.013055,0.005801,0.00041,0.020579,5e-05,0.003046,0.002174,2
image_gradcam,1,full,0.051718,0.169451,0.221169,0.058431,0.058431,0.2641916362600545,3cd91ef9ea650a1cfc478208ab6cda3b03fecf970735e0a25200b731c59db6af,0.000321,0.012934,0.005931,0.000401,0.02083,4e-05,0.003055,0.002385,3
image_gradcam,1,full,0.052108,0.168069,0.220177,0.058971,0.058971,0.2678345149584198,3cd91ef9ea650a1cfc478208ab6cda3b03fecf970735e0a25200b731c59db6af,0.000371,0.013195,0.005791,0.00045,0.02112,4e-05,0.003076,0.002234,4
image_gradcam,1,full,0.051808,0.175733,0.227541,0.0581,0.0581,0.2553385983185448,3cd91ef9ea650a1cfc478208ab6cda3b03fecf970735e0a25200b731c59db6af,0.000351,0.012994,0.005701,0.000441,0.020719,4e-05,0.002906,0.002224,5
image_gradcam,1,full,0.053331,0.169811,0.223142,0.058742,0.058742,0.2632494106891576,3cd91ef9ea650a1cfc478208ab6cda3b03fecf970735e0a25200b731c59db6af,0.000331,0.013235,0.005811,0.000461,0.020959,5e-05,0.002886,0.002194,6
image_gradcam,1,full,0.0528,0.168629,0.221429,0.058261,0.058261,0.26311368429609494,3cd91ef9ea650a1cfc478208ab6cda3b03fecf970735e0a25200b731c59db6af,0.00037,0.013255,0.005821,0.000461,0.020359,4e-05,0.002976,0.002384,7
image_gradcam,1,full,0.051728,0.16952,0.221248,0.057319,0.057319,0.25907126844084466,3cd91ef9ea650a1cfc478208ab6cda3b03fecf970735e0a25200b731c59db6af,0.00033,0.013065,0.005681,0.000491,0.019998,5e-05,0.002965,0.002054,8
image_gradcam,1,full,0.05803,0.171504,0.229534,0.057749,0.057749,0.2515923566878981,3cd91ef9ea650a1cfc478208ab6cda3b03fecf970735e0a25200b731c59db6af,0.000361,0.013075,0.005751,0.000441,0.020158,5e-05,0.002975,0.002325,9
image_gradcam,1,full,0.052659,0.170413,0.223072,0.0583,0.0583,0.261350595323483,3cd91ef9ea650a1cfc478208ab6cda3b03fecf970735e0a25200b731c59db6af,0.000361,0.012844,0.005771,0.000421,0.020699,4e-05,0.003036,0.002324,10
image_gradcam,1,full,0.051808,0.16879,0.220598,0.058691,0.058691,0.2660540893389786,3cd91ef9ea650a1cfc478208ab6cda3b03fecf970735e0a25200b731c59db6af,0.000361,0.013075,0.005921,0.000451,0.020729,5e-05,0.003026,0.002334,11
image_gradcam,1,full,0.051467,0.175061,0.226528,0.060114,0.060114,0.2653711682441023,3cd91ef9ea650a1cfc478208ab6cda3b03fecf970735e0a25200b731c59db6af,0.000371,0.013385,0.005951,0.000461,0.021661,5e-05,0.003006,0.002274,12
image_gradcam,1,full,0.05287,0.170243,0.223113,0.059091,0.059091,0.2648478573637574,3cd91ef9ea650a1cfc478208ab6cda3b03fecf970735e0a25200b731c59db6af,0.00036,0.013175,0.005811,0.000411,0.021411,4e-05,0.002995,0.002315,13
image_gradcam,1,full,0.053071,0.168519,0.22159,0.05849,0.05849,0.2639559546910962,3cd91ef9ea650a1cfc478208ab6cda3b03fecf970735e0a25200b731c59db6af,0.000341,0.013004,0.005851,0.000461,0.02098,4e-05,0.002945,0.002255,14
image_gradcam,1,full,0.05248,0.168438,0.220918,0.058271,0.058271,0.263767551761287,3cd91ef9ea650a1cfc478208ab6cda3b03fecf970735e0a25200b731c59db6af,0.00035,0.013045,0.005791,0.000451,0.020759,4e-05,0.002896,0.002354,15
image_gradcam,1,full,0.053761,0.170132,0.223893,0.059162,0.059162,0.26424229431022855,3cd91ef9ea650a1cfc478208ab6cda3b03fecf970735e0a25200b731c59db6af,0.000351,0.013335,0.006151,0.000381,0.02105,5e-05,0.002966,0.002174,16
image_gradcam,1,full,0.052308,0.169561,0.22186899999999998,0.057339,0.057339,0.2584362844741717,3cd91ef9ea650a1cfc478208ab6cda3b03fecf970735e0a25200b731c59db6af,0.000341,0.013035,0.005701,0.0004,0.020299,4e-05,0.002865,0.002184,17
image_gradcam,1,full,0.052569,0.170122,0.222691,0.05812,0.05812,0.2609894427704757,3cd91ef9ea650a1cfc478208ab6cda3b03fecf970735e0a25200b731c59db6af,0.000351,0.013194,0.005711,0.000431,0.020669,4e-05,0.002896,0.002104,18
image_gradcam,1,full,0.051758,0.176183,0.227941,0.058471,0.058471,0.2565181340785554,3cd91ef9ea650a1cfc478208ab6cda3b03fecf970735e0a25200b731c59db6af,0.000351,0.013014,0.005911,0.000431,0.02083,3e-05,0.003146,0.002053,19
image_gradcam,1,full,0.052269,0.168389,0.22065800000000002,0.061205,0.061205,0.2773749422182744,3cd91ef9ea650a1cfc478208ab6cda3b03fecf970735e0a25200b731c59db6af,0.000361,0.012984,0.005691,0.000451,0.020549,3e-05,0.003046,0.002264,20
image_gradcam,1,full,0.052669,0.169431,0.2221,0.05835,0.05835,0.26271949572264747,3cd91ef9ea650a1cfc478208ab6cda3b03fecf970735e0a25200b731c59db6af,0.00036,0.013025,0.005831,0.000441,0.020539,4e-05,0.003116,0.002224,21
image_gradcam,1,full,0.05249,0.168549,0.221039,0.064181,0.064181,0.29036052461330353,3cd91ef9ea650a1cfc478208ab6cda3b03fecf970735e0a25200b731c59db6af,0.00035,0.013165,0.005701,0.000441,0.02626,5e-05,0.002965,0.002224,22
image_gradcam,1,full,0.053642,0.169942,0.223584,0.057849,0.057849,0.2587349720910262,3cd91ef9ea650a1cfc478208ab6cda3b03fecf970735e0a25200b731c59db6af,0.000371,0.012984,0.005651,0.000401,0.020599,4e-05,0.002935,0.002214,23
image_gradcam,1,full,0.052269,0.170923,0.223192,0.05789,0.05789,0.25937309580988566,3cd91ef9ea650a1cfc478208ab6cda3b03fecf970735e0a25200b731c59db6af,0.00035,0.012865,0.00578,0.000441,0.020639,3e-05,0.003036,0.002184,24
image_gradcam,1,full,0.052079,0.169671,0.22175,0.05836,0.05836,0.2631792559188275,3cd91ef9ea650a1cfc478208ab6cda3b03fecf970735e0a25200b731c59db6af,0.000371,0.013195,0.00575,0.000421,0.02092,5e-05,0.002996,0.002134,25
image_gradcam,1,full,0.051708,0.176063,0.227771,0.061707,0.061707,0.2709168419157838,3cd91ef9ea650a1cfc478208ab6cda3b03fecf970735e0a25200b731c59db6af,0.000341,0.013004,0.005711,0.000401,0.020899,4e-05,0.003056,0.00527,26
image_gradcam,1,full,0.05253,0.169611,0.222141,0.057729,0.057729,0.2598754844895809,3cd91ef9ea650a1cfc478208ab6cda3b03fecf970735e0a25200b731c59db6af,0.000361,0.012984,0.005771,0.000461,0.020559,4e-05,0.002986,0.002063,27
image_gradcam,1,full,0.052019,0.167877,0.219896,0.057629,0.057629,0.2620738894750245,3cd91ef9ea650a1cfc478208ab6cda3b03fecf970735e0a25200b731c59db6af,0.000381,0.013154,0.005711,0.000381,0.020298,5e-05,0.002856,0.002204,28
image_gradcam,1,full,0.052329,0.169141,0.22147,0.063059,0.063059,0.2847293087099833,3cd91ef9ea650a1cfc478208ab6cda3b03fecf970735e0a25200b731c59db6af,0.000301,0.013275,0.005881,0.000471,0.020559,5e-05,0.002905,0.002134,29
image_gradcam,8,online,0.090782,0.295809,0.386591,0.139464,0.017433,0.36075335432019884,183284685304ff0404be203af80425a5c562804af59befee3ea77cedf2da80ab,0.000371,0.036479,0.027812,0.000511,0.048722,5.1e-05,0.011091,0.0001,0
image_gradcam,8,online,0.090091,0.297844,0.38793500000000003,0.140035,0.017504375,0.3609754211401394,183284685304ff0404be203af80425a5c562804af59befee3ea77cedf2da80ab,0.00037,0.03693,0.027542,0.000541,0.048492,5e-05,0.011382,0.0001,1
image_gradcam,8,online,0.089981,0.294758,0.38473900000000005,0.140265,0.017533125,0.36457182661492593,183284685304ff0404be203af80425a5c562804af59befee3ea77cedf2da80ab,0.000381,0.03717,0.027613,0.000541,0.048832,4e-05,0.011001,0.0001,2
image_gradcam,8,online,0.090411,0.302373,0.392784,0.140516,0.0175645,0.3577436962809076,183284685304ff0404be203af80425a5c562804af59befee3ea77cedf2da80ab,0.000351,0.03735,0.027833,0.000521,0.048872,6e-05,0.011101,0.000101,3
image_gradcam,8,online,0.08966,0.289688,0.379348,0.139995,0.017499375,0.3690410915570927,183284685304ff0404be203af80425a5c562804af59befee3ea77cedf2da80ab,0.00039,0.03695,0.027593,0.000511,0.048471,6e-05,0.011342,0.00011,4
image_gradcam,8,online,0.095791,0.291632,0.387423,0.140646,0.01758075,0.3630295568409722,183284685304ff0404be203af80425a5c562804af59befee3ea77cedf2da80ab,0.000401,0.036769,0.028033,0.000501,0.049284,6e-05,0.01096,0.000111,5
image_gradcam,8,online,0.090842,0.292613,0.383455,0.146438,0.01830475,0.38189096504153036,183284685304ff0404be203af80425a5c562804af59befee3ea77cedf2da80ab,0.000391,0.03721,0.027953,0.000551,0.054333,6e-05,0.011371,0.000121,6
image_gradcam,8,online,0.090551,0.291733,0.382284,0.140035,0.017504375,0.3663114333846041,183284685304ff0404be203af80425a5c562804af59befee3ea77cedf2da80ab,0.000431,0.036589,0.027663,0.000501,0.048772,5e-05,0.011361,0.000101,7
image_gradcam,8,online,0.090351,0.292524,0.382875,0.143531,0.017941375,0.3748769180541952,183284685304ff0404be203af80425a5c562804af59befee3ea77cedf2da80ab,0.000391,0.041558,0.027673,0.000591,0.047891,6e-05,0.01096,0.000121,8
image_gradcam,8,online,0.090471,0.291482,0.381953,0.144463,0.018057875,0.3782219278288167,183284685304ff0404be203af80425a5c562804af59befee3ea77cedf2da80ab,0.000381,0.039024,0.028293,0.000561,0.049905,8e-05,0.011291,0.00012,9
image_gradcam,8,online,0.090041,0.297302,0.387343,0.14249,0.01781125,0.3678651737607237,183284685304ff0404be203af80425a5c562804af59befee3ea77cedf2da80ab,0.000371,0.037721,0.027863,0.000531,0.049614,5e-05,0.011532,0.00011,10
image_gradcam,8,online,0.090231,0.292333,0.382564,0.139915,0.017489375,0.3657296556915967,183284685304ff0404be203af80425a5c562804af59befee3ea77cedf2da80ab,0.00036,0.037311,0.027462,0.000571,0.048492,4e-05,0.011061,9e-05,11
image_gradcam,8,online,0.090281,0.302493,0.392774,0.139273,0.017409125,0.3545881346524974,183284685304ff0404be203af80425a5c562804af59befee3ea77cedf2da80ab,0.000391,0.03701,0.027702,0.000551,0.048151,5e-05,0.011101,0.000111,12
image_gradcam,8,online,0.090341,0.292323,0.382664,0.140546,0.01756825,0.3672830472686221,183284685304ff0404be203af80425a5c562804af59befee3ea77cedf2da80ab,0.00039,0.037451,0.027703,0.000511,0.048712,5e-05,0.011061,0.0001,13
image_gradcam,8,online,0.08974,0.297413,0.38715299999999997,0.140716,0.0175895,0.3634635402541115,183284685304ff0404be203af80425a5c562804af59befee3ea77cedf2da80ab,0.000381,0.037431,0.028143,0.000551,0.048532,6e-05,0.010901,0.00012,14
image_gradcam,8,online,0.090081,0.291121,0.38120200000000004,0.138993,0.017374125,0.3646177092460165,183284685304ff0404be203af80425a5c562804af59befee3ea77cedf2da80ab,0.000381,0.03704,0.027372,0.000561,0.04772,5e-05,0.011262,0.00011,15
image_gradcam,8,online,0.08978,0.298795,0.388575,0.140897,0.017612125,0.3625992408158013,183284685304ff0404be203af80425a5c562804af59befee3ea77cedf2da80ab,0.00039,0.037451,0.027342,0.000501,0.049363,7e-05,0.011182,0.00012,16
image_gradcam,8,online,0.089429,0.314004,0.403433,0.140987,0.017623375,0.3494681892656278,183284685304ff0404be203af80425a5c562804af59befee3ea77cedf2da80ab,0.000411,0.037401,0.027311,0.000511,0.049313,5.1e-05,0.011141,0.00014,17
image_gradcam,8,online,0.094198,0.291963,0.386161,0.143973,0.017996625,0.3728315391766647,183284685304ff0404be203af80425a5c562804af59befee3ea77cedf2da80ab,0.00036,0.040547,0.027692,0.000521,0.048943,6e-05,0.011221,0.000121,18
image_gradcam,8,online,0.089309,0.289207,0.37851599999999996,0.143442,0.01793025,0.3789588815268047,183284685304ff0404be203af80425a5c562804af59befee3ea77cedf2da80ab,0.000371,0.036689,0.027462,0.000561,0.047581,5e-05,0.01586,0.00012,19
image_gradcam,8,online,0.0903,0.292183,0.382483,0.144043,0.018005375,0.37659974430236115,183284685304ff0404be203af80425a5c562804af59befee3ea77cedf2da80ab,0.000371,0.036849,0.028003,0.000521,0.048572,5e-05,0.015049,0.00011,20
image_gradcam,8,online,0.090421,0.292153,0.38257399999999997,0.144133,0.018016625,0.3767454139591295,183284685304ff0404be203af80425a5c562804af59befee3ea77cedf2da80ab,0.00036,0.03691,0.032201,0.000561,0.048392,5e-05,0.011051,0.00011,21
image_gradcam,8,online,0.091433,0.295369,0.386802,0.141899,0.017737375,0.36685177429279064,183284685304ff0404be203af80425a5c562804af59befee3ea77cedf2da80ab,0.000361,0.037531,0.027752,0.000561,0.049344,6e-05,0.011492,0.00011,22
image_gradcam,8,online,0.090251,0.297974,0.38822500000000004,0.141828,0.0177285,0.3653242320819112,183284685304ff0404be203af80425a5c562804af59befee3ea77cedf2da80ab,0.000411,0.037581,0.028043,0.000551,0.048972,7.1e-05,0.011471,0.000101,23
image_gradcam,8,online,0.091012,0.294637,0.38564899999999996,0.142019,0.017752375,0.36825973877800805,183284685304ff0404be203af80425a5c562804af59befee3ea77cedf2da80ab,0.000381,0.038323,0.027892,0.000521,0.048572,4e-05,0.011332,0.00013,24
image_gradcam,8,online,0.08997,0.303815,0.393785,0.141077,0.017634625,0.3582589484109349,183284685304ff0404be203af80425a5c562804af59befee3ea77cedf2da80ab,0.00038,0.037391,0.027813,0.000481,0.048692,5e-05,0.011271,0.00014,25
image_gradcam,8,online,0.08971,0.293455,0.38316500000000003,0.159773,0.019971625,0.4169822400271423,183284685304ff0404be203af80425a5c562804af59befee3ea77cedf2da80ab,0.00037,0.036449,0.039325,0.000771,0.056497,4e-05,0.011311,0.000111,26
image_gradcam,8,online,0.096142,0.307572,0.403714,0.143502,0.01793775,0.35545460400184287,183284685304ff0404be203af80425a5c562804af59befee3ea77cedf2da80ab,0.000361,0.040567,0.027291,0.000561,0.048152,6e-05,0.011552,0.00011,27
image_gradcam,8,online,0.091744,0.29613,0.387874,0.140496,0.017562,0.36222072116202686,183284685304ff0404be203af80425a5c562804af59befee3ea77cedf2da80ab,0.000351,0.03692,0.027772,0.000551,0.049053,5e-05,0.011071,0.00011,28
image_gradcam,8,online,0.090752,0.316509,0.407261,0.144554,0.01806925,0.35494191685430226,183284685304ff0404be203af80425a5c562804af59befee3ea77cedf2da80ab,0.000401,0.041408,0.027682,0.000501,0.048682,6.1e-05,0.011141,0.0001,29
image_gradcam,8,full,0.08975,0.293596,0.383346,0.147379,0.018422375,0.38445425281599394,183284685304ff0404be203af80425a5c562804af59befee3ea77cedf2da80ab,0.000371,0.036358,0.027743,0.000571,0.049363,5.1e-05,0.01101,0.007064,0
image_gradcam,8,full,0.090091,0.292985,0.38307599999999997,0.14798,0.0184975,0.3862941035199282,183284685304ff0404be203af80425a5c562804af59befee3ea77cedf2da80ab,0.000411,0.036529,0.028625,0.000551,0.048481,5e-05,0.011572,0.007044,1
image_gradcam,8,full,0.089119,0.294227,0.383346,0.15324,0.019155,0.39974331282966297,183284685304ff0404be203af80425a5c562804af59befee3ea77cedf2da80ab,0.0004,0.037331,0.032902,0.000551,0.048933,5e-05,0.011251,0.007044,2
image_gradcam,8,full,0.088618,0.292062,0.38068,0.152389,0.019048625,0.4003073447514973,183284685304ff0404be203af80425a5c562804af59befee3ea77cedf2da80ab,0.000391,0.037361,0.03202,0.000541,0.048963,6e-05,0.010951,0.007274,3
image_gradcam,8,full,0.088958,0.297744,0.386702,0.148571,0.018571375,0.3842002368749063,183284685304ff0404be203af80425a5c562804af59befee3ea77cedf2da80ab,0.000401,0.03719,0.027472,0.000531,0.049884,5.1e-05,0.011231,0.007033,4
image_gradcam,8,full,0.09001,0.293145,0.383155,0.14815,0.01851875,0.3866581409612298,183284685304ff0404be203af80425a5c562804af59befee3ea77cedf2da80ab,0.000381,0.03702,0.028183,0.000551,0.048612,4e-05,0.011332,0.007253,5
image_gradcam,8,full,0.089198,0.300579,0.389777,0.153521,0.019190125,0.3938688019046788,183284685304ff0404be203af80425a5c562804af59befee3ea77cedf2da80ab,0.000391,0.037651,0.031279,0.000491,0.048532,5e-05,0.011341,0.009158,6
image_gradcam,8,full,0.089579,0.294538,0.38411700000000004,0.147479,0.018434875,0.38394291322695945,183284685304ff0404be203af80425a5c562804af59befee3ea77cedf2da80ab,0.000391,0.03717,0.027532,0.000521,0.048943,5e-05,0.011161,0.007004,7
image_gradcam,8,full,0.089309,0.302563,0.391872,0.149372,0.0186715,0.3811754858729381,183284685304ff0404be203af80425a5c562804af59befee3ea77cedf2da80ab,0.000411,0.038072,0.027703,0.00046,0.049594,7e-05,0.011362,0.007143,8
image_gradcam,8,full,0.0899,0.294477,0.38437699999999997,0.147539,0.018442375,0.38383930360037155,183284685304ff0404be203af80425a5c562804af59befee3ea77cedf2da80ab,0.000391,0.036789,0.027993,0.000551,0.048863,8e-05,0.011171,0.006863,9
image_gradcam,8,full,0.088909,0.300689,0.389598,0.148541,0.018567625,0.38126735763530617,183284685304ff0404be203af80425a5c562804af59befee3ea77cedf2da80ab,0.000391,0.037611,0.028154,0.000551,0.048722,4e-05,0.011101,0.007354,10
image_gradcam,8,full,0.089549,0.294307,0.383856,0.148031,0.018503875,0.38564201158767875,183284685304ff0404be203af80425a5c562804af59befee3ea77cedf2da80ab,0.000401,0.037752,0.027602,0.000551,0.048762,7e-05,0.011151,0.007034,11
image_gradcam,8,full,0.094038,0.295329,0.389367,0.14842,0.0185525,0.381182791556552,183284685304ff0404be203af80425a5c562804af59befee3ea77cedf2da80ab,0.000411,0.036739,0.028113,0.000501,0.049474,6e-05,0.011151,0.007043,12
image_gradcam,8,full,0.08951,0.318202,0.40771199999999996,0.154372,0.0192965,0.3786300133427518,183284685304ff0404be203af80425a5c562804af59befee3ea77cedf2da80ab,0.000441,0.036749,0.033434,0.000531,0.049664,7e-05,0.011391,0.007124,13
image_gradcam,8,full,0.091263,0.297974,0.389237,0.148411,0.018551375,0.38128697939815587,183284685304ff0404be203af80425a5c562804af59befee3ea77cedf2da80ab,0.00043,0.037582,0.027542,0.000531,0.049043,4e-05,0.011281,0.007314,14
image_gradcam,8,full,0.089439,0.298926,0.388365,0.151096,0.018887,0.3890566863646312,183284685304ff0404be203af80425a5c562804af59befee3ea77cedf2da80ab,0.000381,0.038022,0.027542,0.000521,0.050595,5e-05,0.011883,0.007013,15
image_gradcam,8,full,0.090862,0.293656,0.38451799999999997,0.152438,0.01905475,0.3964391783999709,183284685304ff0404be203af80425a5c562804af59befee3ea77cedf2da80ab,0.00037,0.038192,0.027663,0.000581,0.048953,5e-05,0.011341,0.0105,16
image_gradcam,8,full,0.089028,0.299607,0.388635,0.148602,0.01857525,0.3823690609440735,183284685304ff0404be203af80425a5c562804af59befee3ea77cedf2da80ab,0.000401,0.03696,0.027993,0.000531,0.048883,5e-05,0.011782,0.007164,17
image_gradcam,8,full,0.088598,0.313273,0.40187100000000003,0.153971,0.019246375,0.38313538424021637,183284685304ff0404be203af80425a5c562804af59befee3ea77cedf2da80ab,0.000401,0.037421,0.028203,0.000561,0.050546,6e-05,0.014307,0.007194,18
image_gradcam,8,full,0.090301,0.304406,0.39470700000000003,0.147189,0.018398625,0.37290699176857767,183284685304ff0404be203af80425a5c562804af59befee3ea77cedf2da80ab,0.000381,0.03715,0.027843,0.000521,0.048622,6e-05,0.011081,0.006873,19
image_gradcam,8,full,0.08964,0.292964,0.382604,0.147509,0.018438625,0.3855396179862207,183284685304ff0404be203af80425a5c562804af59befee3ea77cedf2da80ab,0.000381,0.03729,0.027903,0.000541,0.048442,6e-05,0.011131,0.007143,20
image_gradcam,8,full,0.094038,0.298826,0.392864,0.14805,0.01850625,0.376847967744563,183284685304ff0404be203af80425a5c562804af59befee3ea77cedf2da80ab,0.00039,0.037632,0.027802,0.000541,0.048853,7e-05,0.011241,0.006943,21
image_gradcam,8,full,0.08972,0.294287,0.384007,0.151216,0.018902,0.39378448830359863,183284685304ff0404be203af80425a5c562804af59befee3ea77cedf2da80ab,0.00039,0.036549,0.028013,0.000511,0.053101,5e-05,0.011171,0.006873,22
image_gradcam,8,full,0.090411,0.293656,0.384067,0.146617,0.018327125,0.3817484970070326,183284685304ff0404be203af80425a5c562804af59befee3ea77cedf2da80ab,0.000351,0.036779,0.027432,0.000511,0.048813,5e-05,0.011221,0.006973,23
image_gradcam,8,full,0.08982,0.293766,0.38358600000000004,0.154282,0.01928525,0.40220967397141705,183284685304ff0404be203af80425a5c562804af59befee3ea77cedf2da80ab,0.00037,0.041549,0.027772,0.000592,0.048271,5e-05,0.014137,0.007023,24
image_gradcam,8,full,0.0897,0.294848,0.384548,0.146738,0.01834225,0.3815856538065469,183284685304ff0404be203af80425a5c562804af59befee3ea77cedf2da80ab,0.000401,0.03719,0.027993,0.000521,0.04781,6.1e-05,0.011251,0.007214,25
image_gradcam,8,full,0.088858,0.299056,0.387914,0.14825,0.01853125,0.38217233716751653,183284685304ff0404be203af80425a5c562804af59befee3ea77cedf2da80ab,0.000391,0.037772,0.027722,0.000541,0.048923,6e-05,0.011181,0.006893,26
image_gradcam,8,full,0.088849,0.293585,0.382434,0.14777,0.01847125,0.3863934691999143,183284685304ff0404be203af80425a5c562804af59befee3ea77cedf2da80ab,0.000411,0.036749,0.028384,0.000511,0.048772,5e-05,0.011141,0.007184,27
image_gradcam,8,full,0.088969,0.299697,0.388666,0.150605,0.018825625,0.38749208832262144,183284685304ff0404be203af80425a5c562804af59befee3ea77cedf2da80ab,0.000381,0.038072,0.027922,0.000602,0.050315,5e-05,0.011381,0.007094,28
image_gradcam,8,full,0.090912,0.295189,0.38610099999999997,0.149463,0.018682875,0.3871085544973984,183284685304ff0404be203af80425a5c562804af59befee3ea77cedf2da80ab,0.000381,0.03711,0.027983,0.000571,0.049724,4e-05,0.011552,0.007143,29
image_gradcam,32,online,0.110429,0.38545,0.495879,0.408102,0.0127531875,0.8229870593431059,3cc0242771e68f6e4b68f80816db85baa235e8dc9901231fe9ad4eba923bf3a4,0.000381,0.106932,0.107393,0.000662,0.139484,5e-05,0.034726,0.00013,0
image_gradcam,32,online,0.114607,0.38005,0.494657,0.409374,0.0127929375,0.8275916443111085,3cc0242771e68f6e4b68f80816db85baa235e8dc9901231fe9ad4eba923bf3a4,0.000401,0.107764,0.107584,0.000621,0.139814,5e-05,0.034566,0.00013,1
image_gradcam,32,online,0.110168,0.389057,0.499225,0.409515,0.01279734375,0.8203014672742752,3cc0242771e68f6e4b68f80816db85baa235e8dc9901231fe9ad4eba923bf3a4,0.000391,0.107634,0.107253,0.000631,0.140255,5e-05,0.034656,0.00011,2
image_gradcam,32,online,0.109297,0.387864,0.49716099999999996,0.412,0.012875,0.8287053891998769,3cc0242771e68f6e4b68f80816db85baa235e8dc9901231fe9ad4eba923bf3a4,0.00036,0.107925,0.106111,0.000641,0.140155,6e-05,0.034656,0.00013,3
image_gradcam,32,online,0.110449,0.388766,0.499215,0.407461,0.01273315625,0.8162034393998577,3cc0242771e68f6e4b68f80816db85baa235e8dc9901231fe9ad4eba923bf3a4,0.000371,0.107133,0.107353,0.000651,0.139484,6e-05,0.033844,0.000121,4
image_gradcam,32,online,0.110629,0.388155,0.498784,0.409245,0.01278890625,0.8204854205427601,3cc0242771e68f6e4b68f80816db85baa235e8dc9901231fe9ad4eba923bf3a4,0.0004,0.107694,0.107133,0.000631,0.140586,8e-05,0.034115,0.00013,5
image_gradcam,32,online,0.11062,0.386371,0.496991,0.410186,0.0128183125,0.8253388894366296,3cc0242771e68f6e4b68f80816db85baa235e8dc9901231fe9ad4eba923bf3a4,0.00037,0.108776,0.107484,0.000611,0.140145,6e-05,0.034075,0.00011,6
image_gradcam,32,online,0.109046,0.380741,0.489787,0.410888,0.01284025,0.8389116085155384,3cc0242771e68f6e4b68f80816db85baa235e8dc9901231fe9ad4eba923bf3a4,0.000371,0.111942,0.106591,0.000672,0.138842,6e-05,0.034145,0.00014,7
image_gradcam,32,online,0.1112,0.383716,0.494916,0.413493,0.01292165625,0.8354811725626167,3cc0242771e68f6e4b68f80816db85baa235e8dc9901231fe9ad4eba923bf3a4,0.00038,0.107363,0.111782,0.000741,0.140136,6e-05,0.034455,0.00013,8
image_gradcam,32,online,0.11109,0.38078,0.49187000000000003,0.413222,0.0129131875,0.840104092544778,3cc0242771e68f6e4b68f80816db85baa235e8dc9901231fe9ad4eba923bf3a4,0.000381,0.107734,0.107323,0.000621,0.144504,5e-05,0.034215,0.00013,9
image_gradcam,32,online,0.112734,0.383045,0.495779,0.414234,0.0129448125,0.835521472268894,3cc0242771e68f6e4b68f80816db85baa235e8dc9901231fe9ad4eba923bf3a4,0.000381,0.107543,0.107373,0.000652,0.145335,6e-05,0.034285,0.00013,10
image_gradcam,32,online,0.111571,0.384457,0.496028,0.413844,0.012932625,0.8343158047529574,3cc0242771e68f6e4b68f80816db85baa235e8dc9901231fe9ad4eba923bf3a4,0.000381,0.108144,0.107674,0.000632,0.139914,6e-05,0.033875,0.00013,11
image_gradcam,32,online,0.110519,0.381171,0.49168999999999996,0.411539,0.01286059375,0.8369887530761252,3cc0242771e68f6e4b68f80816db85baa235e8dc9901231fe9ad4eba923bf3a4,0.00042,0.107384,0.107233,0.000641,0.140315,6e-05,0.033925,0.00012,12
image_gradcam,32,online,0.129294,0.393114,0.522408,0.409465,0.01279578125,0.7838030811166752,3cc0242771e68f6e4b68f80816db85baa235e8dc9901231fe9ad4eba923bf3a4,0.000401,0.108836,0.107433,0.000662,0.138732,6e-05,0.034486,0.00013,13
image_gradcam,32,online,0.1109,0.389387,0.5002869999999999,0.409134,0.0127854375,0.8177985836130063,3cc0242771e68f6e4b68f80816db85baa235e8dc9901231fe9ad4eba923bf3a4,0.000391,0.107383,0.107354,0.000661,0.140526,6e-05,0.034114,0.000131,14
image_gradcam,32,online,0.110639,0.386021,0.49666,0.422319,0.01319746875,0.8503181250755044,3cc0242771e68f6e4b68f80816db85baa235e8dc9901231fe9ad4eba923bf3a4,0.000381,0.107193,0.108665,0.000682,0.139273,5e-05,0.046519,0.00016,15
image_gradcam,32,online,0.117102,0.397252,0.514354,0.410196,0.012818625,0.7974974433950159,3cc0242771e68f6e4b68f80816db85baa235e8dc9901231fe9ad4eba923bf3a4,0.000381,0.107723,0.107584,0.000661,0.140827,6e-05,0.034245,0.00015,16
image_gradcam,32,online,0.112984,0.390669,0.503653,0.409125,0.01278515625,0.8123152249663955,3cc0242771e68f6e4b68f80816db85baa235e8dc9901231fe9ad4eba923bf3a4,0.000401,0.107734,0.107323,0.000691,0.140046,4e-05,0.034074,0.0001,17
image_gradcam,32,online,0.111661,0.387724,0.499385,0.410076,0.012814875,0.8211620292960341,3cc0242771e68f6e4b68f80816db85baa235e8dc9901231fe9ad4eba923bf3a4,0.0004,0.107334,0.107964,0.000681,0.141047,6e-05,0.034165,0.00011,18
image_gradcam,32,online,0.111722,0.379789,0.491511,0.41244,0.01288875,0.8391266929936461,3cc0242771e68f6e4b68f80816db85baa235e8dc9901231fe9ad4eba923bf3a4,0.0004,0.107103,0.107183,0.000631,0.139835,6e-05,0.034134,0.000121,19
image_gradcam,32,online,0.11144,0.381132,0.492572,0.414925,0.01296640625,0.8423641619905313,3cc0242771e68f6e4b68f80816db85baa235e8dc9901231fe9ad4eba923bf3a4,0.000401,0.112964,0.107023,0.000711,0.140786,6e-05,0.034245,0.000111,20
image_gradcam,32,online,0.11115,0.383316,0.49446599999999996,0.441435,0.01379484375,0.8927509677106212,3cc0242771e68f6e4b68f80816db85baa235e8dc9901231fe9ad4eba923bf3a4,0.000391,0.107313,0.111972,0.000671,0.166996,5.1e-05,0.034635,0.00011,21
image_gradcam,32,online,0.11639,0.383877,0.500267,0.420045,0.01312640625,0.8396416313688491,3cc0242771e68f6e4b68f80816db85baa235e8dc9901231fe9ad4eba923bf3a4,0.000371,0.114206,0.111712,0.000691,0.140025,6e-05,0.034365,0.00012,22
image_gradcam,32,online,0.111771,0.382855,0.494626,0.414173,0.01294290625,0.8373457925786352,3cc0242771e68f6e4b68f80816db85baa235e8dc9901231fe9ad4eba923bf3a4,0.000401,0.107022,0.107334,0.000661,0.145585,5e-05,0.034526,0.00014,23
image_gradcam,32,online,0.111682,0.381401,0.493083,0.413012,0.012906625,0.8376115177363649,3cc0242771e68f6e4b68f80816db85baa235e8dc9901231fe9ad4eba923bf3a4,0.000401,0.107373,0.107093,0.000631,0.140235,6e-05,0.038683,0.000121,24
image_gradcam,32,online,0.11098,0.381743,0.492723,0.409355,0.01279234375,0.8308014848099237,3cc0242771e68f6e4b68f80816db85baa235e8dc9901231fe9ad4eba923bf3a4,0.000391,0.107503,0.106833,0.000671,0.140446,7e-05,0.034806,0.00013,25
image_gradcam,32,online,0.115639,0.381823,0.497462,0.408663,0.01277071875,0.8214959132556858,3cc0242771e68f6e4b68f80816db85baa235e8dc9901231fe9ad4eba923bf3a4,0.000401,0.107123,0.107122,0.000612,0.140616,6e-05,0.034265,0.00011,26
image_gradcam,32,online,0.111531,0.39127,0.502801,0.407642,0.0127388125,0.8107422220719528,3cc0242771e68f6e4b68f80816db85baa235e8dc9901231fe9ad4eba923bf3a4,0.000371,0.107874,0.107724,0.000641,0.138402,7e-05,0.033944,0.00011,27
image_gradcam,32,online,0.108214,0.387454,0.495668,0.409565,0.01279890625,0.82628896761542,3cc0242771e68f6e4b68f80816db85baa235e8dc9901231fe9ad4eba923bf3a4,0.000401,0.108084,0.107373,0.000652,0.140596,5e-05,0.034104,0.000111,28
image_gradcam,32,online,0.110479,0.383485,0.493964,0.409024,0.012782,0.8280441489663214,3cc0242771e68f6e4b68f80816db85baa235e8dc9901231fe9ad4eba923bf3a4,0.00038,0.107965,0.106702,0.000661,0.140987,7e-05,0.033854,0.00012,29
image_gradcam,32,full,0.11105,0.380991,0.492041,0.433811,0.01355659375,0.8816562034464608,3cc0242771e68f6e4b68f80816db85baa235e8dc9901231fe9ad4eba923bf3a4,0.000381,0.107243,0.106762,0.000621,0.141247,5e-05,0.034045,0.02102,0
image_gradcam,32,full,0.111962,0.383866,0.495828,0.436005,0.01362515625,0.8793472736513468,3cc0242771e68f6e4b68f80816db85baa235e8dc9901231fe9ad4eba923bf3a4,0.000411,0.113305,0.107273,0.000641,0.140596,7e-05,0.034425,0.02087,1
image_gradcam,32,full,0.111541,0.381712,0.493253,0.436486,0.0136401875,0.8849130162411581,3cc0242771e68f6e4b68f80816db85baa235e8dc9901231fe9ad4eba923bf3a4,0.00037,0.107303,0.114156,0.000602,0.140085,5e-05,0.034184,0.02112,2
image_gradcam,32,full,0.11093,0.383916,0.494846,0.433471,0.01354596875,0.8759715143701272,3cc0242771e68f6e4b68f80816db85baa235e8dc9901231fe9ad4eba923bf3a4,0.000341,0.107393,0.111601,0.000671,0.139915,4e-05,0.034105,0.020829,3
image_gradcam,32,full,0.112574,0.383165,0.495739,0.435514,0.0136098125,0.8785147022929405,3cc0242771e68f6e4b68f80816db85baa235e8dc9901231fe9ad4eba923bf3a4,0.000391,0.107974,0.107714,0.000671,0.144383,6.1e-05,0.034094,0.02136,4
image_gradcam,32,full,0.112613,0.382925,0.49553800000000003,0.433811,0.01355659375,0.8754343763747684,3cc0242771e68f6e4b68f80816db85baa235e8dc9901231fe9ad4eba923bf3a4,0.000391,0.107844,0.107463,0.000651,0.143732,6.1e-05,0.033964,0.02129,5
image_gradcam,32,full,0.112022,0.406709,0.5187309999999999,0.436556,0.013642375,0.841584559241688,3cc0242771e68f6e4b68f80816db85baa235e8dc9901231fe9ad4eba923bf3a4,0.000361,0.108034,0.107103,0.000651,0.146167,4e-05,0.034205,0.02138,6
image_gradcam,32,full,0.113074,0.385479,0.498553,0.438661,0.01370815625,0.8798683389729879,3cc0242771e68f6e4b68f80816db85baa235e8dc9901231fe9ad4eba923bf3a4,0.000401,0.108204,0.107464,0.000691,0.140416,7e-05,0.041559,0.02119,7
image_gradcam,32,full,0.112262,0.38545,0.49771200000000004,0.452186,0.0141308125,0.9085294306747677,3cc0242771e68f6e4b68f80816db85baa235e8dc9901231fe9ad4eba923bf3a4,0.000381,0.107423,0.107524,0.000691,0.15836,4e-05,0.034465,0.024697,8
image_gradcam,32,full,0.114947,0.386692,0.501639,0.428892,0.013402875,0.8549813710656469,3cc0242771e68f6e4b68f80816db85baa235e8dc9901231fe9ad4eba923bf3a4,0.000381,0.107143,0.107673,0.000631,0.139504,6.1e-05,0.033794,0.021039,9
image_gradcam,32,full,0.117853,0.383886,0.501739,0.433491,0.01354659375,0.8639770876890176,3cc0242771e68f6e4b68f80816db85baa235e8dc9901231fe9ad4eba923bf3a4,0.000361,0.111782,0.107152,0.000682,0.139804,6e-05,0.034005,0.020939,10
image_gradcam,32,full,0.117332,0.387864,0.505196,0.429332,0.013416625,0.8498325402418072,3cc0242771e68f6e4b68f80816db85baa235e8dc9901231fe9ad4eba923bf3a4,0.000371,0.107313,0.106913,0.000641,0.140305,5e-05,0.034265,0.02105,11
image_gradcam,32,full,0.109337,0.388515,0.497852,0.429744,0.0134295,0.8631962912672843,3cc0242771e68f6e4b68f80816db85baa235e8dc9901231fe9ad4eba923bf3a4,0.000371,0.107433,0.106793,0.000681,0.140225,5e-05,0.034125,0.02111,12
image_gradcam,32,full,0.11087,0.392102,0.502972,0.429954,0.0134360625,0.8548269088537732,3cc0242771e68f6e4b68f80816db85baa235e8dc9901231fe9ad4eba923bf3a4,0.000401,0.108024,0.107263,0.000661,0.139434,6e-05,0.034225,0.0212,13
image_gradcam,32,full,0.110269,0.385109,0.495378,0.430665,0.01345828125,0.8693664232162107,3cc0242771e68f6e4b68f80816db85baa235e8dc9901231fe9ad4eba923bf3a4,0.000371,0.109166,0.106833,0.000681,0.139704,5e-05,0.034145,0.020889,14
image_gradcam,32,full,0.110829,0.38568,0.49650900000000003,0.429283,0.01341509375,0.8646026557423934,3cc0242771e68f6e4b68f80816db85baa235e8dc9901231fe9ad4eba923bf3a4,0.00039,0.107354,0.107112,0.000702,0.139814,6e-05,0.034045,0.02127,15
image_gradcam,32,full,0.110278,0.389818,0.500096,0.430966,0.0134676875,0.8617665408241618,3cc0242771e68f6e4b68f80816db85baa235e8dc9901231fe9ad4eba923bf3a4,0.00035,0.107995,0.108215,0.000671,0.139574,6e-05,0.034395,0.0211,16
image_gradcam,32,full,0.110659,0.386592,0.497251,0.432218,0.0135068125,0.8692149437607969,3cc0242771e68f6e4b68f80816db85baa235e8dc9901231fe9ad4eba923bf3a4,0.00038,0.108736,0.107794,0.000682,0.139544,4e-05,0.034726,0.02151,17
image_gradcam,32,full,0.110459,0.382184,0.49264300000000005,0.435794,0.0136185625,0.8846040642006483,3cc0242771e68f6e4b68f80816db85baa235e8dc9901231fe9ad4eba923bf3a4,0.00039,0.112623,0.106742,0.000672,0.140986,5.1e-05,0.034274,0.021291,18
image_gradcam,32,full,0.11144,0.378026,0.48946599999999996,0.440694,0.0137716875,0.9003567152774656,3cc0242771e68f6e4b68f80816db85baa235e8dc9901231fe9ad4eba923bf3a4,0.00036,0.11633,0.107283,0.000642,0.141217,4e-05,0.034666,0.02142,19
image_gradcam,32,full,0.111871,0.384488,0.496359,0.4385,0.013703125,0.8834331602731088,3cc0242771e68f6e4b68f80816db85baa235e8dc9901231fe9ad4eba923bf3a4,0.000421,0.108765,0.111602,0.000711,0.142019,8e-05,0.034716,0.0215,20
image_gradcam,32,full,0.112432,0.382113,0.494545,0.437889,0.01368403125,0.8854381299982812,3cc0242771e68f6e4b68f80816db85baa235e8dc9901231fe9ad4eba923bf3a4,0.000421,0.108705,0.111992,0.000682,0.140616,6e-05,0.034505,0.021892,21
image_gradcam,32,full,0.11089,0.379177,0.490067,0.436937,0.01365428125,0.8915862524920063,3cc0242771e68f6e4b68f80816db85baa235e8dc9901231fe9ad4eba923bf3a4,0.000391,0.108715,0.107554,0.000671,0.145165,8e-05,0.034225,0.021481,22
image_gradcam,32,full,0.11102,0.381502,0.492522,0.434352,0.0135735,0.8818936006919488,3cc0242771e68f6e4b68f80816db85baa235e8dc9901231fe9ad4eba923bf3a4,0.00044,0.107614,0.107223,0.000681,0.144123,5e-05,0.034285,0.021371,23
image_gradcam,32,full,0.111631,0.379979,0.49161,0.435745,0.01361703125,0.8863631740607392,3cc0242771e68f6e4b68f80816db85baa235e8dc9901231fe9ad4eba923bf3a4,0.000401,0.107543,0.107323,0.000631,0.140837,6e-05,0.038884,0.02149,24
image_gradcam,32,full,0.111341,0.383335,0.494676,0.430806,0.0134626875,0.8708851854547219,3cc0242771e68f6e4b68f80816db85baa235e8dc9901231fe9ad4eba923bf3a4,0.000431,0.108014,0.107684,0.000611,0.139244,5e-05,0.034705,0.021541,25
image_gradcam,32,full,0.110569,0.38031,0.49087899999999995,0.432588,0.013518375,0.881251795248931,3cc0242771e68f6e4b68f80816db85baa235e8dc9901231fe9ad4eba923bf3a4,0.000351,0.107664,0.107052,0.000621,0.139615,5e-05,0.034355,0.024436,26
image_gradcam,32,full,0.114707,0.394777,0.509484,0.433802,0.0135563125,0.851453627591838,3cc0242771e68f6e4b68f80816db85baa235e8dc9901231fe9ad4eba923bf3a4,0.000411,0.108305,0.107834,0.000651,0.140646,5e-05,0.034385,0.02103,27
image_gradcam,32,full,0.119466,0.388235,0.507701,0.438079,0.01368996875,0.862868105440013,3cc0242771e68f6e4b68f80816db85baa235e8dc9901231fe9ad4eba923bf3a4,0.000391,0.108826,0.107714,0.000691,0.145215,5e-05,0.035317,0.02121,28
image_gradcam,32,full,0.111511,0.392092,0.503603,0.437087,0.01365896875,0.8679197701363971,3cc0242771e68f6e4b68f80816db85baa235e8dc9901231fe9ad4eba923bf3a4,0.000411,0.108836,0.108786,0.000661,0.140356,7e-05,0.034766,0.024406,29
text_token_masking,1,online,0.058651,0.349231,0.407882,0.043302,0.043302,0.10616305696255289,d691c7a825cb052804a4583259de9ef2eab293864bcabdff375277b53aa81257,0.000271,0.008616,0.004609,0.000431,0.018745,5e-05,0.002906,9e-05,0
text_token_masking,1,online,0.058962,0.343309,0.402271,0.043202,0.043202,0.10739526339209139,d691c7a825cb052804a4583259de9ef2eab293864bcabdff375277b53aa81257,0.00028,0.008637,0.004248,0.000441,0.018735,4e-05,0.002996,8e-05,1
text_token_masking,1,online,0.059082,0.332619,0.391701,0.043252,0.043252,0.11042095884360774,d691c7a825cb052804a4583259de9ef2eab293864bcabdff375277b53aa81257,0.00029,0.008606,0.004359,0.000431,0.018895,5e-05,0.002896,0.00012,2
text_token_masking,1,online,0.066867,0.33857,0.405437,0.044725,0.044725,0.1103130696014424,d691c7a825cb052804a4583259de9ef2eab293864bcabdff375277b53aa81257,0.000261,0.009057,0.004579,0.000391,0.019376,4e-05,0.002976,0.00011,3
text_token_masking,1,online,0.060204,0.342038,0.402242,0.043352,0.043352,0.10777591599087118,d691c7a825cb052804a4583259de9ef2eab293864bcabdff375277b53aa81257,0.00027,0.008707,0.004558,0.000421,0.018826,5e-05,0.002996,8e-05,4
text_token_masking,1,online,0.059021,0.346747,0.405768,0.043802,0.043802,0.10794838429841683,d691c7a825cb052804a4583259de9ef2eab293864bcabdff375277b53aa81257,0.00033,0.008727,0.004478,0.000401,0.018866,4e-05,0.003035,9.1e-05,5
text_token_masking,1,online,0.060395,0.328371,0.388766,0.043542,0.043542,0.11200053502621113,d691c7a825cb052804a4583259de9ef2eab293864bcabdff375277b53aa81257,0.00025,0.008727,0.004228,0.0004,0.018996,4.1e-05,0.003005,8e-05,6
text_token_masking,1,online,0.058251,0.345113,0.403364,0.043672,0.043672,0.10826945389276188,d691c7a825cb052804a4583259de9ef2eab293864bcabdff375277b53aa81257,0.000321,0.008836,0.004309,0.00043,0.018746,5e-05,0.002986,0.0001,7
text_token_masking,1,online,0.058421,0.330395,0.388816,0.043042,0.043042,0.11070017694745071,d691c7a825cb052804a4583259de9ef2eab293864bcabdff375277b53aa81257,0.00029,0.008657,0.004398,0.000361,0.018835,5e-05,0.002976,9e-05,8
text_token_masking,1,online,0.05833,0.342408,0.400738,0.043382,0.043382,0.10825526902864215,d691c7a825cb052804a4583259de9ef2eab293864bcabdff375277b53aa81257,0.00025,0.008616,0.004308,0.000441,0.019277,5e-05,0.002885,8.1e-05,9
text_token_masking,1,online,0.058261,0.328591,0.38685200000000003,0.04181,0.04181,0.10807750767735463,d691c7a825cb052804a4583259de9ef2eab293864bcabdff375277b53aa81257,0.00027,0.008156,0.004157,0.000431,0.018515,4e-05,0.002876,9e-05,10
text_token_masking,1,online,0.057619,0.331217,0.38883599999999996,0.04236,0.04236,0.10894053019782121,d691c7a825cb052804a4583259de9ef2eab293864bcabdff375277b53aa81257,0.00023,0.008466,0.004408,0.000391,0.018215,4e-05,0.002925,9e-05,11
text_token_masking,1,online,0.064321,0.325727,0.390048,0.042991,0.042991,0.11021976782344738,d691c7a825cb052804a4583259de9ef2eab293864bcabdff375277b53aa81257,0.00029,0.008627,0.004288,0.000411,0.018575,5e-05,0.002915,9.1e-05,12
text_token_masking,1,online,0.057018,0.319014,0.37603200000000003,0.041429,0.041429,0.11017413411624542,d691c7a825cb052804a4583259de9ef2eab293864bcabdff375277b53aa81257,0.000281,0.007935,0.004288,0.000421,0.018024,5e-05,0.003096,8e-05,13
text_token_masking,1,online,0.062297,0.363408,0.425705,0.042972,0.042972,0.10094314137724482,d691c7a825cb052804a4583259de9ef2eab293864bcabdff375277b53aa81257,0.000301,0.008346,0.004318,0.00039,0.018836,5e-05,0.002926,0.0001,14
text_token_masking,1,online,0.05778,0.330265,0.388045,0.042911,0.042911,0.11058253553067299,d691c7a825cb052804a4583259de9ef2eab293864bcabdff375277b53aa81257,0.000281,0.008496,0.004308,0.000451,0.018936,5e-05,0.002935,0.000101,15
text_token_masking,1,online,0.061235,0.342148,0.403383,0.046558,0.046558,0.11541884511741943,d691c7a825cb052804a4583259de9ef2eab293864bcabdff375277b53aa81257,0.000271,0.011341,0.004549,0.00043,0.018956,5e-05,0.002916,9e-05,16
text_token_masking,1,online,0.060244,0.334724,0.39496800000000004,0.046848,0.046848,0.11861214073038827,d691c7a825cb052804a4583259de9ef2eab293864bcabdff375277b53aa81257,0.000281,0.01057,0.006382,0.000411,0.018545,4e-05,0.002995,9.1e-05,17
text_token_masking,1,online,0.064672,0.351856,0.416528,0.046107,0.046107,0.11069363884300695,d691c7a825cb052804a4583259de9ef2eab293864bcabdff375277b53aa81257,0.000311,0.009778,0.005301,0.00047,0.019207,5e-05,0.002885,0.000101,18
text_token_masking,1,online,0.060083,0.329424,0.389507,0.043121,0.043121,0.11070661117771953,d691c7a825cb052804a4583259de9ef2eab293864bcabdff375277b53aa81257,0.000271,0.008496,0.004719,0.000461,0.018375,4e-05,0.002935,8e-05,19
text_token_masking,1,online,0.060314,0.329684,0.38999799999999996,0.04241,0.04241,0.10874414740588416,d691c7a825cb052804a4583259de9ef2eab293864bcabdff375277b53aa81257,0.000281,0.008416,0.004248,0.000441,0.018414,5.1e-05,0.002935,0.00011,20
text_token_masking,1,online,0.074812,0.366854,0.441666,0.04756,0.04756,0.1076831814085757,d691c7a825cb052804a4583259de9ef2eab293864bcabdff375277b53aa81257,0.000291,0.012513,0.004329,0.000461,0.018965,5.1e-05,0.002925,0.0001,21
text_token_masking,1,online,0.058371,0.329834,0.388205,0.043222,0.043222,0.1113380816836465,d691c7a825cb052804a4583259de9ef2eab293864bcabdff375277b53aa81257,0.00026,0.008326,0.004669,0.00045,0.018996,5.1e-05,0.002855,0.0001,22
text_token_masking,1,online,0.058,0.338691,0.396691,0.043282,0.043282,0.10910759255944803,d691c7a825cb052804a4583259de9ef2eab293864bcabdff375277b53aa81257,0.00028,0.008436,0.004298,0.000431,0.018916,5e-05,0.003116,8e-05,23
text_token_masking,1,online,0.062949,0.349742,0.41269100000000003,0.04266,0.04266,0.10337031822840817,d691c7a825cb052804a4583259de9ef2eab293864bcabdff375277b53aa81257,0.000231,0.008526,0.004158,0.00042,0.018836,5e-05,0.002886,9e-05,24
text_token_masking,1,online,0.058601,0.340114,0.39871500000000004,0.046598,0.046598,0.1168704463087669,d691c7a825cb052804a4583259de9ef2eab293864bcabdff375277b53aa81257,0.00029,0.008667,0.007374,0.00041,0.018926,6e-05,0.002936,9e-05,25
text_token_masking,1,online,0.061225,0.326959,0.388184,0.042841,0.042841,0.1103626115450405,d691c7a825cb052804a4583259de9ef2eab293864bcabdff375277b53aa81257,0.00026,0.008406,0.004439,0.000441,0.018605,4e-05,0.002825,0.0001,26
text_token_masking,1,online,0.05805,0.337499,0.395549,0.042901,0.042901,0.10845938177065295,d691c7a825cb052804a4583259de9ef2eab293864bcabdff375277b53aa81257,0.000301,0.008496,0.004238,0.00042,0.018395,5e-05,0.003016,0.0001,27
text_token_masking,1,online,0.058651,0.330275,0.388926,0.040998,0.040998,0.10541336912420357,d691c7a825cb052804a4583259de9ef2eab293864bcabdff375277b53aa81257,0.00026,0.008176,0.004138,0.00036,0.017704,5e-05,0.002755,9e-05,28
text_token_masking,1,online,0.057389,0.326818,0.384207,0.041719,0.041719,0.10858469522939457,d691c7a825cb052804a4583259de9ef2eab293864bcabdff375277b53aa81257,0.00026,0.008396,0.004308,0.000491,0.017834,5e-05,0.002855,9.1e-05,29
text_token_masking,1,full,0.056677,0.332078,0.38875499999999996,0.049454,0.049454,0.12721122557909223,d691c7a825cb052804a4583259de9ef2eab293864bcabdff375277b53aa81257,0.00024,0.013877,0.004318,0.000411,0.018174,5e-05,0.002846,0.001983,0
text_token_masking,1,full,0.05793,0.346335,0.404265,0.044424,0.044424,0.10988831583243665,d691c7a825cb052804a4583259de9ef2eab293864bcabdff375277b53aa81257,0.00026,0.008166,0.004248,0.000411,0.018535,5e-05,0.003046,0.001993,1
text_token_masking,1,full,0.058401,0.329213,0.38761399999999996,0.043903,0.043903,0.11326474275954945,d691c7a825cb052804a4583259de9ef2eab293864bcabdff375277b53aa81257,0.000261,0.008266,0.004117,0.000451,0.018375,4e-05,0.002946,0.001873,2
text_token_masking,1,full,0.067318,0.333882,0.4012,0.044374,0.044374,0.11060319042871385,d691c7a825cb052804a4583259de9ef2eab293864bcabdff375277b53aa81257,0.000291,0.008346,0.004188,0.00039,0.018425,5e-05,0.002966,0.001984,3
text_token_masking,1,full,0.05807,0.32771,0.38578,0.045166,0.045166,0.11707709056975478,d691c7a825cb052804a4583259de9ef2eab293864bcabdff375277b53aa81257,0.00032,0.008346,0.004198,0.000381,0.018545,4e-05,0.003156,0.002334,4
text_token_masking,1,full,0.058331,0.340043,0.398374,0.048502,0.048502,0.12174991339796272,d691c7a825cb052804a4583259de9ef2eab293864bcabdff375277b53aa81257,0.00028,0.008647,0.004408,0.000411,0.018785,4.1e-05,0.002945,0.00509,5
text_token_masking,1,full,0.064412,0.319294,0.383706,0.046699,0.046699,0.12170515967954632,d691c7a825cb052804a4583259de9ef2eab293864bcabdff375277b53aa81257,0.000251,0.008365,0.004098,0.000341,0.018425,6e-05,0.002815,0.004669,6
text_token_masking,1,full,0.060204,0.338711,0.39891499999999996,0.045706,0.045706,0.11457578682175401,d691c7a825cb052804a4583259de9ef2eab293864bcabdff375277b53aa81257,0.00029,0.008537,0.004348,0.000401,0.018895,4e-05,0.003197,0.001973,7
text_token_masking,1,full,0.057398,0.319234,0.376632,0.043493,0.043493,0.11547876972747932,d691c7a825cb052804a4583259de9ef2eab293864bcabdff375277b53aa81257,0.00024,0.008026,0.004127,0.000391,0.018094,4.1e-05,0.002845,0.002064,8
text_token_masking,1,full,0.056898,0.330956,0.387854,0.045987,0.045987,0.11856781159921002,d691c7a825cb052804a4583259de9ef2eab293864bcabdff375277b53aa81257,0.000281,0.008666,0.004399,0.00039,0.019066,5e-05,0.002936,0.002094,9
text_token_masking,1,full,0.060505,0.324935,0.38544,0.044534,0.044534,0.1155406807804068,d691c7a825cb052804a4583259de9ef2eab293864bcabdff375277b53aa81257,0.000251,0.008406,0.004358,0.000401,0.018485,4e-05,0.002835,0.002084,10
text_token_masking,1,full,0.057879,0.325587,0.38346600000000003,0.044123,0.044123,0.11506365623027856,d691c7a825cb052804a4583259de9ef2eab293864bcabdff375277b53aa81257,0.00028,0.008076,0.004518,0.000371,0.018545,4e-05,0.002936,0.002024,11
text_token_masking,1,full,0.056788,0.331738,0.388526,0.043983,0.043983,0.1132047790881434,d691c7a825cb052804a4583259de9ef2eab293864bcabdff375277b53aa81257,0.000271,0.008225,0.004198,0.000401,0.018515,5e-05,0.002825,0.001914,12
text_token_masking,1,full,0.05786,0.32228,0.38014000000000003,0.046848,0.046848,0.1232388067554059,d691c7a825cb052804a4583259de9ef2eab293864bcabdff375277b53aa81257,0.000261,0.008145,0.004258,0.000361,0.018595,4e-05,0.005631,0.001993,13
text_token_masking,1,full,0.059192,0.368939,0.42813100000000004,0.050044,0.050044,0.11688945673170126,d691c7a825cb052804a4583259de9ef2eab293864bcabdff375277b53aa81257,0.00029,0.008717,0.004428,0.000391,0.023254,0.00013,0.003016,0.001973,14
text_token_masking,1,full,0.059182,0.327249,0.386431,0.044695,0.044695,0.11566101063320489,d691c7a825cb052804a4583259de9ef2eab293864bcabdff375277b53aa81257,0.00026,0.008386,0.004408,0.000411,0.018766,6e-05,0.002835,0.002014,15
text_token_masking,1,full,0.060114,0.337869,0.397983,0.045887,0.045887,0.11529889467640578,d691c7a825cb052804a4583259de9ef2eab293864bcabdff375277b53aa81257,0.000291,0.008616,0.004178,0.000411,0.019336,5.1e-05,0.002985,0.002114,16
text_token_masking,1,full,0.059042,0.339442,0.398484,0.048923,0.048923,0.12277280894590498,d691c7a825cb052804a4583259de9ef2eab293864bcabdff375277b53aa81257,0.00029,0.012574,0.004358,0.000431,0.018736,4e-05,0.002945,0.001924,17
text_token_masking,1,full,0.068229,0.325315,0.393544,0.050226,0.050226,0.12762486532636758,d691c7a825cb052804a4583259de9ef2eab293864bcabdff375277b53aa81257,0.00027,0.013917,0.004158,0.00043,0.018966,4e-05,0.002946,0.002084,18
text_token_masking,1,full,0.061356,0.322971,0.38432700000000003,0.044163,0.044163,0.11490995948762381,d691c7a825cb052804a4583259de9ef2eab293864bcabdff375277b53aa81257,0.000251,0.008316,0.004368,0.000371,0.018364,5e-05,0.002876,0.002004,19
text_token_masking,1,full,0.057879,0.346005,0.403884,0.043773,0.043773,0.10838012894791572,d691c7a825cb052804a4583259de9ef2eab293864bcabdff375277b53aa81257,0.000281,0.008326,0.004127,0.000361,0.018295,4e-05,0.002865,0.001994,20
text_token_masking,1,full,0.062488,0.336547,0.399035,0.044274,0.044274,0.11095267332439511,d691c7a825cb052804a4583259de9ef2eab293864bcabdff375277b53aa81257,0.00024,0.008326,0.004168,0.000381,0.018495,5e-05,0.003045,0.001974,21
text_token_masking,1,full,0.057439,0.326207,0.38364600000000004,0.043933,0.043933,0.1145144221495858,d691c7a825cb052804a4583259de9ef2eab293864bcabdff375277b53aa81257,0.00027,0.008276,0.004158,0.000441,0.018475,5e-05,0.002835,0.001994,22
text_token_masking,1,full,0.057449,0.341767,0.399216,0.045145,0.045145,0.11308414492405112,d691c7a825cb052804a4583259de9ef2eab293864bcabdff375277b53aa81257,0.00027,0.008567,0.004558,0.000421,0.018525,5e-05,0.002986,0.001994,23
text_token_masking,1,full,0.05818,0.323984,0.382164,0.043993,0.043993,0.1151155001517673,d691c7a825cb052804a4583259de9ef2eab293864bcabdff375277b53aa81257,0.000321,0.008085,0.004459,0.00037,0.018365,4e-05,0.002866,0.001983,24
text_token_masking,1,full,0.057649,0.334032,0.391681,0.044204,0.044204,0.1128571465044258,d691c7a825cb052804a4583259de9ef2eab293864bcabdff375277b53aa81257,0.000291,0.008336,0.004328,0.000411,0.018264,4e-05,0.003056,0.001884,25
text_token_masking,1,full,0.058992,0.317982,0.376974,0.043131,0.043131,0.11441372614556973,d691c7a825cb052804a4583259de9ef2eab293864bcabdff375277b53aa81257,0.000231,0.007975,0.003997,0.000401,0.018194,5.1e-05,0.002935,0.001944,26
text_token_masking,1,full,0.056326,0.318423,0.374749,0.043081,0.043081,0.11495961296761299,d691c7a825cb052804a4583259de9ef2eab293864bcabdff375277b53aa81257,0.00028,0.007956,0.004127,0.000371,0.018074,5e-05,0.002816,0.001993,27
text_token_masking,1,full,0.067408,0.336737,0.404145,0.048883,0.048883,0.12095411300399611,d691c7a825cb052804a4583259de9ef2eab293864bcabdff375277b53aa81257,0.00024,0.009939,0.005,0.000771,0.020439,5e-05,0.002845,0.001944,28
text_token_masking,1,full,0.065273,0.321499,0.386772,0.049343,0.049343,0.1275764533109946,d691c7a825cb052804a4583259de9ef2eab293864bcabdff375277b53aa81257,0.00023,0.008206,0.004188,0.000361,0.022672,4.1e-05,0.004448,0.001904,29
text_token_masking,8,online,0.098326,1.892943,1.991269,0.12693,0.01586625,0.06374327125064469,943c4b4eb65e02d1192d15a5fe47c55071c1309908988aa49b1a4b218b89d926,0.000831,0.033073,0.024096,0.00047,0.0474,6e-05,0.011091,0.0001,0
text_token_masking,8,online,0.090652,1.916717,2.007369,0.133492,0.0166865,0.06650097714969196,943c4b4eb65e02d1192d15a5fe47c55071c1309908988aa49b1a4b218b89d926,0.000802,0.038122,0.024376,0.000511,0.048652,7e-05,0.010981,0.0001,1
text_token_masking,8,online,0.082385,1.905547,1.987932,0.126499,0.015812375,0.06363346432372938,943c4b4eb65e02d1192d15a5fe47c55071c1309908988aa49b1a4b218b89d926,0.000781,0.032803,0.023624,0.000531,0.046428,7e-05,0.010871,0.00011,2
text_token_masking,8,online,0.084119,1.913331,1.99745,0.125738,0.01571725,0.06294926030689128,943c4b4eb65e02d1192d15a5fe47c55071c1309908988aa49b1a4b218b89d926,0.000832,0.033113,0.023604,0.000501,0.046709,6e-05,0.011051,9e-05,3
text_token_masking,8,online,0.079601,1.969517,2.049118,0.12656,0.01582,0.06176315858823162,943c4b4eb65e02d1192d15a5fe47c55071c1309908988aa49b1a4b218b89d926,0.000792,0.033373,0.024236,0.000461,0.046878,7.1e-05,0.01084,0.0001,4
text_token_masking,8,online,0.079882,1.951012,2.030894,0.125047,0.015630875,0.06157239127202108,943c4b4eb65e02d1192d15a5fe47c55071c1309908988aa49b1a4b218b89d926,0.000842,0.032291,0.023985,0.000521,0.046568,7e-05,0.010921,0.00011,5
text_token_masking,8,online,0.081594,1.890148,1.9717419999999999,0.124846,0.01560575,0.06331761457634924,943c4b4eb65e02d1192d15a5fe47c55071c1309908988aa49b1a4b218b89d926,0.000811,0.031951,0.023895,0.000471,0.046769,6e-05,0.01095,8.1e-05,6
text_token_masking,8,online,0.083939,1.973235,2.0571740000000003,0.125547,0.015693375,0.06102886775741866,943c4b4eb65e02d1192d15a5fe47c55071c1309908988aa49b1a4b218b89d926,0.000801,0.032432,0.023674,0.000471,0.04735,6e-05,0.011071,9e-05,7
text_token_masking,8,online,0.086774,1.893804,1.980578,0.134545,0.016818125,0.06793218949215835,943c4b4eb65e02d1192d15a5fe47c55071c1309908988aa49b1a4b218b89d926,0.000802,0.032632,0.029726,0.000461,0.049734,6e-05,0.011111,0.0001,8
text_token_masking,8,online,0.081594,1.888685,1.970279,0.12689,0.01586125,0.06440204661370294,943c4b4eb65e02d1192d15a5fe47c55071c1309908988aa49b1a4b218b89d926,0.000822,0.032882,0.023675,0.000451,0.04769,5e-05,0.011021,0.00013,9
text_token_masking,8,online,0.079501,1.877954,1.957455,0.125057,0.015632125,0.0638875478618921,943c4b4eb65e02d1192d15a5fe47c55071c1309908988aa49b1a4b218b89d926,0.000792,0.03176,0.023454,0.000421,0.04753,6e-05,0.011051,8e-05,10
text_token_masking,8,online,0.080242,1.885048,1.96529,0.124134,0.01551675,0.06316319728894972,943c4b4eb65e02d1192d15a5fe47c55071c1309908988aa49b1a4b218b89d926,0.000792,0.03187,0.024036,0.000531,0.046127,6e-05,0.010901,9e-05,11
text_token_masking,8,online,0.083097,1.930043,2.01314,0.123674,0.01545925,0.06143338267581987,943c4b4eb65e02d1192d15a5fe47c55071c1309908988aa49b1a4b218b89d926,0.000782,0.03186,0.023655,0.000441,0.046107,6e-05,0.01081,0.000131,12
text_token_masking,8,online,0.079029,1.944811,2.02384,0.124886,0.01561075,0.06170744722902997,943c4b4eb65e02d1192d15a5fe47c55071c1309908988aa49b1a4b218b89d926,0.000772,0.032291,0.023985,0.000491,0.046328,7e-05,0.01093,9.1e-05,13
text_token_masking,8,online,0.07906,1.914703,1.993763,0.12682,0.0158525,0.0636083626790145,943c4b4eb65e02d1192d15a5fe47c55071c1309908988aa49b1a4b218b89d926,0.000802,0.032271,0.023995,0.000551,0.047991,7e-05,0.011131,0.000101,14
text_token_masking,8,online,0.080652,1.882012,1.962664,0.125708,0.0157135,0.06404967941532529,943c4b4eb65e02d1192d15a5fe47c55071c1309908988aa49b1a4b218b89d926,0.000772,0.032401,0.023565,0.000531,0.047359,7e-05,0.011312,0.0001,15
text_token_masking,8,online,0.081915,1.951824,2.033739,0.131619,0.016452375,0.06471774401730016,943c4b4eb65e02d1192d15a5fe47c55071c1309908988aa49b1a4b218b89d926,0.000791,0.032441,0.023916,0.000501,0.052759,5.1e-05,0.01105,0.000101,16
text_token_masking,8,online,0.083588,1.91779,2.001378,0.129926,0.01624075,0.06491827131106669,943c4b4eb65e02d1192d15a5fe47c55071c1309908988aa49b1a4b218b89d926,0.000762,0.035346,0.024557,0.000481,0.04744,6e-05,0.011251,0.00013,17
text_token_masking,8,online,0.081023,1.914494,1.995517,0.126449,0.015806125,0.06336653609064719,943c4b4eb65e02d1192d15a5fe47c55071c1309908988aa49b1a4b218b89d926,0.000812,0.032401,0.024196,0.000531,0.047399,7.1e-05,0.01096,0.00012,18
text_token_masking,8,online,0.079571,1.884356,1.963927,0.124907,0.015613375,0.06360063281374512,943c4b4eb65e02d1192d15a5fe47c55071c1309908988aa49b1a4b218b89d926,0.000811,0.032361,0.023645,0.000561,0.046789,9e-05,0.01084,0.000101,19
text_token_masking,8,online,0.077667,1.930744,2.008411,0.125568,0.015696,0.06252106764999793,943c4b4eb65e02d1192d15a5fe47c55071c1309908988aa49b1a4b218b89d926,0.000772,0.032441,0.023925,0.000471,0.0473,8e-05,0.01084,0.000101,20
text_token_masking,8,online,0.078288,1.888866,1.9671539999999998,0.122491,0.015311375,0.06226812949062453,943c4b4eb65e02d1192d15a5fe47c55071c1309908988aa49b1a4b218b89d926,0.000762,0.031279,0.023464,0.000511,0.045947,5e-05,0.010911,0.0001,21
text_token_masking,8,online,0.077907,1.899745,1.977652,0.125598,0.01569975,0.06350864560600146,943c4b4eb65e02d1192d15a5fe47c55071c1309908988aa49b1a4b218b89d926,0.000741,0.032261,0.024246,0.000451,0.046778,6e-05,0.011151,0.000101,22
text_token_masking,8,online,0.079129,1.935473,2.014602,0.133894,0.01673675,0.06646176267074093,943c4b4eb65e02d1192d15a5fe47c55071c1309908988aa49b1a4b218b89d926,0.000771,0.032873,0.024356,0.001242,0.050375,8e-05,0.011132,0.0001,23
text_token_masking,8,online,0.079069,1.898002,1.977071,0.124115,0.015514375,0.06277720931620565,943c4b4eb65e02d1192d15a5fe47c55071c1309908988aa49b1a4b218b89d926,0.000812,0.03203,0.023856,0.000511,0.046207,6e-05,0.010801,0.00012,24
text_token_masking,8,online,0.087777,1.918811,2.006588,0.13175,0.01646875,0.06565872017574112,943c4b4eb65e02d1192d15a5fe47c55071c1309908988aa49b1a4b218b89d926,0.000822,0.032962,0.024326,0.000551,0.04757,7e-05,0.010941,0.0001,25
text_token_masking,8,online,0.083888,1.972654,2.056542,0.13253,0.01656625,0.06444312831928549,943c4b4eb65e02d1192d15a5fe47c55071c1309908988aa49b1a4b218b89d926,0.000801,0.032211,0.023454,0.000491,0.053452,7e-05,0.011041,0.00012,26
text_token_masking,8,online,0.082286,1.989986,2.072272,0.127451,0.015931375,0.06150302662970885,943c4b4eb65e02d1192d15a5fe47c55071c1309908988aa49b1a4b218b89d926,0.000772,0.033523,0.024517,0.00052,0.046979,7.1e-05,0.01097,9e-05,27
text_token_masking,8,online,0.07947,1.940122,2.019592,0.12657,0.01582125,0.06267107415755262,943c4b4eb65e02d1192d15a5fe47c55071c1309908988aa49b1a4b218b89d926,0.000762,0.033693,0.023555,0.000491,0.046859,6e-05,0.01081,9e-05,28
text_token_masking,8,online,0.0794,1.930805,2.010205,0.12702,0.0158775,0.06318758534577319,943c4b4eb65e02d1192d15a5fe47c55071c1309908988aa49b1a4b218b89d926,0.000801,0.032552,0.024206,0.000531,0.04788,6e-05,0.011101,0.000131,29
text_token_masking,8,full,0.080372,1.953067,2.033439,0.148871,0.018608875,0.0732114413070665,943c4b4eb65e02d1192d15a5fe47c55071c1309908988aa49b1a4b218b89d926,0.000782,0.036659,0.024356,0.000571,0.05807,5e-05,0.010911,0.007294,0
text_token_masking,8,full,0.106842,1.995186,2.102028,0.140717,0.017589625,0.06694344699499723,943c4b4eb65e02d1192d15a5fe47c55071c1309908988aa49b1a4b218b89d926,0.000801,0.038854,0.024326,0.000561,0.0479,8.1e-05,0.011211,0.006943,1
text_token_masking,8,full,0.08453,1.915786,2.0003159999999998,0.13219,0.01652375,0.06608455863973493,943c4b4eb65e02d1192d15a5fe47c55071c1309908988aa49b1a4b218b89d926,0.000791,0.032321,0.023765,0.000461,0.04724,8e-05,0.010961,0.006782,2
text_token_masking,8,full,0.080452,1.929121,2.009573,0.133783,0.016722875,0.06657284905798397,943c4b4eb65e02d1192d15a5fe47c55071c1309908988aa49b1a4b218b89d926,0.000821,0.032882,0.024547,0.000571,0.047019,6e-05,0.011001,0.007113,3
text_token_masking,8,full,0.086003,1.998261,2.084264,0.135347,0.016918375,0.06493755109717386,943c4b4eb65e02d1192d15a5fe47c55071c1309908988aa49b1a4b218b89d926,0.000811,0.033023,0.024095,0.000511,0.048512,5e-05,0.011192,0.007203,4
text_token_masking,8,full,0.081644,1.925985,2.007629,0.132511,0.016563875,0.06600372877658173,943c4b4eb65e02d1192d15a5fe47c55071c1309908988aa49b1a4b218b89d926,0.000842,0.03189,0.023765,0.000501,0.04732,8e-05,0.011271,0.006984,5
text_token_masking,8,full,0.081003,1.884888,1.9658909999999998,0.133052,0.0166315,0.06768025287261603,943c4b4eb65e02d1192d15a5fe47c55071c1309908988aa49b1a4b218b89d926,0.000741,0.032612,0.024136,0.000501,0.047289,6e-05,0.010831,0.006963,6
text_token_masking,8,full,0.081835,1.906778,1.9886130000000002,0.132451,0.016556375,0.06660471393881062,943c4b4eb65e02d1192d15a5fe47c55071c1309908988aa49b1a4b218b89d926,0.000761,0.032371,0.023665,0.000571,0.04728,4e-05,0.011101,0.006682,7
text_token_masking,8,full,0.089198,1.903233,1.9924309999999998,0.141167,0.017645875,0.07085163802410221,943c4b4eb65e02d1192d15a5fe47c55071c1309908988aa49b1a4b218b89d926,0.000802,0.03738,0.023916,0.000501,0.04773,7e-05,0.011021,0.009758,8
text_token_masking,8,full,0.08455,1.934601,2.019151,0.13242,0.0165525,0.06558201937348916,943c4b4eb65e02d1192d15a5fe47c55071c1309908988aa49b1a4b218b89d926,0.000832,0.032541,0.023745,0.000451,0.046999,6e-05,0.010971,0.006993,9
text_token_masking,8,full,0.081885,1.943077,2.024962,0.134355,0.016794375,0.06634939322318148,943c4b4eb65e02d1192d15a5fe47c55071c1309908988aa49b1a4b218b89d926,0.000761,0.032331,0.024296,0.000571,0.048011,5e-05,0.011312,0.006913,10
text_token_masking,8,full,0.080452,1.929211,2.009663,0.132541,0.016567625,0.06595185361923864,943c4b4eb65e02d1192d15a5fe47c55071c1309908988aa49b1a4b218b89d926,0.000852,0.032351,0.024256,0.000521,0.046778,5.1e-05,0.011101,0.006873,11
text_token_masking,8,full,0.080111,1.871562,1.951673,0.131249,0.016406125,0.06724948287956026,943c4b4eb65e02d1192d15a5fe47c55071c1309908988aa49b1a4b218b89d926,0.000841,0.031821,0.023825,0.000551,0.046708,7e-05,0.010731,0.006782,12
text_token_masking,8,full,0.079159,1.957996,2.0371550000000003,0.13224,0.01653,0.06491405906767034,943c4b4eb65e02d1192d15a5fe47c55071c1309908988aa49b1a4b218b89d926,0.000792,0.03207,0.024106,0.000531,0.046779,5e-05,0.011251,0.006823,13
text_token_masking,8,full,0.079841,1.918661,1.998502,0.133313,0.016664125,0.06670646314089253,943c4b4eb65e02d1192d15a5fe47c55071c1309908988aa49b1a4b218b89d926,0.000772,0.032621,0.024086,0.000471,0.04766,6e-05,0.011061,0.006773,14
text_token_masking,8,full,0.08956,1.920986,2.010546,0.142409,0.017801125,0.07083100809431865,943c4b4eb65e02d1192d15a5fe47c55071c1309908988aa49b1a4b218b89d926,0.000841,0.033223,0.024106,0.000561,0.046828,5e-05,0.011071,0.0102,15
text_token_masking,8,full,0.08413,1.952755,2.036885,0.132882,0.01661025,0.065237850934147,943c4b4eb65e02d1192d15a5fe47c55071c1309908988aa49b1a4b218b89d926,0.000831,0.032351,0.023765,0.000481,0.04733,5e-05,0.011021,0.006963,16
text_token_masking,8,full,0.080823,1.897381,1.978204,0.130447,0.016305875,0.06594213741353268,943c4b4eb65e02d1192d15a5fe47c55071c1309908988aa49b1a4b218b89d926,0.000772,0.03205,0.023765,0.000501,0.046218,5e-05,0.01088,0.006623,17
text_token_masking,8,full,0.080131,1.883946,1.9640769999999999,0.135356,0.0169195,0.0689158317112822,943c4b4eb65e02d1192d15a5fe47c55071c1309908988aa49b1a4b218b89d926,0.000791,0.032582,0.023785,0.000551,0.047309,6e-05,0.011262,0.009438,18
text_token_masking,8,full,0.081634,1.903864,1.985498,0.133593,0.016699125,0.06728437903236366,943c4b4eb65e02d1192d15a5fe47c55071c1309908988aa49b1a4b218b89d926,0.000792,0.03192,0.024266,0.000491,0.04767,4e-05,0.011532,0.006793,19
text_token_masking,8,full,0.086284,1.93958,2.025864,0.133854,0.01673175,0.06607254978616531,943c4b4eb65e02d1192d15a5fe47c55071c1309908988aa49b1a4b218b89d926,0.000781,0.032742,0.024086,0.000541,0.04769,5e-05,0.010921,0.006983,20
text_token_masking,8,full,0.080884,1.904705,1.985589,0.131759,0.016469875,0.06635763997483869,943c4b4eb65e02d1192d15a5fe47c55071c1309908988aa49b1a4b218b89d926,0.000771,0.032341,0.023845,0.000431,0.046398,5e-05,0.011001,0.007344,21
text_token_masking,8,full,0.086083,1.890527,1.97661,0.139775,0.017471875,0.07071450614941745,943c4b4eb65e02d1192d15a5fe47c55071c1309908988aa49b1a4b218b89d926,0.000821,0.031991,0.024155,0.000461,0.05256,5e-05,0.01088,0.007254,22
text_token_masking,8,full,0.086163,2.008922,2.095085,0.133102,0.01663775,0.0635305966106387,943c4b4eb65e02d1192d15a5fe47c55071c1309908988aa49b1a4b218b89d926,0.000802,0.032451,0.024036,0.000481,0.04759,4e-05,0.011071,0.006722,23
text_token_masking,8,full,0.081264,1.941414,2.022678,0.134414,0.01680175,0.06645348394554151,943c4b4eb65e02d1192d15a5fe47c55071c1309908988aa49b1a4b218b89d926,0.000832,0.032762,0.024296,0.000531,0.0477,6e-05,0.011362,0.006883,24
text_token_masking,8,full,0.080151,1.897422,1.977573,0.131589,0.016448625,0.0665406536193607,943c4b4eb65e02d1192d15a5fe47c55071c1309908988aa49b1a4b218b89d926,0.000811,0.032371,0.023705,0.000481,0.046729,6e-05,0.011001,0.006813,25
text_token_masking,8,full,0.07928,1.920294,1.999574,0.136268,0.0170335,0.06814851563383001,943c4b4eb65e02d1192d15a5fe47c55071c1309908988aa49b1a4b218b89d926,0.000852,0.032531,0.024086,0.000561,0.047229,6e-05,0.010951,0.010119,26
text_token_masking,8,full,0.082025,1.925013,2.007038,0.132561,0.016570125,0.06604807681767859,943c4b4eb65e02d1192d15a5fe47c55071c1309908988aa49b1a4b218b89d926,0.000812,0.032041,0.024005,0.000471,0.04736,7e-05,0.01093,0.007164,27
text_token_masking,8,full,0.079801,1.929532,2.009333,0.133763,0.016720375,0.06657084714181273,943c4b4eb65e02d1192d15a5fe47c55071c1309908988aa49b1a4b218b89d926,0.000792,0.03202,0.023996,0.000531,0.04796,7e-05,0.011232,0.007093,28
text_token_masking,8,full,0.094338,1.963076,2.057414,0.136037,0.017004625,0.0661203821885143,943c4b4eb65e02d1192d15a5fe47c55071c1309908988aa49b1a4b218b89d926,0.001022,0.033513,0.024045,0.000501,0.048382,7e-05,0.011161,0.007114,29
text_token_masking,32,online,0.155725,7.362203,7.517928,0.395067,0.01234584375,0.05254998451701053,23c468d3df30a00a0c31bc234d8b9457cc58457151401cf44ce0a53df1f2e905,0.001011,0.106692,0.093818,0.000811,0.139334,8e-05,0.037301,0.00011,0
text_token_masking,32,online,0.152779,7.304946,7.457725,0.394656,0.012333,0.0529190872551616,23c468d3df30a00a0c31bc234d8b9457cc58457151401cf44ce0a53df1f2e905,0.000982,0.109567,0.092565,0.000631,0.137851,6e-05,0.039004,0.0001,1
text_token_masking,32,online,0.155074,7.383363,7.538437,0.394577,0.01233053125,0.0523420173173829,23c468d3df30a00a0c31bc234d8b9457cc58457151401cf44ce0a53df1f2e905,0.001002,0.108044,0.09482,0.000621,0.140756,8e-05,0.034916,9.1e-05,2
text_token_masking,32,online,0.143151,7.45553,7.598681,0.386391,0.01207471875,0.050849746159892746,23c468d3df30a00a0c31bc234d8b9457cc58457151401cf44ce0a53df1f2e905,0.000972,0.10551,0.092625,0.000641,0.137441,6e-05,0.034395,0.00014,3
text_token_masking,32,online,0.140386,7.216577,7.356963,0.399847,0.01249521875,0.05434946458205648,23c468d3df30a00a0c31bc234d8b9457cc58457151401cf44ce0a53df1f2e905,0.000922,0.112623,0.0953,0.000672,0.140435,7.1e-05,0.034395,0.00012,4
text_token_masking,32,online,0.145275,7.326105,7.47138,0.392183,0.01225571875,0.05249137374889244,23c468d3df30a00a0c31bc234d8b9457cc58457151401cf44ce0a53df1f2e905,0.000872,0.105119,0.098386,0.000641,0.138482,6.1e-05,0.034805,0.000101,5
text_token_masking,32,online,0.145806,7.240293,7.386099000000001,0.390809,0.01221278125,0.05291142184798769,23c468d3df30a00a0c31bc234d8b9457cc58457151401cf44ce0a53df1f2e905,0.000901,0.105831,0.093006,0.000671,0.137129,4e-05,0.039215,0.00012,6
text_token_masking,32,online,0.154232,7.420684,7.574916,0.393274,0.0122898125,0.05191793545961434,23c468d3df30a00a0c31bc234d8b9457cc58457151401cf44ce0a53df1f2e905,0.000911,0.11057,0.094619,0.000681,0.13756,5e-05,0.034656,0.00015,7
text_token_masking,32,online,0.150736,10.537492,10.688228,0.592181,0.01850565625,0.055404974519630376,23c468d3df30a00a0c31bc234d8b9457cc58457151401cf44ce0a53df1f2e905,0.003196,0.160774,0.120588,0.002094,0.197123,0.000251,0.054303,0.00046,8
text_token_masking,32,online,0.204247,8.561272,8.765519000000001,0.490929,0.01534153125,0.05600683770122453,23c468d3df30a00a0c31bc234d8b9457cc58457151401cf44ce0a53df1f2e905,0.001854,0.134534,0.109848,0.000992,0.170423,7e-05,0.044274,0.00024,9
text_token_masking,32,online,0.184359,8.499897,8.684256000000001,0.488023,0.01525071875,0.05619629361455949,23c468d3df30a00a0c31bc234d8b9457cc58457151401cf44ce0a53df1f2e905,0.001533,0.134365,0.110869,0.001032,0.169772,0.0001,0.043392,0.00017,10
text_token_masking,32,online,0.178708,8.397944,8.576652000000001,0.477153,0.01491103125,0.055633946672897526,23c468d3df30a00a0c31bc234d8b9457cc58457151401cf44ce0a53df1f2e905,0.001462,0.130748,0.109136,0.000982,0.166565,6e-05,0.043322,0.000151,11
text_token_masking,32,online,0.170403,8.880126,9.050529000000001,0.508513,0.01589103125,0.05618599752566949,23c468d3df30a00a0c31bc234d8b9457cc58457151401cf44ce0a53df1f2e905,0.002194,0.146126,0.109798,0.001102,0.173839,7e-05,0.043673,0.00018,12
text_token_masking,32,online,0.174731,8.307673,8.482403999999999,0.419293,0.01310290625,0.049430916046913125,23c468d3df30a00a0c31bc234d8b9457cc58457151401cf44ce0a53df1f2e905,0.002114,0.114016,0.098417,0.000651,0.143642,8e-05,0.03691,0.00016,13
text_token_masking,32,online,0.147499,7.277593,7.425092,0.414665,0.01295828125,0.05584644607770516,23c468d3df30a00a0c31bc234d8b9457cc58457151401cf44ce0a53df1f2e905,0.001162,0.111451,0.09509,0.000701,0.14788,6e-05,0.036549,0.000481,14
text_token_masking,32,online,0.163179,7.483744,7.646923,0.423872,0.013246,0.05543039991379539,23c468d3df30a00a0c31bc234d8b9457cc58457151401cf44ce0a53df1f2e905,0.001302,0.11633,0.095812,0.000871,0.149744,9e-05,0.036609,0.000251,15
text_token_masking,32,online,0.156106,7.342687,7.498793,0.433279,0.01353996875,0.05777983203430206,23c468d3df30a00a0c31bc234d8b9457cc58457151401cf44ce0a53df1f2e905,0.001543,0.118043,0.095711,0.000952,0.152739,5e-05,0.038182,0.000161,16
text_token_masking,32,online,0.159913,7.755598,7.915511,0.441134,0.0137854375,0.05573032492785368,23c468d3df30a00a0c31bc234d8b9457cc58457151401cf44ce0a53df1f2e905,0.001793,0.122091,0.097254,0.001002,0.150405,8e-05,0.038603,0.00016,17
text_token_masking,32,online,0.16338,7.501978,7.665358,0.429182,0.0134119375,0.05598981808807886,23c468d3df30a00a0c31bc234d8b9457cc58457151401cf44ce0a53df1f2e905,0.001914,0.118624,0.095571,0.000641,0.149724,7e-05,0.038433,0.00017,18
text_token_masking,32,online,0.159151,7.652684,7.811834999999999,0.427709,0.01336590625,0.05475141244022692,23c468d3df30a00a0c31bc234d8b9457cc58457151401cf44ce0a53df1f2e905,0.001373,0.117492,0.095361,0.001272,0.14801,5e-05,0.038603,0.000161,19
text_token_masking,32,online,0.169301,7.68841,7.857711,0.435545,0.01361078125,0.05542899197997992,23c468d3df30a00a0c31bc234d8b9457cc58457151401cf44ce0a53df1f2e905,0.001834,0.116851,0.097264,0.000792,0.154432,6e-05,0.039104,0.00023,20
text_token_masking,32,online,0.165002,8.477685,8.642686999999999,0.449,0.01403125,0.051951435936532245,23c468d3df30a00a0c31bc234d8b9457cc58457151401cf44ce0a53df1f2e905,0.001814,0.122382,0.101732,0.001002,0.152268,6e-05,0.039745,0.000151,21
text_token_masking,32,online,0.166896,7.648535,7.815431,0.431216,0.0134755,0.055174948125061817,23c468d3df30a00a0c31bc234d8b9457cc58457151401cf44ce0a53df1f2e905,0.001532,0.118966,0.099708,0.001002,0.146918,7.1e-05,0.038733,0.00021,22
text_token_masking,32,online,0.154292,7.335553,7.489845,0.42237,0.0131990625,0.05639235524900716,23c468d3df30a00a0c31bc234d8b9457cc58457151401cf44ce0a53df1f2e905,0.001283,0.123283,0.09474,0.000651,0.144994,8e-05,0.037982,9e-05,23
text_token_masking,32,online,0.149563,7.478844,7.628406999999999,0.405247,0.01266396875,0.053123410955917806,23c468d3df30a00a0c31bc234d8b9457cc58457151401cf44ce0a53df1f2e905,0.001052,0.11624,0.093286,0.000661,0.141859,5e-05,0.035647,0.000131,24
text_token_masking,32,online,0.155624,7.247998,7.403622,0.394857,0.01233928125,0.05333294973730426,23c468d3df30a00a0c31bc234d8b9457cc58457151401cf44ce0a53df1f2e905,0.000932,0.107233,0.098576,0.000722,0.137249,7.1e-05,0.035206,0.00011,25
text_token_masking,32,online,0.144394,7.328309,7.472703,0.405487,0.01267146875,0.05426242686214078,23c468d3df30a00a0c31bc234d8b9457cc58457151401cf44ce0a53df1f2e905,0.001152,0.109778,0.09487,0.000741,0.147028,4e-05,0.035427,0.000241,26
text_token_masking,32,online,0.152077,7.604442,7.756519,0.429323,0.01341634375,0.0553499578870367,23c468d3df30a00a0c31bc234d8b9457cc58457151401cf44ce0a53df1f2e905,0.001573,0.123244,0.094859,0.000892,0.146327,5e-05,0.037701,0.000261,27
text_token_masking,32,online,0.1534,7.318951,7.472351000000001,0.414134,0.0129416875,0.05542218238945146,23c468d3df30a00a0c31bc234d8b9457cc58457151401cf44ce0a53df1f2e905,0.001122,0.112272,0.099699,0.000661,0.143412,6e-05,0.037371,0.00018,28
text_token_masking,32,online,0.147379,7.372333,7.519712,0.412811,0.01290034375,0.05489718223251103,23c468d3df30a00a0c31bc234d8b9457cc58457151401cf44ce0a53df1f2e905,0.001092,0.111661,0.095541,0.000761,0.148561,7.1e-05,0.036368,0.000181,29
text_token_masking,32,full,0.142059,7.309353,7.4514119999999995,0.411409,0.01285653125,0.055212220180551025,23c468d3df30a00a0c31bc234d8b9457cc58457151401cf44ce0a53df1f2e905,0.000922,0.106582,0.093016,0.000651,0.139674,8.1e-05,0.034916,0.02116,0
text_token_masking,32,full,0.144583,7.552514,7.697097,0.413613,0.01292540625,0.053736233283795176,23c468d3df30a00a0c31bc234d8b9457cc58457151401cf44ce0a53df1f2e905,0.000992,0.106311,0.093888,0.000641,0.140336,6e-05,0.034986,0.02112,1
text_token_masking,32,full,0.144433,7.234733,7.379166000000001,0.417991,0.01306221875,0.0566447482005419,23c468d3df30a00a0c31bc234d8b9457cc58457151401cf44ce0a53df1f2e905,0.000952,0.112723,0.094399,0.000671,0.138903,6e-05,0.034656,0.021019,2
text_token_masking,32,full,0.144784,7.400636,7.54542,0.415036,0.012969875,0.055005022914562746,23c468d3df30a00a0c31bc234d8b9457cc58457151401cf44ce0a53df1f2e905,0.000892,0.109898,0.09542,0.000742,0.13756,8e-05,0.035047,0.02118,3
text_token_masking,32,full,0.154312,7.483743,7.638055,0.418813,0.01308790625,0.0548324147966989,23c468d3df30a00a0c31bc234d8b9457cc58457151401cf44ce0a53df1f2e905,0.000932,0.112473,0.094449,0.000681,0.139564,5e-05,0.034987,0.020909,4
text_token_masking,32,full,0.146828,7.358937,7.505765,0.423421,0.01323190625,0.056412770716908936,23c468d3df30a00a0c31bc234d8b9457cc58457151401cf44ce0a53df1f2e905,0.001012,0.113685,0.096593,0.000691,0.139965,5e-05,0.035598,0.02128,5
text_token_masking,32,full,0.151296,7.557754,7.70905,0.415005,0.01296890625,0.05383348142767267,23c468d3df30a00a0c31bc234d8b9457cc58457151401cf44ce0a53df1f2e905,0.000992,0.106862,0.093076,0.000701,0.138402,6e-05,0.035177,0.024817,6
text_token_masking,32,full,0.146668,7.300977,7.447645,0.428822,0.0134006875,0.05757820089437668,23c468d3df30a00a0c31bc234d8b9457cc58457151401cf44ce0a53df1f2e905,0.001022,0.124906,0.091383,0.000692,0.13764,8e-05,0.035057,0.023654,7
text_token_masking,32,full,0.147098,7.319653,7.4667509999999995,0.418762,0.0130863125,0.05608356298475737,23c468d3df30a00a0c31bc234d8b9457cc58457151401cf44ce0a53df1f2e905,0.001052,0.108014,0.10029,0.000641,0.138923,8e-05,0.034646,0.020889,8
text_token_masking,32,full,0.14803,7.509021,7.657051,0.414515,0.01295359375,0.054135071060647244,23c468d3df30a00a0c31bc234d8b9457cc58457151401cf44ce0a53df1f2e905,0.000962,0.111,0.092505,0.000672,0.138472,6e-05,0.034305,0.0215,9
text_token_masking,32,full,0.146808,7.219283,7.366091,0.426096,0.0133155,0.05784560630597694,23c468d3df30a00a0c31bc234d8b9457cc58457151401cf44ce0a53df1f2e905,0.000972,0.105199,0.092645,0.000601,0.155224,6e-05,0.035257,0.021691,10
text_token_masking,32,full,0.146658,7.512027,7.658685,0.425064,0.01328325,0.05550091171003899,23c468d3df30a00a0c31bc234d8b9457cc58457151401cf44ce0a53df1f2e905,0.001022,0.106041,0.093898,0.000641,0.152178,8e-05,0.035096,0.021782,11
text_token_masking,32,full,0.165282,7.260311,7.425593,0.409335,0.01279171875,0.0551248903622916,23c468d3df30a00a0c31bc234d8b9457cc58457151401cf44ce0a53df1f2e905,0.000942,0.104498,0.092555,0.000681,0.136338,6.1e-05,0.039334,0.020859,12
text_token_masking,32,full,0.145055,7.528037,7.6730920000000005,0.442157,0.01381740625,0.057624357951136254,23c468d3df30a00a0c31bc234d8b9457cc58457151401cf44ce0a53df1f2e905,0.001393,0.111511,0.095511,0.000811,0.152078,0.00014,0.037301,0.023905,13
text_token_masking,32,full,0.157348,7.462563,7.619911,0.443359,0.01385496875,0.05818427538064421,23c468d3df30a00a0c31bc234d8b9457cc58457151401cf44ce0a53df1f2e905,0.001513,0.113615,0.101672,0.000782,0.144183,8e-05,0.036759,0.023485,14
text_token_masking,32,full,0.150254,7.300997,7.451251,0.42791,0.0133721875,0.057427940623661716,23c468d3df30a00a0c31bc234d8b9457cc58457151401cf44ce0a53df1f2e905,0.001153,0.107563,0.092375,0.000661,0.146037,5e-05,0.035717,0.025899,15
text_token_masking,32,full,0.149002,7.378705,7.527707,0.425234,0.0132885625,0.05648918056986012,23c468d3df30a00a0c31bc234d8b9457cc58457151401cf44ce0a53df1f2e905,0.001012,0.11108,0.093287,0.000661,0.145085,7e-05,0.035016,0.022954,16
text_token_masking,32,full,0.147219,7.294325,7.4415439999999995,0.411869,0.01287090625,0.05534725051682823,23c468d3df30a00a0c31bc234d8b9457cc58457151401cf44ce0a53df1f2e905,0.001022,0.106722,0.093998,0.000701,0.13754,6e-05,0.034976,0.022393,17
text_token_masking,32,full,0.153831,7.304665,7.458496,0.411138,0.0128480625,0.05512344579926033,23c468d3df30a00a0c31bc234d8b9457cc58457151401cf44ce0a53df1f2e905,0.001042,0.106501,0.093918,0.000661,0.138332,8e-05,0.034806,0.021411,18
text_token_masking,32,full,0.14259,7.448998,7.591588,0.416678,0.0130211875,0.05488680365688971,23c468d3df30a00a0c31bc234d8b9457cc58457151401cf44ce0a53df1f2e905,0.001012,0.106952,0.093397,0.000741,0.139174,6e-05,0.035046,0.025428,19
text_token_masking,32,full,0.147188,7.335894,7.483082,0.405838,0.0126824375,0.05423407093494365,23c468d3df30a00a0c31bc234d8b9457cc58457151401cf44ce0a53df1f2e905,0.000982,0.105039,0.092405,0.000641,0.137039,5e-05,0.034305,0.02074,20
text_token_masking,32,full,0.1481,7.345933,7.494033,0.428861,0.01340190625,0.05722699646505426,23c468d3df30a00a0c31bc234d8b9457cc58457151401cf44ce0a53df1f2e905,0.000872,0.104909,0.101852,0.000712,0.149954,8e-05,0.034916,0.02118,21
text_token_masking,32,full,0.153971,7.356503,7.510474,0.409375,0.01279296875,0.054507212194596505,23c468d3df30a00a0c31bc234d8b9457cc58457151401cf44ce0a53df1f2e905,0.000912,0.10583,0.093948,0.000651,0.138713,6e-05,0.034485,0.020659,22
text_token_masking,32,full,0.141538,7.203994,7.3455319999999995,0.420025,0.01312578125,0.05718101833876702,23c468d3df30a00a0c31bc234d8b9457cc58457151401cf44ce0a53df1f2e905,0.000911,0.111962,0.093587,0.000712,0.14271,7e-05,0.034686,0.02116,23
text_token_masking,32,full,0.142821,7.879061,8.021882,0.425606,0.0133001875,0.05305562958916623,23c468d3df30a00a0c31bc234d8b9457cc58457151401cf44ce0a53df1f2e905,0.001232,0.110589,0.093738,0.000942,0.144563,9e-05,0.035287,0.021741,24
text_token_masking,32,full,0.151437,7.475578,7.627014999999999,0.428732,0.013397875,0.056212292751489285,23c468d3df30a00a0c31bc234d8b9457cc58457151401cf44ce0a53df1f2e905,0.001232,0.11071,0.09512,0.000711,0.144393,6.1e-05,0.036328,0.021862,25
text_token_masking,32,full,0.154221,7.628578,7.782799,0.458528,0.014329,0.058915564952917325,23c468d3df30a00a0c31bc234d8b9457cc58457151401cf44ce0a53df1f2e905,0.003286,0.123644,0.09487,0.000721,0.14801,5e-05,0.038112,0.023114,26
text_token_masking,32,full,0.162398,7.48752,7.6499179999999996,0.438921,0.01371628125,0.05737590912739196,23c468d3df30a00a0c31bc234d8b9457cc58457151401cf44ce0a53df1f2e905,0.001183,0.110158,0.093938,0.000882,0.153189,7.1e-05,0.036579,0.023284,27
text_token_masking,32,full,0.155985,7.629269,7.785254,0.447346,0.0139795625,0.0574606814369833,23c468d3df30a00a0c31bc234d8b9457cc58457151401cf44ce0a53df1f2e905,0.001212,0.120538,0.096172,0.000762,0.14798,5e-05,0.036559,0.023575,28
text_token_masking,32,full,0.150795,7.593522,7.744317000000001,0.4438,0.01386875,0.05730653845910491,23c468d3df30a00a0c31bc234d8b9457cc58457151401cf44ce0a53df1f2e905,0.001382,0.11602,0.09538,0.001002,0.145776,7e-05,0.038092,0.023905,29
