incident_id,repository,variant,status,available,unavailable_reason,candidate_recall_at_5,candidate_recall_at_10,candidate_recall_at_20,reciprocal_rank,file_hit_at_3,symbol_hit_at_3,contract_correct,gold_contracts,predicted_contract,joint_hit_at_3,coverage,false_localization,candidate_count,context_lines,search_space_reduction,runtime_ms,evidence_request_count,route,top_k_signature,trajectory,evidence_requests
bugsinpy-fastapi-13,tiangolo/fastapi,R0,DIAGNOSIS_CANDIDATES,True,,1.0,1.0,1.0,0.3333333333333333,1.0,1.0,0.0,"[""CONFIGURATION""]",UNKNOWN_CONTRACT,0.0,1.0,0.0,20,20,0.976905311778291,0.0,0,DATAFLOW_ASSERTION,"[""class:fastapi/applications.py::FastAPI"",""class:fastapi/routing.py::APIRoute"",""class:fastapi/routing.py::APIRouter"",""class:fastapi/openapi/models.py::Components"",""function:fastapi/openapi/utils.py::get_openapi_path"",""function:fastapi/routing.py::APIRoute.__init__"",""function:fastapi/routing.py::APIRouter.add_api_route"",""function:fastapi/routing.py::APIRouter.include_router"",""function:fastapi/applications.py::FastAPI.__init__"",""function:fastapi/applications.py::FastAPI.include_router""]",[],[]
bugsinpy-fastapi-13,tiangolo/fastapi,R1,DIAGNOSIS_CANDIDATES,True,,0.0,1.0,1.0,0.14285714285714285,0.0,0.0,0.0,"[""CONFIGURATION""]",UNKNOWN_CONTRACT,0.0,1.0,0.0,20,20,0.976905311778291,0.0,0,DATAFLOW_ASSERTION,"[""file:tests/test_additional_responses_router.py"",""class:fastapi/openapi/models.py::APIKey"",""function:fastapi/routing.py::APIRouter.get"",""function:fastapi/applications.py::FastAPI.include_router"",""function:fastapi/applications.py::FastAPI.__init__"",""function:fastapi/routing.py::APIRouter.add_api_route"",""function:fastapi/routing.py::APIRouter.include_router"",""function:fastapi/routing.py::APIRoute.__init__"",""function:fastapi/dependencies/utils.py::get_dependant"",""function:fastapi/dependencies/utils.py::get_body_field""]",[],[]
bugsinpy-fastapi-13,tiangolo/fastapi,R3,DIAGNOSIS_CANDIDATES,True,,0.0,1.0,1.0,0.125,0.0,0.0,0.0,"[""CONFIGURATION""]",UNKNOWN_CONTRACT,0.0,1.0,0.0,20,20,0.976905311778291,0.0,0,DATAFLOW_ASSERTION,"[""file:tests/test_additional_responses_router.py"",""function:fastapi/routing.py::APIRouter.get"",""function:fastapi/routing.py::APIRouter.api_route.decorator"",""function:fastapi/applications.py::FastAPI.__init__"",""function:fastapi/applications.py::FastAPI.include_router"",""function:fastapi/routing.py::APIRouter.add_api_route"",""function:fastapi/routing.py::APIRouter.api_route"",""function:fastapi/routing.py::APIRouter.include_router"",""function:fastapi/routing.py::APIRoute.__init__"",""function:fastapi/applications.py::FastAPI.setup""]",[],[]
bugsinpy-fastapi-13,tiangolo/fastapi,R5,DIAGNOSIS_CANDIDATES,True,,0.0,1.0,1.0,0.125,0.0,0.0,0.0,"[""CONFIGURATION""]",UNKNOWN_CONTRACT,0.0,1.0,0.0,20,20,0.976905311778291,0.0,0,DATAFLOW_ASSERTION,"[""file:tests/test_additional_responses_router.py"",""function:fastapi/routing.py::APIRouter.get"",""function:fastapi/routing.py::APIRouter.api_route.decorator"",""function:fastapi/applications.py::FastAPI.__init__"",""function:fastapi/applications.py::FastAPI.include_router"",""function:fastapi/routing.py::APIRouter.add_api_route"",""function:fastapi/routing.py::APIRouter.api_route"",""function:fastapi/routing.py::APIRouter.include_router"",""function:fastapi/routing.py::APIRoute.__init__"",""function:fastapi/applications.py::FastAPI.setup""]",[],[]
bugsinpy-fastapi-13,tiangolo/fastapi,R6,DIAGNOSIS_CANDIDATES,True,,0.0,1.0,1.0,0.125,0.0,0.0,0.0,"[""CONFIGURATION""]",UNKNOWN_CONTRACT,0.0,1.0,0.0,20,20,0.976905311778291,0.0,1,DATAFLOW_ASSERTION,"[""file:tests/test_additional_responses_router.py"",""function:fastapi/routing.py::APIRouter.get"",""function:fastapi/routing.py::APIRouter.api_route.decorator"",""function:fastapi/applications.py::FastAPI.__init__"",""function:fastapi/applications.py::FastAPI.include_router"",""function:fastapi/routing.py::APIRouter.add_api_route"",""function:fastapi/routing.py::APIRouter.api_route"",""function:fastapi/routing.py::APIRouter.include_router"",""function:fastapi/routing.py::APIRoute.__init__"",""function:fastapi/applications.py::FastAPI.setup""]",[],"[{""command"": [""python"", ""-m"", ""pytest"", ""tests/test_additional_responses_router.py::test_openapi_schema"", ""-x"", ""-vv"", ""--showlocals""], ""distinguished_hypotheses"": [""file:tests/test_additional_responses_router.py"", ""function:fastapi/routing.py::APIRouter.get"", ""function:fastapi/routing.py::APIRouter.api_route.decorator""], ""estimated_cost"": 1.0, ""expected_observation"": ""runtime types and values at the top candidate frames"", ""safety_level"": ""READ_ONLY_TEST_EXECUTION"", ""timeout_seconds"": 300, ""utility"": 3.149459135950636}]"
bugsinpy-tornado-16,tornadoweb/tornado,R0,DIAGNOSIS_CANDIDATES,True,,0.0,0.0,0.0,0.0,0.0,0.0,0.0,"[""CONFIGURATION""]",UNKNOWN_CONTRACT,0.0,1.0,0.0,20,20,0.9935296020705273,0.0,0,EXECUTED_SLICE_GRAPH,"[""class:tornado/ioloop.py::PollIOLoop"",""file:tornado/__init__.py"",""class:tornado/concurrent.py::DummyExecutor"",""class:tornado/concurrent.py::Future"",""function:tornado/concurrent.py::Future.__init__"",""function:tornado/concurrent.py::Future._clear_tb_log"",""function:tornado/concurrent.py::Future._set_done"",""function:tornado/concurrent.py::Future.add_done_callback"",""function:tornado/concurrent.py::Future.done"",""function:tornado/concurrent.py::Future.result""]",[],[]
bugsinpy-tornado-16,tornadoweb/tornado,R1,DIAGNOSIS_CANDIDATES,True,,0.0,0.0,0.0,0.0,0.0,0.0,0.0,"[""CONFIGURATION""]",UNKNOWN_CONTRACT,0.0,1.0,0.0,20,20,0.9935296020705273,0.0,0,EXECUTED_SLICE_GRAPH,"[""function:tornado/ioloop.py::IOLoop.run_sync"",""function:tornado/concurrent.py::Future.result"",""function:tornado/gen.py::Runner.run"",""function:tornado/concurrent.py::Future.set_exc_info"",""function:tornado/ioloop.py::IOLoop.start"",""function:tornado/ioloop.py::IOLoop.current"",""function:tornado/concurrent.py::Future.add_done_callback"",""function:tornado/stack_context.py::wrap.wrapped"",""function:tornado/gen.py::Runner.handle_yield"",""class:tornado/gen.py::BadYieldError""]",[],[]
bugsinpy-tornado-16,tornadoweb/tornado,R3,DIAGNOSIS_CANDIDATES,True,,0.0,0.0,1.0,0.08333333333333333,0.0,0.0,0.0,"[""CONFIGURATION""]",UNKNOWN_CONTRACT,0.0,1.0,0.0,20,20,0.9935296020705273,0.0,0,EXECUTED_SLICE_GRAPH,"[""function:tornado/ioloop.py::IOLoop.run_sync"",""function:tornado/concurrent.py::Future.result"",""function:tornado/gen.py::Runner.run"",""function:tornado/testing.py::_TestMethodWrapper.__call__"",""function:tornado/testing.py::gen_test.wrap.post_coroutine"",""function:tornado/concurrent.py::Future.set_exc_info"",""function:tornado/ioloop.py::IOLoop.start"",""function:tornado/concurrent.py::Future._clear_tb_log"",""function:tornado/concurrent.py::Future.done"",""function:tornado/gen.py::Callback.__init__""]",[],[]
bugsinpy-tornado-16,tornadoweb/tornado,R5,DIAGNOSIS_CANDIDATES,True,,0.0,0.0,1.0,0.08333333333333333,0.0,0.0,0.0,"[""CONFIGURATION""]",UNKNOWN_CONTRACT,0.0,1.0,0.0,20,20,0.9935296020705273,0.0,0,EXECUTED_SLICE_GRAPH,"[""function:tornado/ioloop.py::IOLoop.run_sync"",""function:tornado/concurrent.py::Future.result"",""function:tornado/gen.py::Runner.run"",""function:tornado/testing.py::_TestMethodWrapper.__call__"",""function:tornado/testing.py::gen_test.wrap.post_coroutine"",""function:tornado/concurrent.py::Future.set_exc_info"",""function:tornado/ioloop.py::IOLoop.start"",""function:tornado/concurrent.py::Future._clear_tb_log"",""function:tornado/concurrent.py::Future.done"",""function:tornado/gen.py::Callback.__init__""]",[],[]
bugsinpy-tornado-16,tornadoweb/tornado,R6,DIAGNOSIS_CANDIDATES,True,,0.0,0.0,1.0,0.08333333333333333,0.0,0.0,0.0,"[""CONFIGURATION""]",UNKNOWN_CONTRACT,0.0,1.0,0.0,20,20,0.9935296020705273,0.0,1,EXECUTED_SLICE_GRAPH,"[""function:tornado/ioloop.py::IOLoop.run_sync"",""function:tornado/concurrent.py::Future.result"",""function:tornado/gen.py::Runner.run"",""function:tornado/testing.py::_TestMethodWrapper.__call__"",""function:tornado/testing.py::gen_test.wrap.post_coroutine"",""function:tornado/concurrent.py::Future.set_exc_info"",""function:tornado/ioloop.py::IOLoop.start"",""function:tornado/concurrent.py::Future._clear_tb_log"",""function:tornado/concurrent.py::Future.done"",""function:tornado/gen.py::Callback.__init__""]",[],"[{""command"": [""python"", ""-m"", ""pytest"", ""tornado/test/gen_test.py"", ""-x"", ""-vv"", ""--showlocals""], ""distinguished_hypotheses"": [""function:tornado/ioloop.py::IOLoop.run_sync"", ""function:tornado/concurrent.py::Future.result"", ""function:tornado/gen.py::Runner.run""], ""estimated_cost"": 1.0, ""expected_observation"": ""runtime types and values at the top candidate frames"", ""safety_level"": ""READ_ONLY_TEST_EXECUTION"", ""timeout_seconds"": 300, ""utility"": 3.2958306912928452}]"
bugsinpy-black-18,psf/black,R0,DIAGNOSIS_CANDIDATES,True,,1.0,1.0,1.0,1.0,1.0,1.0,0.0,"[""CONFIGURATION""]",UNKNOWN_CONTRACT,0.0,1.0,0.0,20,20,0.9652777777777778,0.0,0,EXECUTED_SLICE_GRAPH,"[""function:black.py::lib2to3_parse"",""function:black.py::EmptyLineTracker.maybe_empty_lines"",""function:black.py::get_future_imports"",""function:black.py::is_python36"",""function:black.py::split_line"",""function:blib2to3/pgen2/driver.py::Driver.parse_string"",""function:blib2to3/pgen2/tokenize.py::generate_tokens"",""class:blib2to3/pgen2/driver.py::Driver"",""function:blib2to3/pytree.py::Base.changed"",""function:black.py::EmptyLineTracker._maybe_empty_lines""]",[],[]
bugsinpy-black-18,psf/black,R1,DIAGNOSIS_CANDIDATES,True,,1.0,1.0,1.0,0.5,1.0,1.0,0.0,"[""CONFIGURATION""]",UNKNOWN_CONTRACT,0.0,1.0,0.0,20,20,0.9652777777777778,0.0,0,EXECUTED_SLICE_GRAPH,"[""function:black.py::format_str"",""function:black.py::lib2to3_parse"",""function:black.py::LineGenerator.visit"",""function:black.py::split_line"",""class:black.py::BracketTracker"",""function:black.py::Line.__str__"",""function:black.py::DebugVisitor.visit_default"",""function:black.py::EmptyLineTracker._maybe_empty_lines"",""function:blib2to3/pgen2/tokenize.py::generate_tokens"",""function:black.py::Line.__bool__""]",[],[]
bugsinpy-black-18,psf/black,R3,DIAGNOSIS_CANDIDATES,True,,1.0,1.0,1.0,1.0,1.0,1.0,0.0,"[""CONFIGURATION""]",UNKNOWN_CONTRACT,0.0,1.0,0.0,20,20,0.9652777777777778,0.0,0,EXECUTED_SLICE_GRAPH,"[""function:black.py::format_file_in_place"",""function:black.py::format_file_contents"",""function:black.py::format_str"",""function:black.py::LineGenerator.visit"",""function:black.py::lib2to3_parse"",""function:black.py::Line.__bool__"",""function:black.py::split_line"",""function:black.py::Line.__str__"",""function:black.py::DebugVisitor.visit_default"",""function:black.py::EmptyLineTracker._maybe_empty_lines""]",[],[]
bugsinpy-black-18,psf/black,R5,DIAGNOSIS_CANDIDATES,True,,1.0,1.0,1.0,1.0,1.0,1.0,0.0,"[""CONFIGURATION""]",UNKNOWN_CONTRACT,0.0,1.0,0.0,20,20,0.9652777777777778,0.0,0,EXECUTED_SLICE_GRAPH,"[""function:black.py::format_file_in_place"",""function:black.py::format_file_contents"",""function:black.py::format_str"",""function:black.py::LineGenerator.visit"",""function:black.py::lib2to3_parse"",""function:black.py::Line.__bool__"",""function:black.py::split_line"",""function:black.py::Line.__str__"",""function:black.py::DebugVisitor.visit_default"",""function:black.py::EmptyLineTracker._maybe_empty_lines""]",[],[]
bugsinpy-black-18,psf/black,R6,DIAGNOSIS_CANDIDATES,True,,1.0,1.0,1.0,1.0,1.0,1.0,0.0,"[""CONFIGURATION""]",UNKNOWN_CONTRACT,0.0,1.0,0.0,20,20,0.9652777777777778,0.0,1,EXECUTED_SLICE_GRAPH,"[""function:black.py::format_file_in_place"",""function:black.py::format_file_contents"",""function:black.py::format_str"",""function:black.py::LineGenerator.visit"",""function:black.py::lib2to3_parse"",""function:black.py::Line.__bool__"",""function:black.py::split_line"",""function:black.py::Line.__str__"",""function:black.py::DebugVisitor.visit_default"",""function:black.py::EmptyLineTracker._maybe_empty_lines""]",[],"[{""command"": [""python"", ""-m"", ""pytest"", ""tests/test_black.py"", ""-x"", ""-vv"", ""--showlocals""], ""distinguished_hypotheses"": [""function:black.py::format_file_in_place"", ""function:black.py::format_file_contents"", ""function:black.py::format_str""], ""estimated_cost"": 1.0, ""expected_observation"": ""runtime types and values at the top candidate frames"", ""safety_level"": ""READ_ONLY_TEST_EXECUTION"", ""timeout_seconds"": 300, ""utility"": 3.295162586277297}]"
bugsinpy-thefuck-24,nvbn/thefuck,R0,DIAGNOSIS_CONFIRMED,True,,1.0,1.0,1.0,0.5,1.0,1.0,1.0,"[""DATA_CONTRACT""]",DATA_CONTRACT,1.0,1.0,0.0,6,6,0.9894551845342706,0.0,0,GLOBAL_MULTI_OBLIGATION,"[""class:thefuck/conf.py::_DefaultRulesNames"",""class:thefuck/types.py::SortedCorrectedCommandsSequence"",""file:thefuck/__init__.py"",""file:thefuck/logs.py"",""class:thefuck/types.py::RulesNamesList"",""class:thefuck/types.py::Settings""]",[],[]
bugsinpy-thefuck-24,nvbn/thefuck,R1,DIAGNOSIS_CONFIRMED,True,,0.0,1.0,1.0,0.16666666666666666,0.0,0.0,1.0,"[""DATA_CONTRACT""]",DATA_CONTRACT,0.0,1.0,1.0,20,20,0.9648506151142355,0.0,0,GLOBAL_MULTI_OBLIGATION,"[""class:tests/test_types.py::TestCorrectedCommand"",""file:thefuck/__init__.py"",""file:thefuck/logs.py"",""class:thefuck/conf.py::_DefaultRulesNames"",""class:thefuck/types.py::RulesNamesList"",""class:thefuck/types.py::SortedCorrectedCommandsSequence"",""class:thefuck/types.py::Settings"",""class:tests/test_types.py::TestSortedCorrectedCommandsSequence"",""file:tests/__init__.py"",""file:tests/conftest.py""]",[],[]
bugsinpy-thefuck-24,nvbn/thefuck,R3,DIAGNOSIS_CONFIRMED,True,,1.0,1.0,1.0,0.3333333333333333,1.0,1.0,1.0,"[""DATA_CONTRACT""]",DATA_CONTRACT,1.0,1.0,0.0,20,20,0.9648506151142355,0.0,0,GLOBAL_MULTI_OBLIGATION,"[""class:tests/test_types.py::TestCorrectedCommand"",""file:thefuck/__init__.py"",""class:thefuck/types.py::SortedCorrectedCommandsSequence"",""file:thefuck/logs.py"",""class:thefuck/conf.py::_DefaultRulesNames"",""class:thefuck/types.py::RulesNamesList"",""class:thefuck/types.py::Settings"",""class:tests/test_types.py::TestSortedCorrectedCommandsSequence"",""function:tests/utils.py::CorrectedCommand"",""file:tests/__init__.py""]",[],[]
bugsinpy-thefuck-24,nvbn/thefuck,R5,DIAGNOSIS_CONFIRMED,True,,1.0,1.0,1.0,0.3333333333333333,1.0,1.0,1.0,"[""DATA_CONTRACT""]",DATA_CONTRACT,1.0,1.0,0.0,20,20,0.9648506151142355,0.0,0,GLOBAL_MULTI_OBLIGATION,"[""class:tests/test_types.py::TestCorrectedCommand"",""file:thefuck/__init__.py"",""class:thefuck/types.py::SortedCorrectedCommandsSequence"",""file:thefuck/logs.py"",""class:thefuck/conf.py::_DefaultRulesNames"",""class:thefuck/types.py::RulesNamesList"",""class:thefuck/types.py::Settings"",""class:tests/test_types.py::TestSortedCorrectedCommandsSequence"",""function:tests/utils.py::CorrectedCommand"",""file:tests/__init__.py""]",[],[]
bugsinpy-thefuck-24,nvbn/thefuck,R6,DIAGNOSIS_CONFIRMED,True,,1.0,1.0,1.0,0.3333333333333333,1.0,1.0,1.0,"[""DATA_CONTRACT""]",DATA_CONTRACT,1.0,1.0,0.0,20,20,0.9648506151142355,0.0,1,GLOBAL_MULTI_OBLIGATION,"[""class:tests/test_types.py::TestCorrectedCommand"",""file:thefuck/__init__.py"",""class:thefuck/types.py::SortedCorrectedCommandsSequence"",""file:thefuck/logs.py"",""class:thefuck/conf.py::_DefaultRulesNames"",""class:thefuck/types.py::RulesNamesList"",""class:thefuck/types.py::Settings"",""class:tests/test_types.py::TestSortedCorrectedCommandsSequence"",""function:tests/utils.py::CorrectedCommand"",""file:tests/__init__.py""]",[],"[{""command"": [""python"", ""-m"", ""pytest"", ""tests/test_types.py::TestCorrectedCommand::test_equality"", ""-x"", ""-vv"", ""--showlocals""], ""distinguished_hypotheses"": [""class:tests/test_types.py::TestCorrectedCommand"", ""file:thefuck/__init__.py"", ""class:thefuck/types.py::SortedCorrectedCommandsSequence""], ""estimated_cost"": 1.0, ""expected_observation"": ""runtime types and values at the top candidate frames"", ""safety_level"": ""READ_ONLY_TEST_EXECUTION"", ""timeout_seconds"": 300, ""utility"": 2.9554314744079564}]"
bugsinpy-youtube-dl-13,ytdl-org/youtube-dl,R0,DIAGNOSIS_CONFIRMED,True,,0.0,0.0,0.0,0.0,0.0,0.0,1.0,"[""ARTIFACT_PROVENANCE""]",ARTIFACT_PROVENANCE,0.0,1.0,1.0,19,19,0.9964565460649012,0.0,0,EXECUTED_SLICE_GRAPH,"[""class:youtube_dl/downloader/f4m.py::F4mFD"",""class:youtube_dl/downloader/hls.py::HlsFD"",""class:youtube_dl/downloader/rtmp.py::RtmpFD"",""class:youtube_dl/extractor/pladform.py::PladformIE"",""class:youtube_dl/extractor/twitch.py::TwitchBaseIE"",""class:youtube_dl/extractor/viewlift.py::ViewLiftIE"",""class:youtube_dl/YoutubeDL.py::YoutubeDL"",""file:youtube_dl/__init__.py"",""class:youtube_dl/aes.py::aes_decrypt_text.Counter"",""class:youtube_dl/cache.py::Cache""]",[],[]
bugsinpy-youtube-dl-13,ytdl-org/youtube-dl,R1,DIAGNOSIS_CANDIDATES,True,,0.0,0.0,0.0,0.0,0.0,0.0,1.0,"[""ARTIFACT_PROVENANCE""]",ARTIFACT_PROVENANCE,0.0,1.0,0.0,20,20,0.9962700484893696,0.0,0,EXECUTED_SLICE_GRAPH,"[""file:youtube_dl/extractor/extractors.py"",""class:youtube_dl/extractor/youtube.py::YoutubeBaseInfoExtractor"",""class:youtube_dl/extractor/zattoo.py::BBVTVIE"",""class:youtube_dl/extractor/common.py::InfoExtractor"",""class:youtube_dl/extractor/twitch.py::TwitchAllVideosIE"",""function:youtube_dl/extractor/common.py::InfoExtractor.ie_key"",""class:youtube_dl/extractor/npo.py::AndereTijdenIE"",""class:youtube_dl/extractor/arte.py::ArteTVBaseIE"",""class:youtube_dl/extractor/nrk.py::NRKBaseIE"",""class:youtube_dl/downloader/external.py::AVconvFD""]",[],[]
bugsinpy-youtube-dl-13,ytdl-org/youtube-dl,R3,DIAGNOSIS_CONFIRMED,True,,1.0,1.0,1.0,1.0,1.0,1.0,1.0,"[""ARTIFACT_PROVENANCE""]",ARTIFACT_PROVENANCE,1.0,1.0,0.0,20,20,0.9962700484893696,0.0,0,EXECUTED_SLICE_GRAPH,"[""function:youtube_dl/utils.py::urljoin"",""class:youtube_dl/downloader/external.py::AVconvFD"",""file:youtube_dl/downloader/__init__.py"",""class:youtube_dl/downloader/rtmp.py::RtmpFD"",""class:youtube_dl/extractor/adobetv.py::AdobeTVBaseIE"",""file:youtube_dl/extractor/extractors.py"",""class:youtube_dl/extractor/youtube.py::YoutubeBaseInfoExtractor"",""class:youtube_dl/YoutubeDL.py::YoutubeDL"",""class:youtube_dl/extractor/zattoo.py::BBVTVIE"",""file:youtube_dl/__init__.py""]",[],[]
bugsinpy-youtube-dl-13,ytdl-org/youtube-dl,R5,DIAGNOSIS_CONFIRMED,True,,1.0,1.0,1.0,1.0,1.0,1.0,1.0,"[""ARTIFACT_PROVENANCE""]",ARTIFACT_PROVENANCE,1.0,1.0,0.0,20,20,0.9962700484893696,0.0,0,EXECUTED_SLICE_GRAPH,"[""function:youtube_dl/utils.py::urljoin"",""class:youtube_dl/downloader/external.py::AVconvFD"",""file:youtube_dl/downloader/__init__.py"",""class:youtube_dl/downloader/rtmp.py::RtmpFD"",""class:youtube_dl/extractor/adobetv.py::AdobeTVBaseIE"",""file:youtube_dl/extractor/extractors.py"",""class:youtube_dl/extractor/youtube.py::YoutubeBaseInfoExtractor"",""class:youtube_dl/YoutubeDL.py::YoutubeDL"",""class:youtube_dl/extractor/zattoo.py::BBVTVIE"",""file:youtube_dl/__init__.py""]",[],[]
bugsinpy-youtube-dl-13,ytdl-org/youtube-dl,R6,DIAGNOSIS_CONFIRMED,True,,1.0,1.0,1.0,1.0,1.0,1.0,1.0,"[""ARTIFACT_PROVENANCE""]",ARTIFACT_PROVENANCE,1.0,1.0,0.0,20,20,0.9962700484893696,0.0,1,EXECUTED_SLICE_GRAPH,"[""function:youtube_dl/utils.py::urljoin"",""class:youtube_dl/downloader/external.py::AVconvFD"",""file:youtube_dl/downloader/__init__.py"",""class:youtube_dl/downloader/rtmp.py::RtmpFD"",""class:youtube_dl/extractor/adobetv.py::AdobeTVBaseIE"",""file:youtube_dl/extractor/extractors.py"",""class:youtube_dl/extractor/youtube.py::YoutubeBaseInfoExtractor"",""class:youtube_dl/YoutubeDL.py::YoutubeDL"",""class:youtube_dl/extractor/zattoo.py::BBVTVIE"",""file:youtube_dl/__init__.py""]",[],"[{""command"": [""python"", ""-m"", ""pytest"", ""test/test_utils.py"", ""-x"", ""-vv"", ""--showlocals""], ""distinguished_hypotheses"": [""function:youtube_dl/utils.py::urljoin"", ""class:youtube_dl/downloader/external.py::AVconvFD"", ""file:youtube_dl/downloader/__init__.py""], ""estimated_cost"": 1.0, ""expected_observation"": ""runtime types and values at the top candidate frames"", ""safety_level"": ""READ_ONLY_TEST_EXECUTION"", ""timeout_seconds"": 300, ""utility"": 3.2912700561259634}]"
bugsinpy-PySnooper-2,cool-RR/PySnooper,R0,DIAGNOSIS_CANDIDATES,True,,1.0,1.0,1.0,0.3333333333333333,1.0,1.0,0.0,"[""DATA_CONTRACT""]",UNKNOWN_CONTRACT,0.0,1.0,0.0,12,12,0.9482758620689655,0.0,0,EXECUTED_SLICE_GRAPH,"[""file:pysnooper/__init__.py"",""class:pysnooper/pycompat.py::ABC"",""class:pysnooper/tracer.py::FileWriter"",""class:pysnooper/tracer.py::Tracer"",""class:pysnooper/tracer.py::UnavailableSource"",""class:pysnooper/utils.py::WritableStream"",""class:pysnooper/variables.py::Attrs"",""class:pysnooper/variables.py::BaseVariable"",""class:pysnooper/variables.py::CommonVariable"",""class:pysnooper/variables.py::Exploding""]",[],[]
bugsinpy-PySnooper-2,cool-RR/PySnooper,R1,DIAGNOSIS_CANDIDATES,True,,0.0,1.0,1.0,0.1111111111111111,0.0,0.0,0.0,"[""DATA_CONTRACT""]",UNKNOWN_CONTRACT,0.0,1.0,0.0,20,20,0.9137931034482758,0.0,0,EXECUTED_SLICE_GRAPH,"[""class:pysnooper/variables.py::Attrs"",""class:pysnooper/variables.py::Exploding"",""class:pysnooper/variables.py::Indices"",""class:pysnooper/variables.py::Keys"",""class:pysnooper/variables.py::CommonVariable"",""class:pysnooper/variables.py::BaseVariable"",""file:pysnooper/__init__.py"",""class:pysnooper/utils.py::WritableStream"",""class:pysnooper/tracer.py::FileWriter"",""class:pysnooper/pycompat.py::ABC""]",[],[]
bugsinpy-PySnooper-2,cool-RR/PySnooper,R3,DIAGNOSIS_CANDIDATES,True,,0.0,1.0,1.0,0.1111111111111111,0.0,0.0,0.0,"[""DATA_CONTRACT""]",UNKNOWN_CONTRACT,0.0,1.0,0.0,20,20,0.9137931034482758,0.0,0,EXECUTED_SLICE_GRAPH,"[""class:pysnooper/variables.py::Attrs"",""class:pysnooper/variables.py::Exploding"",""class:pysnooper/variables.py::CommonVariable"",""class:pysnooper/variables.py::Indices"",""class:pysnooper/variables.py::Keys"",""class:pysnooper/variables.py::BaseVariable"",""file:pysnooper/__init__.py"",""class:pysnooper/utils.py::WritableStream"",""class:pysnooper/tracer.py::FileWriter"",""class:pysnooper/pycompat.py::ABC""]",[],[]
bugsinpy-PySnooper-2,cool-RR/PySnooper,R5,DIAGNOSIS_CANDIDATES,True,,0.0,1.0,1.0,0.1111111111111111,0.0,0.0,0.0,"[""DATA_CONTRACT""]",UNKNOWN_CONTRACT,0.0,1.0,0.0,20,20,0.9137931034482758,0.0,0,EXECUTED_SLICE_GRAPH,"[""class:pysnooper/variables.py::Attrs"",""class:pysnooper/variables.py::Exploding"",""class:pysnooper/variables.py::CommonVariable"",""class:pysnooper/variables.py::Indices"",""class:pysnooper/variables.py::Keys"",""class:pysnooper/variables.py::BaseVariable"",""file:pysnooper/__init__.py"",""class:pysnooper/utils.py::WritableStream"",""class:pysnooper/tracer.py::FileWriter"",""class:pysnooper/pycompat.py::ABC""]",[],[]
bugsinpy-PySnooper-2,cool-RR/PySnooper,R6,DIAGNOSIS_CANDIDATES,True,,0.0,1.0,1.0,0.1111111111111111,0.0,0.0,0.0,"[""DATA_CONTRACT""]",UNKNOWN_CONTRACT,0.0,1.0,0.0,20,20,0.9137931034482758,0.0,1,EXECUTED_SLICE_GRAPH,"[""class:pysnooper/variables.py::Attrs"",""class:pysnooper/variables.py::Exploding"",""class:pysnooper/variables.py::CommonVariable"",""class:pysnooper/variables.py::Indices"",""class:pysnooper/variables.py::Keys"",""class:pysnooper/variables.py::BaseVariable"",""file:pysnooper/__init__.py"",""class:pysnooper/utils.py::WritableStream"",""class:pysnooper/tracer.py::FileWriter"",""class:pysnooper/pycompat.py::ABC""]",[],"[{""command"": [""python"", ""-m"", ""pytest"", ""tests/test_pysnooper.py::test_custom_repr_single"", ""-x"", ""-vv"", ""--showlocals""], ""distinguished_hypotheses"": [""class:pysnooper/variables.py::Attrs"", ""class:pysnooper/variables.py::Exploding"", ""class:pysnooper/variables.py::CommonVariable""], ""estimated_cost"": 1.0, ""expected_observation"": ""runtime types and values at the top candidate frames"", ""safety_level"": ""READ_ONLY_TEST_EXECUTION"", ""timeout_seconds"": 300, ""utility"": 3.010955325815503}]"
bugsinpy-pandas-73,pandas-dev/pandas,R0,DIAGNOSIS_CONFIRMED,True,,1.0,1.0,1.0,1.0,1.0,1.0,1.0,"[""CONFIGURATION"", ""DATA_CONTRACT""]",DATA_CONTRACT,1.0,1.0,0.0,20,20,0.9982192146736711,0.0,0,DATAFLOW_ASSERTION,"[""class:pandas/core/frame.py::DataFrame"",""class:pandas/core/series.py::Series"",""function:pandas/core/ops/__init__.py::_arith_method_FRAME.f"",""function:pandas/_testing.py::assert_frame_equal"",""function:pandas/core/base.py::IndexOpsMixin.__iter__"",""function:pandas/core/frame.py::DataFrame.__init__"",""function:pandas/core/series.py::Series.__init__"",""function:pandas/core/generic.py::NDFrame._get_axis_number"",""function:pandas/core/ops/__init__.py::_align_method_FRAME"",""function:pandas/core/ops/__init__.py::_combine_series_frame""]",[],[]
bugsinpy-pandas-73,pandas-dev/pandas,R1,DIAGNOSIS_CONFIRMED,True,,1.0,1.0,1.0,0.3333333333333333,1.0,1.0,1.0,"[""CONFIGURATION"", ""DATA_CONTRACT""]",DATA_CONTRACT,1.0,1.0,0.0,20,20,0.9982192146736711,0.0,0,DATAFLOW_ASSERTION,"[""class:pandas/tests/frame/test_arithmetic.py::TestFrameArithmetic"",""class:pandas/core/series.py::Series"",""class:pandas/core/frame.py::DataFrame"",""class:pandas/core/indexes/base.py::Index"",""class:pandas/io/pytables.py::AppendableFrameTable"",""class:pandas/util/_decorators.py::Appender"",""function:pandas/util/_decorators.py::Appender.__init__"",""class:pandas/tseries/offsets.py::BQuarterBegin"",""function:pandas/util/_decorators.py::Appender.__call__"",""class:pandas/core/computation/pytables.py::BinOp""]",[],[]
bugsinpy-pandas-73,pandas-dev/pandas,R3,DIAGNOSIS_CONFIRMED,True,,1.0,1.0,1.0,0.2,0.0,0.0,1.0,"[""CONFIGURATION"", ""DATA_CONTRACT""]",DATA_CONTRACT,0.0,1.0,1.0,20,20,0.9982192146736711,0.0,0,DATAFLOW_ASSERTION,"[""class:pandas/tests/frame/test_arithmetic.py::TestFrameArithmetic"",""function:pandas/_testing.py::assert_index_equal"",""class:pandas/_testing.py::RNGContext"",""class:pandas/core/series.py::Series"",""class:pandas/core/frame.py::DataFrame"",""class:pandas/core/indexes/base.py::Index"",""class:pandas/io/pytables.py::AppendableFrameTable"",""class:pandas/__init__.py::Panel"",""class:pandas/util/_decorators.py::Appender"",""function:pandas/__init__.py::__Datetime.__getattr__""]",[],[]
bugsinpy-pandas-73,pandas-dev/pandas,R5,DIAGNOSIS_CONFIRMED,True,,1.0,1.0,1.0,0.2,0.0,0.0,1.0,"[""CONFIGURATION"", ""DATA_CONTRACT""]",DATA_CONTRACT,0.0,1.0,1.0,20,20,0.9982192146736711,0.0,0,DATAFLOW_ASSERTION,"[""class:pandas/tests/frame/test_arithmetic.py::TestFrameArithmetic"",""function:pandas/_testing.py::assert_index_equal"",""class:pandas/_testing.py::RNGContext"",""class:pandas/core/series.py::Series"",""class:pandas/core/frame.py::DataFrame"",""class:pandas/core/indexes/base.py::Index"",""class:pandas/io/pytables.py::AppendableFrameTable"",""class:pandas/__init__.py::Panel"",""class:pandas/util/_decorators.py::Appender"",""function:pandas/__init__.py::__Datetime.__getattr__""]",[],[]
bugsinpy-pandas-73,pandas-dev/pandas,R6,DIAGNOSIS_CONFIRMED,True,,1.0,1.0,1.0,0.2,0.0,0.0,1.0,"[""CONFIGURATION"", ""DATA_CONTRACT""]",DATA_CONTRACT,0.0,1.0,1.0,20,20,0.9982192146736711,0.0,1,DATAFLOW_ASSERTION,"[""class:pandas/tests/frame/test_arithmetic.py::TestFrameArithmetic"",""function:pandas/_testing.py::assert_index_equal"",""class:pandas/_testing.py::RNGContext"",""class:pandas/core/series.py::Series"",""class:pandas/core/frame.py::DataFrame"",""class:pandas/core/indexes/base.py::Index"",""class:pandas/io/pytables.py::AppendableFrameTable"",""class:pandas/__init__.py::Panel"",""class:pandas/util/_decorators.py::Appender"",""function:pandas/__init__.py::__Datetime.__getattr__""]",[],"[{""command"": [""python"", ""-m"", ""pytest"", ""pandas/tests/frame/test_arithmetic.py::TestFrameFlexArithmetic::test_floordiv_axis0"", ""-x"", ""-vv"", ""--showlocals""], ""distinguished_hypotheses"": [""class:pandas/tests/frame/test_arithmetic.py::TestFrameArithmetic"", ""function:pandas/_testing.py::assert_index_equal"", ""class:pandas/_testing.py::RNGContext""], ""estimated_cost"": 1.0, ""expected_observation"": ""runtime types and values at the top candidate frames"", ""safety_level"": ""READ_ONLY_TEST_EXECUTION"", ""timeout_seconds"": 300, ""utility"": 3.0756589413648245}]"
bugsinpy-httpie-3,jakubroztocil/httpie,R0,DIAGNOSIS_CONFIRMED,True,,0.0,0.0,0.0,0.0,0.0,0.0,0.0,"[""CONFIGURATION""]",SERIALIZATION,0.0,1.0,1.0,20,20,0.9479166666666666,0.0,0,CONFIGURATION_MATCHER,"[""function:httpie/core.py::main"",""function:httpie/plugins/manager.py::PluginManager.load_installed_plugins"",""function:httpie/core.py::decode_args"",""function:httpie/downloads.py::Download.failed"",""function:httpie/downloads.py::Download.pre_request"",""function:httpie/input.py::HTTPieArgumentParser.parse_args"",""class:httpie/context.py::Environment"",""function:httpie/client.py::get_requests_session"",""function:httpie/input.py::HTTPieArgumentParser._process_output_options"",""function:httpie/input.py::HTTPieArgumentParser._setup_standard_streams""]",[],[]
bugsinpy-httpie-3,jakubroztocil/httpie,R1,DIAGNOSIS_CONFIRMED,True,,0.0,0.0,0.0,0.0,0.0,0.0,0.0,"[""CONFIGURATION""]",SERIALIZATION,0.0,1.0,1.0,20,20,0.9479166666666666,0.0,0,CONFIGURATION_MATCHER,"[""function:httpie/core.py::main"",""class:httpie/input.py::AuthCredentials"",""function:httpie/sessions.py::get_response"",""class:httpie/downloads.py::ContentRangeError"",""function:httpie/client.py::get_response"",""function:tests/utils.py::http"",""function:httpie/input.py::HTTPieArgumentParser.parse_args"",""function:httpie/context.py::Environment.config"",""function:httpie/client.py::get_requests_kwargs"",""function:httpie/config.py::BaseConfigDict.load""]",[],[]
bugsinpy-httpie-3,jakubroztocil/httpie,R3,DIAGNOSIS_CONFIRMED,True,,0.0,1.0,1.0,0.16666666666666666,0.0,0.0,0.0,"[""CONFIGURATION""]",SERIALIZATION,0.0,1.0,1.0,20,20,0.9479166666666666,0.0,0,CONFIGURATION_MATCHER,"[""function:httpie/client.py::get_response"",""function:httpie/sessions.py::get_response"",""function:httpie/core.py::main"",""class:httpie/input.py::AuthCredentials"",""class:httpie/downloads.py::ContentRangeError"",""function:httpie/sessions.py::Session.update_headers"",""class:httpie/output/formatters/xml.py::XMLFormatter"",""function:tests/utils.py::http"",""function:httpie/context.py::Environment.config"",""function:httpie/client.py::get_requests_kwargs""]",[],[]
bugsinpy-httpie-3,jakubroztocil/httpie,R5,DIAGNOSIS_CONFIRMED,True,,0.0,1.0,1.0,0.16666666666666666,0.0,0.0,0.0,"[""CONFIGURATION""]",SERIALIZATION,0.0,1.0,1.0,20,20,0.9479166666666666,0.0,0,CONFIGURATION_MATCHER,"[""function:httpie/client.py::get_response"",""function:httpie/sessions.py::get_response"",""function:httpie/core.py::main"",""class:httpie/input.py::AuthCredentials"",""class:httpie/downloads.py::ContentRangeError"",""function:httpie/sessions.py::Session.update_headers"",""class:httpie/output/formatters/xml.py::XMLFormatter"",""function:tests/utils.py::http"",""function:httpie/context.py::Environment.config"",""function:httpie/client.py::get_requests_kwargs""]",[],[]
bugsinpy-httpie-3,jakubroztocil/httpie,R6,DIAGNOSIS_CONFIRMED,True,,0.0,1.0,1.0,0.16666666666666666,0.0,0.0,0.0,"[""CONFIGURATION""]",SERIALIZATION,0.0,1.0,1.0,20,20,0.9479166666666666,0.0,1,CONFIGURATION_MATCHER,"[""function:httpie/client.py::get_response"",""function:httpie/sessions.py::get_response"",""function:httpie/core.py::main"",""class:httpie/input.py::AuthCredentials"",""class:httpie/downloads.py::ContentRangeError"",""function:httpie/sessions.py::Session.update_headers"",""class:httpie/output/formatters/xml.py::XMLFormatter"",""function:tests/utils.py::http"",""function:httpie/context.py::Environment.config"",""function:httpie/client.py::get_requests_kwargs""]",[],"[{""command"": [""python"", ""-m"", ""pytest"", ""tests/test_sessions.py::TestSession::test_download_in_session"", ""-x"", ""-vv"", ""--showlocals""], ""distinguished_hypotheses"": [""function:httpie/client.py::get_response"", ""function:httpie/sessions.py::get_response"", ""function:httpie/core.py::main""], ""estimated_cost"": 1.0, ""expected_observation"": ""runtime types and values at the top candidate frames"", ""safety_level"": ""READ_ONLY_TEST_EXECUTION"", ""timeout_seconds"": 300, ""utility"": 3.2958019066210573}]"
bugsinpy-fastapi-6,tiangolo/fastapi,R0,DIAGNOSIS_CANDIDATES,True,,1.0,1.0,1.0,0.5,1.0,1.0,0.0,"[""DATA_CONTRACT""]",UNKNOWN_CONTRACT,0.0,1.0,0.0,20,20,0.9866577718478986,0.0,0,GLOBAL_MULTI_OBLIGATION,"[""function:fastapi/dependencies/utils.py::request_params_to_args"",""function:fastapi/dependencies/utils.py::request_body_to_args"",""class:fastapi/applications.py::FastAPI"",""function:fastapi/applications.py::FastAPI.post"",""class:fastapi/dependencies/models.py::Dependant"",""function:fastapi/dependencies/models.py::Dependant.__init__"",""function:fastapi/dependencies/utils.py::get_dependant"",""function:fastapi/dependencies/utils.py::solve_dependencies"",""function:fastapi/encoders.py::generate_encoders_by_class_tuples"",""function:fastapi/encoders.py::jsonable_encoder""]",[],[]
bugsinpy-fastapi-6,tiangolo/fastapi,R1,DIAGNOSIS_CANDIDATES,True,,0.0,0.0,0.0,0.0,0.0,0.0,0.0,"[""DATA_CONTRACT""]",UNKNOWN_CONTRACT,0.0,1.0,0.0,20,20,0.9866577718478986,0.0,0,GLOBAL_MULTI_OBLIGATION,"[""file:tests/test_forms_from_non_typing_sequences.py"",""function:fastapi/applications.py::FastAPI.__init__"",""function:fastapi/param_functions.py::Form"",""class:fastapi/openapi/models.py::APIKey"",""function:fastapi/routing.py::APIRoute.__init__"",""class:fastapi/security/oauth2.py::OAuth2PasswordRequestForm"",""function:fastapi/params.py::Body.__init__"",""function:fastapi/dependencies/utils.py::get_dependant"",""function:fastapi/dependencies/utils.py::get_body_field"",""class:fastapi/security/oauth2.py::OAuth2""]",[],[]
bugsinpy-fastapi-6,tiangolo/fastapi,R3,DIAGNOSIS_CANDIDATES,True,,0.0,0.0,0.0,0.0,0.0,0.0,0.0,"[""DATA_CONTRACT""]",UNKNOWN_CONTRACT,0.0,1.0,0.0,20,20,0.9866577718478986,0.0,0,GLOBAL_MULTI_OBLIGATION,"[""file:tests/test_forms_from_non_typing_sequences.py"",""function:fastapi/applications.py::FastAPI.post"",""function:fastapi/applications.py::FastAPI.__init__"",""function:fastapi/routing.py::APIRouter.api_route.decorator"",""function:fastapi/param_functions.py::Form"",""function:fastapi/routing.py::APIRoute.__init__"",""function:fastapi/routing.py::APIRouter.post"",""function:fastapi/params.py::Body.__init__"",""function:fastapi/routing.py::APIRouter.add_api_route"",""class:fastapi/security/oauth2.py::OAuth2PasswordRequestForm""]",[],[]
bugsinpy-fastapi-6,tiangolo/fastapi,R5,DIAGNOSIS_CANDIDATES,True,,0.0,0.0,0.0,0.0,0.0,0.0,0.0,"[""DATA_CONTRACT""]",UNKNOWN_CONTRACT,0.0,1.0,0.0,20,20,0.9866577718478986,0.0,0,GLOBAL_MULTI_OBLIGATION,"[""file:tests/test_forms_from_non_typing_sequences.py"",""function:fastapi/applications.py::FastAPI.post"",""function:fastapi/applications.py::FastAPI.__init__"",""function:fastapi/routing.py::APIRouter.api_route.decorator"",""function:fastapi/param_functions.py::Form"",""function:fastapi/routing.py::APIRoute.__init__"",""function:fastapi/routing.py::APIRouter.post"",""function:fastapi/params.py::Body.__init__"",""function:fastapi/routing.py::APIRouter.add_api_route"",""class:fastapi/security/oauth2.py::OAuth2PasswordRequestForm""]",[],[]
bugsinpy-fastapi-6,tiangolo/fastapi,R6,DIAGNOSIS_CANDIDATES,True,,0.0,0.0,0.0,0.0,0.0,0.0,0.0,"[""DATA_CONTRACT""]",UNKNOWN_CONTRACT,0.0,1.0,0.0,20,20,0.9866577718478986,0.0,1,GLOBAL_MULTI_OBLIGATION,"[""file:tests/test_forms_from_non_typing_sequences.py"",""function:fastapi/applications.py::FastAPI.post"",""function:fastapi/applications.py::FastAPI.__init__"",""function:fastapi/routing.py::APIRouter.api_route.decorator"",""function:fastapi/param_functions.py::Form"",""function:fastapi/routing.py::APIRoute.__init__"",""function:fastapi/routing.py::APIRouter.post"",""function:fastapi/params.py::Body.__init__"",""function:fastapi/routing.py::APIRouter.add_api_route"",""class:fastapi/security/oauth2.py::OAuth2PasswordRequestForm""]",[],"[{""command"": [""python"", ""-m"", ""pytest"", ""tests/test_forms_from_non_typing_sequences.py::test_python_list_param_as_form"", ""-x"", ""-vv"", ""--showlocals""], ""distinguished_hypotheses"": [""file:tests/test_forms_from_non_typing_sequences.py"", ""function:fastapi/applications.py::FastAPI.post"", ""function:fastapi/applications.py::FastAPI.__init__""], ""estimated_cost"": 1.0, ""expected_observation"": ""runtime types and values at the top candidate frames"", ""safety_level"": ""READ_ONLY_TEST_EXECUTION"", ""timeout_seconds"": 300, ""utility"": 2.896167863250157}]"
bugsinpy-tornado-15,tornadoweb/tornado,R0,DIAGNOSIS_CONFIRMED,True,,0.0,0.0,0.0,0.0,0.0,0.0,1.0,"[""ARTIFACT_PROVENANCE"", ""CONFIGURATION""]",ARTIFACT_PROVENANCE,0.0,1.0,1.0,20,20,0.9935421375524701,0.0,0,EXECUTED_SLICE_GRAPH,"[""class:tornado/ioloop.py::PollIOLoop"",""function:tornado/web.py::RequestHandler.clear"",""file:tornado/__init__.py"",""class:tornado/concurrent.py::DummyExecutor"",""function:tornado/concurrent.py::DummyExecutor.submit"",""class:tornado/concurrent.py::Future"",""function:tornado/concurrent.py::Future.__del__"",""function:tornado/concurrent.py::Future.__init__"",""function:tornado/concurrent.py::Future._check_done"",""function:tornado/concurrent.py::Future._clear_tb_log""]",[],[]
bugsinpy-tornado-15,tornadoweb/tornado,R1,DIAGNOSIS_CANDIDATES,True,,0.0,0.0,0.0,0.0,0.0,0.0,1.0,"[""ARTIFACT_PROVENANCE"", ""CONFIGURATION""]",ARTIFACT_PROVENANCE,0.0,1.0,0.0,20,20,0.9935421375524701,0.0,0,EXECUTED_SLICE_GRAPH,"[""function:tornado/http1connection.py::HTTP1Connection._read_message"",""function:tornado/gen.py::_argument_adapter.wrapper"",""function:tornado/concurrent.py::Future.add_done_callback"",""function:tornado/gen.py::Runner.run"",""function:tornado/web.py::RequestHandler.finish"",""function:tornado/stack_context.py::wrap"",""function:tornado/ioloop.py::IOLoop.start"",""function:tornado/httputil.py::HTTPHeaders.update"",""function:tornado/ioloop.py::IOLoop.current"",""class:tornado/gen.py::BadYieldError""]",[],[]
bugsinpy-tornado-15,tornadoweb/tornado,R3,DIAGNOSIS_CONFIRMED,True,,0.0,0.0,0.0,0.0,0.0,0.0,1.0,"[""ARTIFACT_PROVENANCE"", ""CONFIGURATION""]",ARTIFACT_PROVENANCE,0.0,1.0,1.0,20,20,0.9935421375524701,0.0,0,EXECUTED_SLICE_GRAPH,"[""function:tornado/testing.py::ExpectLog.__exit__"",""function:tornado/testing.py::_TestMethodWrapper.__call__"",""function:tornado/testing.py::AsyncTestCase.__init__"",""function:tornado/testing.py::ExpectLog.__enter__"",""function:tornado/httputil.py::HTTPHeaders.get"",""function:tornado/testing.py::AsyncHTTPTestCase.fetch"",""function:tornado/http1connection.py::HTTP1Connection._read_message"",""function:tornado/http1connection.py::HTTP1Connection._can_keep_alive"",""function:tornado/http1connection.py::HTTP1Connection._read_body"",""function:tornado/http1connection.py::_GzipMessageDelegate.headers_received""]",[],[]
bugsinpy-tornado-15,tornadoweb/tornado,R5,DIAGNOSIS_CONFIRMED,True,,0.0,0.0,0.0,0.0,0.0,0.0,1.0,"[""ARTIFACT_PROVENANCE"", ""CONFIGURATION""]",ARTIFACT_PROVENANCE,0.0,1.0,1.0,20,20,0.9935421375524701,0.0,0,EXECUTED_SLICE_GRAPH,"[""function:tornado/testing.py::ExpectLog.__exit__"",""function:tornado/testing.py::_TestMethodWrapper.__call__"",""function:tornado/testing.py::AsyncTestCase.__init__"",""function:tornado/testing.py::ExpectLog.__enter__"",""function:tornado/httputil.py::HTTPHeaders.get"",""function:tornado/testing.py::AsyncHTTPTestCase.fetch"",""function:tornado/http1connection.py::HTTP1Connection._read_message"",""function:tornado/http1connection.py::HTTP1Connection._can_keep_alive"",""function:tornado/http1connection.py::HTTP1Connection._read_body"",""function:tornado/http1connection.py::_GzipMessageDelegate.headers_received""]",[],[]
bugsinpy-tornado-15,tornadoweb/tornado,R6,DIAGNOSIS_CONFIRMED,True,,0.0,0.0,0.0,0.0,0.0,0.0,1.0,"[""ARTIFACT_PROVENANCE"", ""CONFIGURATION""]",ARTIFACT_PROVENANCE,0.0,1.0,1.0,20,20,0.9935421375524701,0.0,1,EXECUTED_SLICE_GRAPH,"[""function:tornado/testing.py::ExpectLog.__exit__"",""function:tornado/testing.py::_TestMethodWrapper.__call__"",""function:tornado/testing.py::AsyncTestCase.__init__"",""function:tornado/testing.py::ExpectLog.__enter__"",""function:tornado/httputil.py::HTTPHeaders.get"",""function:tornado/testing.py::AsyncHTTPTestCase.fetch"",""function:tornado/http1connection.py::HTTP1Connection._read_message"",""function:tornado/http1connection.py::HTTP1Connection._can_keep_alive"",""function:tornado/http1connection.py::HTTP1Connection._read_body"",""function:tornado/http1connection.py::_GzipMessageDelegate.headers_received""]",[],"[{""command"": [""python"", ""-m"", ""pytest"", ""tornado/test/web_test.py"", ""-x"", ""-vv"", ""--showlocals""], ""distinguished_hypotheses"": [""function:tornado/testing.py::ExpectLog.__exit__"", ""function:tornado/testing.py::_TestMethodWrapper.__call__"", ""function:tornado/testing.py::AsyncTestCase.__init__""], ""estimated_cost"": 1.0, ""expected_observation"": ""runtime types and values at the top candidate frames"", ""safety_level"": ""READ_ONLY_TEST_EXECUTION"", ""timeout_seconds"": 300, ""utility"": 3.0999333988610154}]"
bugsinpy-black-5,psf/black,R0,DIAGNOSIS_CANDIDATES,True,,0.0,1.0,1.0,0.125,0.0,0.0,0.0,"[""CONFIGURATION""]",UNKNOWN_CONTRACT,0.0,1.0,0.0,19,19,0.9713855421686747,0.0,0,EXECUTED_SLICE_GRAPH,"[""class:black.py::FileMode"",""class:blib2to3/pgen2/driver.py::Driver"",""function:blib2to3/pgen2/tokenize.py::group"",""class:blib2to3/pgen2/parse.py::ParseError"",""class:blib2to3/pgen2/parse.py::Parser"",""class:black.py::EmptyLineTracker"",""class:black.py::InvalidInput"",""class:black.py::Line"",""class:black.py::LineGenerator"",""class:blib2to3/pytree.py::Node""]",[],[]
bugsinpy-black-5,psf/black,R1,DIAGNOSIS_CANDIDATES,True,,0.0,0.0,0.0,0.0,0.0,0.0,0.0,"[""CONFIGURATION""]",UNKNOWN_CONTRACT,0.0,1.0,0.0,20,20,0.9698795180722891,0.0,0,EXECUTED_SLICE_GRAPH,"[""class:black.py::BracketTracker"",""class:blib2to3/pytree.py::Base"",""function:blib2to3/pgen2/driver.py::load_grammar"",""function:blib2to3/pgen2/pgen.py::ParserGenerator.parse_rhs"",""function:blib2to3/pgen2/pgen.py::ParserGenerator.make_grammar"",""function:blib2to3/pgen2/pgen.py::ParserGenerator.parse_atom"",""function:blib2to3/pygram.py::initialize"",""function:blib2to3/pgen2/pgen.py::ParserGenerator.gettoken"",""function:blib2to3/pgen2/pgen.py::ParserGenerator.make_dfa"",""function:blib2to3/pgen2/pgen.py::DFAState.__init__""]",[],[]
bugsinpy-black-5,psf/black,R3,DIAGNOSIS_CANDIDATES,True,,0.0,0.0,1.0,0.07692307692307693,0.0,0.0,0.0,"[""CONFIGURATION""]",UNKNOWN_CONTRACT,0.0,1.0,0.0,20,20,0.9698795180722891,0.0,0,EXECUTED_SLICE_GRAPH,"[""function:tests/test_black.py::read_data"",""class:black.py::BracketTracker"",""function:blib2to3/pgen2/driver.py::load_grammar"",""file:blib2to3/__init__.py"",""file:blib2to3/pgen2/__init__.py"",""class:black.py::FileMode"",""function:blib2to3/pgen2/pgen.py::DFAState.__init__"",""function:blib2to3/pgen2/pgen.py::ParserGenerator.make_grammar"",""function:blib2to3/pgen2/pgen.py::ParserGenerator.gettoken"",""class:blib2to3/pgen2/pgen.py::DFAState""]",[],[]
bugsinpy-black-5,psf/black,R5,DIAGNOSIS_CANDIDATES,True,,0.0,0.0,1.0,0.07692307692307693,0.0,0.0,0.0,"[""CONFIGURATION""]",UNKNOWN_CONTRACT,0.0,1.0,0.0,20,20,0.9698795180722891,0.0,0,EXECUTED_SLICE_GRAPH,"[""function:tests/test_black.py::read_data"",""class:black.py::BracketTracker"",""function:blib2to3/pgen2/driver.py::load_grammar"",""file:blib2to3/__init__.py"",""file:blib2to3/pgen2/__init__.py"",""class:black.py::FileMode"",""function:blib2to3/pgen2/pgen.py::DFAState.__init__"",""function:blib2to3/pgen2/pgen.py::ParserGenerator.make_grammar"",""function:blib2to3/pgen2/pgen.py::ParserGenerator.gettoken"",""class:blib2to3/pgen2/pgen.py::DFAState""]",[],[]
bugsinpy-black-5,psf/black,R6,DIAGNOSIS_CANDIDATES,True,,0.0,0.0,1.0,0.07692307692307693,0.0,0.0,0.0,"[""CONFIGURATION""]",UNKNOWN_CONTRACT,0.0,1.0,0.0,20,20,0.9698795180722891,0.0,1,EXECUTED_SLICE_GRAPH,"[""function:tests/test_black.py::read_data"",""class:black.py::BracketTracker"",""function:blib2to3/pgen2/driver.py::load_grammar"",""file:blib2to3/__init__.py"",""file:blib2to3/pgen2/__init__.py"",""class:black.py::FileMode"",""function:blib2to3/pgen2/pgen.py::DFAState.__init__"",""function:blib2to3/pgen2/pgen.py::ParserGenerator.make_grammar"",""function:blib2to3/pgen2/pgen.py::ParserGenerator.gettoken"",""class:blib2to3/pgen2/pgen.py::DFAState""]",[],"[{""command"": [""python"", ""-m"", ""pytest"", ""tests/test_black.py"", ""-x"", ""-vv"", ""--showlocals""], ""distinguished_hypotheses"": [""function:tests/test_black.py::read_data"", ""class:black.py::BracketTracker"", ""function:blib2to3/pgen2/driver.py::load_grammar""], ""estimated_cost"": 1.0, ""expected_observation"": ""runtime types and values at the top candidate frames"", ""safety_level"": ""READ_ONLY_TEST_EXECUTION"", ""timeout_seconds"": 300, ""utility"": 3.0869553649077734}]"
bugsinpy-thefuck-9,nvbn/thefuck,R0,DIAGNOSIS_CANDIDATES,True,,1.0,1.0,1.0,0.5,1.0,1.0,0.0,"[""CONFIGURATION""]",UNKNOWN_CONTRACT,0.0,1.0,0.0,20,20,0.9745222929936306,0.0,0,CONFIGURATION_MATCHER,"[""class:thefuck/types.py::Rule"",""function:thefuck/rules/git_push.py::get_new_command"",""class:thefuck/shells/fish.py::Fish"",""class:thefuck/shells/generic.py::Generic"",""class:thefuck/conf.py::Settings"",""function:thefuck/shells/generic.py::Generic.split_command"",""class:thefuck/shells/zsh.py::Zsh"",""function:thefuck/specific/git.py::git_support"",""class:thefuck/types.py::Command"",""function:thefuck/utils.py::is_app""]",[],[]
bugsinpy-thefuck-9,nvbn/thefuck,R1,DIAGNOSIS_CANDIDATES,True,,1.0,1.0,1.0,0.3333333333333333,1.0,1.0,0.0,"[""CONFIGURATION""]",UNKNOWN_CONTRACT,0.0,1.0,0.0,20,20,0.9745222929936306,0.0,0,CONFIGURATION_MATCHER,"[""function:thefuck/specific/git.py::git_support"",""file:tests/rules/test_git_push.py"",""function:thefuck/rules/git_push.py::get_new_command"",""function:thefuck/utils.py::memoize.wrapper"",""function:thefuck/utils.py::replace_argument"",""function:thefuck/utils.py::is_app"",""function:thefuck/types.py::Command.script_parts"",""function:thefuck/shells/generic.py::Generic.split_command"",""class:thefuck/types.py::Command"",""function:thefuck/utils.py::memoize""]",[],[]
bugsinpy-thefuck-9,nvbn/thefuck,R3,DIAGNOSIS_CANDIDATES,True,,1.0,1.0,1.0,0.25,0.0,0.0,0.0,"[""CONFIGURATION""]",UNKNOWN_CONTRACT,0.0,1.0,0.0,20,20,0.9745222929936306,0.0,0,CONFIGURATION_MATCHER,"[""function:thefuck/specific/git.py::git_support"",""file:thefuck/rules/git_push.py"",""file:tests/rules/test_git_push.py"",""function:thefuck/rules/git_push.py::get_new_command"",""function:thefuck/utils.py::memoize.wrapper"",""function:thefuck/utils.py::is_app"",""function:thefuck/utils.py::replace_argument"",""function:thefuck/types.py::Command.script_parts"",""function:thefuck/shells/generic.py::Generic.split_command"",""file:thefuck/specific/git.py""]",[],[]
bugsinpy-thefuck-9,nvbn/thefuck,R5,DIAGNOSIS_CANDIDATES,True,,1.0,1.0,1.0,0.25,0.0,0.0,0.0,"[""CONFIGURATION""]",UNKNOWN_CONTRACT,0.0,1.0,0.0,20,20,0.9745222929936306,0.0,0,CONFIGURATION_MATCHER,"[""function:thefuck/specific/git.py::git_support"",""file:thefuck/rules/git_push.py"",""file:tests/rules/test_git_push.py"",""function:thefuck/rules/git_push.py::get_new_command"",""function:thefuck/utils.py::memoize.wrapper"",""function:thefuck/utils.py::is_app"",""function:thefuck/utils.py::replace_argument"",""function:thefuck/types.py::Command.script_parts"",""function:thefuck/shells/generic.py::Generic.split_command"",""file:thefuck/specific/git.py""]",[],[]
bugsinpy-thefuck-9,nvbn/thefuck,R6,DIAGNOSIS_CANDIDATES,True,,1.0,1.0,1.0,0.25,0.0,0.0,0.0,"[""CONFIGURATION""]",UNKNOWN_CONTRACT,0.0,1.0,0.0,20,20,0.9745222929936306,0.0,1,CONFIGURATION_MATCHER,"[""function:thefuck/specific/git.py::git_support"",""file:thefuck/rules/git_push.py"",""file:tests/rules/test_git_push.py"",""function:thefuck/rules/git_push.py::get_new_command"",""function:thefuck/utils.py::memoize.wrapper"",""function:thefuck/utils.py::is_app"",""function:thefuck/utils.py::replace_argument"",""function:thefuck/types.py::Command.script_parts"",""function:thefuck/shells/generic.py::Generic.split_command"",""file:thefuck/specific/git.py""]",[],"[{""command"": [""python"", ""-m"", ""pytest"", ""tests/rules/test_git_push.py::test_get_new_command"", ""-x"", ""-vv"", ""--showlocals""], ""distinguished_hypotheses"": [""function:thefuck/specific/git.py::git_support"", ""file:thefuck/rules/git_push.py"", ""file:tests/rules/test_git_push.py""], ""estimated_cost"": 1.0, ""expected_observation"": ""runtime types and values at the top candidate frames"", ""safety_level"": ""READ_ONLY_TEST_EXECUTION"", ""timeout_seconds"": 300, ""utility"": 3.275782242585211}]"
bugsinpy-youtube-dl-37,ytdl-org/youtube-dl,R0,DIAGNOSIS_CONFIRMED,True,,0.0,0.0,0.0,0.0,0.0,0.0,1.0,"[""SERIALIZATION""]",SERIALIZATION,0.0,1.0,1.0,19,19,0.9884498480243161,0.0,0,EXECUTED_SLICE_GRAPH,"[""class:youtube_dl/downloader/rtmp.py::RtmpFD"",""class:youtube_dl/FileDownloader.py::FileDownloader"",""class:youtube_dl/YoutubeDL.py::YoutubeDL"",""file:youtube_dl/__init__.py"",""class:youtube_dl/aes.py::aes_decrypt_text.Counter"",""file:youtube_dl/downloader/__init__.py"",""class:youtube_dl/downloader/common.py::FileDownloader"",""class:youtube_dl/downloader/f4m.py::F4mFD"",""class:youtube_dl/downloader/f4m.py::FlvReader"",""class:youtube_dl/downloader/f4m.py::HttpQuietDownloader""]",[],[]
bugsinpy-youtube-dl-37,ytdl-org/youtube-dl,R1,DIAGNOSIS_CANDIDATES,True,,0.0,0.0,0.0,0.0,0.0,0.0,1.0,"[""SERIALIZATION""]",SERIALIZATION,0.0,1.0,0.0,20,20,0.9878419452887538,0.0,0,EXECUTED_SLICE_GRAPH,"[""file:youtube_dl/extractor/__init__.py"",""class:youtube_dl/extractor/youtube.py::YoutubeBaseInfoExtractor"",""class:youtube_dl/extractor/arte.py::ArteTVConcertIE"",""class:youtube_dl/extractor/common.py::InfoExtractor"",""class:youtube_dl/extractor/francetv.py::CultureboxIE"",""class:youtube_dl/extractor/vimeo.py::VimeoAlbumIE"",""class:youtube_dl/extractor/rutube.py::RutubeChannelIE"",""class:youtube_dl/utils.py::ExtractorError"",""class:youtube_dl/extractor/youtube.py::YoutubeIE"",""class:youtube_dl/extractor/smotri.py::SmotriBroadcastIE""]",[],[]
bugsinpy-youtube-dl-37,ytdl-org/youtube-dl,R3,DIAGNOSIS_CONFIRMED,True,,1.0,1.0,1.0,1.0,1.0,1.0,1.0,"[""SERIALIZATION""]",SERIALIZATION,1.0,1.0,0.0,20,20,0.9878419452887538,0.0,0,EXECUTED_SLICE_GRAPH,"[""function:youtube_dl/utils.py::uppercase_escape"",""file:youtube_dl/extractor/__init__.py"",""file:youtube_dl/__init__.py"",""file:youtube_dl/downloader/__init__.py"",""class:youtube_dl/FileDownloader.py::FileDownloader"",""class:youtube_dl/YoutubeDL.py::YoutubeDL"",""class:youtube_dl/extractor/arte.py::ArteTVConcertIE"",""class:youtube_dl/aes.py::aes_decrypt_text.Counter"",""class:youtube_dl/downloader/common.py::FileDownloader"",""class:youtube_dl/downloader/rtmp.py::RtmpFD""]",[],[]
bugsinpy-youtube-dl-37,ytdl-org/youtube-dl,R5,DIAGNOSIS_CONFIRMED,True,,1.0,1.0,1.0,1.0,1.0,1.0,1.0,"[""SERIALIZATION""]",SERIALIZATION,1.0,1.0,0.0,20,20,0.9878419452887538,0.0,0,EXECUTED_SLICE_GRAPH,"[""function:youtube_dl/utils.py::uppercase_escape"",""file:youtube_dl/extractor/__init__.py"",""file:youtube_dl/__init__.py"",""file:youtube_dl/downloader/__init__.py"",""class:youtube_dl/FileDownloader.py::FileDownloader"",""class:youtube_dl/YoutubeDL.py::YoutubeDL"",""class:youtube_dl/extractor/arte.py::ArteTVConcertIE"",""class:youtube_dl/aes.py::aes_decrypt_text.Counter"",""class:youtube_dl/downloader/common.py::FileDownloader"",""class:youtube_dl/downloader/rtmp.py::RtmpFD""]",[],[]
bugsinpy-youtube-dl-37,ytdl-org/youtube-dl,R6,DIAGNOSIS_CONFIRMED,True,,1.0,1.0,1.0,1.0,1.0,1.0,1.0,"[""SERIALIZATION""]",SERIALIZATION,1.0,1.0,0.0,20,20,0.9878419452887538,0.0,1,EXECUTED_SLICE_GRAPH,"[""function:youtube_dl/utils.py::uppercase_escape"",""file:youtube_dl/extractor/__init__.py"",""file:youtube_dl/__init__.py"",""file:youtube_dl/downloader/__init__.py"",""class:youtube_dl/FileDownloader.py::FileDownloader"",""class:youtube_dl/YoutubeDL.py::YoutubeDL"",""class:youtube_dl/extractor/arte.py::ArteTVConcertIE"",""class:youtube_dl/aes.py::aes_decrypt_text.Counter"",""class:youtube_dl/downloader/common.py::FileDownloader"",""class:youtube_dl/downloader/rtmp.py::RtmpFD""]",[],"[{""command"": [""python"", ""-m"", ""pytest"", ""test/test_utils.py"", ""-x"", ""-vv"", ""--showlocals""], ""distinguished_hypotheses"": [""function:youtube_dl/utils.py::uppercase_escape"", ""file:youtube_dl/extractor/__init__.py"", ""file:youtube_dl/__init__.py""], ""estimated_cost"": 1.0, ""expected_observation"": ""runtime types and values at the top candidate frames"", ""safety_level"": ""READ_ONLY_TEST_EXECUTION"", ""timeout_seconds"": 300, ""utility"": 2.923531330902512}]"
bugsinpy-PySnooper-3,cool-RR/PySnooper,R0,DIAGNOSIS_CONFIRMED,True,,1.0,1.0,1.0,0.5,1.0,1.0,1.0,"[""CONFIGURATION""]",CONFIGURATION,1.0,1.0,0.0,11,11,0.8674698795180723,0.0,0,EXECUTED_SLICE_GRAPH,"[""function:pysnooper/pysnooper.py::snoop"",""function:pysnooper/pysnooper.py::get_write_function"",""function:pysnooper/pysnooper.py::snoop.decorate"",""class:pysnooper/tracer.py::Tracer"",""function:pysnooper/tracer.py::Tracer.__enter__"",""function:pysnooper/tracer.py::Tracer.__init__"",""file:pysnooper/__init__.py"",""class:pysnooper/pycompat.py::ABC"",""file:pysnooper/pysnooper.py"",""function:pysnooper/tracer.py::Tracer.__exit__""]",[],[]
bugsinpy-PySnooper-3,cool-RR/PySnooper,R1,DIAGNOSIS_CONFIRMED,True,,0.0,0.0,1.0,0.06666666666666667,0.0,0.0,1.0,"[""CONFIGURATION""]",CONFIGURATION,0.0,1.0,1.0,20,20,0.7590361445783133,0.0,0,EXECUTED_SLICE_GRAPH,"[""function:pysnooper/pysnooper.py::snoop.decorate"",""function:pysnooper/tracer.py::Tracer.write"",""file:pysnooper/pysnooper.py"",""function:pysnooper/tracer.py::Tracer.trace"",""class:tests/test_pysnooper.py::test_method_and_prefix.Baz"",""function:tests/test_pysnooper.py::test_file_output.my_function"",""function:pysnooper/tracer.py::Tracer.__enter__"",""function:pysnooper/tracer.py::Tracer.__exit__"",""function:pysnooper/tracer.py::Tracer.__init__"",""function:pysnooper/pysnooper.py::snoop""]",[],[]
bugsinpy-PySnooper-3,cool-RR/PySnooper,R3,DIAGNOSIS_CONFIRMED,True,,0.0,0.0,1.0,0.09090909090909091,0.0,0.0,1.0,"[""CONFIGURATION""]",CONFIGURATION,0.0,1.0,1.0,20,20,0.7590361445783133,0.0,0,EXECUTED_SLICE_GRAPH,"[""function:pysnooper/pysnooper.py::snoop.decorate"",""function:pysnooper/tracer.py::Tracer.write"",""file:pysnooper/pysnooper.py"",""function:pysnooper/tracer.py::Tracer.trace"",""class:tests/test_pysnooper.py::test_method_and_prefix.Baz"",""function:tests/test_pysnooper.py::test_file_output.my_function"",""function:pysnooper/tracer.py::Tracer.__init__"",""function:pysnooper/tracer.py::Tracer.__enter__"",""function:pysnooper/tracer.py::Tracer.__exit__"",""function:pysnooper/pysnooper.py::snoop""]",[],[]
bugsinpy-PySnooper-3,cool-RR/PySnooper,R5,DIAGNOSIS_CONFIRMED,True,,0.0,0.0,1.0,0.09090909090909091,0.0,0.0,1.0,"[""CONFIGURATION""]",CONFIGURATION,0.0,1.0,1.0,20,20,0.7590361445783133,0.0,0,EXECUTED_SLICE_GRAPH,"[""function:pysnooper/pysnooper.py::snoop.decorate"",""function:pysnooper/tracer.py::Tracer.write"",""file:pysnooper/pysnooper.py"",""function:pysnooper/tracer.py::Tracer.trace"",""class:tests/test_pysnooper.py::test_method_and_prefix.Baz"",""function:tests/test_pysnooper.py::test_file_output.my_function"",""function:pysnooper/tracer.py::Tracer.__init__"",""function:pysnooper/tracer.py::Tracer.__enter__"",""function:pysnooper/tracer.py::Tracer.__exit__"",""function:pysnooper/pysnooper.py::snoop""]",[],[]
bugsinpy-PySnooper-3,cool-RR/PySnooper,R6,DIAGNOSIS_CONFIRMED,True,,0.0,0.0,1.0,0.09090909090909091,0.0,0.0,1.0,"[""CONFIGURATION""]",CONFIGURATION,0.0,1.0,1.0,20,20,0.7590361445783133,0.0,1,EXECUTED_SLICE_GRAPH,"[""function:pysnooper/pysnooper.py::snoop.decorate"",""function:pysnooper/tracer.py::Tracer.write"",""file:pysnooper/pysnooper.py"",""function:pysnooper/tracer.py::Tracer.trace"",""class:tests/test_pysnooper.py::test_method_and_prefix.Baz"",""function:tests/test_pysnooper.py::test_file_output.my_function"",""function:pysnooper/tracer.py::Tracer.__init__"",""function:pysnooper/tracer.py::Tracer.__enter__"",""function:pysnooper/tracer.py::Tracer.__exit__"",""function:pysnooper/pysnooper.py::snoop""]",[],"[{""command"": [""python"", ""-m"", ""pytest"", ""tests/test_pysnooper.py::test_file_output"", ""-x"", ""-vv"", ""--showlocals""], ""distinguished_hypotheses"": [""function:pysnooper/pysnooper.py::snoop.decorate"", ""function:pysnooper/tracer.py::Tracer.write"", ""file:pysnooper/pysnooper.py""], ""estimated_cost"": 1.0, ""expected_observation"": ""runtime types and values at the top candidate frames"", ""safety_level"": ""READ_ONLY_TEST_EXECUTION"", ""timeout_seconds"": 300, ""utility"": 3.2958296612011626}]"
bugsinpy-pandas-7,pandas-dev/pandas,R0,DIAGNOSIS_CONFIRMED,True,,0.0,0.0,0.0,0.0,0.0,0.0,0.0,"[""CONFIGURATION""]",DATA_CONTRACT,0.0,1.0,1.0,20,20,0.9982233277072045,0.0,0,DATAFLOW_ASSERTION,"[""class:pandas/core/series.py::Series"",""function:pandas/core/series.py::_coerce_method"",""class:pandas/core/accessor.py::CachedAccessor"",""function:pandas/core/generic.py::_doc_parms"",""function:pandas/core/generic.py::_make_cum_function"",""function:pandas/core/generic.py::_make_min_count_stat_function"",""function:pandas/core/generic.py::_make_stat_function"",""function:pandas/core/generic.py::_make_stat_function_ddof"",""function:pandas/core/ops/methods.py::_add_methods"",""function:pandas/core/ops/methods.py::_create_methods""]",[],[]
bugsinpy-pandas-7,pandas-dev/pandas,R1,DIAGNOSIS_CONFIRMED,True,,1.0,1.0,1.0,1.0,1.0,1.0,0.0,"[""CONFIGURATION""]",DATA_CONTRACT,0.0,1.0,1.0,20,20,0.9982233277072045,0.0,0,DATAFLOW_ASSERTION,"[""class:pandas/core/indexes/base.py::Index"",""function:pandas/util/_decorators.py::Appender.__init__"",""function:pandas/util/_decorators.py::Appender.__call__"",""function:pandas/core/indexes/base.py::ensure_index"",""function:pandas/core/series.py::Series.__init__"",""function:pandas/core/indexes/extension.py::inherit_from_data.fget"",""class:pandas/core/series.py::Series"",""class:pandas/core/frame.py::DataFrame"",""function:pandas/core/indexes/datetimes.py::date_range"",""class:pandas/tseries/offsets.py::BQuarterBegin""]",[],[]
bugsinpy-pandas-7,pandas-dev/pandas,R3,DIAGNOSIS_CONFIRMED,True,,1.0,1.0,1.0,0.3333333333333333,1.0,1.0,0.0,"[""CONFIGURATION""]",DATA_CONTRACT,0.0,1.0,1.0,20,20,0.9982233277072045,0.0,0,DATAFLOW_ASSERTION,"[""function:pandas/core/frame.py::DataFrame._reindex_index"",""function:pandas/core/frame.py::DataFrame._reindex_axes"",""class:pandas/core/indexes/base.py::Index"",""function:pandas/core/indexes/base.py::Index.reindex"",""function:pandas/core/indexes/base.py::Index.get_indexer"",""function:pandas/core/generic.py::NDFrame.reindex"",""function:pandas/core/frame.py::DataFrame.reindex"",""function:pandas/util/_decorators.py::deprecate.wrapper"",""class:pandas/tests/frame/indexing/test_indexing.py::TestDataFrameIndexing"",""function:pandas/core/indexes/base.py::Index._get_nearest_indexer""]",[],[]
bugsinpy-pandas-7,pandas-dev/pandas,R5,DIAGNOSIS_CONFIRMED,True,,1.0,1.0,1.0,0.3333333333333333,1.0,1.0,0.0,"[""CONFIGURATION""]",DATA_CONTRACT,0.0,1.0,1.0,20,20,0.9982233277072045,0.0,0,DATAFLOW_ASSERTION,"[""function:pandas/core/frame.py::DataFrame._reindex_index"",""function:pandas/core/frame.py::DataFrame._reindex_axes"",""class:pandas/core/indexes/base.py::Index"",""function:pandas/core/indexes/base.py::Index.reindex"",""function:pandas/core/indexes/base.py::Index.get_indexer"",""function:pandas/core/generic.py::NDFrame.reindex"",""function:pandas/core/frame.py::DataFrame.reindex"",""function:pandas/util/_decorators.py::deprecate.wrapper"",""class:pandas/tests/frame/indexing/test_indexing.py::TestDataFrameIndexing"",""function:pandas/core/indexes/base.py::Index._get_nearest_indexer""]",[],[]
bugsinpy-pandas-7,pandas-dev/pandas,R6,DIAGNOSIS_CONFIRMED,True,,1.0,1.0,1.0,0.3333333333333333,1.0,1.0,0.0,"[""CONFIGURATION""]",DATA_CONTRACT,0.0,1.0,1.0,20,20,0.9982233277072045,0.0,1,DATAFLOW_ASSERTION,"[""function:pandas/core/frame.py::DataFrame._reindex_index"",""function:pandas/core/frame.py::DataFrame._reindex_axes"",""class:pandas/core/indexes/base.py::Index"",""function:pandas/core/indexes/base.py::Index.reindex"",""function:pandas/core/indexes/base.py::Index.get_indexer"",""function:pandas/core/generic.py::NDFrame.reindex"",""function:pandas/core/frame.py::DataFrame.reindex"",""function:pandas/util/_decorators.py::deprecate.wrapper"",""class:pandas/tests/frame/indexing/test_indexing.py::TestDataFrameIndexing"",""function:pandas/core/indexes/base.py::Index._get_nearest_indexer""]",[],"[{""command"": [""python"", ""-m"", ""pytest"", ""pandas/tests/frame/indexing/test_indexing.py::TestDataFrameIndexing::test_reindex_nearest_tz"", ""-x"", ""-vv"", ""--showlocals""], ""distinguished_hypotheses"": [""function:pandas/core/frame.py::DataFrame._reindex_index"", ""function:pandas/core/frame.py::DataFrame._reindex_axes"", ""class:pandas/core/indexes/base.py::Index""], ""estimated_cost"": 1.0, ""expected_observation"": ""runtime types and values at the top candidate frames"", ""safety_level"": ""READ_ONLY_TEST_EXECUTION"", ""timeout_seconds"": 300, ""utility"": 3.2958365931932914}]"
bugsinpy-httpie-4,jakubroztocil/httpie,R0,DIAGNOSIS_CANDIDATES,True,,0.0,0.0,0.0,0.0,0.0,0.0,0.0,"[""CONFIGURATION""]",UNKNOWN_CONTRACT,0.0,1.0,0.0,20,20,0.9423631123919308,0.0,0,EXECUTED_SLICE_GRAPH,"[""function:httpie/core.py::main"",""function:httpie/output/streams.py::write"",""function:httpie/plugins/manager.py::PluginManager.load_installed_plugins"",""function:httpie/core.py::decode_args"",""function:httpie/input.py::Parser.parse_args"",""function:httpie/output/streams.py::build_output_stream"",""class:httpie/context.py::Environment"",""function:httpie/config.py::BaseConfigDict.save"",""class:httpie/downloads.py::Download"",""function:httpie/client.py::get_requests_kwargs""]",[],[]
bugsinpy-httpie-4,jakubroztocil/httpie,R1,DIAGNOSIS_CANDIDATES,True,,0.0,0.0,0.0,0.0,0.0,0.0,0.0,"[""CONFIGURATION""]",UNKNOWN_CONTRACT,0.0,1.0,0.0,20,20,0.9423631123919308,0.0,0,EXECUTED_SLICE_GRAPH,"[""class:httpie/input.py::AuthCredentials"",""class:httpie/downloads.py::ContentRangeError"",""class:httpie/input.py::KeyValueArgType"",""file:httpie/plugins/__init__.py"",""function:httpie/core.py::main"",""function:httpie/input.py::Parser.parse_args"",""function:httpie/output/streams.py::write"",""function:httpie/output/processing.py::Formatting.format_headers"",""class:httpie/output/streams.py::BaseStream"",""function:httpie/output/streams.py::build_output_stream""]",[],[]
bugsinpy-httpie-4,jakubroztocil/httpie,R3,DIAGNOSIS_CANDIDATES,True,,0.0,0.0,0.0,0.0,0.0,0.0,0.0,"[""CONFIGURATION""]",UNKNOWN_CONTRACT,0.0,1.0,0.0,20,20,0.9423631123919308,0.0,0,EXECUTED_SLICE_GRAPH,"[""class:httpie/input.py::AuthCredentials"",""class:httpie/downloads.py::ContentRangeError"",""class:httpie/output/formatters/xml.py::XMLFormatter"",""file:tests/test_regressions.py"",""class:httpie/downloads.py::Status"",""class:httpie/input.py::Parser"",""class:httpie/input.py::KeyValueArgType"",""class:httpie/downloads.py::Download"",""class:httpie/downloads.py::ProgressReporterThread"",""class:httpie/input.py::AuthCredentialsArgType""]",[],[]
bugsinpy-httpie-4,jakubroztocil/httpie,R5,DIAGNOSIS_CANDIDATES,True,,0.0,0.0,0.0,0.0,0.0,0.0,0.0,"[""CONFIGURATION""]",UNKNOWN_CONTRACT,0.0,1.0,0.0,20,20,0.9423631123919308,0.0,0,EXECUTED_SLICE_GRAPH,"[""class:httpie/input.py::AuthCredentials"",""class:httpie/downloads.py::ContentRangeError"",""class:httpie/output/formatters/xml.py::XMLFormatter"",""file:tests/test_regressions.py"",""class:httpie/downloads.py::Status"",""class:httpie/input.py::Parser"",""class:httpie/input.py::KeyValueArgType"",""class:httpie/downloads.py::Download"",""class:httpie/downloads.py::ProgressReporterThread"",""class:httpie/input.py::AuthCredentialsArgType""]",[],[]
bugsinpy-httpie-4,jakubroztocil/httpie,R6,DIAGNOSIS_CANDIDATES,True,,0.0,0.0,0.0,0.0,0.0,0.0,0.0,"[""CONFIGURATION""]",UNKNOWN_CONTRACT,0.0,1.0,0.0,20,20,0.9423631123919308,0.0,1,EXECUTED_SLICE_GRAPH,"[""class:httpie/input.py::AuthCredentials"",""class:httpie/downloads.py::ContentRangeError"",""class:httpie/output/formatters/xml.py::XMLFormatter"",""file:tests/test_regressions.py"",""class:httpie/downloads.py::Status"",""class:httpie/input.py::Parser"",""class:httpie/input.py::KeyValueArgType"",""class:httpie/downloads.py::Download"",""class:httpie/downloads.py::ProgressReporterThread"",""class:httpie/input.py::AuthCredentialsArgType""]",[],"[{""command"": [""python"", ""-m"", ""pytest"", ""tests/test_regressions.py::test_Host_header_overwrite"", ""-x"", ""-vv"", ""--showlocals""], ""distinguished_hypotheses"": [""class:httpie/input.py::AuthCredentials"", ""class:httpie/downloads.py::ContentRangeError"", ""class:httpie/output/formatters/xml.py::XMLFormatter""], ""estimated_cost"": 1.0, ""expected_observation"": ""runtime types and values at the top candidate frames"", ""safety_level"": ""READ_ONLY_TEST_EXECUTION"", ""timeout_seconds"": 300, ""utility"": 3.295674818145498}]"
bugsinpy-fastapi-16,tiangolo/fastapi,R0,DIAGNOSIS_CONFIRMED,True,,1.0,1.0,1.0,1.0,1.0,1.0,1.0,"[""CONFIGURATION""]",CONFIGURATION,1.0,1.0,0.0,20,20,0.971830985915493,0.0,0,CONFIGURATION_MATCHER,"[""function:fastapi/encoders.py::jsonable_encoder"",""class:fastapi/security/api_key.py::APIKeyCookie"",""class:fastapi/security/api_key.py::APIKeyHeader"",""class:fastapi/security/api_key.py::APIKeyQuery"",""class:fastapi/security/base.py::SecurityBase"",""class:fastapi/security/http.py::HTTPBase"",""class:fastapi/security/http.py::HTTPBasic"",""class:fastapi/security/http.py::HTTPBearer"",""class:fastapi/security/http.py::HTTPDigest"",""class:fastapi/security/oauth2.py::OAuth2""]",[],[]
bugsinpy-fastapi-16,tiangolo/fastapi,R1,DIAGNOSIS_CONFIRMED,True,,0.0,0.0,0.0,0.0,0.0,0.0,1.0,"[""CONFIGURATION""]",CONFIGURATION,0.0,1.0,1.0,20,20,0.971830985915493,0.0,0,CONFIGURATION_MATCHER,"[""file:fastapi/encoders.py"",""class:tests/test_jsonable_encoder.py::DictablePerson"",""class:fastapi/openapi/models.py::APIKey"",""class:fastapi/applications.py::FastAPI"",""class:fastapi/params.py::Body"",""class:fastapi/security/http.py::HTTPAuthorizationCredentials"",""class:fastapi/params.py::Security"",""class:fastapi/params.py::Depends"",""class:fastapi/openapi/models.py::Schema"",""file:fastapi/security/__init__.py""]",[],[]
bugsinpy-fastapi-16,tiangolo/fastapi,R3,DIAGNOSIS_CONFIRMED,True,,1.0,1.0,1.0,0.3333333333333333,1.0,1.0,1.0,"[""CONFIGURATION""]",CONFIGURATION,1.0,1.0,0.0,20,20,0.971830985915493,0.0,0,CONFIGURATION_MATCHER,"[""file:fastapi/encoders.py"",""class:tests/test_jsonable_encoder.py::DictablePerson"",""function:fastapi/encoders.py::jsonable_encoder"",""class:fastapi/applications.py::FastAPI"",""class:fastapi/openapi/models.py::APIKey"",""file:fastapi/dependencies/__init__.py"",""file:fastapi/openapi/__init__.py"",""file:fastapi/openapi/constants.py"",""file:fastapi/openapi/docs.py"",""class:fastapi/dependencies/models.py::Dependant""]",[],[]
bugsinpy-fastapi-16,tiangolo/fastapi,R5,DIAGNOSIS_CONFIRMED,True,,1.0,1.0,1.0,0.3333333333333333,1.0,1.0,1.0,"[""CONFIGURATION""]",CONFIGURATION,1.0,1.0,0.0,20,20,0.971830985915493,0.0,0,CONFIGURATION_MATCHER,"[""file:fastapi/encoders.py"",""class:tests/test_jsonable_encoder.py::DictablePerson"",""function:fastapi/encoders.py::jsonable_encoder"",""class:fastapi/applications.py::FastAPI"",""class:fastapi/openapi/models.py::APIKey"",""file:fastapi/dependencies/__init__.py"",""file:fastapi/openapi/__init__.py"",""file:fastapi/openapi/constants.py"",""file:fastapi/openapi/docs.py"",""class:fastapi/dependencies/models.py::Dependant""]",[],[]
bugsinpy-fastapi-16,tiangolo/fastapi,R6,DIAGNOSIS_CONFIRMED,True,,1.0,1.0,1.0,0.3333333333333333,1.0,1.0,1.0,"[""CONFIGURATION""]",CONFIGURATION,1.0,1.0,0.0,20,20,0.971830985915493,0.0,1,CONFIGURATION_MATCHER,"[""file:fastapi/encoders.py"",""class:tests/test_jsonable_encoder.py::DictablePerson"",""function:fastapi/encoders.py::jsonable_encoder"",""class:fastapi/applications.py::FastAPI"",""class:fastapi/openapi/models.py::APIKey"",""file:fastapi/dependencies/__init__.py"",""file:fastapi/openapi/__init__.py"",""file:fastapi/openapi/constants.py"",""file:fastapi/openapi/docs.py"",""class:fastapi/dependencies/models.py::Dependant""]",[],"[{""command"": [""python"", ""-m"", ""pytest"", ""tests/test_jsonable_encoder.py::test_encode_model_with_config"", ""-x"", ""-vv"", ""--showlocals""], ""distinguished_hypotheses"": [""file:fastapi/encoders.py"", ""class:tests/test_jsonable_encoder.py::DictablePerson"", ""function:fastapi/encoders.py::jsonable_encoder""], ""estimated_cost"": 1.0, ""expected_observation"": ""runtime types and values at the top candidate frames"", ""safety_level"": ""READ_ONLY_TEST_EXECUTION"", ""timeout_seconds"": 300, ""utility"": 3.077660876701625}]"
bugsinpy-tornado-14,tornadoweb/tornado,R0,DIAGNOSIS_CANDIDATES,True,,0.0,1.0,1.0,0.125,0.0,0.0,0.0,"[""CONFIGURATION""]",UNKNOWN_CONTRACT,0.0,1.0,0.0,20,20,0.9935917975008011,0.0,0,EXECUTED_SLICE_GRAPH,"[""class:tornado/ioloop.py::PollIOLoop"",""class:tornado/platform/select.py::_Select"",""class:tornado/gen.py::Runner"",""class:tornado/gen.py::YieldFuture"",""function:tornado/gen.py::_make_coroutine_wrapper"",""class:tornado/httpclient.py::AsyncHTTPClient"",""class:tornado/httpclient.py::HTTPClient"",""class:tornado/ioloop.py::IOLoop"",""function:tornado/ioloop.py::IOLoop.clear_current"",""function:tornado/ioloop.py::IOLoop.configurable_base""]",[],[]
bugsinpy-tornado-14,tornadoweb/tornado,R1,DIAGNOSIS_CANDIDATES,True,,1.0,1.0,1.0,0.5,1.0,1.0,0.0,"[""CONFIGURATION""]",UNKNOWN_CONTRACT,0.0,1.0,0.0,20,20,0.9935917975008011,0.0,0,EXECUTED_SLICE_GRAPH,"[""function:tornado/util.py::Configurable.__new__"",""function:tornado/ioloop.py::IOLoop.initialize"",""function:tornado/ioloop.py::IOLoop.current"",""function:tornado/util.py::Configurable.configured_class"",""class:tornado/gen.py::BadYieldError"",""class:tornado/ioloop.py::IOLoop"",""class:tornado/gen.py::Callback"",""class:tornado/stack_context.py::ExceptionStackContext"",""file:tornado/__init__.py"",""file:tornado/platform/__init__.py""]",[],[]
bugsinpy-tornado-14,tornadoweb/tornado,R3,DIAGNOSIS_CANDIDATES,True,,1.0,1.0,1.0,1.0,1.0,1.0,0.0,"[""CONFIGURATION""]",UNKNOWN_CONTRACT,0.0,1.0,0.0,20,20,0.9935917975008011,0.0,0,EXECUTED_SLICE_GRAPH,"[""function:tornado/ioloop.py::IOLoop.initialize"",""function:tornado/util.py::Configurable.__new__"",""function:tornado/platform/epoll.py::EPollIOLoop.initialize"",""function:tornado/ioloop.py::IOLoop.current"",""function:tornado/util.py::Configurable.configured_class"",""function:tornado/ioloop.py::IOLoop.configurable_base"",""function:tornado/ioloop.py::IOLoop.configurable_default"",""file:tornado/__init__.py"",""class:tornado/gen.py::BadYieldError"",""class:tornado/concurrent.py::Future""]",[],[]
bugsinpy-tornado-14,tornadoweb/tornado,R5,DIAGNOSIS_CANDIDATES,True,,1.0,1.0,1.0,1.0,1.0,1.0,0.0,"[""CONFIGURATION""]",UNKNOWN_CONTRACT,0.0,1.0,0.0,20,20,0.9935917975008011,0.0,0,EXECUTED_SLICE_GRAPH,"[""function:tornado/ioloop.py::IOLoop.initialize"",""function:tornado/util.py::Configurable.__new__"",""function:tornado/platform/epoll.py::EPollIOLoop.initialize"",""function:tornado/ioloop.py::IOLoop.current"",""function:tornado/util.py::Configurable.configured_class"",""function:tornado/ioloop.py::IOLoop.configurable_base"",""function:tornado/ioloop.py::IOLoop.configurable_default"",""file:tornado/__init__.py"",""class:tornado/gen.py::BadYieldError"",""class:tornado/concurrent.py::Future""]",[],[]
bugsinpy-tornado-14,tornadoweb/tornado,R6,DIAGNOSIS_CANDIDATES,True,,1.0,1.0,1.0,1.0,1.0,1.0,0.0,"[""CONFIGURATION""]",UNKNOWN_CONTRACT,0.0,1.0,0.0,20,20,0.9935917975008011,0.0,1,EXECUTED_SLICE_GRAPH,"[""function:tornado/ioloop.py::IOLoop.initialize"",""function:tornado/util.py::Configurable.__new__"",""function:tornado/platform/epoll.py::EPollIOLoop.initialize"",""function:tornado/ioloop.py::IOLoop.current"",""function:tornado/util.py::Configurable.configured_class"",""function:tornado/ioloop.py::IOLoop.configurable_base"",""function:tornado/ioloop.py::IOLoop.configurable_default"",""file:tornado/__init__.py"",""class:tornado/gen.py::BadYieldError"",""class:tornado/concurrent.py::Future""]",[],"[{""command"": [""python"", ""-m"", ""pytest"", ""tornado/test/ioloop_test.py"", ""-x"", ""-vv"", ""--showlocals""], ""distinguished_hypotheses"": [""function:tornado/ioloop.py::IOLoop.initialize"", ""function:tornado/util.py::Configurable.__new__"", ""function:tornado/platform/epoll.py::EPollIOLoop.initialize""], ""estimated_cost"": 1.0, ""expected_observation"": ""runtime types and values at the top candidate frames"", ""safety_level"": ""READ_ONLY_TEST_EXECUTION"", ""timeout_seconds"": 300, ""utility"": 3.295814903036985}]"
bugsinpy-black-14,psf/black,R0,DIAGNOSIS_CANDIDATES,True,,0.0,0.0,0.0,0.0,0.0,0.0,0.0,"[""CONFIGURATION"", ""DATA_CONTRACT""]",UNKNOWN_CONTRACT,0.0,1.0,0.0,20,20,0.9658703071672355,0.0,0,EXECUTED_SLICE_GRAPH,"[""function:blib2to3/pgen2/driver.py::Driver.parse_string"",""function:blib2to3/pgen2/tokenize.py::generate_tokens"",""class:blib2to3/pgen2/driver.py::Driver"",""function:blib2to3/pytree.py::Node.invalidate_sibling_maps"",""function:blib2to3/pgen2/driver.py::Driver.parse_tokens"",""function:black.py::lib2to3_parse"",""function:blib2to3/pgen2/parse.py::Parser.pop"",""function:blib2to3/pgen2/parse.py::Parser.addtoken"",""function:blib2to3/pgen2/tokenize.py::group"",""function:blib2to3/pytree.py::convert""]",[],[]
bugsinpy-black-14,psf/black,R1,DIAGNOSIS_CANDIDATES,True,,0.0,0.0,0.0,0.0,0.0,0.0,0.0,"[""CONFIGURATION"", ""DATA_CONTRACT""]",UNKNOWN_CONTRACT,0.0,1.0,0.0,20,20,0.9658703071672355,0.0,0,EXECUTED_SLICE_GRAPH,"[""function:black.py::lib2to3_parse"",""function:blib2to3/pgen2/tokenize.py::generate_tokens"",""function:blib2to3/pgen2/driver.py::Driver.parse_tokens"",""function:blib2to3/pgen2/driver.py::load_grammar"",""function:blib2to3/pgen2/pgen.py::ParserGenerator.gettoken"",""class:black.py::BracketTracker"",""function:blib2to3/pytree.py::convert"",""function:blib2to3/pgen2/pgen.py::ParserGenerator.parse_rhs"",""function:blib2to3/pgen2/pgen.py::ParserGenerator.parse_atom"",""function:blib2to3/pgen2/pgen.py::DFAState.__init__""]",[],[]
bugsinpy-black-14,psf/black,R3,DIAGNOSIS_CANDIDATES,True,,1.0,1.0,1.0,1.0,1.0,1.0,0.0,"[""CONFIGURATION"", ""DATA_CONTRACT""]",UNKNOWN_CONTRACT,0.0,1.0,0.0,20,20,0.9658703071672355,0.0,0,EXECUTED_SLICE_GRAPH,"[""function:black.py::get_future_imports"",""function:black.py::lib2to3_parse"",""function:blib2to3/pgen2/tokenize.py::generate_tokens"",""function:blib2to3/pgen2/driver.py::Driver.__init__"",""function:blib2to3/pgen2/driver.py::Driver.parse_string"",""function:blib2to3/pytree.py::Base.__new__"",""function:blib2to3/pytree.py::Leaf.__init__"",""function:blib2to3/pgen2/driver.py::Driver.parse_tokens"",""function:blib2to3/pgen2/driver.py::load_grammar"",""function:blib2to3/pgen2/pgen.py::ParserGenerator.gettoken""]",[],[]
bugsinpy-black-14,psf/black,R5,DIAGNOSIS_CANDIDATES,True,,1.0,1.0,1.0,1.0,1.0,1.0,0.0,"[""CONFIGURATION"", ""DATA_CONTRACT""]",UNKNOWN_CONTRACT,0.0,1.0,0.0,20,20,0.9658703071672355,0.0,0,EXECUTED_SLICE_GRAPH,"[""function:black.py::get_future_imports"",""function:black.py::lib2to3_parse"",""function:blib2to3/pgen2/tokenize.py::generate_tokens"",""function:blib2to3/pgen2/driver.py::Driver.__init__"",""function:blib2to3/pgen2/driver.py::Driver.parse_string"",""function:blib2to3/pytree.py::Base.__new__"",""function:blib2to3/pytree.py::Leaf.__init__"",""function:blib2to3/pgen2/driver.py::Driver.parse_tokens"",""function:blib2to3/pgen2/driver.py::load_grammar"",""function:blib2to3/pgen2/pgen.py::ParserGenerator.gettoken""]",[],[]
bugsinpy-black-14,psf/black,R6,DIAGNOSIS_CANDIDATES,True,,1.0,1.0,1.0,1.0,1.0,1.0,0.0,"[""CONFIGURATION"", ""DATA_CONTRACT""]",UNKNOWN_CONTRACT,0.0,1.0,0.0,20,20,0.9658703071672355,0.0,1,EXECUTED_SLICE_GRAPH,"[""function:black.py::get_future_imports"",""function:black.py::lib2to3_parse"",""function:blib2to3/pgen2/tokenize.py::generate_tokens"",""function:blib2to3/pgen2/driver.py::Driver.__init__"",""function:blib2to3/pgen2/driver.py::Driver.parse_string"",""function:blib2to3/pytree.py::Base.__new__"",""function:blib2to3/pytree.py::Leaf.__init__"",""function:blib2to3/pgen2/driver.py::Driver.parse_tokens"",""function:blib2to3/pgen2/driver.py::load_grammar"",""function:blib2to3/pgen2/pgen.py::ParserGenerator.gettoken""]",[],"[{""command"": [""python"", ""-m"", ""pytest"", ""tests/test_black.py"", ""-x"", ""-vv"", ""--showlocals""], ""distinguished_hypotheses"": [""function:black.py::get_future_imports"", ""function:black.py::lib2to3_parse"", ""function:blib2to3/pgen2/tokenize.py::generate_tokens""], ""estimated_cost"": 1.0, ""expected_observation"": ""runtime types and values at the top candidate frames"", ""safety_level"": ""READ_ONLY_TEST_EXECUTION"", ""timeout_seconds"": 300, ""utility"": 2.9972356207223227}]"
bugsinpy-thefuck-10,nvbn/thefuck,R0,DIAGNOSIS_CANDIDATES,True,,1.0,1.0,1.0,0.3333333333333333,1.0,1.0,0.0,"[""CONFIGURATION""]",UNKNOWN_CONTRACT,0.0,1.0,0.0,20,20,0.9743918053777209,0.0,0,EXECUTED_SLICE_GRAPH,"[""class:thefuck/types.py::Rule"",""class:thefuck/conf.py::Settings"",""function:thefuck/rules/man.py::get_new_command"",""class:thefuck/shells/fish.py::Fish"",""class:thefuck/shells/generic.py::Generic"",""function:thefuck/shells/generic.py::Generic.split_command"",""class:thefuck/types.py::Command"",""function:thefuck/utils.py::for_app"",""file:thefuck/__init__.py"",""function:thefuck/conf.py::Settings.__setattr__""]",[],[]
bugsinpy-thefuck-10,nvbn/thefuck,R1,DIAGNOSIS_CANDIDATES,True,,0.0,0.0,0.0,0.0,0.0,0.0,0.0,"[""CONFIGURATION""]",UNKNOWN_CONTRACT,0.0,1.0,0.0,20,20,0.9743918053777209,0.0,0,EXECUTED_SLICE_GRAPH,"[""file:tests/rules/test_man.py"",""function:thefuck/types.py::Command.__init__"",""class:thefuck/types.py::Command"",""function:thefuck/utils.py::memoize"",""class:thefuck/const.py::_GenConst"",""class:thefuck/shells/generic.py::Generic"",""file:thefuck/__init__.py"",""function:thefuck/conf.py::Settings.__setattr__"",""file:thefuck/logs.py"",""file:thefuck/rules/__init__.py""]",[],[]
bugsinpy-thefuck-10,nvbn/thefuck,R3,DIAGNOSIS_CANDIDATES,True,,1.0,1.0,1.0,0.25,0.0,0.0,0.0,"[""CONFIGURATION""]",UNKNOWN_CONTRACT,0.0,1.0,0.0,20,20,0.9743918053777209,0.0,0,EXECUTED_SLICE_GRAPH,"[""file:tests/rules/test_man.py"",""function:thefuck/types.py::Command.__init__"",""class:thefuck/types.py::Command"",""function:thefuck/rules/man.py::get_new_command"",""class:thefuck/shells/fish.py::Fish"",""class:thefuck/shells/tcsh.py::Tcsh"",""function:thefuck/types.py::Command.__repr__"",""file:thefuck/rules/man.py"",""class:thefuck/const.py::_GenConst"",""file:thefuck/__init__.py""]",[],[]
bugsinpy-thefuck-10,nvbn/thefuck,R5,DIAGNOSIS_CANDIDATES,True,,1.0,1.0,1.0,0.25,0.0,0.0,0.0,"[""CONFIGURATION""]",UNKNOWN_CONTRACT,0.0,1.0,0.0,20,20,0.9743918053777209,0.0,0,EXECUTED_SLICE_GRAPH,"[""file:tests/rules/test_man.py"",""function:thefuck/types.py::Command.__init__"",""class:thefuck/types.py::Command"",""function:thefuck/rules/man.py::get_new_command"",""class:thefuck/shells/fish.py::Fish"",""class:thefuck/shells/tcsh.py::Tcsh"",""function:thefuck/types.py::Command.__repr__"",""file:thefuck/rules/man.py"",""class:thefuck/const.py::_GenConst"",""file:thefuck/__init__.py""]",[],[]
bugsinpy-thefuck-10,nvbn/thefuck,R6,DIAGNOSIS_CANDIDATES,True,,1.0,1.0,1.0,0.25,0.0,0.0,0.0,"[""CONFIGURATION""]",UNKNOWN_CONTRACT,0.0,1.0,0.0,20,20,0.9743918053777209,0.0,1,EXECUTED_SLICE_GRAPH,"[""file:tests/rules/test_man.py"",""function:thefuck/types.py::Command.__init__"",""class:thefuck/types.py::Command"",""function:thefuck/rules/man.py::get_new_command"",""class:thefuck/shells/fish.py::Fish"",""class:thefuck/shells/tcsh.py::Tcsh"",""function:thefuck/types.py::Command.__repr__"",""file:thefuck/rules/man.py"",""class:thefuck/const.py::_GenConst"",""file:thefuck/__init__.py""]",[],"[{""command"": [""python"", ""-m"", ""pytest"", ""tests/rules/test_man.py::test_get_new_command"", ""-x"", ""-vv"", ""--showlocals""], ""distinguished_hypotheses"": [""file:tests/rules/test_man.py"", ""function:thefuck/types.py::Command.__init__"", ""class:thefuck/types.py::Command""], ""estimated_cost"": 1.0, ""expected_observation"": ""runtime types and values at the top candidate frames"", ""safety_level"": ""READ_ONLY_TEST_EXECUTION"", ""timeout_seconds"": 300, ""utility"": 3.1103460335172746}]"
bugsinpy-youtube-dl-36,ytdl-org/youtube-dl,R0,DIAGNOSIS_CONFIRMED,True,,0.0,0.0,0.0,0.0,0.0,0.0,0.0,"[""CONFIGURATION""]",ARTIFACT_PROVENANCE,0.0,1.0,1.0,20,20,0.9895506792058516,0.0,0,EXECUTED_SLICE_GRAPH,"[""class:youtube_dl/downloader/rtmp.py::RtmpFD"",""class:youtube_dl/extractor/academicearth.py::AcademicEarthCourseIE"",""class:youtube_dl/extractor/bambuser.py::BambuserChannelIE"",""class:youtube_dl/extractor/bliptv.py::BlipTVUserIE"",""class:youtube_dl/extractor/brightcove.py::BrightcoveIE"",""class:youtube_dl/extractor/daum.py::DaumIE"",""class:youtube_dl/extractor/livestream.py::LivestreamOriginalIE"",""class:youtube_dl/extractor/naver.py::NaverIE"",""class:youtube_dl/extractor/prosiebensat1.py::ProSiebenSat1IE"",""class:youtube_dl/extractor/teachertube.py::TeacherTubeUserIE""]",[],[]
bugsinpy-youtube-dl-36,ytdl-org/youtube-dl,R1,DIAGNOSIS_CANDIDATES,True,,0.0,0.0,0.0,0.0,0.0,0.0,0.0,"[""CONFIGURATION""]",UNKNOWN_CONTRACT,0.0,1.0,0.0,20,20,0.9895506792058516,0.0,0,EXECUTED_SLICE_GRAPH,"[""file:youtube_dl/extractor/__init__.py"",""function:youtube_dl/extractor/common.py::InfoExtractor.suitable"",""class:youtube_dl/extractor/youtube.py::YoutubeBaseInfoExtractor"",""class:youtube_dl/extractor/vimeo.py::VimeoAlbumIE"",""class:youtube_dl/extractor/common.py::InfoExtractor"",""class:youtube_dl/extractor/arte.py::ArteTVConcertIE"",""class:youtube_dl/extractor/francetv.py::CultureboxIE"",""function:youtube_dl/extractor/common.py::InfoExtractor.__init__"",""class:youtube_dl/extractor/rutube.py::RutubeChannelIE"",""class:youtube_dl/utils.py::ExtractorError""]",[],[]
bugsinpy-youtube-dl-36,ytdl-org/youtube-dl,R3,DIAGNOSIS_CANDIDATES,True,,0.0,0.0,0.0,0.0,0.0,0.0,0.0,"[""CONFIGURATION""]",UNKNOWN_CONTRACT,0.0,1.0,0.0,20,20,0.9895506792058516,0.0,0,EXECUTED_SLICE_GRAPH,"[""function:youtube_dl/extractor/common.py::InfoExtractor.suitable"",""file:youtube_dl/extractor/__init__.py"",""file:youtube_dl/__init__.py"",""class:youtube_dl/YoutubeDL.py::YoutubeDL"",""file:youtube_dl/downloader/__init__.py"",""class:youtube_dl/extractor/arte.py::ArteTVConcertIE"",""class:youtube_dl/aes.py::aes_decrypt_text.Counter"",""class:youtube_dl/downloader/rtmp.py::RtmpFD"",""class:youtube_dl/extractor/bambuser.py::BambuserChannelIE"",""class:youtube_dl/extractor/bandcamp.py::BandcampAlbumIE""]",[],[]
bugsinpy-youtube-dl-36,ytdl-org/youtube-dl,R5,DIAGNOSIS_CANDIDATES,True,,0.0,0.0,0.0,0.0,0.0,0.0,0.0,"[""CONFIGURATION""]",UNKNOWN_CONTRACT,0.0,1.0,0.0,20,20,0.9895506792058516,0.0,0,EXECUTED_SLICE_GRAPH,"[""function:youtube_dl/extractor/common.py::InfoExtractor.suitable"",""file:youtube_dl/extractor/__init__.py"",""file:youtube_dl/__init__.py"",""class:youtube_dl/YoutubeDL.py::YoutubeDL"",""file:youtube_dl/downloader/__init__.py"",""class:youtube_dl/extractor/arte.py::ArteTVConcertIE"",""class:youtube_dl/aes.py::aes_decrypt_text.Counter"",""class:youtube_dl/downloader/rtmp.py::RtmpFD"",""class:youtube_dl/extractor/bambuser.py::BambuserChannelIE"",""class:youtube_dl/extractor/bandcamp.py::BandcampAlbumIE""]",[],[]
bugsinpy-youtube-dl-36,ytdl-org/youtube-dl,R6,DIAGNOSIS_CANDIDATES,True,,0.0,0.0,0.0,0.0,0.0,0.0,0.0,"[""CONFIGURATION""]",UNKNOWN_CONTRACT,0.0,1.0,0.0,20,20,0.9895506792058516,0.0,1,EXECUTED_SLICE_GRAPH,"[""function:youtube_dl/extractor/common.py::InfoExtractor.suitable"",""file:youtube_dl/extractor/__init__.py"",""file:youtube_dl/__init__.py"",""class:youtube_dl/YoutubeDL.py::YoutubeDL"",""file:youtube_dl/downloader/__init__.py"",""class:youtube_dl/extractor/arte.py::ArteTVConcertIE"",""class:youtube_dl/aes.py::aes_decrypt_text.Counter"",""class:youtube_dl/downloader/rtmp.py::RtmpFD"",""class:youtube_dl/extractor/bambuser.py::BambuserChannelIE"",""class:youtube_dl/extractor/bandcamp.py::BandcampAlbumIE""]",[],"[{""command"": [""python"", ""-m"", ""pytest"", ""test/test_all_urls.py"", ""-x"", ""-vv"", ""--showlocals""], ""distinguished_hypotheses"": [""function:youtube_dl/extractor/common.py::InfoExtractor.suitable"", ""file:youtube_dl/extractor/__init__.py"", ""file:youtube_dl/__init__.py""], ""estimated_cost"": 1.0, ""expected_observation"": ""runtime types and values at the top candidate frames"", ""safety_level"": ""READ_ONLY_TEST_EXECUTION"", ""timeout_seconds"": 300, ""utility"": 3.2906414744210517}]"
bugsinpy-pandas-71,pandas-dev/pandas,R0,DIAGNOSIS_CONFIRMED,True,,1.0,1.0,1.0,1.0,1.0,1.0,1.0,"[""DATA_CONTRACT""]",DATA_CONTRACT,1.0,1.0,0.0,20,20,0.9982212735681252,0.0,0,DATAFLOW_ASSERTION,"[""function:pandas/core/reshape/tile.py::cut"",""function:pandas/core/construction.py::array"",""function:pandas/core/construction.py::extract_array"",""function:pandas/core/reshape/tile.py::_bins_to_cuts"",""function:pandas/core/reshape/tile.py::_convert_bin_to_numeric_type"",""function:pandas/core/dtypes/common.py::is_datetime64tz_dtype"",""function:pandas/core/dtypes/common.py::is_extension_array_dtype"",""function:pandas/core/reshape/tile.py::_coerce_to_type"",""function:pandas/core/reshape/tile.py::_preprocess_for_cut"",""class:pandas/core/arrays/interval.py::IntervalArray""]",[],[]
bugsinpy-pandas-71,pandas-dev/pandas,R1,DIAGNOSIS_CANDIDATES,True,,0.0,0.0,0.0,0.0,0.0,0.0,1.0,"[""DATA_CONTRACT""]",DATA_CONTRACT,0.0,1.0,0.0,20,20,0.9982212735681252,0.0,0,DATAFLOW_ASSERTION,"[""function:pandas/core/indexes/datetimes.py::date_range"",""function:pandas/core/dtypes/common.py::is_datetime64tz_dtype"",""function:pandas/core/dtypes/common.py::is_extension_array_dtype"",""function:pandas/core/dtypes/common.py::is_bool_dtype"",""function:pandas/core/dtypes/common.py::is_timedelta64_dtype"",""function:pandas/core/dtypes/common.py::is_datetime64_dtype"",""function:pandas/core/arrays/datetimes.py::DatetimeArray._generate_range"",""function:pandas/core/dtypes/common.py::is_integer_dtype"",""function:pandas/core/dtypes/common.py::is_object_dtype"",""function:pandas/core/dtypes/common.py::is_categorical_dtype""]",[],[]
bugsinpy-pandas-71,pandas-dev/pandas,R3,DIAGNOSIS_CONFIRMED,True,,1.0,1.0,1.0,0.5,1.0,1.0,1.0,"[""DATA_CONTRACT""]",DATA_CONTRACT,1.0,1.0,0.0,20,20,0.9982212735681252,0.0,0,DATAFLOW_ASSERTION,"[""function:pandas/core/reshape/tile.py::_bins_to_cuts"",""function:pandas/core/reshape/tile.py::cut"",""class:pandas/tests/arrays/test_integer.py::TestArithmeticOps"",""function:pandas/core/indexes/datetimes.py::date_range"",""function:pandas/core/reshape/tile.py::_convert_bin_to_numeric_type"",""function:pandas/core/dtypes/common.py::is_datetime64tz_dtype"",""function:pandas/core/algorithms.py::unique"",""function:pandas/core/arrays/masked.py::BaseMaskedArray.__array__"",""function:pandas/core/nanops.py::bottleneck_switch.__call__.f"",""function:pandas/core/reshape/tile.py::_coerce_to_type""]",[],[]
bugsinpy-pandas-71,pandas-dev/pandas,R5,DIAGNOSIS_CONFIRMED,True,,1.0,1.0,1.0,0.5,1.0,1.0,1.0,"[""DATA_CONTRACT""]",DATA_CONTRACT,1.0,1.0,0.0,20,20,0.9982212735681252,0.0,0,DATAFLOW_ASSERTION,"[""function:pandas/core/reshape/tile.py::_bins_to_cuts"",""function:pandas/core/reshape/tile.py::cut"",""class:pandas/tests/arrays/test_integer.py::TestArithmeticOps"",""function:pandas/core/indexes/datetimes.py::date_range"",""function:pandas/core/reshape/tile.py::_convert_bin_to_numeric_type"",""function:pandas/core/dtypes/common.py::is_datetime64tz_dtype"",""function:pandas/core/algorithms.py::unique"",""function:pandas/core/arrays/masked.py::BaseMaskedArray.__array__"",""function:pandas/core/nanops.py::bottleneck_switch.__call__.f"",""function:pandas/core/reshape/tile.py::_coerce_to_type""]",[],[]
bugsinpy-pandas-71,pandas-dev/pandas,R6,DIAGNOSIS_CONFIRMED,True,,1.0,1.0,1.0,0.5,1.0,1.0,1.0,"[""DATA_CONTRACT""]",DATA_CONTRACT,1.0,1.0,0.0,20,20,0.9982212735681252,0.0,1,DATAFLOW_ASSERTION,"[""function:pandas/core/reshape/tile.py::_bins_to_cuts"",""function:pandas/core/reshape/tile.py::cut"",""class:pandas/tests/arrays/test_integer.py::TestArithmeticOps"",""function:pandas/core/indexes/datetimes.py::date_range"",""function:pandas/core/reshape/tile.py::_convert_bin_to_numeric_type"",""function:pandas/core/dtypes/common.py::is_datetime64tz_dtype"",""function:pandas/core/algorithms.py::unique"",""function:pandas/core/arrays/masked.py::BaseMaskedArray.__array__"",""function:pandas/core/nanops.py::bottleneck_switch.__call__.f"",""function:pandas/core/reshape/tile.py::_coerce_to_type""]",[],"[{""command"": [""python"", ""-m"", ""pytest"", ""pandas/tests/arrays/test_integer.py::test_cut"", ""-x"", ""-vv"", ""--showlocals""], ""distinguished_hypotheses"": [""function:pandas/core/reshape/tile.py::_bins_to_cuts"", ""function:pandas/core/reshape/tile.py::cut"", ""class:pandas/tests/arrays/test_integer.py::TestArithmeticOps""], ""estimated_cost"": 1.0, ""expected_observation"": ""runtime types and values at the top candidate frames"", ""safety_level"": ""READ_ONLY_TEST_EXECUTION"", ""timeout_seconds"": 300, ""utility"": 3.27368442516509}]"
bugsinpy-httpie-5,jakubroztocil/httpie,R0,DIAGNOSIS_CANDIDATES,True,,0.0,1.0,1.0,0.14285714285714285,0.0,0.0,0.0,"[""CONFIGURATION""]",UNKNOWN_CONTRACT,0.0,1.0,0.0,13,13,0.7936507936507937,0.0,0,EXECUTED_SLICE_GRAPH,"[""function:httpie/cli.py::parse_items"",""class:httpie/cli.py::ParseError"",""class:httpie/solarized.py::SolarizedStyle"",""file:httpie/__init__.py"",""class:httpie/__main__.py::HTTPMessage"",""class:httpie/cli.py::HTTPieArgumentParser"",""class:httpie/cli.py::KeyValueType"",""function:httpie/cli.py::KeyValueType.__call__"",""function:httpie/cli.py::KeyValueType.__init__"",""function:httpie/cli.py::_""]",[],[]
bugsinpy-httpie-5,jakubroztocil/httpie,R1,DIAGNOSIS_CANDIDATES,True,,1.0,1.0,1.0,0.25,0.0,0.0,0.0,"[""CONFIGURATION""]",UNKNOWN_CONTRACT,0.0,1.0,0.0,20,20,0.6825396825396826,0.0,0,EXECUTED_SLICE_GRAPH,"[""class:tests/tests.py::BaseTest"",""class:httpie/cli.py::HTTPieArgumentParser"",""file:httpie/__init__.py"",""function:httpie/cli.py::KeyValueType.__call__"",""class:httpie/solarized.py::SolarizedStyle"",""class:httpie/cli.py::KeyValueType"",""function:httpie/cli.py::KeyValueType.__init__"",""class:httpie/pretty.py::HTTPLexer"",""class:httpie/cli.py::ParseError"",""function:httpie/cli.py::_""]",[],[]
bugsinpy-httpie-5,jakubroztocil/httpie,R3,DIAGNOSIS_CANDIDATES,True,,1.0,1.0,1.0,0.2,0.0,0.0,0.0,"[""CONFIGURATION""]",UNKNOWN_CONTRACT,0.0,1.0,0.0,20,20,0.6825396825396826,0.0,0,EXECUTED_SLICE_GRAPH,"[""class:tests/tests.py::BaseTest"",""file:httpie/__init__.py"",""class:httpie/cli.py::HTTPieArgumentParser"",""class:httpie/__main__.py::HTTPMessage"",""function:httpie/cli.py::KeyValueType.__call__"",""class:httpie/cli.py::KeyValueType"",""function:httpie/cli.py::KeyValueType.__init__"",""class:httpie/solarized.py::SolarizedStyle"",""function:httpie/cli.py::parse_items"",""class:httpie/pretty.py::HTTPLexer""]",[],[]
bugsinpy-httpie-5,jakubroztocil/httpie,R5,DIAGNOSIS_CANDIDATES,True,,1.0,1.0,1.0,0.2,0.0,0.0,0.0,"[""CONFIGURATION""]",UNKNOWN_CONTRACT,0.0,1.0,0.0,20,20,0.6825396825396826,0.0,0,EXECUTED_SLICE_GRAPH,"[""class:tests/tests.py::BaseTest"",""file:httpie/__init__.py"",""class:httpie/cli.py::HTTPieArgumentParser"",""class:httpie/__main__.py::HTTPMessage"",""function:httpie/cli.py::KeyValueType.__call__"",""class:httpie/cli.py::KeyValueType"",""function:httpie/cli.py::KeyValueType.__init__"",""class:httpie/solarized.py::SolarizedStyle"",""function:httpie/cli.py::parse_items"",""class:httpie/pretty.py::HTTPLexer""]",[],[]
bugsinpy-httpie-5,jakubroztocil/httpie,R6,DIAGNOSIS_CANDIDATES,True,,1.0,1.0,1.0,0.2,0.0,0.0,0.0,"[""CONFIGURATION""]",UNKNOWN_CONTRACT,0.0,1.0,0.0,20,20,0.6825396825396826,0.0,1,EXECUTED_SLICE_GRAPH,"[""class:tests/tests.py::BaseTest"",""file:httpie/__init__.py"",""class:httpie/cli.py::HTTPieArgumentParser"",""class:httpie/__main__.py::HTTPMessage"",""function:httpie/cli.py::KeyValueType.__call__"",""class:httpie/cli.py::KeyValueType"",""function:httpie/cli.py::KeyValueType.__init__"",""class:httpie/solarized.py::SolarizedStyle"",""function:httpie/cli.py::parse_items"",""class:httpie/pretty.py::HTTPLexer""]",[],"[{""command"": [""python"", ""-m"", ""pytest"", ""tests/tests.py::TestItemParsing::test_escape_longsep"", ""-x"", ""-vv"", ""--showlocals""], ""distinguished_hypotheses"": [""class:tests/tests.py::BaseTest"", ""file:httpie/__init__.py"", ""class:httpie/cli.py::HTTPieArgumentParser""], ""estimated_cost"": 1.0, ""expected_observation"": ""runtime types and values at the top candidate frames"", ""safety_level"": ""READ_ONLY_TEST_EXECUTION"", ""timeout_seconds"": 300, ""utility"": 3.086175941250973}]"
bugsinpy-fastapi-5,tiangolo/fastapi,R0,DIAGNOSIS_CANDIDATES,True,,0.0,0.0,0.0,0.0,0.0,0.0,0.0,"[""CONFIGURATION""]",UNKNOWN_CONTRACT,0.0,1.0,0.0,20,20,0.9867109634551495,0.0,0,EXECUTED_SLICE_GRAPH,"[""class:fastapi/routing.py::APIRoute"",""function:fastapi/routing.py::APIRoute.__init__"",""class:fastapi/security/api_key.py::APIKeyCookie"",""class:fastapi/security/api_key.py::APIKeyHeader"",""class:fastapi/security/api_key.py::APIKeyQuery"",""class:fastapi/security/base.py::SecurityBase"",""class:fastapi/security/http.py::HTTPBase"",""class:fastapi/security/http.py::HTTPBasic"",""class:fastapi/security/http.py::HTTPBearer"",""class:fastapi/security/http.py::HTTPDigest""]",[],[]
bugsinpy-fastapi-5,tiangolo/fastapi,R1,DIAGNOSIS_CANDIDATES,True,,0.0,0.0,0.0,0.0,0.0,0.0,0.0,"[""CONFIGURATION""]",UNKNOWN_CONTRACT,0.0,1.0,0.0,20,20,0.9867109634551495,0.0,0,EXECUTED_SLICE_GRAPH,"[""class:tests/test_filter_pydantic_sub_model.py::ModelA"",""function:fastapi/applications.py::FastAPI.__init__"",""function:fastapi/param_functions.py::Depends"",""class:fastapi/openapi/models.py::APIKey"",""function:fastapi/routing.py::APIRoute.__init__"",""function:fastapi/params.py::Body.__init__"",""function:fastapi/dependencies/utils.py::get_dependant"",""function:fastapi/dependencies/utils.py::get_body_field"",""function:fastapi/dependencies/utils.py::get_typed_signature"",""function:fastapi/dependencies/utils.py::get_flat_dependant""]",[],[]
bugsinpy-fastapi-5,tiangolo/fastapi,R3,DIAGNOSIS_CANDIDATES,True,,0.0,0.0,0.0,0.0,0.0,0.0,0.0,"[""CONFIGURATION""]",UNKNOWN_CONTRACT,0.0,1.0,0.0,20,20,0.9867109634551495,0.0,0,EXECUTED_SLICE_GRAPH,"[""class:tests/test_filter_pydantic_sub_model.py::ModelA"",""function:fastapi/applications.py::FastAPI.__init__"",""function:fastapi/param_functions.py::Depends"",""function:fastapi/applications.py::FastAPI.get"",""function:fastapi/routing.py::APIRouter.api_route.decorator"",""function:fastapi/routing.py::APIRoute.__init__"",""function:fastapi/params.py::Body.__init__"",""function:fastapi/applications.py::FastAPI.setup"",""function:fastapi/routing.py::APIRouter.add_api_route"",""function:fastapi/routing.py::APIRouter.get""]",[],[]
bugsinpy-fastapi-5,tiangolo/fastapi,R5,DIAGNOSIS_CANDIDATES,True,,0.0,0.0,0.0,0.0,0.0,0.0,0.0,"[""CONFIGURATION""]",UNKNOWN_CONTRACT,0.0,1.0,0.0,20,20,0.9867109634551495,0.0,0,EXECUTED_SLICE_GRAPH,"[""class:tests/test_filter_pydantic_sub_model.py::ModelA"",""function:fastapi/applications.py::FastAPI.__init__"",""function:fastapi/param_functions.py::Depends"",""function:fastapi/applications.py::FastAPI.get"",""function:fastapi/routing.py::APIRouter.api_route.decorator"",""function:fastapi/routing.py::APIRoute.__init__"",""function:fastapi/params.py::Body.__init__"",""function:fastapi/applications.py::FastAPI.setup"",""function:fastapi/routing.py::APIRouter.add_api_route"",""function:fastapi/routing.py::APIRouter.get""]",[],[]
bugsinpy-fastapi-5,tiangolo/fastapi,R6,DIAGNOSIS_CANDIDATES,True,,0.0,0.0,0.0,0.0,0.0,0.0,0.0,"[""CONFIGURATION""]",UNKNOWN_CONTRACT,0.0,1.0,0.0,20,20,0.9867109634551495,0.0,1,EXECUTED_SLICE_GRAPH,"[""class:tests/test_filter_pydantic_sub_model.py::ModelA"",""function:fastapi/applications.py::FastAPI.__init__"",""function:fastapi/param_functions.py::Depends"",""function:fastapi/applications.py::FastAPI.get"",""function:fastapi/routing.py::APIRouter.api_route.decorator"",""function:fastapi/routing.py::APIRoute.__init__"",""function:fastapi/params.py::Body.__init__"",""function:fastapi/applications.py::FastAPI.setup"",""function:fastapi/routing.py::APIRouter.add_api_route"",""function:fastapi/routing.py::APIRouter.get""]",[],"[{""command"": [""python"", ""-m"", ""pytest"", ""tests/test_filter_pydantic_sub_model.py::test_filter_sub_model"", ""-x"", ""-vv"", ""--showlocals""], ""distinguished_hypotheses"": [""class:tests/test_filter_pydantic_sub_model.py::ModelA"", ""function:fastapi/applications.py::FastAPI.__init__"", ""function:fastapi/param_functions.py::Depends""], ""estimated_cost"": 1.0, ""expected_observation"": ""runtime types and values at the top candidate frames"", ""safety_level"": ""READ_ONLY_TEST_EXECUTION"", ""timeout_seconds"": 300, ""utility"": 3.1425670347320755}]"
bugsinpy-tornado-8,tornadoweb/tornado,R0,DIAGNOSIS_CONFIRMED,True,,0.0,0.0,0.0,0.0,0.0,0.0,0.0,"[""CONFIGURATION""]",DEPENDENCY_VERSION,0.0,1.0,1.0,20,20,0.9942096120440069,0.0,0,EXECUTED_SLICE_GRAPH,"[""function:tornado/netutil.py::add_accept_handler"",""function:tornado/netutil.py::add_accept_handler.accept_handler"",""function:tornado/netutil.py::bind_sockets"",""class:tornado/tcpserver.py::TCPServer"",""function:tornado/testing.py::bind_unused_port"",""class:tornado/httpserver.py::_HTTPRequestContext"",""class:tornado/httputil.py::HTTPServerRequest"",""class:tornado/ioloop.py::PollIOLoop"",""class:tornado/iostream.py::BaseIOStream"",""function:tornado/iostream.py::BaseIOStream._handle_write""]",[],[]
bugsinpy-tornado-8,tornadoweb/tornado,R1,DIAGNOSIS_CANDIDATES,True,,0.0,0.0,0.0,0.0,0.0,0.0,0.0,"[""CONFIGURATION""]",DEPENDENCY_VERSION,0.0,1.0,0.0,20,20,0.9942096120440069,0.0,0,EXECUTED_SLICE_GRAPH,"[""function:tornado/gen.py::_argument_adapter.wrapper"",""function:tornado/simple_httpclient.py::_HTTPConnection.__init__"",""class:tornado/stack_context.py::ExceptionStackContext"",""function:tornado/ioloop.py::IOLoop.current"",""function:tornado/http1connection.py::HTTP1Connection._read_message"",""function:tornado/web.py::Application.__init__"",""function:tornado/concurrent.py::Future.add_done_callback"",""function:tornado/web.py::RequestHandler.finish"",""function:tornado/httpclient.py::_RequestProxy.__getattr__"",""function:tornado/stack_context.py::wrap""]",[],[]
bugsinpy-tornado-8,tornadoweb/tornado,R3,DIAGNOSIS_CONFIRMED,True,,1.0,1.0,1.0,1.0,1.0,1.0,0.0,"[""CONFIGURATION""]",DEPENDENCY_VERSION,0.0,1.0,1.0,20,20,0.9942096120440069,0.0,0,EXECUTED_SLICE_GRAPH,"[""function:tornado/websocket.py::WebSocketProtocol13.accept_connection"",""function:tornado/web.py::RequestHandler._stack_context_handle_exception"",""function:tornado/testing.py::_TestMethodWrapper.__call__"",""function:tornado/web.py::addslash.wrapper"",""function:tornado/websocket.py::WebSocketHandler.get"",""function:tornado/websocket.py::WebSocketProtocol._abort"",""function:tornado/websocket.py::WebSocketProtocol13._handle_websocket_headers"",""function:tornado/stack_context.py::ExceptionStackContext.__enter__"",""function:tornado/stack_context.py::ExceptionStackContext.__exit__"",""function:tornado/stack_context.py::ExceptionStackContext.__init__""]",[],[]
bugsinpy-tornado-8,tornadoweb/tornado,R5,DIAGNOSIS_CONFIRMED,True,,1.0,1.0,1.0,1.0,1.0,1.0,0.0,"[""CONFIGURATION""]",DEPENDENCY_VERSION,0.0,1.0,1.0,20,20,0.9942096120440069,0.0,0,EXECUTED_SLICE_GRAPH,"[""function:tornado/websocket.py::WebSocketProtocol13.accept_connection"",""function:tornado/web.py::RequestHandler._stack_context_handle_exception"",""function:tornado/testing.py::_TestMethodWrapper.__call__"",""function:tornado/web.py::addslash.wrapper"",""function:tornado/websocket.py::WebSocketHandler.get"",""function:tornado/websocket.py::WebSocketProtocol._abort"",""function:tornado/websocket.py::WebSocketProtocol13._handle_websocket_headers"",""function:tornado/stack_context.py::ExceptionStackContext.__enter__"",""function:tornado/stack_context.py::ExceptionStackContext.__exit__"",""function:tornado/stack_context.py::ExceptionStackContext.__init__""]",[],[]
bugsinpy-tornado-8,tornadoweb/tornado,R6,DIAGNOSIS_CONFIRMED,True,,1.0,1.0,1.0,1.0,1.0,1.0,0.0,"[""CONFIGURATION""]",DEPENDENCY_VERSION,0.0,1.0,1.0,20,20,0.9942096120440069,0.0,1,EXECUTED_SLICE_GRAPH,"[""function:tornado/websocket.py::WebSocketProtocol13.accept_connection"",""function:tornado/web.py::RequestHandler._stack_context_handle_exception"",""function:tornado/testing.py::_TestMethodWrapper.__call__"",""function:tornado/web.py::addslash.wrapper"",""function:tornado/websocket.py::WebSocketHandler.get"",""function:tornado/websocket.py::WebSocketProtocol._abort"",""function:tornado/websocket.py::WebSocketProtocol13._handle_websocket_headers"",""function:tornado/stack_context.py::ExceptionStackContext.__enter__"",""function:tornado/stack_context.py::ExceptionStackContext.__exit__"",""function:tornado/stack_context.py::ExceptionStackContext.__init__""]",[],"[{""command"": [""python"", ""-m"", ""pytest"", ""tornado/test/websocket_test.py"", ""-x"", ""-vv"", ""--showlocals""], ""distinguished_hypotheses"": [""function:tornado/websocket.py::WebSocketProtocol13.accept_connection"", ""function:tornado/web.py::RequestHandler._stack_context_handle_exception"", ""function:tornado/testing.py::_TestMethodWrapper.__call__""], ""estimated_cost"": 1.0, ""expected_observation"": ""runtime types and values at the top candidate frames"", ""safety_level"": ""READ_ONLY_TEST_EXECUTION"", ""timeout_seconds"": 300, ""utility"": 3.295800858766249}]"
bugsinpy-black-23,psf/black,R0,DIAGNOSIS_CANDIDATES,True,,1.0,1.0,1.0,0.5,1.0,1.0,0.0,"[""CONFIGURATION"", ""DATA_CONTRACT""]",UNKNOWN_CONTRACT,0.0,1.0,0.0,20,20,0.9406528189910979,0.0,0,EXECUTED_SLICE_GRAPH,"[""function:black.py::Visitor.visit"",""function:black.py::lib2to3_parse"",""function:black.py::Line.append"",""function:black.py::BracketTracker.mark"",""function:black.py::EmptyLineTracker.maybe_empty_lines"",""function:black.py::Line.append_comment"",""function:black.py::Line.maybe_adapt_standalone_comment"",""function:black.py::Line.maybe_decrement_after_for_loop_variable"",""function:black.py::Line.maybe_increment_for_loop_variable"",""function:black.py::Line.maybe_remove_trailing_comma""]",[],[]
bugsinpy-black-23,psf/black,R1,DIAGNOSIS_CANDIDATES,True,,1.0,1.0,1.0,0.3333333333333333,1.0,1.0,0.0,"[""CONFIGURATION"", ""DATA_CONTRACT""]",UNKNOWN_CONTRACT,0.0,1.0,0.0,20,20,0.9406528189910979,0.0,0,EXECUTED_SLICE_GRAPH,"[""function:black.py::format_str"",""function:black.py::Visitor.visit"",""function:black.py::lib2to3_parse"",""function:black.py::Line.append"",""function:black.py::DebugVisitor.visit_default"",""function:blib2to3/pgen2/tokenize.py::generate_tokens"",""function:black.py::Line.__str__"",""function:black.py::split_line"",""function:black.py::EmptyLineTracker._maybe_empty_lines"",""function:black.py::Line.__bool__""]",[],[]
bugsinpy-black-23,psf/black,R3,DIAGNOSIS_CANDIDATES,True,,1.0,1.0,1.0,0.25,0.0,0.0,0.0,"[""CONFIGURATION"", ""DATA_CONTRACT""]",UNKNOWN_CONTRACT,0.0,1.0,0.0,20,20,0.9406528189910979,0.0,0,EXECUTED_SLICE_GRAPH,"[""function:tests/test_black.py::BlackTestCase.assertFormatEqual"",""function:black.py::Visitor.visit"",""function:black.py::format_str"",""function:black.py::lib2to3_parse"",""function:blib2to3/pgen2/tokenize.py::generate_tokens"",""function:black.py::DebugVisitor.visit_default"",""function:black.py::is_python36"",""function:black.py::LineGenerator.visit_stmt"",""function:black.py::Line.__str__"",""function:blib2to3/pytree.py::type_repr""]",[],[]
bugsinpy-black-23,psf/black,R5,DIAGNOSIS_CANDIDATES,True,,1.0,1.0,1.0,0.25,0.0,0.0,0.0,"[""CONFIGURATION"", ""DATA_CONTRACT""]",UNKNOWN_CONTRACT,0.0,1.0,0.0,20,20,0.9406528189910979,0.0,0,EXECUTED_SLICE_GRAPH,"[""function:tests/test_black.py::BlackTestCase.assertFormatEqual"",""function:black.py::Visitor.visit"",""function:black.py::format_str"",""function:black.py::lib2to3_parse"",""function:blib2to3/pgen2/tokenize.py::generate_tokens"",""function:black.py::DebugVisitor.visit_default"",""function:black.py::is_python36"",""function:black.py::LineGenerator.visit_stmt"",""function:black.py::Line.__str__"",""function:blib2to3/pytree.py::type_repr""]",[],[]
bugsinpy-black-23,psf/black,R6,DIAGNOSIS_CANDIDATES,True,,1.0,1.0,1.0,0.25,0.0,0.0,0.0,"[""CONFIGURATION"", ""DATA_CONTRACT""]",UNKNOWN_CONTRACT,0.0,1.0,0.0,20,20,0.9406528189910979,0.0,1,EXECUTED_SLICE_GRAPH,"[""function:tests/test_black.py::BlackTestCase.assertFormatEqual"",""function:black.py::Visitor.visit"",""function:black.py::format_str"",""function:black.py::lib2to3_parse"",""function:blib2to3/pgen2/tokenize.py::generate_tokens"",""function:black.py::DebugVisitor.visit_default"",""function:black.py::is_python36"",""function:black.py::LineGenerator.visit_stmt"",""function:black.py::Line.__str__"",""function:blib2to3/pytree.py::type_repr""]",[],"[{""command"": [""python"", ""-m"", ""pytest"", ""tests/python2.py;tests/test_black.py"", ""-x"", ""-vv"", ""--showlocals""], ""distinguished_hypotheses"": [""function:tests/test_black.py::BlackTestCase.assertFormatEqual"", ""function:black.py::Visitor.visit"", ""function:black.py::format_str""], ""estimated_cost"": 1.0, ""expected_observation"": ""runtime types and values at the top candidate frames"", ""safety_level"": ""READ_ONLY_TEST_EXECUTION"", ""timeout_seconds"": 300, ""utility"": 3.1616719027107765}]"
bugsinpy-thefuck-22,nvbn/thefuck,R0,DIAGNOSIS_CANDIDATES,True,,1.0,1.0,1.0,0.3333333333333333,1.0,1.0,0.0,"[""CONFIGURATION""]",UNKNOWN_CONTRACT,0.0,1.0,0.0,17,17,0.9710884353741497,0.0,0,CONFIGURATION_MATCHER,"[""function:thefuck/types.py::SortedCorrectedCommandsSequence.__iter__"",""function:thefuck/types.py::CorrectedCommand.__init__"",""function:thefuck/types.py::SortedCorrectedCommandsSequence._realise"",""class:thefuck/types.py::SortedCorrectedCommandsSequence"",""function:thefuck/types.py::SortedCorrectedCommandsSequence._remove_duplicates"",""function:thefuck/types.py::SortedCorrectedCommandsSequence._realise_first"",""class:thefuck/conf.py::_DefaultRulesNames"",""class:thefuck/types.py::CorrectedCommand"",""file:thefuck/__init__.py"",""file:thefuck/logs.py""]",[],[]
bugsinpy-thefuck-22,nvbn/thefuck,R1,DIAGNOSIS_CANDIDATES,True,,1.0,1.0,1.0,0.25,0.0,0.0,0.0,"[""CONFIGURATION""]",UNKNOWN_CONTRACT,0.0,1.0,0.0,20,20,0.9659863945578231,0.0,0,CONFIGURATION_MATCHER,"[""class:thefuck/types.py::CorrectedCommand"",""function:thefuck/types.py::SortedCorrectedCommandsSequence.__iter__"",""class:tests/test_types.py::TestCorrectedCommand"",""function:thefuck/types.py::SortedCorrectedCommandsSequence._realise"",""class:thefuck/types.py::SortedCorrectedCommandsSequence"",""class:thefuck/types.py::Settings"",""class:thefuck/types.py::RulesNamesList"",""function:thefuck/types.py::CorrectedCommand.__init__"",""function:thefuck/types.py::SortedCorrectedCommandsSequence._remove_duplicates"",""function:thefuck/types.py::SortedCorrectedCommandsSequence._realise_first""]",[],[]
bugsinpy-thefuck-22,nvbn/thefuck,R3,DIAGNOSIS_CANDIDATES,True,,1.0,1.0,1.0,0.25,0.0,0.0,0.0,"[""CONFIGURATION""]",UNKNOWN_CONTRACT,0.0,1.0,0.0,20,20,0.9659863945578231,0.0,0,CONFIGURATION_MATCHER,"[""function:thefuck/types.py::SortedCorrectedCommandsSequence.__iter__"",""class:thefuck/types.py::CorrectedCommand"",""class:tests/test_types.py::TestCorrectedCommand"",""function:thefuck/types.py::SortedCorrectedCommandsSequence._realise"",""class:thefuck/types.py::SortedCorrectedCommandsSequence"",""class:thefuck/types.py::Settings"",""class:thefuck/types.py::RulesNamesList"",""function:thefuck/types.py::SortedCorrectedCommandsSequence._remove_duplicates"",""function:thefuck/types.py::CorrectedCommand.__init__"",""function:thefuck/types.py::SortedCorrectedCommandsSequence._realise_first""]",[],[]
bugsinpy-thefuck-22,nvbn/thefuck,R5,DIAGNOSIS_CANDIDATES,True,,1.0,1.0,1.0,0.25,0.0,0.0,0.0,"[""CONFIGURATION""]",UNKNOWN_CONTRACT,0.0,1.0,0.0,20,20,0.9659863945578231,0.0,0,CONFIGURATION_MATCHER,"[""function:thefuck/types.py::SortedCorrectedCommandsSequence.__iter__"",""class:thefuck/types.py::CorrectedCommand"",""class:tests/test_types.py::TestCorrectedCommand"",""function:thefuck/types.py::SortedCorrectedCommandsSequence._realise"",""class:thefuck/types.py::SortedCorrectedCommandsSequence"",""class:thefuck/types.py::Settings"",""class:thefuck/types.py::RulesNamesList"",""function:thefuck/types.py::SortedCorrectedCommandsSequence._remove_duplicates"",""function:thefuck/types.py::CorrectedCommand.__init__"",""function:thefuck/types.py::SortedCorrectedCommandsSequence._realise_first""]",[],[]
bugsinpy-thefuck-22,nvbn/thefuck,R6,DIAGNOSIS_CANDIDATES,True,,1.0,1.0,1.0,0.25,0.0,0.0,0.0,"[""CONFIGURATION""]",UNKNOWN_CONTRACT,0.0,1.0,0.0,20,20,0.9659863945578231,0.0,1,CONFIGURATION_MATCHER,"[""function:thefuck/types.py::SortedCorrectedCommandsSequence.__iter__"",""class:thefuck/types.py::CorrectedCommand"",""class:tests/test_types.py::TestCorrectedCommand"",""function:thefuck/types.py::SortedCorrectedCommandsSequence._realise"",""class:thefuck/types.py::SortedCorrectedCommandsSequence"",""class:thefuck/types.py::Settings"",""class:thefuck/types.py::RulesNamesList"",""function:thefuck/types.py::SortedCorrectedCommandsSequence._remove_duplicates"",""function:thefuck/types.py::CorrectedCommand.__init__"",""function:thefuck/types.py::SortedCorrectedCommandsSequence._realise_first""]",[],"[{""command"": [""python"", ""-m"", ""pytest"", ""tests/test_types.py::TestSortedCorrectedCommandsSequence::test_with_blank"", ""-x"", ""-vv"", ""--showlocals""], ""distinguished_hypotheses"": [""function:thefuck/types.py::SortedCorrectedCommandsSequence.__iter__"", ""class:thefuck/types.py::CorrectedCommand"", ""class:tests/test_types.py::TestCorrectedCommand""], ""estimated_cost"": 1.0, ""expected_observation"": ""runtime types and values at the top candidate frames"", ""safety_level"": ""READ_ONLY_TEST_EXECUTION"", ""timeout_seconds"": 300, ""utility"": 3.2764000611667736}]"
bugsinpy-youtube-dl-8,ytdl-org/youtube-dl,R0,DIAGNOSIS_CONFIRMED,True,,1.0,1.0,1.0,0.5,1.0,1.0,0.0,"[""CONFIGURATION""]",ARTIFACT_PROVENANCE,0.0,1.0,1.0,19,19,0.9938211382113821,0.0,0,EXECUTED_SLICE_GRAPH,"[""class:youtube_dl/downloader/rtmp.py::RtmpFD"",""class:youtube_dl/YoutubeDL.py::YoutubeDL"",""function:youtube_dl/YoutubeDL.py::YoutubeDL.__init__"",""function:youtube_dl/YoutubeDL.py::YoutubeDL._build_format_filter"",""function:youtube_dl/YoutubeDL.py::YoutubeDL._build_format_filter._filter"",""function:youtube_dl/YoutubeDL.py::YoutubeDL._calc_cookies"",""function:youtube_dl/YoutubeDL.py::YoutubeDL._calc_headers"",""function:youtube_dl/YoutubeDL.py::YoutubeDL._setup_opener"",""function:youtube_dl/YoutubeDL.py::YoutubeDL.add_extra_info"",""function:youtube_dl/YoutubeDL.py::YoutubeDL.build_format_selector""]",[],[]
bugsinpy-youtube-dl-8,ytdl-org/youtube-dl,R1,DIAGNOSIS_CANDIDATES,True,,1.0,1.0,1.0,0.5,1.0,1.0,0.0,"[""CONFIGURATION""]",UNKNOWN_CONTRACT,0.0,1.0,0.0,20,20,0.9934959349593496,0.0,0,EXECUTED_SLICE_GRAPH,"[""function:youtube_dl/YoutubeDL.py::YoutubeDL.process_video_result"",""function:youtube_dl/YoutubeDL.py::YoutubeDL.build_format_selector"",""file:youtube_dl/extractor/__init__.py"",""function:youtube_dl/YoutubeDL.py::YoutubeDL.build_format_selector._parse_format_selection"",""function:youtube_dl/YoutubeDL.py::YoutubeDL.build_format_selector._build_selector_function.selector_function"",""function:youtube_dl/YoutubeDL.py::YoutubeDL.__init__"",""function:youtube_dl/extractor/common.py::InfoExtractor.__init__"",""class:youtube_dl/extractor/youtube.py::YoutubeBaseInfoExtractor"",""class:youtube_dl/extractor/common.py::InfoExtractor"",""class:youtube_dl/extractor/twitch.py::TwitchBaseIE""]",[],[]
bugsinpy-youtube-dl-8,ytdl-org/youtube-dl,R3,DIAGNOSIS_CANDIDATES,True,,1.0,1.0,1.0,1.0,1.0,1.0,0.0,"[""CONFIGURATION""]",UNKNOWN_CONTRACT,0.0,1.0,0.0,20,20,0.9934959349593496,0.0,0,EXECUTED_SLICE_GRAPH,"[""function:youtube_dl/YoutubeDL.py::YoutubeDL.build_format_selector"",""function:youtube_dl/YoutubeDL.py::YoutubeDL.process_video_result"",""function:youtube_dl/YoutubeDL.py::YoutubeDL.build_format_selector._build_selector_function"",""function:youtube_dl/YoutubeDL.py::YoutubeDL.process_ie_result"",""function:youtube_dl/YoutubeDL.py::YoutubeDL.build_format_selector._build_selector_function.selector_function"",""function:youtube_dl/YoutubeDL.py::YoutubeDL.build_format_selector._build_selector_function._merge"",""function:youtube_dl/YoutubeDL.py::YoutubeDL.build_format_selector.TokenIterator.__iter__"",""function:youtube_dl/YoutubeDL.py::YoutubeDL.build_format_selector._parse_format_selection"",""class:youtube_dl/YoutubeDL.py::YoutubeDL.build_format_selector.TokenIterator"",""function:youtube_dl/YoutubeDL.py::YoutubeDL._build_format_filter""]",[],[]
bugsinpy-youtube-dl-8,ytdl-org/youtube-dl,R5,DIAGNOSIS_CANDIDATES,True,,1.0,1.0,1.0,1.0,1.0,1.0,0.0,"[""CONFIGURATION""]",UNKNOWN_CONTRACT,0.0,1.0,0.0,20,20,0.9934959349593496,0.0,0,EXECUTED_SLICE_GRAPH,"[""function:youtube_dl/YoutubeDL.py::YoutubeDL.build_format_selector"",""function:youtube_dl/YoutubeDL.py::YoutubeDL.process_video_result"",""function:youtube_dl/YoutubeDL.py::YoutubeDL.build_format_selector._build_selector_function"",""function:youtube_dl/YoutubeDL.py::YoutubeDL.process_ie_result"",""function:youtube_dl/YoutubeDL.py::YoutubeDL.build_format_selector._build_selector_function.selector_function"",""function:youtube_dl/YoutubeDL.py::YoutubeDL.build_format_selector._build_selector_function._merge"",""function:youtube_dl/YoutubeDL.py::YoutubeDL.build_format_selector.TokenIterator.__iter__"",""function:youtube_dl/YoutubeDL.py::YoutubeDL.build_format_selector._parse_format_selection"",""class:youtube_dl/YoutubeDL.py::YoutubeDL.build_format_selector.TokenIterator"",""function:youtube_dl/YoutubeDL.py::YoutubeDL._build_format_filter""]",[],[]
bugsinpy-youtube-dl-8,ytdl-org/youtube-dl,R6,DIAGNOSIS_CANDIDATES,True,,1.0,1.0,1.0,1.0,1.0,1.0,0.0,"[""CONFIGURATION""]",UNKNOWN_CONTRACT,0.0,1.0,0.0,20,20,0.9934959349593496,0.0,1,EXECUTED_SLICE_GRAPH,"[""function:youtube_dl/YoutubeDL.py::YoutubeDL.build_format_selector"",""function:youtube_dl/YoutubeDL.py::YoutubeDL.process_video_result"",""function:youtube_dl/YoutubeDL.py::YoutubeDL.build_format_selector._build_selector_function"",""function:youtube_dl/YoutubeDL.py::YoutubeDL.process_ie_result"",""function:youtube_dl/YoutubeDL.py::YoutubeDL.build_format_selector._build_selector_function.selector_function"",""function:youtube_dl/YoutubeDL.py::YoutubeDL.build_format_selector._build_selector_function._merge"",""function:youtube_dl/YoutubeDL.py::YoutubeDL.build_format_selector.TokenIterator.__iter__"",""function:youtube_dl/YoutubeDL.py::YoutubeDL.build_format_selector._parse_format_selection"",""class:youtube_dl/YoutubeDL.py::YoutubeDL.build_format_selector.TokenIterator"",""function:youtube_dl/YoutubeDL.py::YoutubeDL._build_format_filter""]",[],"[{""command"": [""python"", ""-m"", ""pytest"", ""test/test_YoutubeDL.py"", ""-x"", ""-vv"", ""--showlocals""], ""distinguished_hypotheses"": [""function:youtube_dl/YoutubeDL.py::YoutubeDL.build_format_selector"", ""function:youtube_dl/YoutubeDL.py::YoutubeDL.process_video_result"", ""function:youtube_dl/YoutubeDL.py::YoutubeDL.build_format_selector._build_selector_function""], ""estimated_cost"": 1.0, ""expected_observation"": ""runtime types and values at the top candidate frames"", ""safety_level"": ""READ_ONLY_TEST_EXECUTION"", ""timeout_seconds"": 300, ""utility"": 3.2958141474868308}]"
bugsinpy-pandas-48,pandas-dev/pandas,R0,DIAGNOSIS_CONFIRMED,True,,0.0,0.0,0.0,0.0,0.0,0.0,1.0,"[""DATA_CONTRACT""]",DATA_CONTRACT,0.0,1.0,1.0,20,20,0.9982369534555712,0.0,0,DATAFLOW_ASSERTION,"[""class:pandas/core/frame.py::DataFrame"",""class:pandas/core/accessor.py::CachedAccessor"",""function:pandas/core/generic.py::NDFrame._get_axis_name"",""function:pandas/core/generic.py::_make_cum_function"",""function:pandas/core/generic.py::_make_min_count_stat_function"",""function:pandas/core/generic.py::_make_stat_function"",""function:pandas/core/generic.py::_make_stat_function_ddof"",""function:pandas/core/generic.py::NDFrame._get_axis"",""function:pandas/core/generic.py::_doc_parms"",""function:pandas/core/ops/methods.py::_add_methods""]",[],[]
bugsinpy-pandas-48,pandas-dev/pandas,R1,DIAGNOSIS_CANDIDATES,True,,0.0,0.0,0.0,0.0,0.0,0.0,1.0,"[""DATA_CONTRACT""]",DATA_CONTRACT,0.0,1.0,0.0,20,20,0.9982369534555712,0.0,0,DATAFLOW_ASSERTION,"[""function:pandas/core/indexes/datetimes.py::date_range"",""function:pandas/core/dtypes/common.py::is_object_dtype"",""function:pandas/core/dtypes/common.py::is_integer_dtype"",""function:pandas/core/dtypes/common.py::is_bool_dtype"",""function:pandas/core/dtypes/common.py::is_float_dtype"",""function:pandas/core/series.py::Series.__init__"",""function:pandas/core/indexes/base.py::Index.__new__"",""function:pandas/core/indexes/base.py::Index.__len__"",""function:pandas/core/dtypes/common.py::is_extension_array_dtype"",""function:pandas/core/dtypes/common.py::is_categorical_dtype""]",[],[]
bugsinpy-pandas-48,pandas-dev/pandas,R3,DIAGNOSIS_CONFIRMED,True,,1.0,1.0,1.0,0.2,0.0,0.0,1.0,"[""DATA_CONTRACT""]",DATA_CONTRACT,0.0,1.0,1.0,20,20,0.9982369534555712,0.0,0,DATAFLOW_ASSERTION,"[""function:pandas/core/arrays/integer.py::integer_array"",""function:pandas/core/arrays/integer.py::IntegerArray._from_sequence"",""function:pandas/core/arrays/integer.py::coerce_to_array"",""class:pandas/core/arrays/integer.py::Int16Dtype"",""function:pandas/core/groupby/generic.py::DataFrameGroupBy._cython_agg_blocks"",""function:pandas/core/groupby/generic.py::DataFrameGroupBy._cython_agg_general"",""function:pandas/core/groupby/groupby.py::GroupBy.mean"",""function:pandas/core/groupby/groupby.py::GroupBy.median"",""function:pandas/core/groupby/groupby.py::GroupBy.var"",""class:pandas/tests/groupby/test_function.py::test_count_uses_size_on_exception.RaisingObject""]",[],[]
bugsinpy-pandas-48,pandas-dev/pandas,R5,DIAGNOSIS_CONFIRMED,True,,1.0,1.0,1.0,0.2,0.0,0.0,1.0,"[""DATA_CONTRACT""]",DATA_CONTRACT,0.0,1.0,1.0,20,20,0.9982369534555712,0.0,0,DATAFLOW_ASSERTION,"[""function:pandas/core/arrays/integer.py::integer_array"",""function:pandas/core/arrays/integer.py::IntegerArray._from_sequence"",""function:pandas/core/arrays/integer.py::coerce_to_array"",""class:pandas/core/arrays/integer.py::Int16Dtype"",""function:pandas/core/groupby/generic.py::DataFrameGroupBy._cython_agg_blocks"",""function:pandas/core/groupby/generic.py::DataFrameGroupBy._cython_agg_general"",""function:pandas/core/groupby/groupby.py::GroupBy.mean"",""function:pandas/core/groupby/groupby.py::GroupBy.median"",""function:pandas/core/groupby/groupby.py::GroupBy.var"",""class:pandas/tests/groupby/test_function.py::test_count_uses_size_on_exception.RaisingObject""]",[],[]
bugsinpy-pandas-48,pandas-dev/pandas,R6,DIAGNOSIS_CONFIRMED,True,,1.0,1.0,1.0,0.2,0.0,0.0,1.0,"[""DATA_CONTRACT""]",DATA_CONTRACT,0.0,1.0,1.0,20,20,0.9982369534555712,0.0,1,DATAFLOW_ASSERTION,"[""function:pandas/core/arrays/integer.py::integer_array"",""function:pandas/core/arrays/integer.py::IntegerArray._from_sequence"",""function:pandas/core/arrays/integer.py::coerce_to_array"",""class:pandas/core/arrays/integer.py::Int16Dtype"",""function:pandas/core/groupby/generic.py::DataFrameGroupBy._cython_agg_blocks"",""function:pandas/core/groupby/generic.py::DataFrameGroupBy._cython_agg_general"",""function:pandas/core/groupby/groupby.py::GroupBy.mean"",""function:pandas/core/groupby/groupby.py::GroupBy.median"",""function:pandas/core/groupby/groupby.py::GroupBy.var"",""class:pandas/tests/groupby/test_function.py::test_count_uses_size_on_exception.RaisingObject""]",[],"[{""command"": [""python"", ""-m"", ""pytest"", ""pandas/tests/groupby/test_function.py::test_apply_to_nullable_integer_returns_float"", ""-x"", ""-vv"", ""--showlocals""], ""distinguished_hypotheses"": [""function:pandas/core/arrays/integer.py::integer_array"", ""function:pandas/core/arrays/integer.py::IntegerArray._from_sequence"", ""function:pandas/core/arrays/integer.py::coerce_to_array""], ""estimated_cost"": 1.0, ""expected_observation"": ""runtime types and values at the top candidate frames"", ""safety_level"": ""READ_ONLY_TEST_EXECUTION"", ""timeout_seconds"": 300, ""utility"": 3.2958343066359896}]"
bugsinpy-httpie-2,jakubroztocil/httpie,R0,DIAGNOSIS_CANDIDATES,True,,0.0,0.0,0.0,0.0,0.0,0.0,0.0,"[""CONFIGURATION""]",UNKNOWN_CONTRACT,0.0,1.0,0.0,20,20,0.9481865284974094,0.0,0,EXECUTED_SLICE_GRAPH,"[""function:httpie/core.py::main"",""function:httpie/output/streams.py::write"",""function:httpie/plugins/manager.py::PluginManager.load_installed_plugins"",""function:httpie/core.py::decode_args"",""function:httpie/input.py::HTTPieArgumentParser.parse_args"",""function:httpie/output/streams.py::build_output_stream"",""class:httpie/context.py::Environment"",""function:httpie/client.py::get_requests_kwargs"",""function:httpie/client.py::get_requests_session"",""function:httpie/config.py::BaseConfigDict.is_new""]",[],[]
bugsinpy-httpie-2,jakubroztocil/httpie,R1,DIAGNOSIS_CANDIDATES,True,,0.0,0.0,1.0,0.09090909090909091,0.0,0.0,0.0,"[""CONFIGURATION""]",UNKNOWN_CONTRACT,0.0,1.0,0.0,20,20,0.9481865284974094,0.0,0,EXECUTED_SLICE_GRAPH,"[""class:httpie/input.py::AuthCredentials"",""class:httpie/downloads.py::ContentRangeError"",""class:httpie/input.py::KeyValueArgType"",""function:httpie/core.py::main"",""function:httpie/input.py::HTTPieArgumentParser.parse_args"",""function:httpie/output/streams.py::write"",""function:httpie/output/streams.py::build_output_stream"",""function:httpie/context.py::Environment.config"",""function:httpie/context.py::Environment.__init__"",""function:httpie/client.py::get_requests_kwargs""]",[],[]
bugsinpy-httpie-2,jakubroztocil/httpie,R3,DIAGNOSIS_CANDIDATES,True,,0.0,0.0,1.0,0.05263157894736842,0.0,0.0,0.0,"[""CONFIGURATION""]",UNKNOWN_CONTRACT,0.0,1.0,0.0,20,20,0.9481865284974094,0.0,0,EXECUTED_SLICE_GRAPH,"[""class:httpie/input.py::AuthCredentials"",""class:httpie/downloads.py::ContentRangeError"",""class:httpie/output/formatters/xml.py::XMLFormatter"",""class:httpie/input.py::KeyValueArgType"",""class:httpie/downloads.py::Download"",""class:httpie/downloads.py::ProgressReporterThread"",""class:httpie/downloads.py::Status"",""class:httpie/input.py::AuthCredentialsArgType"",""class:httpie/input.py::DataDict"",""class:httpie/input.py::HTTPieArgumentParser""]",[],[]
bugsinpy-httpie-2,jakubroztocil/httpie,R5,DIAGNOSIS_CANDIDATES,True,,0.0,0.0,1.0,0.05263157894736842,0.0,0.0,0.0,"[""CONFIGURATION""]",UNKNOWN_CONTRACT,0.0,1.0,0.0,20,20,0.9481865284974094,0.0,0,EXECUTED_SLICE_GRAPH,"[""class:httpie/input.py::AuthCredentials"",""class:httpie/downloads.py::ContentRangeError"",""class:httpie/output/formatters/xml.py::XMLFormatter"",""class:httpie/input.py::KeyValueArgType"",""class:httpie/downloads.py::Download"",""class:httpie/downloads.py::ProgressReporterThread"",""class:httpie/downloads.py::Status"",""class:httpie/input.py::AuthCredentialsArgType"",""class:httpie/input.py::DataDict"",""class:httpie/input.py::HTTPieArgumentParser""]",[],[]
bugsinpy-httpie-2,jakubroztocil/httpie,R6,DIAGNOSIS_CANDIDATES,True,,0.0,0.0,1.0,0.05263157894736842,0.0,0.0,0.0,"[""CONFIGURATION""]",UNKNOWN_CONTRACT,0.0,1.0,0.0,20,20,0.9481865284974094,0.0,1,EXECUTED_SLICE_GRAPH,"[""class:httpie/input.py::AuthCredentials"",""class:httpie/downloads.py::ContentRangeError"",""class:httpie/output/formatters/xml.py::XMLFormatter"",""class:httpie/input.py::KeyValueArgType"",""class:httpie/downloads.py::Download"",""class:httpie/downloads.py::ProgressReporterThread"",""class:httpie/downloads.py::Status"",""class:httpie/input.py::AuthCredentialsArgType"",""class:httpie/input.py::DataDict"",""class:httpie/input.py::HTTPieArgumentParser""]",[],"[{""command"": [""python"", ""-m"", ""pytest"", ""tests/test_redirects.py::TestRedirects::test_max_redirects"", ""-x"", ""-vv"", ""--showlocals""], ""distinguished_hypotheses"": [""class:httpie/input.py::AuthCredentials"", ""class:httpie/downloads.py::ContentRangeError"", ""class:httpie/output/formatters/xml.py::XMLFormatter""], ""estimated_cost"": 1.0, ""expected_observation"": ""runtime types and values at the top candidate frames"", ""safety_level"": ""READ_ONLY_TEST_EXECUTION"", ""timeout_seconds"": 300, ""utility"": 3.2957704959365746}]"
