scenario_id,pipeline_family,cost_model,selected_cut,selected_cut_cost,alternative_optimal_cuts,repair_success,recertification_status,new_critical_violation_count,execution_time_ms
h10-c4:held_out:tabular_credit:000:e1e8db9a9d47069e,tabular_credit,uniform,"[""direct:0:h10-c4:held_out:tabular_credit:000:e1e8db9a9d47069e:obligation:0""]",1.0,"[[""direct:0:h10-c4:held_out:tabular_credit:000:e1e8db9a9d47069e:obligation:0""], [""source:restore""]]",True,full_success,0,4.142090008826926
h10-c4:held_out:tabular_credit:000:e1e8db9a9d47069e,tabular_credit,runtime,"[""direct:0:h10-c4:held_out:tabular_credit:000:e1e8db9a9d47069e:obligation:0""]",1.0,"[[""direct:0:h10-c4:held_out:tabular_credit:000:e1e8db9a9d47069e:obligation:0""]]",True,full_success,0,4.142090008826926
h10-c4:held_out:tabular_credit:000:e1e8db9a9d47069e,tabular_credit,dependency_weighted,"[""direct:0:h10-c4:held_out:tabular_credit:000:e1e8db9a9d47069e:obligation:0""]",1.6931471805599454,"[[""direct:0:h10-c4:held_out:tabular_credit:000:e1e8db9a9d47069e:obligation:0""]]",True,full_success,0,4.142090008826926
h10-c4:held_out:tabular_credit:000:e1e8db9a9d47069e,tabular_credit,hybrid,"[""direct:0:h10-c4:held_out:tabular_credit:000:e1e8db9a9d47069e:obligation:0""]",1.8665735902799727,"[[""direct:0:h10-c4:held_out:tabular_credit:000:e1e8db9a9d47069e:obligation:0""]]",True,full_success,0,4.142090008826926
h10-c4:held_out:tabular_credit:001:cbcd016d6dbf04b2,tabular_credit,uniform,"[""source:restore""]",1.0,"[[""source:restore""]]",True,full_success,0,4.5829729933757335
h10-c4:held_out:tabular_credit:001:cbcd016d6dbf04b2,tabular_credit,runtime,"[""direct:0:h10-c4:held_out:tabular_credit:001:cbcd016d6dbf04b2:obligation:0"", ""direct:1:h10-c4:held_out:tabular_credit:001:cbcd016d6dbf04b2:obligation:1""]",2.0,"[[""direct:0:h10-c4:held_out:tabular_credit:001:cbcd016d6dbf04b2:obligation:0"", ""direct:1:h10-c4:held_out:tabular_credit:001:cbcd016d6dbf04b2:obligation:1""]]",True,full_success,0,8.63615500566084
h10-c4:held_out:tabular_credit:001:cbcd016d6dbf04b2,tabular_credit,dependency_weighted,"[""source:restore""]",2.386294361119891,"[[""source:restore""]]",True,full_success,0,4.5829729933757335
h10-c4:held_out:tabular_credit:001:cbcd016d6dbf04b2,tabular_credit,hybrid,"[""source:restore""]",2.715517009972366,"[[""source:restore""]]",True,full_success,0,4.5829729933757335
h10-c4:held_out:tabular_credit:002:11368f10699c6efe,tabular_credit,uniform,"[""source:restore""]",1.0,"[[""source:restore""]]",True,full_success,0,4.385620006360114
h10-c4:held_out:tabular_credit:002:11368f10699c6efe,tabular_credit,runtime,"[""direct:0:h10-c4:held_out:tabular_credit:002:11368f10699c6efe:obligation:2"", ""direct:1:h10-c4:held_out:tabular_credit:002:11368f10699c6efe:obligation:3""]",2.0,"[[""direct:0:h10-c4:held_out:tabular_credit:002:11368f10699c6efe:obligation:2"", ""direct:1:h10-c4:held_out:tabular_credit:002:11368f10699c6efe:obligation:3""]]",True,full_success,0,8.568507008021697
h10-c4:held_out:tabular_credit:002:11368f10699c6efe,tabular_credit,dependency_weighted,"[""source:restore""]",2.6094379124341005,"[[""source:restore""]]",True,full_success,0,4.385620006360114
h10-c4:held_out:tabular_credit:002:11368f10699c6efe,tabular_credit,hybrid,"[""source:restore""]",2.8270887856294706,"[[""source:restore""]]",True,full_success,0,4.385620006360114
h10-c4:held_out:tabular_credit:003:5f255b961855fe8e,tabular_credit,uniform,"[""source:restore""]",1.0,"[[""source:restore""]]",True,full_success,0,4.564498012769036
h10-c4:held_out:tabular_credit:003:5f255b961855fe8e,tabular_credit,runtime,"[""direct:2:h10-c4:held_out:tabular_credit:003:5f255b961855fe8e:obligation:2"", ""local:partial_fast""]",1.5015720816144498,"[[""direct:2:h10-c4:held_out:tabular_credit:003:5f255b961855fe8e:obligation:2"", ""local:partial_fast""]]",True,full_success,0,8.522629999788478
h10-c4:held_out:tabular_credit:003:5f255b961855fe8e,tabular_credit,dependency_weighted,"[""direct:2:h10-c4:held_out:tabular_credit:003:5f255b961855fe8e:obligation:2"", ""local:partial_fast""]",2.6931471805599454,"[[""direct:2:h10-c4:held_out:tabular_credit:003:5f255b961855fe8e:obligation:2"", ""local:partial_fast""]]",True,full_success,0,8.522629999788478
h10-c4:held_out:tabular_credit:003:5f255b961855fe8e,tabular_credit,hybrid,"[""source:restore""]",2.9182495640264476,"[[""source:restore""]]",True,full_success,0,4.564498012769036
h10-c4:held_out:tabular_credit:004:a6db6f7b626bf195,tabular_credit,uniform,"[""source:restore""]",1.0,"[[""source:restore""], [""source:restore_equivalent""]]",True,full_success,0,4.534011008217931
h10-c4:held_out:tabular_credit:004:a6db6f7b626bf195,tabular_credit,runtime,"[""direct:3:h10-c4:held_out:tabular_credit:004:a6db6f7b626bf195:obligation:3"", ""local:partial_fast""]",1.5015720816144498,"[[""direct:3:h10-c4:held_out:tabular_credit:004:a6db6f7b626bf195:obligation:3"", ""local:partial_fast""]]",True,full_success,0,9.145377000095323
h10-c4:held_out:tabular_credit:004:a6db6f7b626bf195,tabular_credit,dependency_weighted,"[""source:restore""]",2.9459101490553135,"[[""source:restore""], [""source:restore_equivalent""]]",True,full_success,0,4.534011008217931
h10-c4:held_out:tabular_credit:004:a6db6f7b626bf195,tabular_credit,hybrid,"[""source:restore""]",2.995324903940077,"[[""source:restore""], [""source:restore_equivalent""]]",True,full_success,0,4.534011008217931
h10-c4:held_out:tabular_credit:005:382e8583a34ff2c6,tabular_credit,uniform,"[""source:restore""]",1.0,"[[""source:restore""]]",True,full_success,0,4.465491001610644
h10-c4:held_out:tabular_credit:005:382e8583a34ff2c6,tabular_credit,runtime,"[""direct:2:h10-c4:held_out:tabular_credit:005:382e8583a34ff2c6:obligation:3"", ""local:partial_fast""]",1.5015720816144498,"[[""direct:2:h10-c4:held_out:tabular_credit:005:382e8583a34ff2c6:obligation:3"", ""local:partial_fast""]]",True,full_success,0,8.85666100657545
h10-c4:held_out:tabular_credit:005:382e8583a34ff2c6,tabular_credit,dependency_weighted,"[""source:restore""]",2.0986122886681096,"[[""source:restore""]]",True,full_success,0,4.465491001610644
h10-c4:held_out:tabular_credit:005:382e8583a34ff2c6,tabular_credit,hybrid,"[""source:restore""]",2.571675973746475,"[[""source:restore""]]",True,full_success,0,4.465491001610644
h10-c4:held_out:tabular_credit:006:a4e5f9ddff4fcfd8,tabular_credit,uniform,"[""source:restore""]",1.0,"[[""source:restore""]]",True,full_success,0,4.628698996384628
h10-c4:held_out:tabular_credit:006:a4e5f9ddff4fcfd8,tabular_credit,runtime,"[""direct:3:h10-c4:held_out:tabular_credit:006:a4e5f9ddff4fcfd8:obligation:3"", ""local:partial_fast""]",1.5015720816144498,"[[""direct:3:h10-c4:held_out:tabular_credit:006:a4e5f9ddff4fcfd8:obligation:3"", ""local:partial_fast""]]",True,full_success,0,8.946221001679078
h10-c4:held_out:tabular_credit:006:a4e5f9ddff4fcfd8,tabular_credit,dependency_weighted,"[""source:restore""]",2.386294361119891,"[[""source:restore""]]",True,full_success,0,4.628698996384628
h10-c4:held_out:tabular_credit:006:a4e5f9ddff4fcfd8,tabular_credit,hybrid,"[""source:restore""]",2.715517009972366,"[[""source:restore""]]",True,full_success,0,4.628698996384628
h10-c4:held_out:tabular_credit:007:6fdf4542eb6c08f4,tabular_credit,uniform,"[""source:restore""]",1.0,"[[""source:restore""]]",True,full_success,0,4.661280996515416
h10-c4:held_out:tabular_credit:007:6fdf4542eb6c08f4,tabular_credit,runtime,"[""direct:3:h10-c4:held_out:tabular_credit:007:6fdf4542eb6c08f4:obligation:3"", ""local:partial_fast""]",1.5015720816144498,"[[""direct:3:h10-c4:held_out:tabular_credit:007:6fdf4542eb6c08f4:obligation:3"", ""local:partial_fast""]]",True,full_success,0,8.838367008138448
h10-c4:held_out:tabular_credit:007:6fdf4542eb6c08f4,tabular_credit,dependency_weighted,"[""source:restore""]",2.6094379124341005,"[[""source:restore""]]",True,full_success,0,4.661280996515416
h10-c4:held_out:tabular_credit:007:6fdf4542eb6c08f4,tabular_credit,hybrid,"[""source:restore""]",2.8270887856294706,"[[""source:restore""]]",True,full_success,0,4.661280996515416
h10-c4:held_out:tabular_credit:008:3137c648c7b86726,tabular_credit,uniform,"[""source:restore""]",1.0,"[[""source:restore""]]",True,full_success,0,4.752943990752101
h10-c4:held_out:tabular_credit:008:3137c648c7b86726,tabular_credit,runtime,"[""direct:3:h10-c4:held_out:tabular_credit:008:3137c648c7b86726:obligation:3"", ""local:partial_fast""]",1.5015720816144498,"[[""direct:3:h10-c4:held_out:tabular_credit:008:3137c648c7b86726:obligation:3"", ""local:partial_fast""]]",True,full_success,0,9.063092002179474
h10-c4:held_out:tabular_credit:008:3137c648c7b86726,tabular_credit,dependency_weighted,"[""source:restore""]",2.791759469228055,"[[""source:restore""]]",True,full_success,0,4.752943990752101
h10-c4:held_out:tabular_credit:008:3137c648c7b86726,tabular_credit,hybrid,"[""source:restore""]",2.9182495640264476,"[[""source:restore""]]",True,full_success,0,4.752943990752101
h10-c4:held_out:tabular_credit:009:f9431c6446687f0e,tabular_credit,uniform,"[""source:restore""]",1.0,"[[""source:restore""]]",True,full_success,0,4.530603997409344
h10-c4:held_out:tabular_credit:009:f9431c6446687f0e,tabular_credit,runtime,"[""direct:3:h10-c4:held_out:tabular_credit:009:f9431c6446687f0e:obligation:3"", ""local:partial_fast""]",1.5015720816144498,"[[""direct:3:h10-c4:held_out:tabular_credit:009:f9431c6446687f0e:obligation:3"", ""local:partial_fast""]]",True,full_success,0,9.061798991751857
h10-c4:held_out:tabular_credit:009:f9431c6446687f0e,tabular_credit,dependency_weighted,"[""source:restore""]",2.9459101490553135,"[[""source:restore""]]",True,full_success,0,4.530603997409344
h10-c4:held_out:tabular_credit:009:f9431c6446687f0e,tabular_credit,hybrid,"[""source:restore""]",2.995324903940077,"[[""source:restore""]]",True,full_success,0,4.530603997409344
h10-c4:held_out:tabular_credit:010:b357907b7781a333,tabular_credit,uniform,"[""direct:0:h10-c4:held_out:tabular_credit:010:b357907b7781a333:obligation:0""]",1.0,"[[""direct:0:h10-c4:held_out:tabular_credit:010:b357907b7781a333:obligation:0""], [""source:restore""]]",True,full_success,0,4.172096989350393
h10-c4:held_out:tabular_credit:010:b357907b7781a333,tabular_credit,runtime,"[""direct:0:h10-c4:held_out:tabular_credit:010:b357907b7781a333:obligation:0""]",1.0,"[[""direct:0:h10-c4:held_out:tabular_credit:010:b357907b7781a333:obligation:0""]]",True,full_success,0,4.172096989350393
h10-c4:held_out:tabular_credit:010:b357907b7781a333,tabular_credit,dependency_weighted,"[""direct:0:h10-c4:held_out:tabular_credit:010:b357907b7781a333:obligation:0""]",1.6931471805599454,"[[""direct:0:h10-c4:held_out:tabular_credit:010:b357907b7781a333:obligation:0""]]",True,full_success,0,4.172096989350393
h10-c4:held_out:tabular_credit:010:b357907b7781a333,tabular_credit,hybrid,"[""direct:0:h10-c4:held_out:tabular_credit:010:b357907b7781a333:obligation:0""]",1.8665735902799727,"[[""direct:0:h10-c4:held_out:tabular_credit:010:b357907b7781a333:obligation:0""]]",True,full_success,0,4.172096989350393
h10-c4:held_out:tabular_credit:011:c91f1ada27e642a2,tabular_credit,uniform,"[""source:restore""]",1.0,"[[""source:restore""]]",True,full_success,0,4.454500012798235
h10-c4:held_out:tabular_credit:011:c91f1ada27e642a2,tabular_credit,runtime,"[""direct:0:h10-c4:held_out:tabular_credit:011:c91f1ada27e642a2:obligation:0"", ""direct:1:h10-c4:held_out:tabular_credit:011:c91f1ada27e642a2:obligation:1""]",2.0,"[[""direct:0:h10-c4:held_out:tabular_credit:011:c91f1ada27e642a2:obligation:0"", ""direct:1:h10-c4:held_out:tabular_credit:011:c91f1ada27e642a2:obligation:1""]]",True,full_success,0,8.520585994119756
h10-c4:held_out:tabular_credit:011:c91f1ada27e642a2,tabular_credit,dependency_weighted,"[""source:restore""]",2.386294361119891,"[[""source:restore""]]",True,full_success,0,4.454500012798235
h10-c4:held_out:tabular_credit:011:c91f1ada27e642a2,tabular_credit,hybrid,"[""source:restore""]",2.715517009972366,"[[""source:restore""]]",True,full_success,0,4.454500012798235
h10-c4:held_out:tabular_credit:012:ba926a5b255583ca,tabular_credit,uniform,"[""source:restore""]",1.0,"[[""source:restore""]]",True,full_success,0,4.388315006508492
h10-c4:held_out:tabular_credit:012:ba926a5b255583ca,tabular_credit,runtime,"[""direct:0:h10-c4:held_out:tabular_credit:012:ba926a5b255583ca:obligation:2"", ""direct:1:h10-c4:held_out:tabular_credit:012:ba926a5b255583ca:obligation:3""]",2.0,"[[""direct:0:h10-c4:held_out:tabular_credit:012:ba926a5b255583ca:obligation:2"", ""direct:1:h10-c4:held_out:tabular_credit:012:ba926a5b255583ca:obligation:3""]]",True,full_success,0,8.519184004398994
h10-c4:held_out:tabular_credit:012:ba926a5b255583ca,tabular_credit,dependency_weighted,"[""source:restore""]",2.6094379124341005,"[[""source:restore""]]",True,full_success,0,4.388315006508492
h10-c4:held_out:tabular_credit:012:ba926a5b255583ca,tabular_credit,hybrid,"[""source:restore""]",2.8270887856294706,"[[""source:restore""]]",True,full_success,0,4.388315006508492
h10-c4:held_out:tabular_credit:013:1516a183508f6f68,tabular_credit,uniform,"[""source:restore""]",1.0,"[[""source:restore""]]",True,full_success,0,4.7733730025356635
h10-c4:held_out:tabular_credit:013:1516a183508f6f68,tabular_credit,runtime,"[""direct:2:h10-c4:held_out:tabular_credit:013:1516a183508f6f68:obligation:2"", ""local:partial_fast""]",1.5015720816144498,"[[""direct:2:h10-c4:held_out:tabular_credit:013:1516a183508f6f68:obligation:2"", ""local:partial_fast""]]",True,full_success,0,8.738488002563827
h10-c4:held_out:tabular_credit:013:1516a183508f6f68,tabular_credit,dependency_weighted,"[""direct:2:h10-c4:held_out:tabular_credit:013:1516a183508f6f68:obligation:2"", ""local:partial_fast""]",2.6931471805599454,"[[""direct:2:h10-c4:held_out:tabular_credit:013:1516a183508f6f68:obligation:2"", ""local:partial_fast""]]",True,full_success,0,8.738488002563827
h10-c4:held_out:tabular_credit:013:1516a183508f6f68,tabular_credit,hybrid,"[""source:restore""]",2.9182495640264476,"[[""source:restore""]]",True,full_success,0,4.7733730025356635
h10-c4:held_out:tabular_credit:014:0ff0db64e08423bb,tabular_credit,uniform,"[""source:restore""]",1.0,"[[""source:restore""], [""source:restore_equivalent""]]",True,full_success,0,4.6682450047228485
h10-c4:held_out:tabular_credit:014:0ff0db64e08423bb,tabular_credit,runtime,"[""direct:3:h10-c4:held_out:tabular_credit:014:0ff0db64e08423bb:obligation:3"", ""local:partial_fast""]",1.5015720816144498,"[[""direct:3:h10-c4:held_out:tabular_credit:014:0ff0db64e08423bb:obligation:3"", ""local:partial_fast""]]",True,full_success,0,8.756652008742094
h10-c4:held_out:tabular_credit:014:0ff0db64e08423bb,tabular_credit,dependency_weighted,"[""source:restore""]",2.9459101490553135,"[[""source:restore""], [""source:restore_equivalent""]]",True,full_success,0,4.6682450047228485
h10-c4:held_out:tabular_credit:014:0ff0db64e08423bb,tabular_credit,hybrid,"[""source:restore""]",2.995324903940077,"[[""source:restore""], [""source:restore_equivalent""]]",True,full_success,0,4.6682450047228485
h10-c4:held_out:tabular_credit:015:f029146cbb889bf5,tabular_credit,uniform,"[""source:restore""]",1.0,"[[""source:restore""]]",True,full_success,0,4.429412991157733
h10-c4:held_out:tabular_credit:015:f029146cbb889bf5,tabular_credit,runtime,"[""direct:2:h10-c4:held_out:tabular_credit:015:f029146cbb889bf5:obligation:3"", ""local:partial_fast""]",1.5015720816144498,"[[""direct:2:h10-c4:held_out:tabular_credit:015:f029146cbb889bf5:obligation:3"", ""local:partial_fast""]]",True,full_success,0,8.38813598966226
h10-c4:held_out:tabular_credit:015:f029146cbb889bf5,tabular_credit,dependency_weighted,"[""source:restore""]",2.0986122886681096,"[[""source:restore""]]",True,full_success,0,4.429412991157733
h10-c4:held_out:tabular_credit:015:f029146cbb889bf5,tabular_credit,hybrid,"[""source:restore""]",2.571675973746475,"[[""source:restore""]]",True,full_success,0,4.429412991157733
h10-c4:held_out:tabular_credit:016:c176c39bd74d9631,tabular_credit,uniform,"[""source:restore""]",1.0,"[[""source:restore""]]",True,full_success,0,4.516116998274811
h10-c4:held_out:tabular_credit:016:c176c39bd74d9631,tabular_credit,runtime,"[""direct:3:h10-c4:held_out:tabular_credit:016:c176c39bd74d9631:obligation:3"", ""local:partial_fast""]",1.5015720816144498,"[[""direct:3:h10-c4:held_out:tabular_credit:016:c176c39bd74d9631:obligation:3"", ""local:partial_fast""]]",True,full_success,0,10.361406006268226
h10-c4:held_out:tabular_credit:016:c176c39bd74d9631,tabular_credit,dependency_weighted,"[""source:restore""]",2.386294361119891,"[[""source:restore""]]",True,full_success,0,4.516116998274811
h10-c4:held_out:tabular_credit:016:c176c39bd74d9631,tabular_credit,hybrid,"[""source:restore""]",2.715517009972366,"[[""source:restore""]]",True,full_success,0,4.516116998274811
h10-c4:held_out:tabular_credit:017:fabdbf36e9d5cc3d,tabular_credit,uniform,"[""source:restore""]",1.0,"[[""source:restore""]]",True,full_success,0,4.502501004026271
h10-c4:held_out:tabular_credit:017:fabdbf36e9d5cc3d,tabular_credit,runtime,"[""direct:3:h10-c4:held_out:tabular_credit:017:fabdbf36e9d5cc3d:obligation:3"", ""local:partial_fast""]",1.5015720816144498,"[[""direct:3:h10-c4:held_out:tabular_credit:017:fabdbf36e9d5cc3d:obligation:3"", ""local:partial_fast""]]",True,full_success,0,9.123595998971723
h10-c4:held_out:tabular_credit:017:fabdbf36e9d5cc3d,tabular_credit,dependency_weighted,"[""source:restore""]",2.6094379124341005,"[[""source:restore""]]",True,full_success,0,4.502501004026271
h10-c4:held_out:tabular_credit:017:fabdbf36e9d5cc3d,tabular_credit,hybrid,"[""source:restore""]",2.8270887856294706,"[[""source:restore""]]",True,full_success,0,4.502501004026271
h10-c4:held_out:tabular_credit:018:3213679dde2438ce,tabular_credit,uniform,"[""source:restore""]",1.0,"[[""source:restore""]]",True,full_success,0,4.571069992380217
h10-c4:held_out:tabular_credit:018:3213679dde2438ce,tabular_credit,runtime,"[""direct:3:h10-c4:held_out:tabular_credit:018:3213679dde2438ce:obligation:3"", ""local:partial_fast""]",1.5015720816144498,"[[""direct:3:h10-c4:held_out:tabular_credit:018:3213679dde2438ce:obligation:3"", ""local:partial_fast""]]",True,full_success,0,9.791839009267278
h10-c4:held_out:tabular_credit:018:3213679dde2438ce,tabular_credit,dependency_weighted,"[""source:restore""]",2.791759469228055,"[[""source:restore""]]",True,full_success,0,4.571069992380217
h10-c4:held_out:tabular_credit:018:3213679dde2438ce,tabular_credit,hybrid,"[""source:restore""]",2.9182495640264476,"[[""source:restore""]]",True,full_success,0,4.571069992380217
h10-c4:held_out:tabular_credit:019:24b434d5a71099d1,tabular_credit,uniform,"[""source:restore""]",1.0,"[[""source:restore""]]",True,full_success,0,4.801196002517827
h10-c4:held_out:tabular_credit:019:24b434d5a71099d1,tabular_credit,runtime,"[""direct:3:h10-c4:held_out:tabular_credit:019:24b434d5a71099d1:obligation:3"", ""local:partial_fast""]",1.5015720816144498,"[[""direct:3:h10-c4:held_out:tabular_credit:019:24b434d5a71099d1:obligation:3"", ""local:partial_fast""]]",True,full_success,0,9.413574007339776
h10-c4:held_out:tabular_credit:019:24b434d5a71099d1,tabular_credit,dependency_weighted,"[""source:restore""]",2.9459101490553135,"[[""source:restore""]]",True,full_success,0,4.801196002517827
h10-c4:held_out:tabular_credit:019:24b434d5a71099d1,tabular_credit,hybrid,"[""source:restore""]",2.995324903940077,"[[""source:restore""]]",True,full_success,0,4.801196002517827
h10-c4:held_out:tabular_energy:000:d2be988a9f81c582,tabular_energy,uniform,"[""direct:0:h10-c4:held_out:tabular_energy:000:d2be988a9f81c582:obligation:0""]",1.0,"[[""direct:0:h10-c4:held_out:tabular_energy:000:d2be988a9f81c582:obligation:0""], [""source:restore""]]",True,full_success,0,4.305188005673699
h10-c4:held_out:tabular_energy:000:d2be988a9f81c582,tabular_energy,runtime,"[""direct:0:h10-c4:held_out:tabular_energy:000:d2be988a9f81c582:obligation:0""]",1.0,"[[""direct:0:h10-c4:held_out:tabular_energy:000:d2be988a9f81c582:obligation:0""]]",True,full_success,0,4.305188005673699
h10-c4:held_out:tabular_energy:000:d2be988a9f81c582,tabular_energy,dependency_weighted,"[""direct:0:h10-c4:held_out:tabular_energy:000:d2be988a9f81c582:obligation:0""]",1.6931471805599454,"[[""direct:0:h10-c4:held_out:tabular_energy:000:d2be988a9f81c582:obligation:0""]]",True,full_success,0,4.305188005673699
h10-c4:held_out:tabular_energy:000:d2be988a9f81c582,tabular_energy,hybrid,"[""direct:0:h10-c4:held_out:tabular_energy:000:d2be988a9f81c582:obligation:0""]",1.8665735902799727,"[[""direct:0:h10-c4:held_out:tabular_energy:000:d2be988a9f81c582:obligation:0""]]",True,full_success,0,4.305188005673699
h10-c4:held_out:tabular_energy:001:e7e25ada5e355871,tabular_energy,uniform,"[""source:restore""]",1.0,"[[""source:restore""]]",True,full_success,0,4.593963996740058
h10-c4:held_out:tabular_energy:001:e7e25ada5e355871,tabular_energy,runtime,"[""direct:0:h10-c4:held_out:tabular_energy:001:e7e25ada5e355871:obligation:0"", ""direct:1:h10-c4:held_out:tabular_energy:001:e7e25ada5e355871:obligation:1""]",2.0,"[[""direct:0:h10-c4:held_out:tabular_energy:001:e7e25ada5e355871:obligation:0"", ""direct:1:h10-c4:held_out:tabular_energy:001:e7e25ada5e355871:obligation:1""]]",True,full_success,0,8.554571002605371
h10-c4:held_out:tabular_energy:001:e7e25ada5e355871,tabular_energy,dependency_weighted,"[""source:restore""]",2.386294361119891,"[[""source:restore""]]",True,full_success,0,4.593963996740058
h10-c4:held_out:tabular_energy:001:e7e25ada5e355871,tabular_energy,hybrid,"[""source:restore""]",2.715517009972366,"[[""source:restore""]]",True,full_success,0,4.593963996740058
h10-c4:held_out:tabular_energy:002:00d3619f92f7e4f1,tabular_energy,uniform,"[""source:restore""]",1.0,"[[""source:restore""]]",True,full_success,0,4.277294996427372
h10-c4:held_out:tabular_energy:002:00d3619f92f7e4f1,tabular_energy,runtime,"[""direct:0:h10-c4:held_out:tabular_energy:002:00d3619f92f7e4f1:obligation:2"", ""direct:1:h10-c4:held_out:tabular_energy:002:00d3619f92f7e4f1:obligation:3""]",2.0,"[[""direct:0:h10-c4:held_out:tabular_energy:002:00d3619f92f7e4f1:obligation:2"", ""direct:1:h10-c4:held_out:tabular_energy:002:00d3619f92f7e4f1:obligation:3""]]",True,full_success,0,8.58314499782864
h10-c4:held_out:tabular_energy:002:00d3619f92f7e4f1,tabular_energy,dependency_weighted,"[""source:restore""]",2.6094379124341005,"[[""source:restore""]]",True,full_success,0,4.277294996427372
h10-c4:held_out:tabular_energy:002:00d3619f92f7e4f1,tabular_energy,hybrid,"[""source:restore""]",2.8270887856294706,"[[""source:restore""]]",True,full_success,0,4.277294996427372
h10-c4:held_out:tabular_energy:003:3ac6ab7a5458c48f,tabular_energy,uniform,"[""source:restore""]",1.0,"[[""source:restore""]]",True,full_success,0,4.426606988999993
h10-c4:held_out:tabular_energy:003:3ac6ab7a5458c48f,tabular_energy,runtime,"[""direct:2:h10-c4:held_out:tabular_energy:003:3ac6ab7a5458c48f:obligation:2"", ""local:partial_fast""]",1.5015720816144498,"[[""direct:2:h10-c4:held_out:tabular_energy:003:3ac6ab7a5458c48f:obligation:2"", ""local:partial_fast""]]",True,full_success,0,8.364190012798645
h10-c4:held_out:tabular_energy:003:3ac6ab7a5458c48f,tabular_energy,dependency_weighted,"[""direct:2:h10-c4:held_out:tabular_energy:003:3ac6ab7a5458c48f:obligation:2"", ""local:partial_fast""]",2.6931471805599454,"[[""direct:2:h10-c4:held_out:tabular_energy:003:3ac6ab7a5458c48f:obligation:2"", ""local:partial_fast""]]",True,full_success,0,8.364190012798645
h10-c4:held_out:tabular_energy:003:3ac6ab7a5458c48f,tabular_energy,hybrid,"[""source:restore""]",2.9182495640264476,"[[""source:restore""]]",True,full_success,0,4.426606988999993
h10-c4:held_out:tabular_energy:004:7a3c97b90afc524e,tabular_energy,uniform,"[""source:restore""]",1.0,"[[""source:restore""], [""source:restore_equivalent""]]",True,full_success,0,4.618841005139984
h10-c4:held_out:tabular_energy:004:7a3c97b90afc524e,tabular_energy,runtime,"[""direct:3:h10-c4:held_out:tabular_energy:004:7a3c97b90afc524e:obligation:3"", ""local:partial_fast""]",1.5015720816144498,"[[""direct:3:h10-c4:held_out:tabular_energy:004:7a3c97b90afc524e:obligation:3"", ""local:partial_fast""]]",True,full_success,0,9.877231001155451
h10-c4:held_out:tabular_energy:004:7a3c97b90afc524e,tabular_energy,dependency_weighted,"[""source:restore""]",2.9459101490553135,"[[""source:restore""], [""source:restore_equivalent""]]",True,full_success,0,4.618841005139984
h10-c4:held_out:tabular_energy:004:7a3c97b90afc524e,tabular_energy,hybrid,"[""source:restore""]",2.995324903940077,"[[""source:restore""], [""source:restore_equivalent""]]",True,full_success,0,4.618841005139984
h10-c4:held_out:tabular_energy:005:4c77fc22f0ac1bc1,tabular_energy,uniform,"[""source:restore""]",1.0,"[[""source:restore""]]",True,full_success,0,4.542176000541076
h10-c4:held_out:tabular_energy:005:4c77fc22f0ac1bc1,tabular_energy,runtime,"[""direct:2:h10-c4:held_out:tabular_energy:005:4c77fc22f0ac1bc1:obligation:3"", ""local:partial_fast""]",1.5015720816144498,"[[""direct:2:h10-c4:held_out:tabular_energy:005:4c77fc22f0ac1bc1:obligation:3"", ""local:partial_fast""]]",True,full_success,0,8.614673992269672
h10-c4:held_out:tabular_energy:005:4c77fc22f0ac1bc1,tabular_energy,dependency_weighted,"[""source:restore""]",2.0986122886681096,"[[""source:restore""]]",True,full_success,0,4.542176000541076
h10-c4:held_out:tabular_energy:005:4c77fc22f0ac1bc1,tabular_energy,hybrid,"[""source:restore""]",2.571675973746475,"[[""source:restore""]]",True,full_success,0,4.542176000541076
h10-c4:held_out:tabular_energy:006:7661f32ffef50639,tabular_energy,uniform,"[""source:restore""]",1.0,"[[""source:restore""]]",True,full_success,0,4.75919600285124
h10-c4:held_out:tabular_energy:006:7661f32ffef50639,tabular_energy,runtime,"[""direct:3:h10-c4:held_out:tabular_energy:006:7661f32ffef50639:obligation:3"", ""local:partial_fast""]",1.5015720816144498,"[[""direct:3:h10-c4:held_out:tabular_energy:006:7661f32ffef50639:obligation:3"", ""local:partial_fast""]]",True,full_success,0,8.968752998043783
h10-c4:held_out:tabular_energy:006:7661f32ffef50639,tabular_energy,dependency_weighted,"[""source:restore""]",2.386294361119891,"[[""source:restore""]]",True,full_success,0,4.75919600285124
h10-c4:held_out:tabular_energy:006:7661f32ffef50639,tabular_energy,hybrid,"[""source:restore""]",2.715517009972366,"[[""source:restore""]]",True,full_success,0,4.75919600285124
h10-c4:held_out:tabular_energy:007:d200887372f81aa2,tabular_energy,uniform,"[""source:restore""]",1.0,"[[""source:restore""]]",True,full_success,0,5.179360989131965
h10-c4:held_out:tabular_energy:007:d200887372f81aa2,tabular_energy,runtime,"[""direct:3:h10-c4:held_out:tabular_energy:007:d200887372f81aa2:obligation:3"", ""local:partial_fast""]",1.5015720816144498,"[[""direct:3:h10-c4:held_out:tabular_energy:007:d200887372f81aa2:obligation:3"", ""local:partial_fast""]]",True,full_success,0,9.359761999803595
h10-c4:held_out:tabular_energy:007:d200887372f81aa2,tabular_energy,dependency_weighted,"[""source:restore""]",2.6094379124341005,"[[""source:restore""]]",True,full_success,0,5.179360989131965
h10-c4:held_out:tabular_energy:007:d200887372f81aa2,tabular_energy,hybrid,"[""source:restore""]",2.8270887856294706,"[[""source:restore""]]",True,full_success,0,5.179360989131965
h10-c4:held_out:tabular_energy:008:b542ae53318f88e7,tabular_energy,uniform,"[""source:restore""]",1.0,"[[""source:restore""]]",True,full_success,0,4.744869002024643
h10-c4:held_out:tabular_energy:008:b542ae53318f88e7,tabular_energy,runtime,"[""direct:3:h10-c4:held_out:tabular_energy:008:b542ae53318f88e7:obligation:3"", ""local:partial_fast""]",1.5015720816144498,"[[""direct:3:h10-c4:held_out:tabular_energy:008:b542ae53318f88e7:obligation:3"", ""local:partial_fast""]]",True,full_success,0,8.845290009048767
h10-c4:held_out:tabular_energy:008:b542ae53318f88e7,tabular_energy,dependency_weighted,"[""source:restore""]",2.791759469228055,"[[""source:restore""]]",True,full_success,0,4.744869002024643
h10-c4:held_out:tabular_energy:008:b542ae53318f88e7,tabular_energy,hybrid,"[""source:restore""]",2.9182495640264476,"[[""source:restore""]]",True,full_success,0,4.744869002024643
h10-c4:held_out:tabular_energy:009:f623ee84117ec420,tabular_energy,uniform,"[""source:restore""]",1.0,"[[""source:restore""]]",True,full_success,0,4.694835006375797
h10-c4:held_out:tabular_energy:009:f623ee84117ec420,tabular_energy,runtime,"[""direct:3:h10-c4:held_out:tabular_energy:009:f623ee84117ec420:obligation:3"", ""local:partial_fast""]",1.5015720816144498,"[[""direct:3:h10-c4:held_out:tabular_energy:009:f623ee84117ec420:obligation:3"", ""local:partial_fast""]]",True,full_success,0,8.918087012716569
h10-c4:held_out:tabular_energy:009:f623ee84117ec420,tabular_energy,dependency_weighted,"[""source:restore""]",2.9459101490553135,"[[""source:restore""]]",True,full_success,0,4.694835006375797
h10-c4:held_out:tabular_energy:009:f623ee84117ec420,tabular_energy,hybrid,"[""source:restore""]",2.995324903940077,"[[""source:restore""]]",True,full_success,0,4.694835006375797
h10-c4:held_out:tabular_energy:010:6a829279cce1a1ec,tabular_energy,uniform,"[""direct:0:h10-c4:held_out:tabular_energy:010:6a829279cce1a1ec:obligation:0""]",1.0,"[[""direct:0:h10-c4:held_out:tabular_energy:010:6a829279cce1a1ec:obligation:0""], [""source:restore""]]",True,full_success,0,4.165013000601903
h10-c4:held_out:tabular_energy:010:6a829279cce1a1ec,tabular_energy,runtime,"[""direct:0:h10-c4:held_out:tabular_energy:010:6a829279cce1a1ec:obligation:0""]",1.0,"[[""direct:0:h10-c4:held_out:tabular_energy:010:6a829279cce1a1ec:obligation:0""]]",True,full_success,0,4.165013000601903
h10-c4:held_out:tabular_energy:010:6a829279cce1a1ec,tabular_energy,dependency_weighted,"[""direct:0:h10-c4:held_out:tabular_energy:010:6a829279cce1a1ec:obligation:0""]",1.6931471805599454,"[[""direct:0:h10-c4:held_out:tabular_energy:010:6a829279cce1a1ec:obligation:0""]]",True,full_success,0,4.165013000601903
h10-c4:held_out:tabular_energy:010:6a829279cce1a1ec,tabular_energy,hybrid,"[""direct:0:h10-c4:held_out:tabular_energy:010:6a829279cce1a1ec:obligation:0""]",1.8665735902799727,"[[""direct:0:h10-c4:held_out:tabular_energy:010:6a829279cce1a1ec:obligation:0""]]",True,full_success,0,4.165013000601903
h10-c4:held_out:tabular_energy:011:ffe9d4d1df8594f7,tabular_energy,uniform,"[""source:restore""]",1.0,"[[""source:restore""]]",True,full_success,0,4.495016997680068
h10-c4:held_out:tabular_energy:011:ffe9d4d1df8594f7,tabular_energy,runtime,"[""direct:0:h10-c4:held_out:tabular_energy:011:ffe9d4d1df8594f7:obligation:0"", ""direct:1:h10-c4:held_out:tabular_energy:011:ffe9d4d1df8594f7:obligation:1""]",2.0,"[[""direct:0:h10-c4:held_out:tabular_energy:011:ffe9d4d1df8594f7:obligation:0"", ""direct:1:h10-c4:held_out:tabular_energy:011:ffe9d4d1df8594f7:obligation:1""]]",True,full_success,0,9.10910899983719
h10-c4:held_out:tabular_energy:011:ffe9d4d1df8594f7,tabular_energy,dependency_weighted,"[""source:restore""]",2.386294361119891,"[[""source:restore""]]",True,full_success,0,4.495016997680068
h10-c4:held_out:tabular_energy:011:ffe9d4d1df8594f7,tabular_energy,hybrid,"[""source:restore""]",2.715517009972366,"[[""source:restore""]]",True,full_success,0,4.495016997680068
h10-c4:held_out:tabular_energy:012:78bb5cba109fc844,tabular_energy,uniform,"[""source:restore""]",1.0,"[[""source:restore""]]",True,full_success,0,4.412150010466576
h10-c4:held_out:tabular_energy:012:78bb5cba109fc844,tabular_energy,runtime,"[""direct:0:h10-c4:held_out:tabular_energy:012:78bb5cba109fc844:obligation:2"", ""direct:1:h10-c4:held_out:tabular_energy:012:78bb5cba109fc844:obligation:3""]",2.0,"[[""direct:0:h10-c4:held_out:tabular_energy:012:78bb5cba109fc844:obligation:2"", ""direct:1:h10-c4:held_out:tabular_energy:012:78bb5cba109fc844:obligation:3""]]",True,full_success,0,8.750902008614503
h10-c4:held_out:tabular_energy:012:78bb5cba109fc844,tabular_energy,dependency_weighted,"[""source:restore""]",2.6094379124341005,"[[""source:restore""]]",True,full_success,0,4.412150010466576
h10-c4:held_out:tabular_energy:012:78bb5cba109fc844,tabular_energy,hybrid,"[""source:restore""]",2.8270887856294706,"[[""source:restore""]]",True,full_success,0,4.412150010466576
h10-c4:held_out:tabular_energy:013:ecd6a8e25082dc3e,tabular_energy,uniform,"[""source:restore""]",1.0,"[[""source:restore""]]",True,full_success,0,5.22122900292743
h10-c4:held_out:tabular_energy:013:ecd6a8e25082dc3e,tabular_energy,runtime,"[""direct:2:h10-c4:held_out:tabular_energy:013:ecd6a8e25082dc3e:obligation:2"", ""local:partial_fast""]",1.5015720816144498,"[[""direct:2:h10-c4:held_out:tabular_energy:013:ecd6a8e25082dc3e:obligation:2"", ""local:partial_fast""]]",True,full_success,0,8.92967999971006
h10-c4:held_out:tabular_energy:013:ecd6a8e25082dc3e,tabular_energy,dependency_weighted,"[""direct:2:h10-c4:held_out:tabular_energy:013:ecd6a8e25082dc3e:obligation:2"", ""local:partial_fast""]",2.6931471805599454,"[[""direct:2:h10-c4:held_out:tabular_energy:013:ecd6a8e25082dc3e:obligation:2"", ""local:partial_fast""]]",True,full_success,0,8.92967999971006
h10-c4:held_out:tabular_energy:013:ecd6a8e25082dc3e,tabular_energy,hybrid,"[""source:restore""]",2.9182495640264476,"[[""source:restore""]]",True,full_success,0,5.22122900292743
h10-c4:held_out:tabular_energy:014:10aa41eea7219e21,tabular_energy,uniform,"[""source:restore""]",1.0,"[[""source:restore""], [""source:restore_equivalent""]]",True,full_success,0,4.515786000411026
h10-c4:held_out:tabular_energy:014:10aa41eea7219e21,tabular_energy,runtime,"[""direct:3:h10-c4:held_out:tabular_energy:014:10aa41eea7219e21:obligation:3"", ""local:partial_fast""]",1.5015720816144498,"[[""direct:3:h10-c4:held_out:tabular_energy:014:10aa41eea7219e21:obligation:3"", ""local:partial_fast""]]",True,full_success,0,9.445925010368228
h10-c4:held_out:tabular_energy:014:10aa41eea7219e21,tabular_energy,dependency_weighted,"[""source:restore""]",2.9459101490553135,"[[""source:restore""], [""source:restore_equivalent""]]",True,full_success,0,4.515786000411026
h10-c4:held_out:tabular_energy:014:10aa41eea7219e21,tabular_energy,hybrid,"[""source:restore""]",2.995324903940077,"[[""source:restore""], [""source:restore_equivalent""]]",True,full_success,0,4.515786000411026
h10-c4:held_out:tabular_energy:015:9f3be1d3df297555,tabular_energy,uniform,"[""source:restore""]",1.0,"[[""source:restore""]]",True,full_success,0,4.5888940076110885
h10-c4:held_out:tabular_energy:015:9f3be1d3df297555,tabular_energy,runtime,"[""direct:2:h10-c4:held_out:tabular_energy:015:9f3be1d3df297555:obligation:3"", ""local:partial_fast""]",1.5015720816144498,"[[""direct:2:h10-c4:held_out:tabular_energy:015:9f3be1d3df297555:obligation:3"", ""local:partial_fast""]]",True,full_success,0,8.671180999954231
h10-c4:held_out:tabular_energy:015:9f3be1d3df297555,tabular_energy,dependency_weighted,"[""source:restore""]",2.0986122886681096,"[[""source:restore""]]",True,full_success,0,4.5888940076110885
h10-c4:held_out:tabular_energy:015:9f3be1d3df297555,tabular_energy,hybrid,"[""source:restore""]",2.571675973746475,"[[""source:restore""]]",True,full_success,0,4.5888940076110885
h10-c4:held_out:tabular_energy:016:750b348d119bd4b3,tabular_energy,uniform,"[""source:restore""]",1.0,"[[""source:restore""]]",True,full_success,0,4.475559995626099
h10-c4:held_out:tabular_energy:016:750b348d119bd4b3,tabular_energy,runtime,"[""direct:3:h10-c4:held_out:tabular_energy:016:750b348d119bd4b3:obligation:3"", ""local:partial_fast""]",1.5015720816144498,"[[""direct:3:h10-c4:held_out:tabular_energy:016:750b348d119bd4b3:obligation:3"", ""local:partial_fast""]]",True,full_success,0,9.098358001210727
h10-c4:held_out:tabular_energy:016:750b348d119bd4b3,tabular_energy,dependency_weighted,"[""source:restore""]",2.386294361119891,"[[""source:restore""]]",True,full_success,0,4.475559995626099
h10-c4:held_out:tabular_energy:016:750b348d119bd4b3,tabular_energy,hybrid,"[""source:restore""]",2.715517009972366,"[[""source:restore""]]",True,full_success,0,4.475559995626099
h10-c4:held_out:tabular_energy:017:fa48d1eff68d218d,tabular_energy,uniform,"[""source:restore""]",1.0,"[[""source:restore""]]",True,full_success,0,4.512309998972341
h10-c4:held_out:tabular_energy:017:fa48d1eff68d218d,tabular_energy,runtime,"[""direct:3:h10-c4:held_out:tabular_energy:017:fa48d1eff68d218d:obligation:3"", ""local:partial_fast""]",1.5015720816144498,"[[""direct:3:h10-c4:held_out:tabular_energy:017:fa48d1eff68d218d:obligation:3"", ""local:partial_fast""]]",True,full_success,0,9.03686200035736
h10-c4:held_out:tabular_energy:017:fa48d1eff68d218d,tabular_energy,dependency_weighted,"[""source:restore""]",2.6094379124341005,"[[""source:restore""]]",True,full_success,0,4.512309998972341
h10-c4:held_out:tabular_energy:017:fa48d1eff68d218d,tabular_energy,hybrid,"[""source:restore""]",2.8270887856294706,"[[""source:restore""]]",True,full_success,0,4.512309998972341
h10-c4:held_out:tabular_energy:018:87b7541726de9ea9,tabular_energy,uniform,"[""source:restore""]",1.0,"[[""source:restore""]]",True,full_success,0,4.5662719930987805
h10-c4:held_out:tabular_energy:018:87b7541726de9ea9,tabular_energy,runtime,"[""direct:3:h10-c4:held_out:tabular_energy:018:87b7541726de9ea9:obligation:3"", ""local:partial_fast""]",1.5015720816144498,"[[""direct:3:h10-c4:held_out:tabular_energy:018:87b7541726de9ea9:obligation:3"", ""local:partial_fast""]]",True,full_success,0,8.915391998016275
h10-c4:held_out:tabular_energy:018:87b7541726de9ea9,tabular_energy,dependency_weighted,"[""source:restore""]",2.791759469228055,"[[""source:restore""]]",True,full_success,0,4.5662719930987805
h10-c4:held_out:tabular_energy:018:87b7541726de9ea9,tabular_energy,hybrid,"[""source:restore""]",2.9182495640264476,"[[""source:restore""]]",True,full_success,0,4.5662719930987805
h10-c4:held_out:tabular_energy:019:622521000413f1be,tabular_energy,uniform,"[""source:restore""]",1.0,"[[""source:restore""]]",True,full_success,0,4.631154995877296
h10-c4:held_out:tabular_energy:019:622521000413f1be,tabular_energy,runtime,"[""direct:3:h10-c4:held_out:tabular_energy:019:622521000413f1be:obligation:3"", ""local:partial_fast""]",1.5015720816144498,"[[""direct:3:h10-c4:held_out:tabular_energy:019:622521000413f1be:obligation:3"", ""local:partial_fast""]]",True,full_success,0,9.029838998685591
h10-c4:held_out:tabular_energy:019:622521000413f1be,tabular_energy,dependency_weighted,"[""source:restore""]",2.9459101490553135,"[[""source:restore""]]",True,full_success,0,4.631154995877296
h10-c4:held_out:tabular_energy:019:622521000413f1be,tabular_energy,hybrid,"[""source:restore""]",2.995324903940077,"[[""source:restore""]]",True,full_success,0,4.631154995877296
h10-c4:held_out:news_text:000:6b6f60e614cc2d6c,news_text,uniform,"[""direct:0:h10-c4:held_out:news_text:000:6b6f60e614cc2d6c:obligation:0""]",1.0,"[[""direct:0:h10-c4:held_out:news_text:000:6b6f60e614cc2d6c:obligation:0""], [""source:restore""]]",True,full_success,0,4.2428000015206635
h10-c4:held_out:news_text:000:6b6f60e614cc2d6c,news_text,runtime,"[""direct:0:h10-c4:held_out:news_text:000:6b6f60e614cc2d6c:obligation:0""]",1.0,"[[""direct:0:h10-c4:held_out:news_text:000:6b6f60e614cc2d6c:obligation:0""]]",True,full_success,0,4.2428000015206635
h10-c4:held_out:news_text:000:6b6f60e614cc2d6c,news_text,dependency_weighted,"[""direct:0:h10-c4:held_out:news_text:000:6b6f60e614cc2d6c:obligation:0""]",1.6931471805599454,"[[""direct:0:h10-c4:held_out:news_text:000:6b6f60e614cc2d6c:obligation:0""]]",True,full_success,0,4.2428000015206635
h10-c4:held_out:news_text:000:6b6f60e614cc2d6c,news_text,hybrid,"[""direct:0:h10-c4:held_out:news_text:000:6b6f60e614cc2d6c:obligation:0""]",1.8665735902799727,"[[""direct:0:h10-c4:held_out:news_text:000:6b6f60e614cc2d6c:obligation:0""]]",True,full_success,0,4.2428000015206635
h10-c4:held_out:news_text:001:e8786aab9adb11bb,news_text,uniform,"[""source:restore""]",1.0,"[[""source:restore""]]",True,full_success,0,5.020511001930572
h10-c4:held_out:news_text:001:e8786aab9adb11bb,news_text,runtime,"[""direct:0:h10-c4:held_out:news_text:001:e8786aab9adb11bb:obligation:0"", ""direct:1:h10-c4:held_out:news_text:001:e8786aab9adb11bb:obligation:1""]",2.0,"[[""direct:0:h10-c4:held_out:news_text:001:e8786aab9adb11bb:obligation:0"", ""direct:1:h10-c4:held_out:news_text:001:e8786aab9adb11bb:obligation:1""]]",True,full_success,0,8.988069006591104
h10-c4:held_out:news_text:001:e8786aab9adb11bb,news_text,dependency_weighted,"[""source:restore""]",2.386294361119891,"[[""source:restore""]]",True,full_success,0,5.020511001930572
h10-c4:held_out:news_text:001:e8786aab9adb11bb,news_text,hybrid,"[""source:restore""]",2.715517009972366,"[[""source:restore""]]",True,full_success,0,5.020511001930572
h10-c4:held_out:news_text:002:043004457ce52f5d,news_text,uniform,"[""source:restore""]",1.0,"[[""source:restore""]]",True,full_success,0,4.505625998717733
h10-c4:held_out:news_text:002:043004457ce52f5d,news_text,runtime,"[""direct:0:h10-c4:held_out:news_text:002:043004457ce52f5d:obligation:2"", ""direct:1:h10-c4:held_out:news_text:002:043004457ce52f5d:obligation:3""]",2.0,"[[""direct:0:h10-c4:held_out:news_text:002:043004457ce52f5d:obligation:2"", ""direct:1:h10-c4:held_out:news_text:002:043004457ce52f5d:obligation:3""]]",True,full_success,0,9.506528993370011
h10-c4:held_out:news_text:002:043004457ce52f5d,news_text,dependency_weighted,"[""source:restore""]",2.6094379124341005,"[[""source:restore""]]",True,full_success,0,4.505625998717733
h10-c4:held_out:news_text:002:043004457ce52f5d,news_text,hybrid,"[""source:restore""]",2.8270887856294706,"[[""source:restore""]]",True,full_success,0,4.505625998717733
h10-c4:held_out:news_text:003:97a60f7b2c54ba2c,news_text,uniform,"[""source:restore""]",1.0,"[[""source:restore""]]",True,full_success,0,4.962451013852842
h10-c4:held_out:news_text:003:97a60f7b2c54ba2c,news_text,runtime,"[""direct:2:h10-c4:held_out:news_text:003:97a60f7b2c54ba2c:obligation:2"", ""local:partial_fast""]",1.5015720816144498,"[[""direct:2:h10-c4:held_out:news_text:003:97a60f7b2c54ba2c:obligation:2"", ""local:partial_fast""]]",True,full_success,0,8.920552994823083
h10-c4:held_out:news_text:003:97a60f7b2c54ba2c,news_text,dependency_weighted,"[""direct:2:h10-c4:held_out:news_text:003:97a60f7b2c54ba2c:obligation:2"", ""local:partial_fast""]",2.6931471805599454,"[[""direct:2:h10-c4:held_out:news_text:003:97a60f7b2c54ba2c:obligation:2"", ""local:partial_fast""]]",True,full_success,0,8.920552994823083
h10-c4:held_out:news_text:003:97a60f7b2c54ba2c,news_text,hybrid,"[""source:restore""]",2.9182495640264476,"[[""source:restore""]]",True,full_success,0,4.962451013852842
h10-c4:held_out:news_text:004:32e472dc6c6c7184,news_text,uniform,"[""source:restore""]",1.0,"[[""source:restore""], [""source:restore_equivalent""]]",True,full_success,0,4.805373013368808
h10-c4:held_out:news_text:004:32e472dc6c6c7184,news_text,runtime,"[""direct:3:h10-c4:held_out:news_text:004:32e472dc6c6c7184:obligation:3"", ""local:partial_fast""]",1.5015720816144498,"[[""direct:3:h10-c4:held_out:news_text:004:32e472dc6c6c7184:obligation:3"", ""local:partial_fast""]]",True,full_success,0,11.21935699484311
h10-c4:held_out:news_text:004:32e472dc6c6c7184,news_text,dependency_weighted,"[""source:restore""]",2.9459101490553135,"[[""source:restore""], [""source:restore_equivalent""]]",True,full_success,0,4.805373013368808
h10-c4:held_out:news_text:004:32e472dc6c6c7184,news_text,hybrid,"[""source:restore""]",2.995324903940077,"[[""source:restore""], [""source:restore_equivalent""]]",True,full_success,0,4.805373013368808
h10-c4:held_out:news_text:005:7978e279354a35f7,news_text,uniform,"[""source:restore""]",1.0,"[[""source:restore""]]",True,full_success,0,4.922394000459462
h10-c4:held_out:news_text:005:7978e279354a35f7,news_text,runtime,"[""direct:2:h10-c4:held_out:news_text:005:7978e279354a35f7:obligation:3"", ""local:partial_fast""]",1.5015720816144498,"[[""direct:2:h10-c4:held_out:news_text:005:7978e279354a35f7:obligation:3"", ""local:partial_fast""]]",True,full_success,0,9.328543004812673
h10-c4:held_out:news_text:005:7978e279354a35f7,news_text,dependency_weighted,"[""source:restore""]",2.0986122886681096,"[[""source:restore""]]",True,full_success,0,4.922394000459462
h10-c4:held_out:news_text:005:7978e279354a35f7,news_text,hybrid,"[""source:restore""]",2.571675973746475,"[[""source:restore""]]",True,full_success,0,4.922394000459462
h10-c4:held_out:news_text:006:880e5bf26b8d09ce,news_text,uniform,"[""source:restore""]",1.0,"[[""source:restore""]]",True,full_success,0,4.84346499433741
h10-c4:held_out:news_text:006:880e5bf26b8d09ce,news_text,runtime,"[""direct:3:h10-c4:held_out:news_text:006:880e5bf26b8d09ce:obligation:3"", ""local:partial_fast""]",1.5015720816144498,"[[""direct:3:h10-c4:held_out:news_text:006:880e5bf26b8d09ce:obligation:3"", ""local:partial_fast""]]",True,full_success,0,9.476713996264152
h10-c4:held_out:news_text:006:880e5bf26b8d09ce,news_text,dependency_weighted,"[""source:restore""]",2.386294361119891,"[[""source:restore""]]",True,full_success,0,4.84346499433741
h10-c4:held_out:news_text:006:880e5bf26b8d09ce,news_text,hybrid,"[""source:restore""]",2.715517009972366,"[[""source:restore""]]",True,full_success,0,4.84346499433741
h10-c4:held_out:news_text:007:b01ecdd41077b163,news_text,uniform,"[""source:restore""]",1.0,"[[""source:restore""]]",True,full_success,0,4.684744999394752
h10-c4:held_out:news_text:007:b01ecdd41077b163,news_text,runtime,"[""direct:3:h10-c4:held_out:news_text:007:b01ecdd41077b163:obligation:3"", ""local:partial_fast""]",1.5015720816144498,"[[""direct:3:h10-c4:held_out:news_text:007:b01ecdd41077b163:obligation:3"", ""local:partial_fast""]]",True,full_success,0,9.21740299963858
h10-c4:held_out:news_text:007:b01ecdd41077b163,news_text,dependency_weighted,"[""source:restore""]",2.6094379124341005,"[[""source:restore""]]",True,full_success,0,4.684744999394752
h10-c4:held_out:news_text:007:b01ecdd41077b163,news_text,hybrid,"[""source:restore""]",2.8270887856294706,"[[""source:restore""]]",True,full_success,0,4.684744999394752
h10-c4:held_out:news_text:008:8fcd81ef0ab381ab,news_text,uniform,"[""source:restore""]",1.0,"[[""source:restore""]]",True,full_success,0,4.709952991106547
h10-c4:held_out:news_text:008:8fcd81ef0ab381ab,news_text,runtime,"[""direct:3:h10-c4:held_out:news_text:008:8fcd81ef0ab381ab:obligation:3"", ""local:partial_fast""]",1.5015720816144498,"[[""direct:3:h10-c4:held_out:news_text:008:8fcd81ef0ab381ab:obligation:3"", ""local:partial_fast""]]",True,full_success,0,9.113487001741305
h10-c4:held_out:news_text:008:8fcd81ef0ab381ab,news_text,dependency_weighted,"[""source:restore""]",2.791759469228055,"[[""source:restore""]]",True,full_success,0,4.709952991106547
h10-c4:held_out:news_text:008:8fcd81ef0ab381ab,news_text,hybrid,"[""source:restore""]",2.9182495640264476,"[[""source:restore""]]",True,full_success,0,4.709952991106547
h10-c4:held_out:news_text:009:e46f92c95b99f95c,news_text,uniform,"[""source:restore""]",1.0,"[[""source:restore""]]",True,full_success,0,4.786538003827445
h10-c4:held_out:news_text:009:e46f92c95b99f95c,news_text,runtime,"[""direct:3:h10-c4:held_out:news_text:009:e46f92c95b99f95c:obligation:3"", ""local:partial_fast""]",1.5015720816144498,"[[""direct:3:h10-c4:held_out:news_text:009:e46f92c95b99f95c:obligation:3"", ""local:partial_fast""]]",True,full_success,0,9.310779991210438
h10-c4:held_out:news_text:009:e46f92c95b99f95c,news_text,dependency_weighted,"[""source:restore""]",2.9459101490553135,"[[""source:restore""]]",True,full_success,0,4.786538003827445
h10-c4:held_out:news_text:009:e46f92c95b99f95c,news_text,hybrid,"[""source:restore""]",2.995324903940077,"[[""source:restore""]]",True,full_success,0,4.786538003827445
h10-c4:held_out:news_text:010:fb7b6b1c255f8cbc,news_text,uniform,"[""direct:0:h10-c4:held_out:news_text:010:fb7b6b1c255f8cbc:obligation:0""]",1.0,"[[""direct:0:h10-c4:held_out:news_text:010:fb7b6b1c255f8cbc:obligation:0""], [""source:restore""]]",True,full_success,0,4.399897006805986
h10-c4:held_out:news_text:010:fb7b6b1c255f8cbc,news_text,runtime,"[""direct:0:h10-c4:held_out:news_text:010:fb7b6b1c255f8cbc:obligation:0""]",1.0,"[[""direct:0:h10-c4:held_out:news_text:010:fb7b6b1c255f8cbc:obligation:0""]]",True,full_success,0,4.399897006805986
h10-c4:held_out:news_text:010:fb7b6b1c255f8cbc,news_text,dependency_weighted,"[""direct:0:h10-c4:held_out:news_text:010:fb7b6b1c255f8cbc:obligation:0""]",1.6931471805599454,"[[""direct:0:h10-c4:held_out:news_text:010:fb7b6b1c255f8cbc:obligation:0""]]",True,full_success,0,4.399897006805986
h10-c4:held_out:news_text:010:fb7b6b1c255f8cbc,news_text,hybrid,"[""direct:0:h10-c4:held_out:news_text:010:fb7b6b1c255f8cbc:obligation:0""]",1.8665735902799727,"[[""direct:0:h10-c4:held_out:news_text:010:fb7b6b1c255f8cbc:obligation:0""]]",True,full_success,0,4.399897006805986
h10-c4:held_out:news_text:011:9177df1c749bfde4,news_text,uniform,"[""source:restore""]",1.0,"[[""source:restore""]]",True,full_success,0,4.675247007980943
h10-c4:held_out:news_text:011:9177df1c749bfde4,news_text,runtime,"[""direct:0:h10-c4:held_out:news_text:011:9177df1c749bfde4:obligation:0"", ""direct:1:h10-c4:held_out:news_text:011:9177df1c749bfde4:obligation:1""]",2.0,"[[""direct:0:h10-c4:held_out:news_text:011:9177df1c749bfde4:obligation:0"", ""direct:1:h10-c4:held_out:news_text:011:9177df1c749bfde4:obligation:1""]]",True,full_success,0,9.494939004071057
h10-c4:held_out:news_text:011:9177df1c749bfde4,news_text,dependency_weighted,"[""source:restore""]",2.386294361119891,"[[""source:restore""]]",True,full_success,0,4.675247007980943
h10-c4:held_out:news_text:011:9177df1c749bfde4,news_text,hybrid,"[""source:restore""]",2.715517009972366,"[[""source:restore""]]",True,full_success,0,4.675247007980943
h10-c4:held_out:news_text:012:3764cd98925ab32d,news_text,uniform,"[""source:restore""]",1.0,"[[""source:restore""]]",True,full_success,0,4.499385002418421
h10-c4:held_out:news_text:012:3764cd98925ab32d,news_text,runtime,"[""direct:0:h10-c4:held_out:news_text:012:3764cd98925ab32d:obligation:2"", ""direct:1:h10-c4:held_out:news_text:012:3764cd98925ab32d:obligation:3""]",2.0,"[[""direct:0:h10-c4:held_out:news_text:012:3764cd98925ab32d:obligation:2"", ""direct:1:h10-c4:held_out:news_text:012:3764cd98925ab32d:obligation:3""]]",True,full_success,0,9.299569006543607
h10-c4:held_out:news_text:012:3764cd98925ab32d,news_text,dependency_weighted,"[""source:restore""]",2.6094379124341005,"[[""source:restore""]]",True,full_success,0,4.499385002418421
h10-c4:held_out:news_text:012:3764cd98925ab32d,news_text,hybrid,"[""source:restore""]",2.8270887856294706,"[[""source:restore""]]",True,full_success,0,4.499385002418421
h10-c4:held_out:news_text:013:3a00715fb1e4f6e2,news_text,uniform,"[""source:restore""]",1.0,"[[""source:restore""]]",True,full_success,0,6.565520990989171
h10-c4:held_out:news_text:013:3a00715fb1e4f6e2,news_text,runtime,"[""direct:2:h10-c4:held_out:news_text:013:3a00715fb1e4f6e2:obligation:2"", ""local:partial_fast""]",1.5015720816144498,"[[""direct:2:h10-c4:held_out:news_text:013:3a00715fb1e4f6e2:obligation:2"", ""local:partial_fast""]]",True,full_success,0,9.099170012632385
h10-c4:held_out:news_text:013:3a00715fb1e4f6e2,news_text,dependency_weighted,"[""direct:2:h10-c4:held_out:news_text:013:3a00715fb1e4f6e2:obligation:2"", ""local:partial_fast""]",2.6931471805599454,"[[""direct:2:h10-c4:held_out:news_text:013:3a00715fb1e4f6e2:obligation:2"", ""local:partial_fast""]]",True,full_success,0,9.099170012632385
h10-c4:held_out:news_text:013:3a00715fb1e4f6e2,news_text,hybrid,"[""source:restore""]",2.9182495640264476,"[[""source:restore""]]",True,full_success,0,6.565520990989171
h10-c4:held_out:news_text:014:656a5e3bf0d6ce2d,news_text,uniform,"[""source:restore""]",1.0,"[[""source:restore""], [""source:restore_equivalent""]]",True,full_success,0,4.7100320080062374
h10-c4:held_out:news_text:014:656a5e3bf0d6ce2d,news_text,runtime,"[""direct:3:h10-c4:held_out:news_text:014:656a5e3bf0d6ce2d:obligation:3"", ""local:partial_fast""]",1.5015720816144498,"[[""direct:3:h10-c4:held_out:news_text:014:656a5e3bf0d6ce2d:obligation:3"", ""local:partial_fast""]]",True,full_success,0,10.157380005693994
h10-c4:held_out:news_text:014:656a5e3bf0d6ce2d,news_text,dependency_weighted,"[""source:restore""]",2.9459101490553135,"[[""source:restore""], [""source:restore_equivalent""]]",True,full_success,0,4.7100320080062374
h10-c4:held_out:news_text:014:656a5e3bf0d6ce2d,news_text,hybrid,"[""source:restore""]",2.995324903940077,"[[""source:restore""], [""source:restore_equivalent""]]",True,full_success,0,4.7100320080062374
h10-c4:held_out:news_text:015:b9f84b7f3e5577a6,news_text,uniform,"[""source:restore""]",1.0,"[[""source:restore""]]",True,full_success,0,4.681729988078587
h10-c4:held_out:news_text:015:b9f84b7f3e5577a6,news_text,runtime,"[""direct:2:h10-c4:held_out:news_text:015:b9f84b7f3e5577a6:obligation:3"", ""local:partial_fast""]",1.5015720816144498,"[[""direct:2:h10-c4:held_out:news_text:015:b9f84b7f3e5577a6:obligation:3"", ""local:partial_fast""]]",True,full_success,0,9.137191998888738
h10-c4:held_out:news_text:015:b9f84b7f3e5577a6,news_text,dependency_weighted,"[""source:restore""]",2.0986122886681096,"[[""source:restore""]]",True,full_success,0,4.681729988078587
h10-c4:held_out:news_text:015:b9f84b7f3e5577a6,news_text,hybrid,"[""source:restore""]",2.571675973746475,"[[""source:restore""]]",True,full_success,0,4.681729988078587
h10-c4:held_out:news_text:016:057dea66cb63f8a4,news_text,uniform,"[""source:restore""]",1.0,"[[""source:restore""]]",True,full_success,0,4.83314499433618
h10-c4:held_out:news_text:016:057dea66cb63f8a4,news_text,runtime,"[""direct:3:h10-c4:held_out:news_text:016:057dea66cb63f8a4:obligation:3"", ""local:partial_fast""]",1.5015720816144498,"[[""direct:3:h10-c4:held_out:news_text:016:057dea66cb63f8a4:obligation:3"", ""local:partial_fast""]]",True,full_success,0,9.229426010278985
h10-c4:held_out:news_text:016:057dea66cb63f8a4,news_text,dependency_weighted,"[""source:restore""]",2.386294361119891,"[[""source:restore""]]",True,full_success,0,4.83314499433618
h10-c4:held_out:news_text:016:057dea66cb63f8a4,news_text,hybrid,"[""source:restore""]",2.715517009972366,"[[""source:restore""]]",True,full_success,0,4.83314499433618
h10-c4:held_out:news_text:017:a505338b7656711b,news_text,uniform,"[""source:restore""]",1.0,"[[""source:restore""]]",True,full_success,0,4.72938000166323
h10-c4:held_out:news_text:017:a505338b7656711b,news_text,runtime,"[""direct:3:h10-c4:held_out:news_text:017:a505338b7656711b:obligation:3"", ""local:partial_fast""]",1.5015720816144498,"[[""direct:3:h10-c4:held_out:news_text:017:a505338b7656711b:obligation:3"", ""local:partial_fast""]]",True,full_success,0,9.313995993579738
h10-c4:held_out:news_text:017:a505338b7656711b,news_text,dependency_weighted,"[""source:restore""]",2.6094379124341005,"[[""source:restore""]]",True,full_success,0,4.72938000166323
h10-c4:held_out:news_text:017:a505338b7656711b,news_text,hybrid,"[""source:restore""]",2.8270887856294706,"[[""source:restore""]]",True,full_success,0,4.72938000166323
h10-c4:held_out:news_text:018:c970348fa68162d3,news_text,uniform,"[""source:restore""]",1.0,"[[""source:restore""]]",True,full_success,0,4.796727007487789
h10-c4:held_out:news_text:018:c970348fa68162d3,news_text,runtime,"[""direct:3:h10-c4:held_out:news_text:018:c970348fa68162d3:obligation:3"", ""local:partial_fast""]",1.5015720816144498,"[[""direct:3:h10-c4:held_out:news_text:018:c970348fa68162d3:obligation:3"", ""local:partial_fast""]]",True,full_success,0,9.591491005267017
h10-c4:held_out:news_text:018:c970348fa68162d3,news_text,dependency_weighted,"[""source:restore""]",2.791759469228055,"[[""source:restore""]]",True,full_success,0,4.796727007487789
h10-c4:held_out:news_text:018:c970348fa68162d3,news_text,hybrid,"[""source:restore""]",2.9182495640264476,"[[""source:restore""]]",True,full_success,0,4.796727007487789
h10-c4:held_out:news_text:019:59a5db516c522e81,news_text,uniform,"[""source:restore""]",1.0,"[[""source:restore""]]",True,full_success,0,4.823106995900162
h10-c4:held_out:news_text:019:59a5db516c522e81,news_text,runtime,"[""direct:3:h10-c4:held_out:news_text:019:59a5db516c522e81:obligation:3"", ""local:partial_fast""]",1.5015720816144498,"[[""direct:3:h10-c4:held_out:news_text:019:59a5db516c522e81:obligation:3"", ""local:partial_fast""]]",True,full_success,0,9.364691999508068
h10-c4:held_out:news_text:019:59a5db516c522e81,news_text,dependency_weighted,"[""source:restore""]",2.9459101490553135,"[[""source:restore""]]",True,full_success,0,4.823106995900162
h10-c4:held_out:news_text:019:59a5db516c522e81,news_text,hybrid,"[""source:restore""]",2.995324903940077,"[[""source:restore""]]",True,full_success,0,4.823106995900162
h10-c4:held_out:reviews_text:000:7ad6c4ace5092ca4,reviews_text,uniform,"[""direct:0:h10-c4:held_out:reviews_text:000:7ad6c4ace5092ca4:obligation:0""]",1.0,"[[""direct:0:h10-c4:held_out:reviews_text:000:7ad6c4ace5092ca4:obligation:0""], [""source:restore""]]",True,full_success,0,4.391341004520655
h10-c4:held_out:reviews_text:000:7ad6c4ace5092ca4,reviews_text,runtime,"[""direct:0:h10-c4:held_out:reviews_text:000:7ad6c4ace5092ca4:obligation:0""]",1.0,"[[""direct:0:h10-c4:held_out:reviews_text:000:7ad6c4ace5092ca4:obligation:0""]]",True,full_success,0,4.391341004520655
h10-c4:held_out:reviews_text:000:7ad6c4ace5092ca4,reviews_text,dependency_weighted,"[""direct:0:h10-c4:held_out:reviews_text:000:7ad6c4ace5092ca4:obligation:0""]",1.6931471805599454,"[[""direct:0:h10-c4:held_out:reviews_text:000:7ad6c4ace5092ca4:obligation:0""]]",True,full_success,0,4.391341004520655
h10-c4:held_out:reviews_text:000:7ad6c4ace5092ca4,reviews_text,hybrid,"[""direct:0:h10-c4:held_out:reviews_text:000:7ad6c4ace5092ca4:obligation:0""]",1.8665735902799727,"[[""direct:0:h10-c4:held_out:reviews_text:000:7ad6c4ace5092ca4:obligation:0""]]",True,full_success,0,4.391341004520655
h10-c4:held_out:reviews_text:001:7323447898b4fbd3,reviews_text,uniform,"[""source:restore""]",1.0,"[[""source:restore""]]",True,full_success,0,4.779374998179264
h10-c4:held_out:reviews_text:001:7323447898b4fbd3,reviews_text,runtime,"[""direct:0:h10-c4:held_out:reviews_text:001:7323447898b4fbd3:obligation:0"", ""direct:1:h10-c4:held_out:reviews_text:001:7323447898b4fbd3:obligation:1""]",2.0,"[[""direct:0:h10-c4:held_out:reviews_text:001:7323447898b4fbd3:obligation:0"", ""direct:1:h10-c4:held_out:reviews_text:001:7323447898b4fbd3:obligation:1""]]",True,full_success,0,9.417841996764764
h10-c4:held_out:reviews_text:001:7323447898b4fbd3,reviews_text,dependency_weighted,"[""source:restore""]",2.386294361119891,"[[""source:restore""]]",True,full_success,0,4.779374998179264
h10-c4:held_out:reviews_text:001:7323447898b4fbd3,reviews_text,hybrid,"[""source:restore""]",2.715517009972366,"[[""source:restore""]]",True,full_success,0,4.779374998179264
h10-c4:held_out:reviews_text:002:6d68951a4879107a,reviews_text,uniform,"[""source:restore""]",1.0,"[[""source:restore""]]",True,full_success,0,4.669307003496215
h10-c4:held_out:reviews_text:002:6d68951a4879107a,reviews_text,runtime,"[""direct:0:h10-c4:held_out:reviews_text:002:6d68951a4879107a:obligation:2"", ""direct:1:h10-c4:held_out:reviews_text:002:6d68951a4879107a:obligation:3""]",2.0,"[[""direct:0:h10-c4:held_out:reviews_text:002:6d68951a4879107a:obligation:2"", ""direct:1:h10-c4:held_out:reviews_text:002:6d68951a4879107a:obligation:3""]]",True,full_success,0,9.378738002851605
h10-c4:held_out:reviews_text:002:6d68951a4879107a,reviews_text,dependency_weighted,"[""source:restore""]",2.6094379124341005,"[[""source:restore""]]",True,full_success,0,4.669307003496215
h10-c4:held_out:reviews_text:002:6d68951a4879107a,reviews_text,hybrid,"[""source:restore""]",2.8270887856294706,"[[""source:restore""]]",True,full_success,0,4.669307003496215
h10-c4:held_out:reviews_text:003:094471212c7f2774,reviews_text,uniform,"[""source:restore""]",1.0,"[[""source:restore""]]",True,full_success,0,5.302764009684324
h10-c4:held_out:reviews_text:003:094471212c7f2774,reviews_text,runtime,"[""direct:2:h10-c4:held_out:reviews_text:003:094471212c7f2774:obligation:2"", ""local:partial_fast""]",1.5015720816144498,"[[""direct:2:h10-c4:held_out:reviews_text:003:094471212c7f2774:obligation:2"", ""local:partial_fast""]]",True,full_success,0,10.086185007821769
h10-c4:held_out:reviews_text:003:094471212c7f2774,reviews_text,dependency_weighted,"[""direct:2:h10-c4:held_out:reviews_text:003:094471212c7f2774:obligation:2"", ""local:partial_fast""]",2.6931471805599454,"[[""direct:2:h10-c4:held_out:reviews_text:003:094471212c7f2774:obligation:2"", ""local:partial_fast""]]",True,full_success,0,10.086185007821769
h10-c4:held_out:reviews_text:003:094471212c7f2774,reviews_text,hybrid,"[""source:restore""]",2.9182495640264476,"[[""source:restore""]]",True,full_success,0,5.302764009684324
h10-c4:held_out:reviews_text:004:bcb0804ef0a02e1c,reviews_text,uniform,"[""source:restore""]",1.0,"[[""source:restore""], [""source:restore_equivalent""]]",True,full_success,0,4.866609000600874
h10-c4:held_out:reviews_text:004:bcb0804ef0a02e1c,reviews_text,runtime,"[""direct:3:h10-c4:held_out:reviews_text:004:bcb0804ef0a02e1c:obligation:3"", ""local:partial_fast""]",1.5015720816144498,"[[""direct:3:h10-c4:held_out:reviews_text:004:bcb0804ef0a02e1c:obligation:3"", ""local:partial_fast""]]",True,full_success,0,10.314116007066332
h10-c4:held_out:reviews_text:004:bcb0804ef0a02e1c,reviews_text,dependency_weighted,"[""source:restore""]",2.9459101490553135,"[[""source:restore""], [""source:restore_equivalent""]]",True,full_success,0,4.866609000600874
h10-c4:held_out:reviews_text:004:bcb0804ef0a02e1c,reviews_text,hybrid,"[""source:restore""]",2.995324903940077,"[[""source:restore""], [""source:restore_equivalent""]]",True,full_success,0,4.866609000600874
h10-c4:held_out:reviews_text:005:348a62d78a11b5e7,reviews_text,uniform,"[""source:restore""]",1.0,"[[""source:restore""]]",True,full_success,0,4.7726010088808835
h10-c4:held_out:reviews_text:005:348a62d78a11b5e7,reviews_text,runtime,"[""direct:2:h10-c4:held_out:reviews_text:005:348a62d78a11b5e7:obligation:3"", ""local:partial_fast""]",1.5015720816144498,"[[""direct:2:h10-c4:held_out:reviews_text:005:348a62d78a11b5e7:obligation:3"", ""local:partial_fast""]]",True,full_success,0,9.481242013862357
h10-c4:held_out:reviews_text:005:348a62d78a11b5e7,reviews_text,dependency_weighted,"[""source:restore""]",2.0986122886681096,"[[""source:restore""]]",True,full_success,0,4.7726010088808835
h10-c4:held_out:reviews_text:005:348a62d78a11b5e7,reviews_text,hybrid,"[""source:restore""]",2.571675973746475,"[[""source:restore""]]",True,full_success,0,4.7726010088808835
h10-c4:held_out:reviews_text:006:eca244e86793effc,reviews_text,uniform,"[""source:restore""]",1.0,"[[""source:restore""]]",True,full_success,0,4.945458989823237
h10-c4:held_out:reviews_text:006:eca244e86793effc,reviews_text,runtime,"[""direct:3:h10-c4:held_out:reviews_text:006:eca244e86793effc:obligation:3"", ""local:partial_fast""]",1.5015720816144498,"[[""direct:3:h10-c4:held_out:reviews_text:006:eca244e86793effc:obligation:3"", ""local:partial_fast""]]",True,full_success,0,9.389358005137183
h10-c4:held_out:reviews_text:006:eca244e86793effc,reviews_text,dependency_weighted,"[""source:restore""]",2.386294361119891,"[[""source:restore""]]",True,full_success,0,4.945458989823237
h10-c4:held_out:reviews_text:006:eca244e86793effc,reviews_text,hybrid,"[""source:restore""]",2.715517009972366,"[[""source:restore""]]",True,full_success,0,4.945458989823237
h10-c4:held_out:reviews_text:007:9c98644ae86079f9,reviews_text,uniform,"[""source:restore""]",1.0,"[[""source:restore""]]",True,full_success,0,4.958513003657572
h10-c4:held_out:reviews_text:007:9c98644ae86079f9,reviews_text,runtime,"[""direct:3:h10-c4:held_out:reviews_text:007:9c98644ae86079f9:obligation:3"", ""local:partial_fast""]",1.5015720816144498,"[[""direct:3:h10-c4:held_out:reviews_text:007:9c98644ae86079f9:obligation:3"", ""local:partial_fast""]]",True,full_success,0,9.547758003463969
h10-c4:held_out:reviews_text:007:9c98644ae86079f9,reviews_text,dependency_weighted,"[""source:restore""]",2.6094379124341005,"[[""source:restore""]]",True,full_success,0,4.958513003657572
h10-c4:held_out:reviews_text:007:9c98644ae86079f9,reviews_text,hybrid,"[""source:restore""]",2.8270887856294706,"[[""source:restore""]]",True,full_success,0,4.958513003657572
h10-c4:held_out:reviews_text:008:53af440ead6aada9,reviews_text,uniform,"[""source:restore""]",1.0,"[[""source:restore""]]",True,full_success,0,5.151717996341176
h10-c4:held_out:reviews_text:008:53af440ead6aada9,reviews_text,runtime,"[""direct:3:h10-c4:held_out:reviews_text:008:53af440ead6aada9:obligation:3"", ""local:partial_fast""]",1.5015720816144498,"[[""direct:3:h10-c4:held_out:reviews_text:008:53af440ead6aada9:obligation:3"", ""local:partial_fast""]]",True,full_success,0,10.060847998829558
h10-c4:held_out:reviews_text:008:53af440ead6aada9,reviews_text,dependency_weighted,"[""source:restore""]",2.791759469228055,"[[""source:restore""]]",True,full_success,0,5.151717996341176
h10-c4:held_out:reviews_text:008:53af440ead6aada9,reviews_text,hybrid,"[""source:restore""]",2.9182495640264476,"[[""source:restore""]]",True,full_success,0,5.151717996341176
h10-c4:held_out:reviews_text:009:9d01057760e89af2,reviews_text,uniform,"[""source:restore""]",1.0,"[[""source:restore""]]",True,full_success,0,5.176393999136053
h10-c4:held_out:reviews_text:009:9d01057760e89af2,reviews_text,runtime,"[""direct:3:h10-c4:held_out:reviews_text:009:9d01057760e89af2:obligation:3"", ""local:partial_fast""]",1.5015720816144498,"[[""direct:3:h10-c4:held_out:reviews_text:009:9d01057760e89af2:obligation:3"", ""local:partial_fast""]]",True,full_success,0,10.037804007879458
h10-c4:held_out:reviews_text:009:9d01057760e89af2,reviews_text,dependency_weighted,"[""source:restore""]",2.9459101490553135,"[[""source:restore""]]",True,full_success,0,5.176393999136053
h10-c4:held_out:reviews_text:009:9d01057760e89af2,reviews_text,hybrid,"[""source:restore""]",2.995324903940077,"[[""source:restore""]]",True,full_success,0,5.176393999136053
h10-c4:held_out:reviews_text:010:d4b144cfa1152dba,reviews_text,uniform,"[""direct:0:h10-c4:held_out:reviews_text:010:d4b144cfa1152dba:obligation:0""]",1.0,"[[""direct:0:h10-c4:held_out:reviews_text:010:d4b144cfa1152dba:obligation:0""], [""source:restore""]]",True,full_success,0,4.429802997037768
h10-c4:held_out:reviews_text:010:d4b144cfa1152dba,reviews_text,runtime,"[""direct:0:h10-c4:held_out:reviews_text:010:d4b144cfa1152dba:obligation:0""]",1.0,"[[""direct:0:h10-c4:held_out:reviews_text:010:d4b144cfa1152dba:obligation:0""]]",True,full_success,0,4.429802997037768
h10-c4:held_out:reviews_text:010:d4b144cfa1152dba,reviews_text,dependency_weighted,"[""direct:0:h10-c4:held_out:reviews_text:010:d4b144cfa1152dba:obligation:0""]",1.6931471805599454,"[[""direct:0:h10-c4:held_out:reviews_text:010:d4b144cfa1152dba:obligation:0""]]",True,full_success,0,4.429802997037768
h10-c4:held_out:reviews_text:010:d4b144cfa1152dba,reviews_text,hybrid,"[""direct:0:h10-c4:held_out:reviews_text:010:d4b144cfa1152dba:obligation:0""]",1.8665735902799727,"[[""direct:0:h10-c4:held_out:reviews_text:010:d4b144cfa1152dba:obligation:0""]]",True,full_success,0,4.429802997037768
h10-c4:held_out:reviews_text:011:d817fd17bd802aac,reviews_text,uniform,"[""source:restore""]",1.0,"[[""source:restore""]]",True,full_success,0,4.9108730017906055
h10-c4:held_out:reviews_text:011:d817fd17bd802aac,reviews_text,runtime,"[""direct:0:h10-c4:held_out:reviews_text:011:d817fd17bd802aac:obligation:0"", ""direct:1:h10-c4:held_out:reviews_text:011:d817fd17bd802aac:obligation:1""]",2.0,"[[""direct:0:h10-c4:held_out:reviews_text:011:d817fd17bd802aac:obligation:0"", ""direct:1:h10-c4:held_out:reviews_text:011:d817fd17bd802aac:obligation:1""]]",True,full_success,0,9.88549600879196
h10-c4:held_out:reviews_text:011:d817fd17bd802aac,reviews_text,dependency_weighted,"[""source:restore""]",2.386294361119891,"[[""source:restore""]]",True,full_success,0,4.9108730017906055
h10-c4:held_out:reviews_text:011:d817fd17bd802aac,reviews_text,hybrid,"[""source:restore""]",2.715517009972366,"[[""source:restore""]]",True,full_success,0,4.9108730017906055
h10-c4:held_out:reviews_text:012:fd12b527bde5e48f,reviews_text,uniform,"[""source:restore""]",1.0,"[[""source:restore""]]",True,full_success,0,5.020038996008225
h10-c4:held_out:reviews_text:012:fd12b527bde5e48f,reviews_text,runtime,"[""direct:0:h10-c4:held_out:reviews_text:012:fd12b527bde5e48f:obligation:2"", ""direct:1:h10-c4:held_out:reviews_text:012:fd12b527bde5e48f:obligation:3""]",2.0,"[[""direct:0:h10-c4:held_out:reviews_text:012:fd12b527bde5e48f:obligation:2"", ""direct:1:h10-c4:held_out:reviews_text:012:fd12b527bde5e48f:obligation:3""]]",True,full_success,0,9.468407995882444
h10-c4:held_out:reviews_text:012:fd12b527bde5e48f,reviews_text,dependency_weighted,"[""source:restore""]",2.6094379124341005,"[[""source:restore""]]",True,full_success,0,5.020038996008225
h10-c4:held_out:reviews_text:012:fd12b527bde5e48f,reviews_text,hybrid,"[""source:restore""]",2.8270887856294706,"[[""source:restore""]]",True,full_success,0,5.020038996008225
h10-c4:held_out:reviews_text:013:71b7e447fa07cb00,reviews_text,uniform,"[""source:restore""]",1.0,"[[""source:restore""]]",True,full_success,0,5.120048008393496
h10-c4:held_out:reviews_text:013:71b7e447fa07cb00,reviews_text,runtime,"[""direct:2:h10-c4:held_out:reviews_text:013:71b7e447fa07cb00:obligation:2"", ""local:partial_fast""]",1.5015720816144498,"[[""direct:2:h10-c4:held_out:reviews_text:013:71b7e447fa07cb00:obligation:2"", ""local:partial_fast""]]",True,full_success,0,9.873043003608473
h10-c4:held_out:reviews_text:013:71b7e447fa07cb00,reviews_text,dependency_weighted,"[""direct:2:h10-c4:held_out:reviews_text:013:71b7e447fa07cb00:obligation:2"", ""local:partial_fast""]",2.6931471805599454,"[[""direct:2:h10-c4:held_out:reviews_text:013:71b7e447fa07cb00:obligation:2"", ""local:partial_fast""]]",True,full_success,0,9.873043003608473
h10-c4:held_out:reviews_text:013:71b7e447fa07cb00,reviews_text,hybrid,"[""source:restore""]",2.9182495640264476,"[[""source:restore""]]",True,full_success,0,5.120048008393496
h10-c4:held_out:reviews_text:014:f1d216befb3fb06e,reviews_text,uniform,"[""source:restore""]",1.0,"[[""source:restore""], [""source:restore_equivalent""]]",True,full_success,0,4.969503002939746
h10-c4:held_out:reviews_text:014:f1d216befb3fb06e,reviews_text,runtime,"[""direct:3:h10-c4:held_out:reviews_text:014:f1d216befb3fb06e:obligation:3"", ""local:partial_fast""]",1.5015720816144498,"[[""direct:3:h10-c4:held_out:reviews_text:014:f1d216befb3fb06e:obligation:3"", ""local:partial_fast""]]",True,full_success,0,11.03101100306958
h10-c4:held_out:reviews_text:014:f1d216befb3fb06e,reviews_text,dependency_weighted,"[""source:restore""]",2.9459101490553135,"[[""source:restore""], [""source:restore_equivalent""]]",True,full_success,0,4.969503002939746
h10-c4:held_out:reviews_text:014:f1d216befb3fb06e,reviews_text,hybrid,"[""source:restore""]",2.995324903940077,"[[""source:restore""], [""source:restore_equivalent""]]",True,full_success,0,4.969503002939746
h10-c4:held_out:reviews_text:015:c646a280b1f405b3,reviews_text,uniform,"[""source:restore""]",1.0,"[[""source:restore""]]",True,full_success,0,5.112724000355229
h10-c4:held_out:reviews_text:015:c646a280b1f405b3,reviews_text,runtime,"[""direct:2:h10-c4:held_out:reviews_text:015:c646a280b1f405b3:obligation:3"", ""local:partial_fast""]",1.5015720816144498,"[[""direct:2:h10-c4:held_out:reviews_text:015:c646a280b1f405b3:obligation:3"", ""local:partial_fast""]]",True,full_success,0,9.41671000327915
h10-c4:held_out:reviews_text:015:c646a280b1f405b3,reviews_text,dependency_weighted,"[""source:restore""]",2.0986122886681096,"[[""source:restore""]]",True,full_success,0,5.112724000355229
h10-c4:held_out:reviews_text:015:c646a280b1f405b3,reviews_text,hybrid,"[""source:restore""]",2.571675973746475,"[[""source:restore""]]",True,full_success,0,5.112724000355229
h10-c4:held_out:reviews_text:016:0a69dc93bde8e7e8,reviews_text,uniform,"[""source:restore""]",1.0,"[[""source:restore""]]",True,full_success,0,6.9128879986237735
h10-c4:held_out:reviews_text:016:0a69dc93bde8e7e8,reviews_text,runtime,"[""direct:3:h10-c4:held_out:reviews_text:016:0a69dc93bde8e7e8:obligation:3"", ""local:partial_fast""]",1.5015720816144498,"[[""direct:3:h10-c4:held_out:reviews_text:016:0a69dc93bde8e7e8:obligation:3"", ""local:partial_fast""]]",True,full_success,0,11.356047005392611
h10-c4:held_out:reviews_text:016:0a69dc93bde8e7e8,reviews_text,dependency_weighted,"[""source:restore""]",2.386294361119891,"[[""source:restore""]]",True,full_success,0,6.9128879986237735
h10-c4:held_out:reviews_text:016:0a69dc93bde8e7e8,reviews_text,hybrid,"[""source:restore""]",2.715517009972366,"[[""source:restore""]]",True,full_success,0,6.9128879986237735
h10-c4:held_out:reviews_text:017:fbbfe3559d792291,reviews_text,uniform,"[""source:restore""]",1.0,"[[""source:restore""]]",True,full_success,0,5.33788999018725
h10-c4:held_out:reviews_text:017:fbbfe3559d792291,reviews_text,runtime,"[""direct:3:h10-c4:held_out:reviews_text:017:fbbfe3559d792291:obligation:3"", ""local:partial_fast""]",1.5015720816144498,"[[""direct:3:h10-c4:held_out:reviews_text:017:fbbfe3559d792291:obligation:3"", ""local:partial_fast""]]",True,full_success,0,10.181686011492275
h10-c4:held_out:reviews_text:017:fbbfe3559d792291,reviews_text,dependency_weighted,"[""source:restore""]",2.6094379124341005,"[[""source:restore""]]",True,full_success,0,5.33788999018725
h10-c4:held_out:reviews_text:017:fbbfe3559d792291,reviews_text,hybrid,"[""source:restore""]",2.8270887856294706,"[[""source:restore""]]",True,full_success,0,5.33788999018725
h10-c4:held_out:reviews_text:018:41b6b70cedcb32ca,reviews_text,uniform,"[""source:restore""]",1.0,"[[""source:restore""]]",True,full_success,0,5.125077004777268
h10-c4:held_out:reviews_text:018:41b6b70cedcb32ca,reviews_text,runtime,"[""direct:3:h10-c4:held_out:reviews_text:018:41b6b70cedcb32ca:obligation:3"", ""local:partial_fast""]",1.5015720816144498,"[[""direct:3:h10-c4:held_out:reviews_text:018:41b6b70cedcb32ca:obligation:3"", ""local:partial_fast""]]",True,full_success,0,9.919229996739887
h10-c4:held_out:reviews_text:018:41b6b70cedcb32ca,reviews_text,dependency_weighted,"[""source:restore""]",2.791759469228055,"[[""source:restore""]]",True,full_success,0,5.125077004777268
h10-c4:held_out:reviews_text:018:41b6b70cedcb32ca,reviews_text,hybrid,"[""source:restore""]",2.9182495640264476,"[[""source:restore""]]",True,full_success,0,5.125077004777268
h10-c4:held_out:reviews_text:019:199a74622ee6a5f4,reviews_text,uniform,"[""source:restore""]",1.0,"[[""source:restore""]]",True,full_success,0,5.173559999093413
h10-c4:held_out:reviews_text:019:199a74622ee6a5f4,reviews_text,runtime,"[""direct:3:h10-c4:held_out:reviews_text:019:199a74622ee6a5f4:obligation:3"", ""local:partial_fast""]",1.5015720816144498,"[[""direct:3:h10-c4:held_out:reviews_text:019:199a74622ee6a5f4:obligation:3"", ""local:partial_fast""]]",True,full_success,0,10.108328002388589
h10-c4:held_out:reviews_text:019:199a74622ee6a5f4,reviews_text,dependency_weighted,"[""source:restore""]",2.9459101490553135,"[[""source:restore""]]",True,full_success,0,5.173559999093413
h10-c4:held_out:reviews_text:019:199a74622ee6a5f4,reviews_text,hybrid,"[""source:restore""]",2.995324903940077,"[[""source:restore""]]",True,full_success,0,5.173559999093413
h10-c4:held_out:image_quality:000:6ea5bb63c680c56b,image_quality,uniform,"[""direct:0:h10-c4:held_out:image_quality:000:6ea5bb63c680c56b:obligation:0""]",1.0,"[[""direct:0:h10-c4:held_out:image_quality:000:6ea5bb63c680c56b:obligation:0""], [""source:restore""]]",True,full_success,0,4.2352650052635
h10-c4:held_out:image_quality:000:6ea5bb63c680c56b,image_quality,runtime,"[""direct:0:h10-c4:held_out:image_quality:000:6ea5bb63c680c56b:obligation:0""]",1.0,"[[""direct:0:h10-c4:held_out:image_quality:000:6ea5bb63c680c56b:obligation:0""]]",True,full_success,0,4.2352650052635
h10-c4:held_out:image_quality:000:6ea5bb63c680c56b,image_quality,dependency_weighted,"[""direct:0:h10-c4:held_out:image_quality:000:6ea5bb63c680c56b:obligation:0""]",1.6931471805599454,"[[""direct:0:h10-c4:held_out:image_quality:000:6ea5bb63c680c56b:obligation:0""]]",True,full_success,0,4.2352650052635
h10-c4:held_out:image_quality:000:6ea5bb63c680c56b,image_quality,hybrid,"[""direct:0:h10-c4:held_out:image_quality:000:6ea5bb63c680c56b:obligation:0""]",1.8665735902799727,"[[""direct:0:h10-c4:held_out:image_quality:000:6ea5bb63c680c56b:obligation:0""]]",True,full_success,0,4.2352650052635
h10-c4:held_out:image_quality:001:4601fc6090a6733c,image_quality,uniform,"[""source:restore""]",1.0,"[[""source:restore""]]",True,full_success,0,4.685897001763806
h10-c4:held_out:image_quality:001:4601fc6090a6733c,image_quality,runtime,"[""direct:0:h10-c4:held_out:image_quality:001:4601fc6090a6733c:obligation:0"", ""direct:1:h10-c4:held_out:image_quality:001:4601fc6090a6733c:obligation:1""]",2.0,"[[""direct:0:h10-c4:held_out:image_quality:001:4601fc6090a6733c:obligation:0"", ""direct:1:h10-c4:held_out:image_quality:001:4601fc6090a6733c:obligation:1""]]",True,full_success,0,9.405728997080587
h10-c4:held_out:image_quality:001:4601fc6090a6733c,image_quality,dependency_weighted,"[""source:restore""]",2.386294361119891,"[[""source:restore""]]",True,full_success,0,4.685897001763806
h10-c4:held_out:image_quality:001:4601fc6090a6733c,image_quality,hybrid,"[""source:restore""]",2.715517009972366,"[[""source:restore""]]",True,full_success,0,4.685897001763806
h10-c4:held_out:image_quality:002:7b6b540e4125d7b6,image_quality,uniform,"[""source:restore""]",1.0,"[[""source:restore""]]",True,full_success,0,4.708870998001657
h10-c4:held_out:image_quality:002:7b6b540e4125d7b6,image_quality,runtime,"[""direct:0:h10-c4:held_out:image_quality:002:7b6b540e4125d7b6:obligation:2"", ""direct:1:h10-c4:held_out:image_quality:002:7b6b540e4125d7b6:obligation:3""]",2.0,"[[""direct:0:h10-c4:held_out:image_quality:002:7b6b540e4125d7b6:obligation:2"", ""direct:1:h10-c4:held_out:image_quality:002:7b6b540e4125d7b6:obligation:3""]]",True,full_success,0,9.450363999349065
h10-c4:held_out:image_quality:002:7b6b540e4125d7b6,image_quality,dependency_weighted,"[""source:restore""]",2.6094379124341005,"[[""source:restore""]]",True,full_success,0,4.708870998001657
h10-c4:held_out:image_quality:002:7b6b540e4125d7b6,image_quality,hybrid,"[""source:restore""]",2.8270887856294706,"[[""source:restore""]]",True,full_success,0,4.708870998001657
h10-c4:held_out:image_quality:003:1507094db517e2bd,image_quality,uniform,"[""source:restore""]",1.0,"[[""source:restore""]]",True,full_success,0,5.042142001911998
h10-c4:held_out:image_quality:003:1507094db517e2bd,image_quality,runtime,"[""direct:2:h10-c4:held_out:image_quality:003:1507094db517e2bd:obligation:2"", ""local:partial_fast""]",1.5015720816144498,"[[""direct:2:h10-c4:held_out:image_quality:003:1507094db517e2bd:obligation:2"", ""local:partial_fast""]]",True,full_success,0,9.306893000029959
h10-c4:held_out:image_quality:003:1507094db517e2bd,image_quality,dependency_weighted,"[""direct:2:h10-c4:held_out:image_quality:003:1507094db517e2bd:obligation:2"", ""local:partial_fast""]",2.6931471805599454,"[[""direct:2:h10-c4:held_out:image_quality:003:1507094db517e2bd:obligation:2"", ""local:partial_fast""]]",True,full_success,0,9.306893000029959
h10-c4:held_out:image_quality:003:1507094db517e2bd,image_quality,hybrid,"[""source:restore""]",2.9182495640264476,"[[""source:restore""]]",True,full_success,0,5.042142001911998
h10-c4:held_out:image_quality:004:62eb001191b0f267,image_quality,uniform,"[""source:restore""]",1.0,"[[""source:restore""], [""source:restore_equivalent""]]",True,full_success,0,4.829369005165063
h10-c4:held_out:image_quality:004:62eb001191b0f267,image_quality,runtime,"[""direct:3:h10-c4:held_out:image_quality:004:62eb001191b0f267:obligation:3"", ""local:partial_fast""]",1.5015720816144498,"[[""direct:3:h10-c4:held_out:image_quality:004:62eb001191b0f267:obligation:3"", ""local:partial_fast""]]",True,full_success,0,10.1364510046551
h10-c4:held_out:image_quality:004:62eb001191b0f267,image_quality,dependency_weighted,"[""source:restore""]",2.9459101490553135,"[[""source:restore""], [""source:restore_equivalent""]]",True,full_success,0,4.829369005165063
h10-c4:held_out:image_quality:004:62eb001191b0f267,image_quality,hybrid,"[""source:restore""]",2.995324903940077,"[[""source:restore""], [""source:restore_equivalent""]]",True,full_success,0,4.829369005165063
h10-c4:held_out:image_quality:005:ca4092ec11112794,image_quality,uniform,"[""source:restore""]",1.0,"[[""source:restore""]]",True,full_success,0,4.791778002982028
h10-c4:held_out:image_quality:005:ca4092ec11112794,image_quality,runtime,"[""direct:2:h10-c4:held_out:image_quality:005:ca4092ec11112794:obligation:3"", ""local:partial_fast""]",1.5015720816144498,"[[""direct:2:h10-c4:held_out:image_quality:005:ca4092ec11112794:obligation:3"", ""local:partial_fast""]]",True,full_success,0,8.981597988167778
h10-c4:held_out:image_quality:005:ca4092ec11112794,image_quality,dependency_weighted,"[""source:restore""]",2.0986122886681096,"[[""source:restore""]]",True,full_success,0,4.791778002982028
h10-c4:held_out:image_quality:005:ca4092ec11112794,image_quality,hybrid,"[""source:restore""]",2.571675973746475,"[[""source:restore""]]",True,full_success,0,4.791778002982028
h10-c4:held_out:image_quality:006:f894130cc8a6ce90,image_quality,uniform,"[""source:restore""]",1.0,"[[""source:restore""]]",True,full_success,0,4.66838400461711
h10-c4:held_out:image_quality:006:f894130cc8a6ce90,image_quality,runtime,"[""direct:3:h10-c4:held_out:image_quality:006:f894130cc8a6ce90:obligation:3"", ""local:partial_fast""]",1.5015720816144498,"[[""direct:3:h10-c4:held_out:image_quality:006:f894130cc8a6ce90:obligation:3"", ""local:partial_fast""]]",True,full_success,0,9.38478899479378
h10-c4:held_out:image_quality:006:f894130cc8a6ce90,image_quality,dependency_weighted,"[""source:restore""]",2.386294361119891,"[[""source:restore""]]",True,full_success,0,4.66838400461711
h10-c4:held_out:image_quality:006:f894130cc8a6ce90,image_quality,hybrid,"[""source:restore""]",2.715517009972366,"[[""source:restore""]]",True,full_success,0,4.66838400461711
h10-c4:held_out:image_quality:007:78459ccf4bbec027,image_quality,uniform,"[""source:restore""]",1.0,"[[""source:restore""]]",True,full_success,0,4.88002500787843
h10-c4:held_out:image_quality:007:78459ccf4bbec027,image_quality,runtime,"[""direct:3:h10-c4:held_out:image_quality:007:78459ccf4bbec027:obligation:3"", ""local:partial_fast""]",1.5015720816144498,"[[""direct:3:h10-c4:held_out:image_quality:007:78459ccf4bbec027:obligation:3"", ""local:partial_fast""]]",True,full_success,0,9.37286700354889
h10-c4:held_out:image_quality:007:78459ccf4bbec027,image_quality,dependency_weighted,"[""source:restore""]",2.6094379124341005,"[[""source:restore""]]",True,full_success,0,4.88002500787843
h10-c4:held_out:image_quality:007:78459ccf4bbec027,image_quality,hybrid,"[""source:restore""]",2.8270887856294706,"[[""source:restore""]]",True,full_success,0,4.88002500787843
h10-c4:held_out:image_quality:008:24836d95b06ced28,image_quality,uniform,"[""source:restore""]",1.0,"[[""source:restore""]]",True,full_success,0,4.86782199004665
h10-c4:held_out:image_quality:008:24836d95b06ced28,image_quality,runtime,"[""direct:3:h10-c4:held_out:image_quality:008:24836d95b06ced28:obligation:3"", ""local:partial_fast""]",1.5015720816144498,"[[""direct:3:h10-c4:held_out:image_quality:008:24836d95b06ced28:obligation:3"", ""local:partial_fast""]]",True,full_success,0,9.586160987964831
h10-c4:held_out:image_quality:008:24836d95b06ced28,image_quality,dependency_weighted,"[""source:restore""]",2.791759469228055,"[[""source:restore""]]",True,full_success,0,4.86782199004665
h10-c4:held_out:image_quality:008:24836d95b06ced28,image_quality,hybrid,"[""source:restore""]",2.9182495640264476,"[[""source:restore""]]",True,full_success,0,4.86782199004665
h10-c4:held_out:image_quality:009:202d2e7246a0658e,image_quality,uniform,"[""source:restore""]",1.0,"[[""source:restore""]]",True,full_success,0,4.900372994598001
h10-c4:held_out:image_quality:009:202d2e7246a0658e,image_quality,runtime,"[""direct:3:h10-c4:held_out:image_quality:009:202d2e7246a0658e:obligation:3"", ""local:partial_fast""]",1.5015720816144498,"[[""direct:3:h10-c4:held_out:image_quality:009:202d2e7246a0658e:obligation:3"", ""local:partial_fast""]]",True,full_success,0,9.315258008427918
h10-c4:held_out:image_quality:009:202d2e7246a0658e,image_quality,dependency_weighted,"[""source:restore""]",2.9459101490553135,"[[""source:restore""]]",True,full_success,0,4.900372994598001
h10-c4:held_out:image_quality:009:202d2e7246a0658e,image_quality,hybrid,"[""source:restore""]",2.995324903940077,"[[""source:restore""]]",True,full_success,0,4.900372994598001
h10-c4:held_out:image_quality:010:4e9ebb6ca3b6e00e,image_quality,uniform,"[""direct:0:h10-c4:held_out:image_quality:010:4e9ebb6ca3b6e00e:obligation:0""]",1.0,"[[""direct:0:h10-c4:held_out:image_quality:010:4e9ebb6ca3b6e00e:obligation:0""], [""source:restore""]]",True,full_success,0,4.264490999048576
h10-c4:held_out:image_quality:010:4e9ebb6ca3b6e00e,image_quality,runtime,"[""direct:0:h10-c4:held_out:image_quality:010:4e9ebb6ca3b6e00e:obligation:0""]",1.0,"[[""direct:0:h10-c4:held_out:image_quality:010:4e9ebb6ca3b6e00e:obligation:0""]]",True,full_success,0,4.264490999048576
h10-c4:held_out:image_quality:010:4e9ebb6ca3b6e00e,image_quality,dependency_weighted,"[""direct:0:h10-c4:held_out:image_quality:010:4e9ebb6ca3b6e00e:obligation:0""]",1.6931471805599454,"[[""direct:0:h10-c4:held_out:image_quality:010:4e9ebb6ca3b6e00e:obligation:0""]]",True,full_success,0,4.264490999048576
h10-c4:held_out:image_quality:010:4e9ebb6ca3b6e00e,image_quality,hybrid,"[""direct:0:h10-c4:held_out:image_quality:010:4e9ebb6ca3b6e00e:obligation:0""]",1.8665735902799727,"[[""direct:0:h10-c4:held_out:image_quality:010:4e9ebb6ca3b6e00e:obligation:0""]]",True,full_success,0,4.264490999048576
h10-c4:held_out:image_quality:011:3d23bf1b3700a799,image_quality,uniform,"[""source:restore""]",1.0,"[[""source:restore""]]",True,full_success,0,5.154193000635132
h10-c4:held_out:image_quality:011:3d23bf1b3700a799,image_quality,runtime,"[""direct:0:h10-c4:held_out:image_quality:011:3d23bf1b3700a799:obligation:0"", ""direct:1:h10-c4:held_out:image_quality:011:3d23bf1b3700a799:obligation:1""]",2.0,"[[""direct:0:h10-c4:held_out:image_quality:011:3d23bf1b3700a799:obligation:0"", ""direct:1:h10-c4:held_out:image_quality:011:3d23bf1b3700a799:obligation:1""]]",True,full_success,0,9.913729998515919
h10-c4:held_out:image_quality:011:3d23bf1b3700a799,image_quality,dependency_weighted,"[""source:restore""]",2.386294361119891,"[[""source:restore""]]",True,full_success,0,5.154193000635132
h10-c4:held_out:image_quality:011:3d23bf1b3700a799,image_quality,hybrid,"[""source:restore""]",2.715517009972366,"[[""source:restore""]]",True,full_success,0,5.154193000635132
h10-c4:held_out:image_quality:012:5b0248c17705b9d0,image_quality,uniform,"[""source:restore""]",1.0,"[[""source:restore""]]",True,full_success,0,5.115159001434222
h10-c4:held_out:image_quality:012:5b0248c17705b9d0,image_quality,runtime,"[""direct:0:h10-c4:held_out:image_quality:012:5b0248c17705b9d0:obligation:2"", ""direct:1:h10-c4:held_out:image_quality:012:5b0248c17705b9d0:obligation:3""]",2.0,"[[""direct:0:h10-c4:held_out:image_quality:012:5b0248c17705b9d0:obligation:2"", ""direct:1:h10-c4:held_out:image_quality:012:5b0248c17705b9d0:obligation:3""]]",True,full_success,0,9.19152400456369
h10-c4:held_out:image_quality:012:5b0248c17705b9d0,image_quality,dependency_weighted,"[""source:restore""]",2.6094379124341005,"[[""source:restore""]]",True,full_success,0,5.115159001434222
h10-c4:held_out:image_quality:012:5b0248c17705b9d0,image_quality,hybrid,"[""source:restore""]",2.8270887856294706,"[[""source:restore""]]",True,full_success,0,5.115159001434222
h10-c4:held_out:image_quality:013:0467cbd571ce6f8d,image_quality,uniform,"[""source:restore""]",1.0,"[[""source:restore""]]",True,full_success,0,5.187355011003092
h10-c4:held_out:image_quality:013:0467cbd571ce6f8d,image_quality,runtime,"[""direct:2:h10-c4:held_out:image_quality:013:0467cbd571ce6f8d:obligation:2"", ""local:partial_fast""]",1.5015720816144498,"[[""direct:2:h10-c4:held_out:image_quality:013:0467cbd571ce6f8d:obligation:2"", ""local:partial_fast""]]",True,full_success,0,9.464699993259273
h10-c4:held_out:image_quality:013:0467cbd571ce6f8d,image_quality,dependency_weighted,"[""direct:2:h10-c4:held_out:image_quality:013:0467cbd571ce6f8d:obligation:2"", ""local:partial_fast""]",2.6931471805599454,"[[""direct:2:h10-c4:held_out:image_quality:013:0467cbd571ce6f8d:obligation:2"", ""local:partial_fast""]]",True,full_success,0,9.464699993259273
h10-c4:held_out:image_quality:013:0467cbd571ce6f8d,image_quality,hybrid,"[""source:restore""]",2.9182495640264476,"[[""source:restore""]]",True,full_success,0,5.187355011003092
h10-c4:held_out:image_quality:014:725b7dabe8cae630,image_quality,uniform,"[""source:restore""]",1.0,"[[""source:restore""], [""source:restore_equivalent""]]",True,full_success,0,4.827636003028601
h10-c4:held_out:image_quality:014:725b7dabe8cae630,image_quality,runtime,"[""direct:3:h10-c4:held_out:image_quality:014:725b7dabe8cae630:obligation:3"", ""local:partial_fast""]",1.5015720816144498,"[[""direct:3:h10-c4:held_out:image_quality:014:725b7dabe8cae630:obligation:3"", ""local:partial_fast""]]",True,full_success,0,9.869827001239173
h10-c4:held_out:image_quality:014:725b7dabe8cae630,image_quality,dependency_weighted,"[""source:restore""]",2.9459101490553135,"[[""source:restore""], [""source:restore_equivalent""]]",True,full_success,0,4.827636003028601
h10-c4:held_out:image_quality:014:725b7dabe8cae630,image_quality,hybrid,"[""source:restore""]",2.995324903940077,"[[""source:restore""], [""source:restore_equivalent""]]",True,full_success,0,4.827636003028601
h10-c4:held_out:image_quality:015:021b6a0fefc56e4e,image_quality,uniform,"[""source:restore""]",1.0,"[[""source:restore""]]",True,full_success,0,4.8734119918663055
h10-c4:held_out:image_quality:015:021b6a0fefc56e4e,image_quality,runtime,"[""direct:2:h10-c4:held_out:image_quality:015:021b6a0fefc56e4e:obligation:3"", ""local:partial_fast""]",1.5015720816144498,"[[""direct:2:h10-c4:held_out:image_quality:015:021b6a0fefc56e4e:obligation:3"", ""local:partial_fast""]]",True,full_success,0,8.85482800367754
h10-c4:held_out:image_quality:015:021b6a0fefc56e4e,image_quality,dependency_weighted,"[""source:restore""]",2.0986122886681096,"[[""source:restore""]]",True,full_success,0,4.8734119918663055
h10-c4:held_out:image_quality:015:021b6a0fefc56e4e,image_quality,hybrid,"[""source:restore""]",2.571675973746475,"[[""source:restore""]]",True,full_success,0,4.8734119918663055
h10-c4:held_out:image_quality:016:7b12240beb5a0282,image_quality,uniform,"[""source:restore""]",1.0,"[[""source:restore""]]",True,full_success,0,4.6791140048298985
h10-c4:held_out:image_quality:016:7b12240beb5a0282,image_quality,runtime,"[""direct:3:h10-c4:held_out:image_quality:016:7b12240beb5a0282:obligation:3"", ""local:partial_fast""]",1.5015720816144498,"[[""direct:3:h10-c4:held_out:image_quality:016:7b12240beb5a0282:obligation:3"", ""local:partial_fast""]]",True,full_success,0,12.259264010936022
h10-c4:held_out:image_quality:016:7b12240beb5a0282,image_quality,dependency_weighted,"[""source:restore""]",2.386294361119891,"[[""source:restore""]]",True,full_success,0,4.6791140048298985
h10-c4:held_out:image_quality:016:7b12240beb5a0282,image_quality,hybrid,"[""source:restore""]",2.715517009972366,"[[""source:restore""]]",True,full_success,0,4.6791140048298985
h10-c4:held_out:image_quality:017:2867d5c91919c1b6,image_quality,uniform,"[""source:restore""]",1.0,"[[""source:restore""]]",True,full_success,0,5.02248399425298
h10-c4:held_out:image_quality:017:2867d5c91919c1b6,image_quality,runtime,"[""direct:3:h10-c4:held_out:image_quality:017:2867d5c91919c1b6:obligation:3"", ""local:partial_fast""]",1.5015720816144498,"[[""direct:3:h10-c4:held_out:image_quality:017:2867d5c91919c1b6:obligation:3"", ""local:partial_fast""]]",True,full_success,0,10.746895000920631
h10-c4:held_out:image_quality:017:2867d5c91919c1b6,image_quality,dependency_weighted,"[""source:restore""]",2.6094379124341005,"[[""source:restore""]]",True,full_success,0,5.02248399425298
h10-c4:held_out:image_quality:017:2867d5c91919c1b6,image_quality,hybrid,"[""source:restore""]",2.8270887856294706,"[[""source:restore""]]",True,full_success,0,5.02248399425298
h10-c4:held_out:image_quality:018:7fa47d83abe95ef5,image_quality,uniform,"[""source:restore""]",1.0,"[[""source:restore""]]",True,full_success,0,4.89114600350149
h10-c4:held_out:image_quality:018:7fa47d83abe95ef5,image_quality,runtime,"[""direct:3:h10-c4:held_out:image_quality:018:7fa47d83abe95ef5:obligation:3"", ""local:partial_fast""]",1.5015720816144498,"[[""direct:3:h10-c4:held_out:image_quality:018:7fa47d83abe95ef5:obligation:3"", ""local:partial_fast""]]",True,full_success,0,10.26600600744132
h10-c4:held_out:image_quality:018:7fa47d83abe95ef5,image_quality,dependency_weighted,"[""source:restore""]",2.791759469228055,"[[""source:restore""]]",True,full_success,0,4.89114600350149
h10-c4:held_out:image_quality:018:7fa47d83abe95ef5,image_quality,hybrid,"[""source:restore""]",2.9182495640264476,"[[""source:restore""]]",True,full_success,0,4.89114600350149
h10-c4:held_out:image_quality:019:67bcf3c92c82635a,image_quality,uniform,"[""source:restore""]",1.0,"[[""source:restore""]]",True,full_success,0,5.53840899374336
h10-c4:held_out:image_quality:019:67bcf3c92c82635a,image_quality,runtime,"[""direct:3:h10-c4:held_out:image_quality:019:67bcf3c92c82635a:obligation:3"", ""local:partial_fast""]",1.5015720816144498,"[[""direct:3:h10-c4:held_out:image_quality:019:67bcf3c92c82635a:obligation:3"", ""local:partial_fast""]]",True,full_success,0,9.548018002533354
h10-c4:held_out:image_quality:019:67bcf3c92c82635a,image_quality,dependency_weighted,"[""source:restore""]",2.9459101490553135,"[[""source:restore""]]",True,full_success,0,5.53840899374336
h10-c4:held_out:image_quality:019:67bcf3c92c82635a,image_quality,hybrid,"[""source:restore""]",2.995324903940077,"[[""source:restore""]]",True,full_success,0,5.53840899374336
h10-c4:held_out:time_series:000:51dc274a9bb325bd,time_series,uniform,"[""direct:0:h10-c4:held_out:time_series:000:51dc274a9bb325bd:obligation:0""]",1.0,"[[""direct:0:h10-c4:held_out:time_series:000:51dc274a9bb325bd:obligation:0""], [""source:restore""]]",True,full_success,0,4.528801000560634
h10-c4:held_out:time_series:000:51dc274a9bb325bd,time_series,runtime,"[""direct:0:h10-c4:held_out:time_series:000:51dc274a9bb325bd:obligation:0""]",1.0,"[[""direct:0:h10-c4:held_out:time_series:000:51dc274a9bb325bd:obligation:0""]]",True,full_success,0,4.528801000560634
h10-c4:held_out:time_series:000:51dc274a9bb325bd,time_series,dependency_weighted,"[""direct:0:h10-c4:held_out:time_series:000:51dc274a9bb325bd:obligation:0""]",1.6931471805599454,"[[""direct:0:h10-c4:held_out:time_series:000:51dc274a9bb325bd:obligation:0""]]",True,full_success,0,4.528801000560634
h10-c4:held_out:time_series:000:51dc274a9bb325bd,time_series,hybrid,"[""direct:0:h10-c4:held_out:time_series:000:51dc274a9bb325bd:obligation:0""]",1.8665735902799727,"[[""direct:0:h10-c4:held_out:time_series:000:51dc274a9bb325bd:obligation:0""]]",True,full_success,0,4.528801000560634
h10-c4:held_out:time_series:001:38eb85a055d27f7f,time_series,uniform,"[""source:restore""]",1.0,"[[""source:restore""]]",True,full_success,0,4.591289005475119
h10-c4:held_out:time_series:001:38eb85a055d27f7f,time_series,runtime,"[""direct:0:h10-c4:held_out:time_series:001:38eb85a055d27f7f:obligation:0"", ""direct:1:h10-c4:held_out:time_series:001:38eb85a055d27f7f:obligation:1""]",2.0,"[[""direct:0:h10-c4:held_out:time_series:001:38eb85a055d27f7f:obligation:0"", ""direct:1:h10-c4:held_out:time_series:001:38eb85a055d27f7f:obligation:1""]]",True,full_success,0,9.165946001303382
h10-c4:held_out:time_series:001:38eb85a055d27f7f,time_series,dependency_weighted,"[""source:restore""]",2.386294361119891,"[[""source:restore""]]",True,full_success,0,4.591289005475119
h10-c4:held_out:time_series:001:38eb85a055d27f7f,time_series,hybrid,"[""source:restore""]",2.715517009972366,"[[""source:restore""]]",True,full_success,0,4.591289005475119
h10-c4:held_out:time_series:002:1060b9b820b0647c,time_series,uniform,"[""source:restore""]",1.0,"[[""source:restore""]]",True,full_success,0,4.664327003411017
h10-c4:held_out:time_series:002:1060b9b820b0647c,time_series,runtime,"[""direct:0:h10-c4:held_out:time_series:002:1060b9b820b0647c:obligation:2"", ""direct:1:h10-c4:held_out:time_series:002:1060b9b820b0647c:obligation:3""]",2.0,"[[""direct:0:h10-c4:held_out:time_series:002:1060b9b820b0647c:obligation:2"", ""direct:1:h10-c4:held_out:time_series:002:1060b9b820b0647c:obligation:3""]]",True,full_success,0,9.202735993312672
h10-c4:held_out:time_series:002:1060b9b820b0647c,time_series,dependency_weighted,"[""source:restore""]",2.6094379124341005,"[[""source:restore""]]",True,full_success,0,4.664327003411017
h10-c4:held_out:time_series:002:1060b9b820b0647c,time_series,hybrid,"[""source:restore""]",2.8270887856294706,"[[""source:restore""]]",True,full_success,0,4.664327003411017
h10-c4:held_out:time_series:003:7db2578683e02280,time_series,uniform,"[""source:restore""]",1.0,"[[""source:restore""]]",True,full_success,0,4.984612998669036
h10-c4:held_out:time_series:003:7db2578683e02280,time_series,runtime,"[""direct:2:h10-c4:held_out:time_series:003:7db2578683e02280:obligation:2"", ""local:partial_fast""]",1.5015720816144498,"[[""direct:2:h10-c4:held_out:time_series:003:7db2578683e02280:obligation:2"", ""local:partial_fast""]]",True,full_success,0,9.446816999115981
h10-c4:held_out:time_series:003:7db2578683e02280,time_series,dependency_weighted,"[""direct:2:h10-c4:held_out:time_series:003:7db2578683e02280:obligation:2"", ""local:partial_fast""]",2.6931471805599454,"[[""direct:2:h10-c4:held_out:time_series:003:7db2578683e02280:obligation:2"", ""local:partial_fast""]]",True,full_success,0,9.446816999115981
h10-c4:held_out:time_series:003:7db2578683e02280,time_series,hybrid,"[""source:restore""]",2.9182495640264476,"[[""source:restore""]]",True,full_success,0,4.984612998669036
h10-c4:held_out:time_series:004:ab2f8f031397502a,time_series,uniform,"[""source:restore""]",1.0,"[[""source:restore""], [""source:restore_equivalent""]]",True,full_success,0,4.859195003518835
h10-c4:held_out:time_series:004:ab2f8f031397502a,time_series,runtime,"[""direct:3:h10-c4:held_out:time_series:004:ab2f8f031397502a:obligation:3"", ""local:partial_fast""]",1.5015720816144498,"[[""direct:3:h10-c4:held_out:time_series:004:ab2f8f031397502a:obligation:3"", ""local:partial_fast""]]",True,full_success,0,9.976809000363573
h10-c4:held_out:time_series:004:ab2f8f031397502a,time_series,dependency_weighted,"[""source:restore""]",2.9459101490553135,"[[""source:restore""], [""source:restore_equivalent""]]",True,full_success,0,4.859195003518835
h10-c4:held_out:time_series:004:ab2f8f031397502a,time_series,hybrid,"[""source:restore""]",2.995324903940077,"[[""source:restore""], [""source:restore_equivalent""]]",True,full_success,0,4.859195003518835
h10-c4:held_out:time_series:005:48a586aec15e01a7,time_series,uniform,"[""source:restore""]",1.0,"[[""source:restore""]]",True,full_success,0,4.66060999315232
h10-c4:held_out:time_series:005:48a586aec15e01a7,time_series,runtime,"[""direct:2:h10-c4:held_out:time_series:005:48a586aec15e01a7:obligation:3"", ""local:partial_fast""]",1.5015720816144498,"[[""direct:2:h10-c4:held_out:time_series:005:48a586aec15e01a7:obligation:3"", ""local:partial_fast""]]",True,full_success,0,8.78940400434658
h10-c4:held_out:time_series:005:48a586aec15e01a7,time_series,dependency_weighted,"[""source:restore""]",2.0986122886681096,"[[""source:restore""]]",True,full_success,0,4.66060999315232
h10-c4:held_out:time_series:005:48a586aec15e01a7,time_series,hybrid,"[""source:restore""]",2.571675973746475,"[[""source:restore""]]",True,full_success,0,4.66060999315232
h10-c4:held_out:time_series:006:0c634745054fab6e,time_series,uniform,"[""source:restore""]",1.0,"[[""source:restore""]]",True,full_success,0,4.794973006937653
h10-c4:held_out:time_series:006:0c634745054fab6e,time_series,runtime,"[""direct:3:h10-c4:held_out:time_series:006:0c634745054fab6e:obligation:3"", ""local:partial_fast""]",1.5015720816144498,"[[""direct:3:h10-c4:held_out:time_series:006:0c634745054fab6e:obligation:3"", ""local:partial_fast""]]",True,full_success,0,9.44227799482178
h10-c4:held_out:time_series:006:0c634745054fab6e,time_series,dependency_weighted,"[""source:restore""]",2.386294361119891,"[[""source:restore""]]",True,full_success,0,4.794973006937653
h10-c4:held_out:time_series:006:0c634745054fab6e,time_series,hybrid,"[""source:restore""]",2.715517009972366,"[[""source:restore""]]",True,full_success,0,4.794973006937653
h10-c4:held_out:time_series:007:fef7297b543cac5e,time_series,uniform,"[""source:restore""]",1.0,"[[""source:restore""]]",True,full_success,0,4.754567999043502
h10-c4:held_out:time_series:007:fef7297b543cac5e,time_series,runtime,"[""direct:3:h10-c4:held_out:time_series:007:fef7297b543cac5e:obligation:3"", ""local:partial_fast""]",1.5015720816144498,"[[""direct:3:h10-c4:held_out:time_series:007:fef7297b543cac5e:obligation:3"", ""local:partial_fast""]]",True,full_success,0,9.415969005203806
h10-c4:held_out:time_series:007:fef7297b543cac5e,time_series,dependency_weighted,"[""source:restore""]",2.6094379124341005,"[[""source:restore""]]",True,full_success,0,4.754567999043502
h10-c4:held_out:time_series:007:fef7297b543cac5e,time_series,hybrid,"[""source:restore""]",2.8270887856294706,"[[""source:restore""]]",True,full_success,0,4.754567999043502
h10-c4:held_out:time_series:008:c66d6883c61e46b8,time_series,uniform,"[""source:restore""]",1.0,"[[""source:restore""]]",True,full_success,0,4.695897005149163
h10-c4:held_out:time_series:008:c66d6883c61e46b8,time_series,runtime,"[""direct:3:h10-c4:held_out:time_series:008:c66d6883c61e46b8:obligation:3"", ""local:partial_fast""]",1.5015720816144498,"[[""direct:3:h10-c4:held_out:time_series:008:c66d6883c61e46b8:obligation:3"", ""local:partial_fast""]]",True,full_success,0,9.461455003474839
h10-c4:held_out:time_series:008:c66d6883c61e46b8,time_series,dependency_weighted,"[""source:restore""]",2.791759469228055,"[[""source:restore""]]",True,full_success,0,4.695897005149163
h10-c4:held_out:time_series:008:c66d6883c61e46b8,time_series,hybrid,"[""source:restore""]",2.9182495640264476,"[[""source:restore""]]",True,full_success,0,4.695897005149163
h10-c4:held_out:time_series:009:435b2f7daec1752d,time_series,uniform,"[""source:restore""]",1.0,"[[""source:restore""]]",True,full_success,0,5.23855299979914
h10-c4:held_out:time_series:009:435b2f7daec1752d,time_series,runtime,"[""direct:3:h10-c4:held_out:time_series:009:435b2f7daec1752d:obligation:3"", ""local:partial_fast""]",1.5015720816144498,"[[""direct:3:h10-c4:held_out:time_series:009:435b2f7daec1752d:obligation:3"", ""local:partial_fast""]]",True,full_success,0,9.739310000441037
h10-c4:held_out:time_series:009:435b2f7daec1752d,time_series,dependency_weighted,"[""source:restore""]",2.9459101490553135,"[[""source:restore""]]",True,full_success,0,5.23855299979914
h10-c4:held_out:time_series:009:435b2f7daec1752d,time_series,hybrid,"[""source:restore""]",2.995324903940077,"[[""source:restore""]]",True,full_success,0,5.23855299979914
h10-c4:held_out:time_series:010:15a967754766b591,time_series,uniform,"[""direct:0:h10-c4:held_out:time_series:010:15a967754766b591:obligation:0""]",1.0,"[[""direct:0:h10-c4:held_out:time_series:010:15a967754766b591:obligation:0""], [""source:restore""]]",True,full_success,0,4.230136997648515
h10-c4:held_out:time_series:010:15a967754766b591,time_series,runtime,"[""direct:0:h10-c4:held_out:time_series:010:15a967754766b591:obligation:0""]",1.0,"[[""direct:0:h10-c4:held_out:time_series:010:15a967754766b591:obligation:0""]]",True,full_success,0,4.230136997648515
h10-c4:held_out:time_series:010:15a967754766b591,time_series,dependency_weighted,"[""direct:0:h10-c4:held_out:time_series:010:15a967754766b591:obligation:0""]",1.6931471805599454,"[[""direct:0:h10-c4:held_out:time_series:010:15a967754766b591:obligation:0""]]",True,full_success,0,4.230136997648515
h10-c4:held_out:time_series:010:15a967754766b591,time_series,hybrid,"[""direct:0:h10-c4:held_out:time_series:010:15a967754766b591:obligation:0""]",1.8665735902799727,"[[""direct:0:h10-c4:held_out:time_series:010:15a967754766b591:obligation:0""]]",True,full_success,0,4.230136997648515
h10-c4:held_out:time_series:011:10f0f7a7abe86406,time_series,uniform,"[""source:restore""]",1.0,"[[""source:restore""]]",True,full_success,0,4.814842002815567
h10-c4:held_out:time_series:011:10f0f7a7abe86406,time_series,runtime,"[""direct:0:h10-c4:held_out:time_series:011:10f0f7a7abe86406:obligation:0"", ""direct:1:h10-c4:held_out:time_series:011:10f0f7a7abe86406:obligation:1""]",2.0,"[[""direct:0:h10-c4:held_out:time_series:011:10f0f7a7abe86406:obligation:0"", ""direct:1:h10-c4:held_out:time_series:011:10f0f7a7abe86406:obligation:1""]]",True,full_success,0,8.918859006371349
h10-c4:held_out:time_series:011:10f0f7a7abe86406,time_series,dependency_weighted,"[""source:restore""]",2.386294361119891,"[[""source:restore""]]",True,full_success,0,4.814842002815567
h10-c4:held_out:time_series:011:10f0f7a7abe86406,time_series,hybrid,"[""source:restore""]",2.715517009972366,"[[""source:restore""]]",True,full_success,0,4.814842002815567
h10-c4:held_out:time_series:012:286388f68b642f34,time_series,uniform,"[""source:restore""]",1.0,"[[""source:restore""]]",True,full_success,0,4.403323007863946
h10-c4:held_out:time_series:012:286388f68b642f34,time_series,runtime,"[""direct:0:h10-c4:held_out:time_series:012:286388f68b642f34:obligation:2"", ""direct:1:h10-c4:held_out:time_series:012:286388f68b642f34:obligation:3""]",2.0,"[[""direct:0:h10-c4:held_out:time_series:012:286388f68b642f34:obligation:2"", ""direct:1:h10-c4:held_out:time_series:012:286388f68b642f34:obligation:3""]]",True,full_success,0,8.925381989683956
h10-c4:held_out:time_series:012:286388f68b642f34,time_series,dependency_weighted,"[""source:restore""]",2.6094379124341005,"[[""source:restore""]]",True,full_success,0,4.403323007863946
h10-c4:held_out:time_series:012:286388f68b642f34,time_series,hybrid,"[""source:restore""]",2.8270887856294706,"[[""source:restore""]]",True,full_success,0,4.403323007863946
h10-c4:held_out:time_series:013:85f1e1d6c698e417,time_series,uniform,"[""source:restore""]",1.0,"[[""source:restore""]]",True,full_success,0,4.959073994541541
h10-c4:held_out:time_series:013:85f1e1d6c698e417,time_series,runtime,"[""direct:2:h10-c4:held_out:time_series:013:85f1e1d6c698e417:obligation:2"", ""local:partial_fast""]",1.5015720816144498,"[[""direct:2:h10-c4:held_out:time_series:013:85f1e1d6c698e417:obligation:2"", ""local:partial_fast""]]",True,full_success,0,9.00578300934285
h10-c4:held_out:time_series:013:85f1e1d6c698e417,time_series,dependency_weighted,"[""direct:2:h10-c4:held_out:time_series:013:85f1e1d6c698e417:obligation:2"", ""local:partial_fast""]",2.6931471805599454,"[[""direct:2:h10-c4:held_out:time_series:013:85f1e1d6c698e417:obligation:2"", ""local:partial_fast""]]",True,full_success,0,9.00578300934285
h10-c4:held_out:time_series:013:85f1e1d6c698e417,time_series,hybrid,"[""source:restore""]",2.9182495640264476,"[[""source:restore""]]",True,full_success,0,4.959073994541541
h10-c4:held_out:time_series:014:fb6dd5c0305e9a3a,time_series,uniform,"[""source:restore""]",1.0,"[[""source:restore""], [""source:restore_equivalent""]]",True,full_success,0,4.7446690005017444
h10-c4:held_out:time_series:014:fb6dd5c0305e9a3a,time_series,runtime,"[""direct:3:h10-c4:held_out:time_series:014:fb6dd5c0305e9a3a:obligation:3"", ""local:partial_fast""]",1.5015720816144498,"[[""direct:3:h10-c4:held_out:time_series:014:fb6dd5c0305e9a3a:obligation:3"", ""local:partial_fast""]]",True,full_success,0,9.648728999309242
h10-c4:held_out:time_series:014:fb6dd5c0305e9a3a,time_series,dependency_weighted,"[""source:restore""]",2.9459101490553135,"[[""source:restore""], [""source:restore_equivalent""]]",True,full_success,0,4.7446690005017444
h10-c4:held_out:time_series:014:fb6dd5c0305e9a3a,time_series,hybrid,"[""source:restore""]",2.995324903940077,"[[""source:restore""], [""source:restore_equivalent""]]",True,full_success,0,4.7446690005017444
h10-c4:held_out:time_series:015:f8af4fad994338e1,time_series,uniform,"[""source:restore""]",1.0,"[[""source:restore""]]",True,full_success,0,5.684374991687946
h10-c4:held_out:time_series:015:f8af4fad994338e1,time_series,runtime,"[""direct:2:h10-c4:held_out:time_series:015:f8af4fad994338e1:obligation:3"", ""local:partial_fast""]",1.5015720816144498,"[[""direct:2:h10-c4:held_out:time_series:015:f8af4fad994338e1:obligation:3"", ""local:partial_fast""]]",True,full_success,0,9.609986009309068
h10-c4:held_out:time_series:015:f8af4fad994338e1,time_series,dependency_weighted,"[""source:restore""]",2.0986122886681096,"[[""source:restore""]]",True,full_success,0,5.684374991687946
h10-c4:held_out:time_series:015:f8af4fad994338e1,time_series,hybrid,"[""source:restore""]",2.571675973746475,"[[""source:restore""]]",True,full_success,0,5.684374991687946
h10-c4:held_out:time_series:016:045a854659232f98,time_series,uniform,"[""source:restore""]",1.0,"[[""source:restore""]]",True,full_success,0,5.17153600230813
h10-c4:held_out:time_series:016:045a854659232f98,time_series,runtime,"[""direct:3:h10-c4:held_out:time_series:016:045a854659232f98:obligation:3"", ""local:partial_fast""]",1.5015720816144498,"[[""direct:3:h10-c4:held_out:time_series:016:045a854659232f98:obligation:3"", ""local:partial_fast""]]",True,full_success,0,9.453209000639617
h10-c4:held_out:time_series:016:045a854659232f98,time_series,dependency_weighted,"[""source:restore""]",2.386294361119891,"[[""source:restore""]]",True,full_success,0,5.17153600230813
h10-c4:held_out:time_series:016:045a854659232f98,time_series,hybrid,"[""source:restore""]",2.715517009972366,"[[""source:restore""]]",True,full_success,0,5.17153600230813
h10-c4:held_out:time_series:017:8d2b820a7c8244dc,time_series,uniform,"[""source:restore""]",1.0,"[[""source:restore""]]",True,full_success,0,4.807767007150687
h10-c4:held_out:time_series:017:8d2b820a7c8244dc,time_series,runtime,"[""direct:3:h10-c4:held_out:time_series:017:8d2b820a7c8244dc:obligation:3"", ""local:partial_fast""]",1.5015720816144498,"[[""direct:3:h10-c4:held_out:time_series:017:8d2b820a7c8244dc:obligation:3"", ""local:partial_fast""]]",True,full_success,0,9.344163001514971
h10-c4:held_out:time_series:017:8d2b820a7c8244dc,time_series,dependency_weighted,"[""source:restore""]",2.6094379124341005,"[[""source:restore""]]",True,full_success,0,4.807767007150687
h10-c4:held_out:time_series:017:8d2b820a7c8244dc,time_series,hybrid,"[""source:restore""]",2.8270887856294706,"[[""source:restore""]]",True,full_success,0,4.807767007150687
h10-c4:held_out:time_series:018:47c326e85643ad5c,time_series,uniform,"[""source:restore""]",1.0,"[[""source:restore""]]",True,full_success,0,4.98177700501401
h10-c4:held_out:time_series:018:47c326e85643ad5c,time_series,runtime,"[""direct:3:h10-c4:held_out:time_series:018:47c326e85643ad5c:obligation:3"", ""local:partial_fast""]",1.5015720816144498,"[[""direct:3:h10-c4:held_out:time_series:018:47c326e85643ad5c:obligation:3"", ""local:partial_fast""]]",True,full_success,0,9.268659996450879
h10-c4:held_out:time_series:018:47c326e85643ad5c,time_series,dependency_weighted,"[""source:restore""]",2.791759469228055,"[[""source:restore""]]",True,full_success,0,4.98177700501401
h10-c4:held_out:time_series:018:47c326e85643ad5c,time_series,hybrid,"[""source:restore""]",2.9182495640264476,"[[""source:restore""]]",True,full_success,0,4.98177700501401
h10-c4:held_out:time_series:019:0df228c0dcb2ea41,time_series,uniform,"[""source:restore""]",1.0,"[[""source:restore""]]",True,full_success,0,4.971677000867203
h10-c4:held_out:time_series:019:0df228c0dcb2ea41,time_series,runtime,"[""direct:3:h10-c4:held_out:time_series:019:0df228c0dcb2ea41:obligation:3"", ""local:partial_fast""]",1.5015720816144498,"[[""direct:3:h10-c4:held_out:time_series:019:0df228c0dcb2ea41:obligation:3"", ""local:partial_fast""]]",True,full_success,0,9.42464500258211
h10-c4:held_out:time_series:019:0df228c0dcb2ea41,time_series,dependency_weighted,"[""source:restore""]",2.9459101490553135,"[[""source:restore""]]",True,full_success,0,4.971677000867203
h10-c4:held_out:time_series:019:0df228c0dcb2ea41,time_series,hybrid,"[""source:restore""]",2.995324903940077,"[[""source:restore""]]",True,full_success,0,4.971677000867203
