scenario_id,pipeline_family,mutation_family,strategy,selected_cut,selected_actions,repair_action_count,unique_touched_components,modified_artifact_count,dependency_fanout_sum,dependency_fanout_max,recertification_check_count,execution_time_ms,peak_memory_mb,rollback_count,new_warning_count,new_critical_violation_count,final_route_status,repair_success,recertification_success,verifier_consistency,predicted_executable_cost,executed_cost,normalized_executable_cost,postconditions_pass,before_trace_sha256,after_trace_sha256
h10-c4:held_out:tabular_credit:000:e1e8db9a9d47069e,tabular_credit,single_local_unique,B_ALL,"[""direct:0:h10-c4:held_out:tabular_credit:000:e1e8db9a9d47069e:obligation:0""]","[""direct:0:h10-c4:held_out:tabular_credit:000:e1e8db9a9d47069e:obligation:0""]",1,1,1,1,1,8,4.21294299303554,0.03198814392089844,0,0,0,full_success,True,True,PASS,1.8665735902799727,1.8665735902799727,1.0,True,6d1c7c0273bb6a1d4d264ec031c21139361408fa2131772a37a7c989c8833357,a8e5e2ca11912535c12c4a384998b3fb476bbeb3c660bd81eae1e25f205d0f1f
h10-c4:held_out:tabular_credit:000:e1e8db9a9d47069e,tabular_credit,single_local_unique,B_FIRST,"[""direct:0:h10-c4:held_out:tabular_credit:000:e1e8db9a9d47069e:obligation:0""]","[""direct:0:h10-c4:held_out:tabular_credit:000:e1e8db9a9d47069e:obligation:0""]",1,1,1,1,1,8,4.023825997137465,0.030942916870117188,0,0,0,full_success,True,True,PASS,1.8665735902799727,1.8665735902799727,1.0,True,6d1c7c0273bb6a1d4d264ec031c21139361408fa2131772a37a7c989c8833357,a8e5e2ca11912535c12c4a384998b3fb476bbeb3c660bd81eae1e25f205d0f1f
h10-c4:held_out:tabular_credit:000:e1e8db9a9d47069e,tabular_credit,single_local_unique,B_GREEDY,"[""direct:0:h10-c4:held_out:tabular_credit:000:e1e8db9a9d47069e:obligation:0""]","[""direct:0:h10-c4:held_out:tabular_credit:000:e1e8db9a9d47069e:obligation:0""]",1,1,1,1,1,8,4.217010995489545,0.030942916870117188,0,0,0,full_success,True,True,PASS,1.8665735902799727,1.8665735902799727,1.0,True,6d1c7c0273bb6a1d4d264ec031c21139361408fa2131772a37a7c989c8833357,a8e5e2ca11912535c12c4a384998b3fb476bbeb3c660bd81eae1e25f205d0f1f
h10-c4:held_out:tabular_credit:000:e1e8db9a9d47069e,tabular_credit,single_local_unique,O_GLOBAL,"[""direct:0:h10-c4:held_out:tabular_credit:000:e1e8db9a9d47069e:obligation:0""]","[""direct:0:h10-c4:held_out:tabular_credit:000:e1e8db9a9d47069e:obligation:0""]",1,1,1,1,1,8,4.165342994383536,0.030942916870117188,0,0,0,full_success,True,True,PASS,1.8665735902799727,1.8665735902799727,1.0,True,6d1c7c0273bb6a1d4d264ec031c21139361408fa2131772a37a7c989c8833357,a8e5e2ca11912535c12c4a384998b3fb476bbeb3c660bd81eae1e25f205d0f1f
h10-c4:held_out:tabular_credit:001:cbcd016d6dbf04b2,tabular_credit,independent_multiple,B_ALL,"[""direct:0:h10-c4:held_out:tabular_credit:001:cbcd016d6dbf04b2:obligation:0"", ""direct:1:h10-c4:held_out:tabular_credit:001:cbcd016d6dbf04b2:obligation:1""]","[""direct:0:h10-c4:held_out:tabular_credit:001:cbcd016d6dbf04b2:obligation:0"", ""direct:1:h10-c4:held_out:tabular_credit:001:cbcd016d6dbf04b2:obligation:1""]",2,2,2,3,2,11,8.745451996219344,0.03874015808105469,0,0,0,full_success,True,True,PASS,3.9358797346140273,3.9358797346140273,1.0,True,34ed1eb5138fa5820463785d016fa0e7ec98cb35c9da53723e4560c658c3aead,27eca0cca87e20128376b165d76e5ad3b65f95de356b91089b6af3a36d907479
h10-c4:held_out:tabular_credit:001:cbcd016d6dbf04b2,tabular_credit,independent_multiple,B_FIRST,"[""direct:0:h10-c4:held_out:tabular_credit:001:cbcd016d6dbf04b2:obligation:0"", ""direct:1:h10-c4:held_out:tabular_credit:001:cbcd016d6dbf04b2:obligation:1""]","[""direct:0:h10-c4:held_out:tabular_credit:001:cbcd016d6dbf04b2:obligation:0"", ""direct:1:h10-c4:held_out:tabular_credit:001:cbcd016d6dbf04b2:obligation:1""]",2,2,2,3,2,11,8.965747998445295,0.03828239440917969,0,0,0,full_success,True,True,PASS,3.9358797346140273,3.9358797346140273,1.0,True,34ed1eb5138fa5820463785d016fa0e7ec98cb35c9da53723e4560c658c3aead,27eca0cca87e20128376b165d76e5ad3b65f95de356b91089b6af3a36d907479
h10-c4:held_out:tabular_credit:001:cbcd016d6dbf04b2,tabular_credit,independent_multiple,B_GREEDY,"[""source:restore""]","[""source:restore""]",1,1,1,3,3,8,4.719901000498794,0.03450202941894531,0,0,0,full_success,True,True,PASS,2.715517009972366,2.715517009972366,0.6899390207710865,True,34ed1eb5138fa5820463785d016fa0e7ec98cb35c9da53723e4560c658c3aead,27eca0cca87e20128376b165d76e5ad3b65f95de356b91089b6af3a36d907479
h10-c4:held_out:tabular_credit:001:cbcd016d6dbf04b2,tabular_credit,independent_multiple,O_GLOBAL,"[""source:restore""]","[""source:restore""]",1,1,1,3,3,8,4.700074001448229,0.03450202941894531,0,0,0,full_success,True,True,PASS,2.715517009972366,2.715517009972366,0.6899390207710865,True,34ed1eb5138fa5820463785d016fa0e7ec98cb35c9da53723e4560c658c3aead,27eca0cca87e20128376b165d76e5ad3b65f95de356b91089b6af3a36d907479
h10-c4:held_out:tabular_credit:002:11368f10699c6efe,tabular_credit,shared_source_downstream,B_ALL,"[""direct:0:h10-c4:held_out:tabular_credit:002:11368f10699c6efe:obligation:2"", ""direct:1:h10-c4:held_out:tabular_credit:002:11368f10699c6efe:obligation:3""]","[""direct:0:h10-c4:held_out:tabular_credit:002:11368f10699c6efe:obligation:2"", ""direct:1:h10-c4:held_out:tabular_credit:002:11368f10699c6efe:obligation:3""]",2,2,2,3,2,11,8.599836000939831,0.038283348083496094,0,0,0,full_success,True,True,PASS,3.9358797346140273,3.9358797346140273,1.0,True,2cf6f019e7178404da7250c8b4dd9bffd01b9b278ac6c94a5a490f04b9acc810,dcf21b4c00a6302e36b8b1d80ce9b66f6adc123223f022460f548ef06b3ce5bc
h10-c4:held_out:tabular_credit:002:11368f10699c6efe,tabular_credit,shared_source_downstream,B_FIRST,"[""direct:0:h10-c4:held_out:tabular_credit:002:11368f10699c6efe:obligation:2"", ""direct:1:h10-c4:held_out:tabular_credit:002:11368f10699c6efe:obligation:3""]","[""direct:0:h10-c4:held_out:tabular_credit:002:11368f10699c6efe:obligation:2"", ""direct:1:h10-c4:held_out:tabular_credit:002:11368f10699c6efe:obligation:3""]",2,2,2,3,2,11,8.797428992693312,0.038252830505371094,0,0,0,full_success,True,True,PASS,3.9358797346140273,3.9358797346140273,1.0,True,2cf6f019e7178404da7250c8b4dd9bffd01b9b278ac6c94a5a490f04b9acc810,dcf21b4c00a6302e36b8b1d80ce9b66f6adc123223f022460f548ef06b3ce5bc
h10-c4:held_out:tabular_credit:002:11368f10699c6efe,tabular_credit,shared_source_downstream,B_GREEDY,"[""source:restore""]","[""source:restore""]",1,1,1,4,4,8,4.646132001653314,0.03453540802001953,0,0,0,full_success,True,True,PASS,2.8270887856294706,2.8270887856294706,0.7182863746487695,True,2cf6f019e7178404da7250c8b4dd9bffd01b9b278ac6c94a5a490f04b9acc810,dcf21b4c00a6302e36b8b1d80ce9b66f6adc123223f022460f548ef06b3ce5bc
h10-c4:held_out:tabular_credit:002:11368f10699c6efe,tabular_credit,shared_source_downstream,O_GLOBAL,"[""source:restore""]","[""source:restore""]",1,1,1,4,4,8,4.630202005500905,0.03453540802001953,0,0,0,full_success,True,True,PASS,2.8270887856294706,2.8270887856294706,0.7182863746487695,True,2cf6f019e7178404da7250c8b4dd9bffd01b9b278ac6c94a5a490f04b9acc810,dcf21b4c00a6302e36b8b1d80ce9b66f6adc123223f022460f548ef06b3ce5bc
h10-c4:held_out:tabular_credit:003:5f255b961855fe8e,tabular_credit,equal_size_different_cost,B_ALL,"[""direct:0:h10-c4:held_out:tabular_credit:003:5f255b961855fe8e:obligation:0"", ""direct:1:h10-c4:held_out:tabular_credit:003:5f255b961855fe8e:obligation:1"", ""direct:2:h10-c4:held_out:tabular_credit:003:5f255b961855fe8e:obligation:2""]","[""direct:0:h10-c4:held_out:tabular_credit:003:5f255b961855fe8e:obligation:0"", ""direct:1:h10-c4:held_out:tabular_credit:003:5f255b961855fe8e:obligation:1"", ""direct:2:h10-c4:held_out:tabular_credit:003:5f255b961855fe8e:obligation:2""]",3,3,3,4,2,14,14.01760800217744,0.04491901397705078,0,0,0,full_success,True,True,PASS,5.802453324894,5.802453324894,1.0,True,bbdbd25051890d2f126ec14c8bc4e8e12892f0131b10b82f34eacf7b7c2f29cc,336c6d4a373cff5bcf624ec5fc866069024976f2cd90ef610a81cad8c27e068b
h10-c4:held_out:tabular_credit:003:5f255b961855fe8e,tabular_credit,equal_size_different_cost,B_FIRST,"[""direct:0:h10-c4:held_out:tabular_credit:003:5f255b961855fe8e:obligation:0"", ""direct:1:h10-c4:held_out:tabular_credit:003:5f255b961855fe8e:obligation:1"", ""direct:2:h10-c4:held_out:tabular_credit:003:5f255b961855fe8e:obligation:2""]","[""direct:0:h10-c4:held_out:tabular_credit:003:5f255b961855fe8e:obligation:0"", ""direct:1:h10-c4:held_out:tabular_credit:003:5f255b961855fe8e:obligation:1"", ""direct:2:h10-c4:held_out:tabular_credit:003:5f255b961855fe8e:obligation:2""]",3,3,3,4,2,14,13.430126011371613,0.04260063171386719,0,0,0,full_success,True,True,PASS,5.802453324894,5.802453324894,1.0,True,bbdbd25051890d2f126ec14c8bc4e8e12892f0131b10b82f34eacf7b7c2f29cc,336c6d4a373cff5bcf624ec5fc866069024976f2cd90ef610a81cad8c27e068b
h10-c4:held_out:tabular_credit:003:5f255b961855fe8e,tabular_credit,equal_size_different_cost,B_GREEDY,"[""direct:2:h10-c4:held_out:tabular_credit:003:5f255b961855fe8e:obligation:2"", ""local:partial_fast""]","[""direct:2:h10-c4:held_out:tabular_credit:003:5f255b961855fe8e:obligation:2"", ""local:partial_fast""]",2,1,2,1,1,11,8.824371005175635,0.041991233825683594,0,0,0,full_success,True,True,PASS,3.127359631087198,3.127359631087198,0.5389719582353261,True,bbdbd25051890d2f126ec14c8bc4e8e12892f0131b10b82f34eacf7b7c2f29cc,336c6d4a373cff5bcf624ec5fc866069024976f2cd90ef610a81cad8c27e068b
h10-c4:held_out:tabular_credit:003:5f255b961855fe8e,tabular_credit,equal_size_different_cost,O_GLOBAL,"[""source:restore""]","[""source:restore""]",1,1,1,5,5,8,4.530753998551518,0.03759193420410156,0,0,0,full_success,True,True,PASS,2.9182495640264476,2.9182495640264476,0.5029337420960226,True,bbdbd25051890d2f126ec14c8bc4e8e12892f0131b10b82f34eacf7b7c2f29cc,336c6d4a373cff5bcf624ec5fc866069024976f2cd90ef610a81cad8c27e068b
h10-c4:held_out:tabular_credit:004:a6db6f7b626bf195,tabular_credit,multiple_equal_optima,B_ALL,"[""direct:0:h10-c4:held_out:tabular_credit:004:a6db6f7b626bf195:obligation:0"", ""direct:1:h10-c4:held_out:tabular_credit:004:a6db6f7b626bf195:obligation:1"", ""direct:2:h10-c4:held_out:tabular_credit:004:a6db6f7b626bf195:obligation:2"", ""direct:3:h10-c4:held_out:tabular_credit:004:a6db6f7b626bf195:obligation:3""]","[""direct:0:h10-c4:held_out:tabular_credit:004:a6db6f7b626bf195:obligation:0"", ""direct:1:h10-c4:held_out:tabular_credit:004:a6db6f7b626bf195:obligation:1"", ""direct:2:h10-c4:held_out:tabular_credit:004:a6db6f7b626bf195:obligation:2"", ""direct:3:h10-c4:held_out:tabular_credit:004:a6db6f7b626bf195:obligation:3""]",4,4,4,6,2,17,18.187639987445436,0.05074596405029297,0,0,0,full_success,True,True,PASS,7.871759469228055,7.871759469228055,1.0,True,a90f0a543e26df142207b9651edf0d04e3f5db29430dc32145cbe10526241c73,3d1bf245b1ea1cca1702b8652f68cec493412c74af8467c90b7ebb5e5cd63f2f
h10-c4:held_out:tabular_credit:004:a6db6f7b626bf195,tabular_credit,multiple_equal_optima,B_FIRST,"[""direct:0:h10-c4:held_out:tabular_credit:004:a6db6f7b626bf195:obligation:0"", ""direct:1:h10-c4:held_out:tabular_credit:004:a6db6f7b626bf195:obligation:1"", ""direct:2:h10-c4:held_out:tabular_credit:004:a6db6f7b626bf195:obligation:2"", ""direct:3:h10-c4:held_out:tabular_credit:004:a6db6f7b626bf195:obligation:3""]","[""direct:0:h10-c4:held_out:tabular_credit:004:a6db6f7b626bf195:obligation:0"", ""direct:1:h10-c4:held_out:tabular_credit:004:a6db6f7b626bf195:obligation:1"", ""direct:2:h10-c4:held_out:tabular_credit:004:a6db6f7b626bf195:obligation:2"", ""direct:3:h10-c4:held_out:tabular_credit:004:a6db6f7b626bf195:obligation:3""]",4,4,4,6,2,17,17.586834001122043,0.05021190643310547,0,0,0,full_success,True,True,PASS,7.871759469228055,7.871759469228055,1.0,True,a90f0a543e26df142207b9651edf0d04e3f5db29430dc32145cbe10526241c73,3d1bf245b1ea1cca1702b8652f68cec493412c74af8467c90b7ebb5e5cd63f2f
h10-c4:held_out:tabular_credit:004:a6db6f7b626bf195,tabular_credit,multiple_equal_optima,B_GREEDY,"[""direct:3:h10-c4:held_out:tabular_credit:004:a6db6f7b626bf195:obligation:3"", ""local:partial_fast""]","[""direct:3:h10-c4:held_out:tabular_credit:004:a6db6f7b626bf195:obligation:3"", ""local:partial_fast""]",2,2,2,2,2,11,8.93310600076802,0.04752063751220703,0,0,0,full_success,True,True,PASS,3.3300921851412797,3.3300921851412797,0.42304292936784127,True,a90f0a543e26df142207b9651edf0d04e3f5db29430dc32145cbe10526241c73,3d1bf245b1ea1cca1702b8652f68cec493412c74af8467c90b7ebb5e5cd63f2f
h10-c4:held_out:tabular_credit:004:a6db6f7b626bf195,tabular_credit,multiple_equal_optima,O_GLOBAL,"[""source:restore""]","[""source:restore""]",1,1,1,6,6,8,4.538188994047232,0.04068183898925781,0,0,0,full_success,True,True,PASS,2.995324903940077,2.995324903940077,0.3805152984728857,True,a90f0a543e26df142207b9651edf0d04e3f5db29430dc32145cbe10526241c73,3d1bf245b1ea1cca1702b8652f68cec493412c74af8467c90b7ebb5e5cd63f2f
h10-c4:held_out:tabular_credit:005:382e8583a34ff2c6,tabular_credit,downstream_does_not_fix_source,B_ALL,"[""direct:0:h10-c4:held_out:tabular_credit:005:382e8583a34ff2c6:obligation:0"", ""direct:1:h10-c4:held_out:tabular_credit:005:382e8583a34ff2c6:obligation:2"", ""direct:2:h10-c4:held_out:tabular_credit:005:382e8583a34ff2c6:obligation:3""]","[""direct:0:h10-c4:held_out:tabular_credit:005:382e8583a34ff2c6:obligation:0"", ""direct:1:h10-c4:held_out:tabular_credit:005:382e8583a34ff2c6:obligation:2"", ""direct:2:h10-c4:held_out:tabular_credit:005:382e8583a34ff2c6:obligation:3""]",3,3,3,4,2,14,13.573486998211592,0.04388904571533203,0,0,0,full_success,True,True,PASS,5.802453324894,5.802453324894,1.0,True,12edb655e52cf71b9142cd4a05cb79dbfb05bb56212cde9ef7576676d798fe95,fbee0c21534fd6ecf0a0c4306cb3c2c28729a62fcdaa0ca4864c037b38a57345
h10-c4:held_out:tabular_credit:005:382e8583a34ff2c6,tabular_credit,downstream_does_not_fix_source,B_FIRST,"[""direct:0:h10-c4:held_out:tabular_credit:005:382e8583a34ff2c6:obligation:0"", ""direct:1:h10-c4:held_out:tabular_credit:005:382e8583a34ff2c6:obligation:2"", ""direct:2:h10-c4:held_out:tabular_credit:005:382e8583a34ff2c6:obligation:3""]","[""direct:0:h10-c4:held_out:tabular_credit:005:382e8583a34ff2c6:obligation:0"", ""direct:1:h10-c4:held_out:tabular_credit:005:382e8583a34ff2c6:obligation:2"", ""direct:2:h10-c4:held_out:tabular_credit:005:382e8583a34ff2c6:obligation:3""]",3,3,3,4,2,14,12.504967991844751,0.04388904571533203,0,0,0,full_success,True,True,PASS,5.802453324894,5.802453324894,1.0,True,12edb655e52cf71b9142cd4a05cb79dbfb05bb56212cde9ef7576676d798fe95,fbee0c21534fd6ecf0a0c4306cb3c2c28729a62fcdaa0ca4864c037b38a57345
h10-c4:held_out:tabular_credit:005:382e8583a34ff2c6,tabular_credit,downstream_does_not_fix_source,B_GREEDY,"[""direct:2:h10-c4:held_out:tabular_credit:005:382e8583a34ff2c6:obligation:3"", ""local:partial_fast""]","[""direct:2:h10-c4:held_out:tabular_credit:005:382e8583a34ff2c6:obligation:3"", ""local:partial_fast""]",2,2,2,1,1,11,8.179280994227156,0.04210948944091797,0,0,0,full_success,True,True,PASS,3.127359631087198,3.127359631087198,0.5389719582353261,True,12edb655e52cf71b9142cd4a05cb79dbfb05bb56212cde9ef7576676d798fe95,fbee0c21534fd6ecf0a0c4306cb3c2c28729a62fcdaa0ca4864c037b38a57345
h10-c4:held_out:tabular_credit:005:382e8583a34ff2c6,tabular_credit,downstream_does_not_fix_source,O_GLOBAL,"[""source:restore""]","[""source:restore""]",1,1,1,2,2,8,4.349581999122165,0.03758049011230469,0,0,0,full_success,True,True,PASS,2.571675973746475,2.571675973746475,0.44320493931650107,True,12edb655e52cf71b9142cd4a05cb79dbfb05bb56212cde9ef7576676d798fe95,fbee0c21534fd6ecf0a0c4306cb3c2c28729a62fcdaa0ca4864c037b38a57345
h10-c4:held_out:tabular_credit:006:a4e5f9ddff4fcfd8,tabular_credit,secondary_critical_violation,B_ALL,"[""direct:0:h10-c4:held_out:tabular_credit:006:a4e5f9ddff4fcfd8:obligation:0"", ""direct:1:h10-c4:held_out:tabular_credit:006:a4e5f9ddff4fcfd8:obligation:1"", ""direct:2:h10-c4:held_out:tabular_credit:006:a4e5f9ddff4fcfd8:obligation:2"", ""direct:3:h10-c4:held_out:tabular_credit:006:a4e5f9ddff4fcfd8:obligation:3""]","[""direct:0:h10-c4:held_out:tabular_credit:006:a4e5f9ddff4fcfd8:obligation:0"", ""direct:1:h10-c4:held_out:tabular_credit:006:a4e5f9ddff4fcfd8:obligation:1"", ""direct:2:h10-c4:held_out:tabular_credit:006:a4e5f9ddff4fcfd8:obligation:2"", ""direct:3:h10-c4:held_out:tabular_credit:006:a4e5f9ddff4fcfd8:obligation:3""]",4,4,4,6,2,17,17.39565300522372,0.05077648162841797,0,0,0,full_success,True,True,PASS,7.871759469228055,7.871759469228055,1.0,True,2286f38cbd151c6c7a7d9fa8d7ace45e3eb180fd75e2865542e89c82ee355438,e1c79862c3dcec8916ee9433c3e6ff2b67c969d2c6d0dc89b9ec270756ff1ad5
h10-c4:held_out:tabular_credit:006:a4e5f9ddff4fcfd8,tabular_credit,secondary_critical_violation,B_FIRST,"[""direct:0:h10-c4:held_out:tabular_credit:006:a4e5f9ddff4fcfd8:obligation:0"", ""direct:1:h10-c4:held_out:tabular_credit:006:a4e5f9ddff4fcfd8:obligation:1"", ""direct:2:h10-c4:held_out:tabular_credit:006:a4e5f9ddff4fcfd8:obligation:2"", ""direct:3:h10-c4:held_out:tabular_credit:006:a4e5f9ddff4fcfd8:obligation:3""]","[""direct:0:h10-c4:held_out:tabular_credit:006:a4e5f9ddff4fcfd8:obligation:0"", ""direct:1:h10-c4:held_out:tabular_credit:006:a4e5f9ddff4fcfd8:obligation:1"", ""direct:2:h10-c4:held_out:tabular_credit:006:a4e5f9ddff4fcfd8:obligation:2"", ""direct:3:h10-c4:held_out:tabular_credit:006:a4e5f9ddff4fcfd8:obligation:3""]",4,4,4,6,2,17,17.36396200431045,0.05059337615966797,0,0,0,full_success,True,True,PASS,7.871759469228055,7.871759469228055,1.0,True,2286f38cbd151c6c7a7d9fa8d7ace45e3eb180fd75e2865542e89c82ee355438,e1c79862c3dcec8916ee9433c3e6ff2b67c969d2c6d0dc89b9ec270756ff1ad5
h10-c4:held_out:tabular_credit:006:a4e5f9ddff4fcfd8,tabular_credit,secondary_critical_violation,B_GREEDY,"[""local:partial_fast"", ""unsafe:shortcut""]","[""local:partial_fast"", ""unsafe:shortcut""]",2,1,2,0,0,11,9.725202995468862,0.0432586669921875,1,0,0,partial_success,False,False,PASS,3.0115720816144496,4.7623581224216744,0.6049928406779299,False,2286f38cbd151c6c7a7d9fa8d7ace45e3eb180fd75e2865542e89c82ee355438,2b9d9c50d42ae2b6ad01286731afc9e80c13abc40a738827fc305f46c7450f21
h10-c4:held_out:tabular_credit:006:a4e5f9ddff4fcfd8,tabular_credit,secondary_critical_violation,O_GLOBAL,"[""source:restore""]","[""source:restore""]",1,1,1,3,3,8,4.35377900430467,0.04068183898925781,0,0,0,full_success,True,True,PASS,2.715517009972366,2.715517009972366,0.34496951038554324,True,2286f38cbd151c6c7a7d9fa8d7ace45e3eb180fd75e2865542e89c82ee355438,e1c79862c3dcec8916ee9433c3e6ff2b67c969d2c6d0dc89b9ec270756ff1ad5
h10-c4:held_out:tabular_credit:007:6fdf4542eb6c08f4,tabular_credit,rollback_required,B_ALL,"[""direct:0:h10-c4:held_out:tabular_credit:007:6fdf4542eb6c08f4:obligation:0"", ""direct:1:h10-c4:held_out:tabular_credit:007:6fdf4542eb6c08f4:obligation:1"", ""direct:2:h10-c4:held_out:tabular_credit:007:6fdf4542eb6c08f4:obligation:2"", ""direct:3:h10-c4:held_out:tabular_credit:007:6fdf4542eb6c08f4:obligation:3""]","[""direct:0:h10-c4:held_out:tabular_credit:007:6fdf4542eb6c08f4:obligation:0"", ""direct:1:h10-c4:held_out:tabular_credit:007:6fdf4542eb6c08f4:obligation:1"", ""direct:2:h10-c4:held_out:tabular_credit:007:6fdf4542eb6c08f4:obligation:2"", ""direct:3:h10-c4:held_out:tabular_credit:007:6fdf4542eb6c08f4:obligation:3""]",4,4,4,6,2,17,20.548020998830907,0.04968547821044922,0,0,0,full_success,True,True,PASS,7.871759469228055,7.871759469228055,1.0,True,a8d0cbf81ea2c8e0c2ace6f5544f8697dbb45da5f10fc2230f63acad72815206,0914675db48c023ceb6bbe6fc7b512784b8f561572f4e4ac63de6aa047fce4ad
h10-c4:held_out:tabular_credit:007:6fdf4542eb6c08f4,tabular_credit,rollback_required,B_FIRST,"[""direct:0:h10-c4:held_out:tabular_credit:007:6fdf4542eb6c08f4:obligation:0"", ""direct:1:h10-c4:held_out:tabular_credit:007:6fdf4542eb6c08f4:obligation:1"", ""direct:2:h10-c4:held_out:tabular_credit:007:6fdf4542eb6c08f4:obligation:2"", ""direct:3:h10-c4:held_out:tabular_credit:007:6fdf4542eb6c08f4:obligation:3""]","[""direct:0:h10-c4:held_out:tabular_credit:007:6fdf4542eb6c08f4:obligation:0"", ""direct:1:h10-c4:held_out:tabular_credit:007:6fdf4542eb6c08f4:obligation:1"", ""direct:2:h10-c4:held_out:tabular_credit:007:6fdf4542eb6c08f4:obligation:2"", ""direct:3:h10-c4:held_out:tabular_credit:007:6fdf4542eb6c08f4:obligation:3""]",4,4,4,6,2,17,17.084074002923444,0.05021190643310547,0,0,0,full_success,True,True,PASS,7.871759469228055,7.871759469228055,1.0,True,a8d0cbf81ea2c8e0c2ace6f5544f8697dbb45da5f10fc2230f63acad72815206,0914675db48c023ceb6bbe6fc7b512784b8f561572f4e4ac63de6aa047fce4ad
h10-c4:held_out:tabular_credit:007:6fdf4542eb6c08f4,tabular_credit,rollback_required,B_GREEDY,"[""local:partial_fast"", ""unsafe:shortcut""]","[""local:partial_fast"", ""unsafe:shortcut""]",2,1,2,0,0,11,9.714101994177327,0.043182373046875,1,0,0,partial_success,False,False,PASS,3.0115720816144496,4.7623581224216744,0.6049928406779299,False,a8d0cbf81ea2c8e0c2ace6f5544f8697dbb45da5f10fc2230f63acad72815206,fb2a600fbb1c5fb79f3bd3a2b7d2ee5c05e3e003bc301dd29a430ec517c05d92
h10-c4:held_out:tabular_credit:007:6fdf4542eb6c08f4,tabular_credit,rollback_required,O_GLOBAL,"[""source:restore""]","[""source:restore""]",1,1,1,4,4,8,4.513611987931654,0.04068183898925781,0,0,0,full_success,True,True,PASS,2.8270887856294706,2.8270887856294706,0.35914318732438477,True,a8d0cbf81ea2c8e0c2ace6f5544f8697dbb45da5f10fc2230f63acad72815206,0914675db48c023ceb6bbe6fc7b512784b8f561572f4e4ac63de6aa047fce4ad
h10-c4:held_out:tabular_credit:008:3137c648c7b86726,tabular_credit,variable_dependency_fanout,B_ALL,"[""direct:0:h10-c4:held_out:tabular_credit:008:3137c648c7b86726:obligation:0"", ""direct:1:h10-c4:held_out:tabular_credit:008:3137c648c7b86726:obligation:1"", ""direct:2:h10-c4:held_out:tabular_credit:008:3137c648c7b86726:obligation:2"", ""direct:3:h10-c4:held_out:tabular_credit:008:3137c648c7b86726:obligation:3""]","[""direct:0:h10-c4:held_out:tabular_credit:008:3137c648c7b86726:obligation:0"", ""direct:1:h10-c4:held_out:tabular_credit:008:3137c648c7b86726:obligation:1"", ""direct:2:h10-c4:held_out:tabular_credit:008:3137c648c7b86726:obligation:2"", ""direct:3:h10-c4:held_out:tabular_credit:008:3137c648c7b86726:obligation:3""]",4,4,4,11,7,17,17.10835901030805,0.05026531219482422,0,0,0,full_success,True,True,PASS,8.362174095733918,8.362174095733918,1.0,True,d4b09b0f9d7d1b8750c82602ee95e5abf59a40488176aaf636451d5d2446ef65,931241822d7c6d385ed012938f7e924bf96373abb8d431af67afb47960894b91
h10-c4:held_out:tabular_credit:008:3137c648c7b86726,tabular_credit,variable_dependency_fanout,B_FIRST,"[""direct:0:h10-c4:held_out:tabular_credit:008:3137c648c7b86726:obligation:0"", ""direct:1:h10-c4:held_out:tabular_credit:008:3137c648c7b86726:obligation:1"", ""direct:2:h10-c4:held_out:tabular_credit:008:3137c648c7b86726:obligation:2"", ""direct:3:h10-c4:held_out:tabular_credit:008:3137c648c7b86726:obligation:3""]","[""direct:0:h10-c4:held_out:tabular_credit:008:3137c648c7b86726:obligation:0"", ""direct:1:h10-c4:held_out:tabular_credit:008:3137c648c7b86726:obligation:1"", ""direct:2:h10-c4:held_out:tabular_credit:008:3137c648c7b86726:obligation:2"", ""direct:3:h10-c4:held_out:tabular_credit:008:3137c648c7b86726:obligation:3""]",4,4,4,11,7,17,16.841133998241276,0.05021190643310547,0,0,0,full_success,True,True,PASS,8.362174095733918,8.362174095733918,1.0,True,d4b09b0f9d7d1b8750c82602ee95e5abf59a40488176aaf636451d5d2446ef65,931241822d7c6d385ed012938f7e924bf96373abb8d431af67afb47960894b91
h10-c4:held_out:tabular_credit:008:3137c648c7b86726,tabular_credit,variable_dependency_fanout,B_GREEDY,"[""direct:3:h10-c4:held_out:tabular_credit:008:3137c648c7b86726:obligation:3"", ""local:partial_fast""]","[""direct:3:h10-c4:held_out:tabular_credit:008:3137c648c7b86726:obligation:3"", ""local:partial_fast""]",2,2,2,2,2,11,9.09054400108289,0.04758167266845703,0,0,0,full_success,True,True,PASS,3.3300921851412797,3.3300921851412797,0.3982328216342893,True,d4b09b0f9d7d1b8750c82602ee95e5abf59a40488176aaf636451d5d2446ef65,931241822d7c6d385ed012938f7e924bf96373abb8d431af67afb47960894b91
h10-c4:held_out:tabular_credit:008:3137c648c7b86726,tabular_credit,variable_dependency_fanout,O_GLOBAL,"[""source:restore""]","[""source:restore""]",1,1,1,5,5,8,4.590237003867514,0.04068183898925781,0,0,0,full_success,True,True,PASS,2.9182495640264476,2.9182495640264476,0.3489821583020179,True,d4b09b0f9d7d1b8750c82602ee95e5abf59a40488176aaf636451d5d2446ef65,931241822d7c6d385ed012938f7e924bf96373abb8d431af67afb47960894b91
h10-c4:held_out:tabular_credit:009:f9431c6446687f0e,tabular_credit,repair_all_touches_more_components,B_ALL,"[""direct:0:h10-c4:held_out:tabular_credit:009:f9431c6446687f0e:obligation:0"", ""direct:1:h10-c4:held_out:tabular_credit:009:f9431c6446687f0e:obligation:1"", ""direct:2:h10-c4:held_out:tabular_credit:009:f9431c6446687f0e:obligation:2"", ""direct:3:h10-c4:held_out:tabular_credit:009:f9431c6446687f0e:obligation:3""]","[""direct:0:h10-c4:held_out:tabular_credit:009:f9431c6446687f0e:obligation:0"", ""direct:1:h10-c4:held_out:tabular_credit:009:f9431c6446687f0e:obligation:1"", ""direct:2:h10-c4:held_out:tabular_credit:009:f9431c6446687f0e:obligation:2"", ""direct:3:h10-c4:held_out:tabular_credit:009:f9431c6446687f0e:obligation:3""]",4,4,4,6,2,17,17.269224001211114,0.05021190643310547,0,0,0,full_success,True,True,PASS,7.871759469228055,7.871759469228055,1.0,True,66c4b17b99aeb34d3b0a756b4f3f88d6eb557407ab39e896a26bc1659d5dc0dc,12afd55978f0feb9ff6b4644bb72dee65f9492c9d28b9af82556082a8b77e55f
h10-c4:held_out:tabular_credit:009:f9431c6446687f0e,tabular_credit,repair_all_touches_more_components,B_FIRST,"[""direct:0:h10-c4:held_out:tabular_credit:009:f9431c6446687f0e:obligation:0"", ""direct:1:h10-c4:held_out:tabular_credit:009:f9431c6446687f0e:obligation:1"", ""direct:2:h10-c4:held_out:tabular_credit:009:f9431c6446687f0e:obligation:2"", ""direct:3:h10-c4:held_out:tabular_credit:009:f9431c6446687f0e:obligation:3""]","[""direct:0:h10-c4:held_out:tabular_credit:009:f9431c6446687f0e:obligation:0"", ""direct:1:h10-c4:held_out:tabular_credit:009:f9431c6446687f0e:obligation:1"", ""direct:2:h10-c4:held_out:tabular_credit:009:f9431c6446687f0e:obligation:2"", ""direct:3:h10-c4:held_out:tabular_credit:009:f9431c6446687f0e:obligation:3""]",4,4,4,6,2,17,17.887873007566668,0.05021190643310547,0,0,0,full_success,True,True,PASS,7.871759469228055,7.871759469228055,1.0,True,66c4b17b99aeb34d3b0a756b4f3f88d6eb557407ab39e896a26bc1659d5dc0dc,12afd55978f0feb9ff6b4644bb72dee65f9492c9d28b9af82556082a8b77e55f
h10-c4:held_out:tabular_credit:009:f9431c6446687f0e,tabular_credit,repair_all_touches_more_components,B_GREEDY,"[""direct:3:h10-c4:held_out:tabular_credit:009:f9431c6446687f0e:obligation:3"", ""local:partial_fast""]","[""direct:3:h10-c4:held_out:tabular_credit:009:f9431c6446687f0e:obligation:3"", ""local:partial_fast""]",2,2,2,2,2,11,8.68574800551869,0.04758167266845703,0,0,0,full_success,True,True,PASS,3.3300921851412797,3.3300921851412797,0.42304292936784127,True,66c4b17b99aeb34d3b0a756b4f3f88d6eb557407ab39e896a26bc1659d5dc0dc,12afd55978f0feb9ff6b4644bb72dee65f9492c9d28b9af82556082a8b77e55f
h10-c4:held_out:tabular_credit:009:f9431c6446687f0e,tabular_credit,repair_all_touches_more_components,O_GLOBAL,"[""source:restore""]","[""source:restore""]",1,1,1,6,6,8,4.611738011590205,0.04068183898925781,0,0,0,full_success,True,True,PASS,2.995324903940077,2.995324903940077,0.3805152984728857,True,66c4b17b99aeb34d3b0a756b4f3f88d6eb557407ab39e896a26bc1659d5dc0dc,12afd55978f0feb9ff6b4644bb72dee65f9492c9d28b9af82556082a8b77e55f
h10-c4:held_out:tabular_credit:010:b357907b7781a333,tabular_credit,single_local_unique,B_ALL,"[""direct:0:h10-c4:held_out:tabular_credit:010:b357907b7781a333:obligation:0""]","[""direct:0:h10-c4:held_out:tabular_credit:010:b357907b7781a333:obligation:0""]",1,1,1,1,1,8,4.062118998263031,0.030942916870117188,0,0,0,full_success,True,True,PASS,1.8665735902799727,1.8665735902799727,1.0,True,7f98261b43c623fd61b9be1f596456d99ba84da4b15ef63dc5b6bb13e719d85c,f990f5395d694a7511e7027368e9e20cd23d9836544130a894210c2ec295a542
h10-c4:held_out:tabular_credit:010:b357907b7781a333,tabular_credit,single_local_unique,B_FIRST,"[""direct:0:h10-c4:held_out:tabular_credit:010:b357907b7781a333:obligation:0""]","[""direct:0:h10-c4:held_out:tabular_credit:010:b357907b7781a333:obligation:0""]",1,1,1,1,1,8,3.961427995818667,0.030942916870117188,0,0,0,full_success,True,True,PASS,1.8665735902799727,1.8665735902799727,1.0,True,7f98261b43c623fd61b9be1f596456d99ba84da4b15ef63dc5b6bb13e719d85c,f990f5395d694a7511e7027368e9e20cd23d9836544130a894210c2ec295a542
h10-c4:held_out:tabular_credit:010:b357907b7781a333,tabular_credit,single_local_unique,B_GREEDY,"[""direct:0:h10-c4:held_out:tabular_credit:010:b357907b7781a333:obligation:0""]","[""direct:0:h10-c4:held_out:tabular_credit:010:b357907b7781a333:obligation:0""]",1,1,1,1,1,8,4.084811997017823,0.030942916870117188,0,0,0,full_success,True,True,PASS,1.8665735902799727,1.8665735902799727,1.0,True,7f98261b43c623fd61b9be1f596456d99ba84da4b15ef63dc5b6bb13e719d85c,f990f5395d694a7511e7027368e9e20cd23d9836544130a894210c2ec295a542
h10-c4:held_out:tabular_credit:010:b357907b7781a333,tabular_credit,single_local_unique,O_GLOBAL,"[""direct:0:h10-c4:held_out:tabular_credit:010:b357907b7781a333:obligation:0""]","[""direct:0:h10-c4:held_out:tabular_credit:010:b357907b7781a333:obligation:0""]",1,1,1,1,1,8,4.021982997073792,0.030942916870117188,0,0,0,full_success,True,True,PASS,1.8665735902799727,1.8665735902799727,1.0,True,7f98261b43c623fd61b9be1f596456d99ba84da4b15ef63dc5b6bb13e719d85c,f990f5395d694a7511e7027368e9e20cd23d9836544130a894210c2ec295a542
h10-c4:held_out:tabular_credit:011:c91f1ada27e642a2,tabular_credit,independent_multiple,B_ALL,"[""direct:0:h10-c4:held_out:tabular_credit:011:c91f1ada27e642a2:obligation:0"", ""direct:1:h10-c4:held_out:tabular_credit:011:c91f1ada27e642a2:obligation:1""]","[""direct:0:h10-c4:held_out:tabular_credit:011:c91f1ada27e642a2:obligation:0"", ""direct:1:h10-c4:held_out:tabular_credit:011:c91f1ada27e642a2:obligation:1""]",2,2,2,3,2,11,8.405018001212738,0.03768730163574219,0,0,0,full_success,True,True,PASS,3.9358797346140273,3.9358797346140273,1.0,True,93fd6230521eadf189871b91f0c8208d97c4e5f2857199b078df87dd8eff4788,696ad46f73a714b50ef86d2436119b6cb56c1fea3cffcf0ecc01a50a88cbe338
h10-c4:held_out:tabular_credit:011:c91f1ada27e642a2,tabular_credit,independent_multiple,B_FIRST,"[""direct:0:h10-c4:held_out:tabular_credit:011:c91f1ada27e642a2:obligation:0"", ""direct:1:h10-c4:held_out:tabular_credit:011:c91f1ada27e642a2:obligation:1""]","[""direct:0:h10-c4:held_out:tabular_credit:011:c91f1ada27e642a2:obligation:0"", ""direct:1:h10-c4:held_out:tabular_credit:011:c91f1ada27e642a2:obligation:1""]",2,2,2,3,2,11,8.674486991367303,0.03750419616699219,0,0,0,full_success,True,True,PASS,3.9358797346140273,3.9358797346140273,1.0,True,93fd6230521eadf189871b91f0c8208d97c4e5f2857199b078df87dd8eff4788,696ad46f73a714b50ef86d2436119b6cb56c1fea3cffcf0ecc01a50a88cbe338
h10-c4:held_out:tabular_credit:011:c91f1ada27e642a2,tabular_credit,independent_multiple,B_GREEDY,"[""source:restore""]","[""source:restore""]",1,1,1,3,3,8,4.354231001343578,0.03427314758300781,0,0,0,full_success,True,True,PASS,2.715517009972366,2.715517009972366,0.6899390207710865,True,93fd6230521eadf189871b91f0c8208d97c4e5f2857199b078df87dd8eff4788,696ad46f73a714b50ef86d2436119b6cb56c1fea3cffcf0ecc01a50a88cbe338
h10-c4:held_out:tabular_credit:011:c91f1ada27e642a2,tabular_credit,independent_multiple,O_GLOBAL,"[""source:restore""]","[""source:restore""]",1,1,1,3,3,8,4.374568990897387,0.03427314758300781,0,0,0,full_success,True,True,PASS,2.715517009972366,2.715517009972366,0.6899390207710865,True,93fd6230521eadf189871b91f0c8208d97c4e5f2857199b078df87dd8eff4788,696ad46f73a714b50ef86d2436119b6cb56c1fea3cffcf0ecc01a50a88cbe338
h10-c4:held_out:tabular_credit:012:ba926a5b255583ca,tabular_credit,shared_source_downstream,B_ALL,"[""direct:0:h10-c4:held_out:tabular_credit:012:ba926a5b255583ca:obligation:2"", ""direct:1:h10-c4:held_out:tabular_credit:012:ba926a5b255583ca:obligation:3""]","[""direct:0:h10-c4:held_out:tabular_credit:012:ba926a5b255583ca:obligation:2"", ""direct:1:h10-c4:held_out:tabular_credit:012:ba926a5b255583ca:obligation:3""]",2,2,2,3,2,11,8.388586007640697,0.037566184997558594,0,0,0,full_success,True,True,PASS,3.9358797346140273,3.9358797346140273,1.0,True,cfa1bad39d12ace2952fdeadd24f990c56f744b1f3ef27178dbbcbc10e2805e3,a9bb2082fd90b8f50c9043d59b7b2c3de3cad4e3fa7b998f68aed57d87db729b
h10-c4:held_out:tabular_credit:012:ba926a5b255583ca,tabular_credit,shared_source_downstream,B_FIRST,"[""direct:0:h10-c4:held_out:tabular_credit:012:ba926a5b255583ca:obligation:2"", ""direct:1:h10-c4:held_out:tabular_credit:012:ba926a5b255583ca:obligation:3""]","[""direct:0:h10-c4:held_out:tabular_credit:012:ba926a5b255583ca:obligation:2"", ""direct:1:h10-c4:held_out:tabular_credit:012:ba926a5b255583ca:obligation:3""]",2,2,2,3,2,11,8.449572007521056,0.037566184997558594,0,0,0,full_success,True,True,PASS,3.9358797346140273,3.9358797346140273,1.0,True,cfa1bad39d12ace2952fdeadd24f990c56f744b1f3ef27178dbbcbc10e2805e3,a9bb2082fd90b8f50c9043d59b7b2c3de3cad4e3fa7b998f68aed57d87db729b
h10-c4:held_out:tabular_credit:012:ba926a5b255583ca,tabular_credit,shared_source_downstream,B_GREEDY,"[""source:restore""]","[""source:restore""]",1,1,1,4,4,8,4.295830003684387,0.03430652618408203,0,0,0,full_success,True,True,PASS,2.8270887856294706,2.8270887856294706,0.7182863746487695,True,cfa1bad39d12ace2952fdeadd24f990c56f744b1f3ef27178dbbcbc10e2805e3,a9bb2082fd90b8f50c9043d59b7b2c3de3cad4e3fa7b998f68aed57d87db729b
h10-c4:held_out:tabular_credit:012:ba926a5b255583ca,tabular_credit,shared_source_downstream,O_GLOBAL,"[""source:restore""]","[""source:restore""]",1,1,1,4,4,8,4.21296400600113,0.03430652618408203,0,0,0,full_success,True,True,PASS,2.8270887856294706,2.8270887856294706,0.7182863746487695,True,cfa1bad39d12ace2952fdeadd24f990c56f744b1f3ef27178dbbcbc10e2805e3,a9bb2082fd90b8f50c9043d59b7b2c3de3cad4e3fa7b998f68aed57d87db729b
h10-c4:held_out:tabular_credit:013:1516a183508f6f68,tabular_credit,equal_size_different_cost,B_ALL,"[""direct:0:h10-c4:held_out:tabular_credit:013:1516a183508f6f68:obligation:0"", ""direct:1:h10-c4:held_out:tabular_credit:013:1516a183508f6f68:obligation:1"", ""direct:2:h10-c4:held_out:tabular_credit:013:1516a183508f6f68:obligation:2""]","[""direct:0:h10-c4:held_out:tabular_credit:013:1516a183508f6f68:obligation:0"", ""direct:1:h10-c4:held_out:tabular_credit:013:1516a183508f6f68:obligation:1"", ""direct:2:h10-c4:held_out:tabular_credit:013:1516a183508f6f68:obligation:2""]",3,3,3,4,2,14,13.2920760079287,0.04394245147705078,0,0,0,full_success,True,True,PASS,5.802453324894,5.802453324894,1.0,True,234016c28aa5548f322f38edb29e048f1e0b04fd8929175f9335df4a701e7293,c87de78b9e19b58f6d55a3ed26ec03ba11dea143d147d4aef9eac76e06d827f4
h10-c4:held_out:tabular_credit:013:1516a183508f6f68,tabular_credit,equal_size_different_cost,B_FIRST,"[""direct:0:h10-c4:held_out:tabular_credit:013:1516a183508f6f68:obligation:0"", ""direct:1:h10-c4:held_out:tabular_credit:013:1516a183508f6f68:obligation:1"", ""direct:2:h10-c4:held_out:tabular_credit:013:1516a183508f6f68:obligation:2""]","[""direct:0:h10-c4:held_out:tabular_credit:013:1516a183508f6f68:obligation:0"", ""direct:1:h10-c4:held_out:tabular_credit:013:1516a183508f6f68:obligation:1"", ""direct:2:h10-c4:held_out:tabular_credit:013:1516a183508f6f68:obligation:2""]",3,3,3,4,2,14,13.245127003756352,0.04388904571533203,0,0,0,full_success,True,True,PASS,5.802453324894,5.802453324894,1.0,True,234016c28aa5548f322f38edb29e048f1e0b04fd8929175f9335df4a701e7293,c87de78b9e19b58f6d55a3ed26ec03ba11dea143d147d4aef9eac76e06d827f4
h10-c4:held_out:tabular_credit:013:1516a183508f6f68,tabular_credit,equal_size_different_cost,B_GREEDY,"[""direct:2:h10-c4:held_out:tabular_credit:013:1516a183508f6f68:obligation:2"", ""local:partial_fast""]","[""direct:2:h10-c4:held_out:tabular_credit:013:1516a183508f6f68:obligation:2"", ""local:partial_fast""]",2,1,2,1,1,11,8.22850500117056,0.041991233825683594,0,0,0,full_success,True,True,PASS,3.127359631087198,3.127359631087198,0.5389719582353261,True,234016c28aa5548f322f38edb29e048f1e0b04fd8929175f9335df4a701e7293,c87de78b9e19b58f6d55a3ed26ec03ba11dea143d147d4aef9eac76e06d827f4
h10-c4:held_out:tabular_credit:013:1516a183508f6f68,tabular_credit,equal_size_different_cost,O_GLOBAL,"[""source:restore""]","[""source:restore""]",1,1,1,5,5,8,4.327911010477692,0.03759193420410156,0,0,0,full_success,True,True,PASS,2.9182495640264476,2.9182495640264476,0.5029337420960226,True,234016c28aa5548f322f38edb29e048f1e0b04fd8929175f9335df4a701e7293,c87de78b9e19b58f6d55a3ed26ec03ba11dea143d147d4aef9eac76e06d827f4
h10-c4:held_out:tabular_credit:014:0ff0db64e08423bb,tabular_credit,multiple_equal_optima,B_ALL,"[""direct:0:h10-c4:held_out:tabular_credit:014:0ff0db64e08423bb:obligation:0"", ""direct:1:h10-c4:held_out:tabular_credit:014:0ff0db64e08423bb:obligation:1"", ""direct:2:h10-c4:held_out:tabular_credit:014:0ff0db64e08423bb:obligation:2"", ""direct:3:h10-c4:held_out:tabular_credit:014:0ff0db64e08423bb:obligation:3""]","[""direct:0:h10-c4:held_out:tabular_credit:014:0ff0db64e08423bb:obligation:0"", ""direct:1:h10-c4:held_out:tabular_credit:014:0ff0db64e08423bb:obligation:1"", ""direct:2:h10-c4:held_out:tabular_credit:014:0ff0db64e08423bb:obligation:2"", ""direct:3:h10-c4:held_out:tabular_credit:014:0ff0db64e08423bb:obligation:3""]",4,4,4,6,2,17,16.841094999108464,0.05074596405029297,0,0,0,full_success,True,True,PASS,7.871759469228055,7.871759469228055,1.0,True,dca54d2e36998bac2af475b252e65e9371aa598c0f1a32ef0d1b92c594447bda,404cfaf72385801afa87caeb383e6321c8b121a23d9484ec82956883c3b72b48
h10-c4:held_out:tabular_credit:014:0ff0db64e08423bb,tabular_credit,multiple_equal_optima,B_FIRST,"[""direct:0:h10-c4:held_out:tabular_credit:014:0ff0db64e08423bb:obligation:0"", ""direct:1:h10-c4:held_out:tabular_credit:014:0ff0db64e08423bb:obligation:1"", ""direct:2:h10-c4:held_out:tabular_credit:014:0ff0db64e08423bb:obligation:2"", ""direct:3:h10-c4:held_out:tabular_credit:014:0ff0db64e08423bb:obligation:3""]","[""direct:0:h10-c4:held_out:tabular_credit:014:0ff0db64e08423bb:obligation:0"", ""direct:1:h10-c4:held_out:tabular_credit:014:0ff0db64e08423bb:obligation:1"", ""direct:2:h10-c4:held_out:tabular_credit:014:0ff0db64e08423bb:obligation:2"", ""direct:3:h10-c4:held_out:tabular_credit:014:0ff0db64e08423bb:obligation:3""]",4,4,4,6,2,17,17.052463997970335,0.05021190643310547,0,0,0,full_success,True,True,PASS,7.871759469228055,7.871759469228055,1.0,True,dca54d2e36998bac2af475b252e65e9371aa598c0f1a32ef0d1b92c594447bda,404cfaf72385801afa87caeb383e6321c8b121a23d9484ec82956883c3b72b48
h10-c4:held_out:tabular_credit:014:0ff0db64e08423bb,tabular_credit,multiple_equal_optima,B_GREEDY,"[""direct:3:h10-c4:held_out:tabular_credit:014:0ff0db64e08423bb:obligation:3"", ""local:partial_fast""]","[""direct:3:h10-c4:held_out:tabular_credit:014:0ff0db64e08423bb:obligation:3"", ""local:partial_fast""]",2,2,2,2,2,11,8.675208999193273,0.04752063751220703,0,0,0,full_success,True,True,PASS,3.3300921851412797,3.3300921851412797,0.42304292936784127,True,dca54d2e36998bac2af475b252e65e9371aa598c0f1a32ef0d1b92c594447bda,404cfaf72385801afa87caeb383e6321c8b121a23d9484ec82956883c3b72b48
h10-c4:held_out:tabular_credit:014:0ff0db64e08423bb,tabular_credit,multiple_equal_optima,O_GLOBAL,"[""source:restore""]","[""source:restore""]",1,1,1,6,6,8,4.357737008831464,0.04068183898925781,0,0,0,full_success,True,True,PASS,2.995324903940077,2.995324903940077,0.3805152984728857,True,dca54d2e36998bac2af475b252e65e9371aa598c0f1a32ef0d1b92c594447bda,404cfaf72385801afa87caeb383e6321c8b121a23d9484ec82956883c3b72b48
h10-c4:held_out:tabular_credit:015:f029146cbb889bf5,tabular_credit,downstream_does_not_fix_source,B_ALL,"[""direct:0:h10-c4:held_out:tabular_credit:015:f029146cbb889bf5:obligation:0"", ""direct:1:h10-c4:held_out:tabular_credit:015:f029146cbb889bf5:obligation:2"", ""direct:2:h10-c4:held_out:tabular_credit:015:f029146cbb889bf5:obligation:3""]","[""direct:0:h10-c4:held_out:tabular_credit:015:f029146cbb889bf5:obligation:0"", ""direct:1:h10-c4:held_out:tabular_credit:015:f029146cbb889bf5:obligation:2"", ""direct:2:h10-c4:held_out:tabular_credit:015:f029146cbb889bf5:obligation:3""]",3,3,3,4,2,14,13.019730991800316,0.04388904571533203,0,0,0,full_success,True,True,PASS,5.802453324894,5.802453324894,1.0,True,0a65f385443ed94bd0c1881a95d1d3c910de046b13a469f2fc41ccca59fcb50a,9112bdd506122b60a4ed6029e2d28406ee53878b10d36dc7b7f908640988de0b
h10-c4:held_out:tabular_credit:015:f029146cbb889bf5,tabular_credit,downstream_does_not_fix_source,B_FIRST,"[""direct:0:h10-c4:held_out:tabular_credit:015:f029146cbb889bf5:obligation:0"", ""direct:1:h10-c4:held_out:tabular_credit:015:f029146cbb889bf5:obligation:2"", ""direct:2:h10-c4:held_out:tabular_credit:015:f029146cbb889bf5:obligation:3""]","[""direct:0:h10-c4:held_out:tabular_credit:015:f029146cbb889bf5:obligation:0"", ""direct:1:h10-c4:held_out:tabular_credit:015:f029146cbb889bf5:obligation:2"", ""direct:2:h10-c4:held_out:tabular_credit:015:f029146cbb889bf5:obligation:3""]",3,3,3,4,2,14,12.395440993714146,0.04388904571533203,0,0,0,full_success,True,True,PASS,5.802453324894,5.802453324894,1.0,True,0a65f385443ed94bd0c1881a95d1d3c910de046b13a469f2fc41ccca59fcb50a,9112bdd506122b60a4ed6029e2d28406ee53878b10d36dc7b7f908640988de0b
h10-c4:held_out:tabular_credit:015:f029146cbb889bf5,tabular_credit,downstream_does_not_fix_source,B_GREEDY,"[""direct:2:h10-c4:held_out:tabular_credit:015:f029146cbb889bf5:obligation:3"", ""local:partial_fast""]","[""direct:2:h10-c4:held_out:tabular_credit:015:f029146cbb889bf5:obligation:3"", ""local:partial_fast""]",2,2,2,1,1,11,8.362136999494396,0.04210948944091797,0,0,0,full_success,True,True,PASS,3.127359631087198,3.127359631087198,0.5389719582353261,True,0a65f385443ed94bd0c1881a95d1d3c910de046b13a469f2fc41ccca59fcb50a,9112bdd506122b60a4ed6029e2d28406ee53878b10d36dc7b7f908640988de0b
h10-c4:held_out:tabular_credit:015:f029146cbb889bf5,tabular_credit,downstream_does_not_fix_source,O_GLOBAL,"[""source:restore""]","[""source:restore""]",1,1,1,2,2,8,4.324934998294339,0.03758049011230469,0,0,0,full_success,True,True,PASS,2.571675973746475,2.571675973746475,0.44320493931650107,True,0a65f385443ed94bd0c1881a95d1d3c910de046b13a469f2fc41ccca59fcb50a,9112bdd506122b60a4ed6029e2d28406ee53878b10d36dc7b7f908640988de0b
h10-c4:held_out:tabular_credit:016:c176c39bd74d9631,tabular_credit,secondary_critical_violation,B_ALL,"[""direct:0:h10-c4:held_out:tabular_credit:016:c176c39bd74d9631:obligation:0"", ""direct:1:h10-c4:held_out:tabular_credit:016:c176c39bd74d9631:obligation:1"", ""direct:2:h10-c4:held_out:tabular_credit:016:c176c39bd74d9631:obligation:2"", ""direct:3:h10-c4:held_out:tabular_credit:016:c176c39bd74d9631:obligation:3""]","[""direct:0:h10-c4:held_out:tabular_credit:016:c176c39bd74d9631:obligation:0"", ""direct:1:h10-c4:held_out:tabular_credit:016:c176c39bd74d9631:obligation:1"", ""direct:2:h10-c4:held_out:tabular_credit:016:c176c39bd74d9631:obligation:2"", ""direct:3:h10-c4:held_out:tabular_credit:016:c176c39bd74d9631:obligation:3""]",4,4,4,6,2,17,17.920504993526265,0.047641754150390625,0,0,0,full_success,True,True,PASS,7.871759469228055,7.871759469228055,1.0,True,b81feae3211e696f153c42c514cd406d4fe2fd62c4e25581f5622034c144f1f0,24ae0185e6dd840c9d7d24875ce3914869440c5241d0529e918714061df46824
h10-c4:held_out:tabular_credit:016:c176c39bd74d9631,tabular_credit,secondary_critical_violation,B_FIRST,"[""direct:0:h10-c4:held_out:tabular_credit:016:c176c39bd74d9631:obligation:0"", ""direct:1:h10-c4:held_out:tabular_credit:016:c176c39bd74d9631:obligation:1"", ""direct:2:h10-c4:held_out:tabular_credit:016:c176c39bd74d9631:obligation:2"", ""direct:3:h10-c4:held_out:tabular_credit:016:c176c39bd74d9631:obligation:3""]","[""direct:0:h10-c4:held_out:tabular_credit:016:c176c39bd74d9631:obligation:0"", ""direct:1:h10-c4:held_out:tabular_credit:016:c176c39bd74d9631:obligation:1"", ""direct:2:h10-c4:held_out:tabular_credit:016:c176c39bd74d9631:obligation:2"", ""direct:3:h10-c4:held_out:tabular_credit:016:c176c39bd74d9631:obligation:3""]",4,4,4,6,2,17,18.37738799804356,0.05021190643310547,0,0,0,full_success,True,True,PASS,7.871759469228055,7.871759469228055,1.0,True,b81feae3211e696f153c42c514cd406d4fe2fd62c4e25581f5622034c144f1f0,24ae0185e6dd840c9d7d24875ce3914869440c5241d0529e918714061df46824
h10-c4:held_out:tabular_credit:016:c176c39bd74d9631,tabular_credit,secondary_critical_violation,B_GREEDY,"[""local:partial_fast"", ""unsafe:shortcut""]","[""local:partial_fast"", ""unsafe:shortcut""]",2,1,2,0,0,11,9.556233009789139,0.043182373046875,1,0,0,partial_success,False,False,PASS,3.0115720816144496,4.7623581224216744,0.6049928406779299,False,b81feae3211e696f153c42c514cd406d4fe2fd62c4e25581f5622034c144f1f0,56c699efff27df5b459c6166b6d5693d5310db081dfd0e71df14ec2871f48f23
h10-c4:held_out:tabular_credit:016:c176c39bd74d9631,tabular_credit,secondary_critical_violation,O_GLOBAL,"[""source:restore""]","[""source:restore""]",1,1,1,3,3,8,4.546764001133852,0.04068183898925781,0,0,0,full_success,True,True,PASS,2.715517009972366,2.715517009972366,0.34496951038554324,True,b81feae3211e696f153c42c514cd406d4fe2fd62c4e25581f5622034c144f1f0,24ae0185e6dd840c9d7d24875ce3914869440c5241d0529e918714061df46824
h10-c4:held_out:tabular_credit:017:fabdbf36e9d5cc3d,tabular_credit,rollback_required,B_ALL,"[""direct:0:h10-c4:held_out:tabular_credit:017:fabdbf36e9d5cc3d:obligation:0"", ""direct:1:h10-c4:held_out:tabular_credit:017:fabdbf36e9d5cc3d:obligation:1"", ""direct:2:h10-c4:held_out:tabular_credit:017:fabdbf36e9d5cc3d:obligation:2"", ""direct:3:h10-c4:held_out:tabular_credit:017:fabdbf36e9d5cc3d:obligation:3""]","[""direct:0:h10-c4:held_out:tabular_credit:017:fabdbf36e9d5cc3d:obligation:0"", ""direct:1:h10-c4:held_out:tabular_credit:017:fabdbf36e9d5cc3d:obligation:1"", ""direct:2:h10-c4:held_out:tabular_credit:017:fabdbf36e9d5cc3d:obligation:2"", ""direct:3:h10-c4:held_out:tabular_credit:017:fabdbf36e9d5cc3d:obligation:3""]",4,4,4,6,2,17,16.91343999118544,0.05026531219482422,0,0,0,full_success,True,True,PASS,7.871759469228055,7.871759469228055,1.0,True,9751587e06ea52867ddb9d0c7b549dc504b6ada0741f5eccc6a8f7d5e4fe353d,8b74de08f6c07f5610a47afbf9717a0d897b0f1712691e7bc1ff6d46da3a6a2b
h10-c4:held_out:tabular_credit:017:fabdbf36e9d5cc3d,tabular_credit,rollback_required,B_FIRST,"[""direct:0:h10-c4:held_out:tabular_credit:017:fabdbf36e9d5cc3d:obligation:0"", ""direct:1:h10-c4:held_out:tabular_credit:017:fabdbf36e9d5cc3d:obligation:1"", ""direct:2:h10-c4:held_out:tabular_credit:017:fabdbf36e9d5cc3d:obligation:2"", ""direct:3:h10-c4:held_out:tabular_credit:017:fabdbf36e9d5cc3d:obligation:3""]","[""direct:0:h10-c4:held_out:tabular_credit:017:fabdbf36e9d5cc3d:obligation:0"", ""direct:1:h10-c4:held_out:tabular_credit:017:fabdbf36e9d5cc3d:obligation:1"", ""direct:2:h10-c4:held_out:tabular_credit:017:fabdbf36e9d5cc3d:obligation:2"", ""direct:3:h10-c4:held_out:tabular_credit:017:fabdbf36e9d5cc3d:obligation:3""]",4,4,4,6,2,17,16.940251996857114,0.05021190643310547,0,0,0,full_success,True,True,PASS,7.871759469228055,7.871759469228055,1.0,True,9751587e06ea52867ddb9d0c7b549dc504b6ada0741f5eccc6a8f7d5e4fe353d,8b74de08f6c07f5610a47afbf9717a0d897b0f1712691e7bc1ff6d46da3a6a2b
h10-c4:held_out:tabular_credit:017:fabdbf36e9d5cc3d,tabular_credit,rollback_required,B_GREEDY,"[""local:partial_fast"", ""unsafe:shortcut""]","[""local:partial_fast"", ""unsafe:shortcut""]",2,1,2,0,0,11,9.35738800035324,0.043182373046875,1,0,0,partial_success,False,False,PASS,3.0115720816144496,4.7623581224216744,0.6049928406779299,False,9751587e06ea52867ddb9d0c7b549dc504b6ada0741f5eccc6a8f7d5e4fe353d,c53fad0d6646d35e4f144edb92974f259311e03d73247257bb611e8d49afc77f
h10-c4:held_out:tabular_credit:017:fabdbf36e9d5cc3d,tabular_credit,rollback_required,O_GLOBAL,"[""source:restore""]","[""source:restore""]",1,1,1,4,4,8,4.426067011081614,0.04068183898925781,0,0,0,full_success,True,True,PASS,2.8270887856294706,2.8270887856294706,0.35914318732438477,True,9751587e06ea52867ddb9d0c7b549dc504b6ada0741f5eccc6a8f7d5e4fe353d,8b74de08f6c07f5610a47afbf9717a0d897b0f1712691e7bc1ff6d46da3a6a2b
h10-c4:held_out:tabular_credit:018:3213679dde2438ce,tabular_credit,variable_dependency_fanout,B_ALL,"[""direct:0:h10-c4:held_out:tabular_credit:018:3213679dde2438ce:obligation:0"", ""direct:1:h10-c4:held_out:tabular_credit:018:3213679dde2438ce:obligation:1"", ""direct:2:h10-c4:held_out:tabular_credit:018:3213679dde2438ce:obligation:2"", ""direct:3:h10-c4:held_out:tabular_credit:018:3213679dde2438ce:obligation:3""]","[""direct:0:h10-c4:held_out:tabular_credit:018:3213679dde2438ce:obligation:0"", ""direct:1:h10-c4:held_out:tabular_credit:018:3213679dde2438ce:obligation:1"", ""direct:2:h10-c4:held_out:tabular_credit:018:3213679dde2438ce:obligation:2"", ""direct:3:h10-c4:held_out:tabular_credit:018:3213679dde2438ce:obligation:3""]",4,4,4,11,7,17,17.74354999361094,0.05026531219482422,0,0,0,full_success,True,True,PASS,8.362174095733918,8.362174095733918,1.0,True,4a773447d576463e9667b8a5dfc5c649d448bcd9403fd352625b74fe31863b88,f882d69a583c006e5b4c3ddc50fa957ed6650695ebb4ce513908ad66489495aa
h10-c4:held_out:tabular_credit:018:3213679dde2438ce,tabular_credit,variable_dependency_fanout,B_FIRST,"[""direct:0:h10-c4:held_out:tabular_credit:018:3213679dde2438ce:obligation:0"", ""direct:1:h10-c4:held_out:tabular_credit:018:3213679dde2438ce:obligation:1"", ""direct:2:h10-c4:held_out:tabular_credit:018:3213679dde2438ce:obligation:2"", ""direct:3:h10-c4:held_out:tabular_credit:018:3213679dde2438ce:obligation:3""]","[""direct:0:h10-c4:held_out:tabular_credit:018:3213679dde2438ce:obligation:0"", ""direct:1:h10-c4:held_out:tabular_credit:018:3213679dde2438ce:obligation:1"", ""direct:2:h10-c4:held_out:tabular_credit:018:3213679dde2438ce:obligation:2"", ""direct:3:h10-c4:held_out:tabular_credit:018:3213679dde2438ce:obligation:3""]",4,4,4,11,7,17,16.843139004777186,0.05021190643310547,0,0,0,full_success,True,True,PASS,8.362174095733918,8.362174095733918,1.0,True,4a773447d576463e9667b8a5dfc5c649d448bcd9403fd352625b74fe31863b88,f882d69a583c006e5b4c3ddc50fa957ed6650695ebb4ce513908ad66489495aa
h10-c4:held_out:tabular_credit:018:3213679dde2438ce,tabular_credit,variable_dependency_fanout,B_GREEDY,"[""direct:3:h10-c4:held_out:tabular_credit:018:3213679dde2438ce:obligation:3"", ""local:partial_fast""]","[""direct:3:h10-c4:held_out:tabular_credit:018:3213679dde2438ce:obligation:3"", ""local:partial_fast""]",2,2,2,2,2,11,8.750399996642955,0.04758167266845703,0,0,0,full_success,True,True,PASS,3.3300921851412797,3.3300921851412797,0.3982328216342893,True,4a773447d576463e9667b8a5dfc5c649d448bcd9403fd352625b74fe31863b88,f882d69a583c006e5b4c3ddc50fa957ed6650695ebb4ce513908ad66489495aa
h10-c4:held_out:tabular_credit:018:3213679dde2438ce,tabular_credit,variable_dependency_fanout,O_GLOBAL,"[""source:restore""]","[""source:restore""]",1,1,1,5,5,8,4.585848990245722,0.04068183898925781,0,0,0,full_success,True,True,PASS,2.9182495640264476,2.9182495640264476,0.3489821583020179,True,4a773447d576463e9667b8a5dfc5c649d448bcd9403fd352625b74fe31863b88,f882d69a583c006e5b4c3ddc50fa957ed6650695ebb4ce513908ad66489495aa
h10-c4:held_out:tabular_credit:019:24b434d5a71099d1,tabular_credit,repair_all_touches_more_components,B_ALL,"[""direct:0:h10-c4:held_out:tabular_credit:019:24b434d5a71099d1:obligation:0"", ""direct:1:h10-c4:held_out:tabular_credit:019:24b434d5a71099d1:obligation:1"", ""direct:2:h10-c4:held_out:tabular_credit:019:24b434d5a71099d1:obligation:2"", ""direct:3:h10-c4:held_out:tabular_credit:019:24b434d5a71099d1:obligation:3""]","[""direct:0:h10-c4:held_out:tabular_credit:019:24b434d5a71099d1:obligation:0"", ""direct:1:h10-c4:held_out:tabular_credit:019:24b434d5a71099d1:obligation:1"", ""direct:2:h10-c4:held_out:tabular_credit:019:24b434d5a71099d1:obligation:2"", ""direct:3:h10-c4:held_out:tabular_credit:019:24b434d5a71099d1:obligation:3""]",4,4,4,6,2,17,17.27355198818259,0.05021190643310547,0,0,0,full_success,True,True,PASS,7.871759469228055,7.871759469228055,1.0,True,8fb50fa32ad92e00d7ac53aa8b70d317a2dbc380c175f63e8eb017383e8d85a8,8122e3cccc4ea0e1ebb141778839ae0814288215821572c1d3e0501b2e5ab99f
h10-c4:held_out:tabular_credit:019:24b434d5a71099d1,tabular_credit,repair_all_touches_more_components,B_FIRST,"[""direct:0:h10-c4:held_out:tabular_credit:019:24b434d5a71099d1:obligation:0"", ""direct:1:h10-c4:held_out:tabular_credit:019:24b434d5a71099d1:obligation:1"", ""direct:2:h10-c4:held_out:tabular_credit:019:24b434d5a71099d1:obligation:2"", ""direct:3:h10-c4:held_out:tabular_credit:019:24b434d5a71099d1:obligation:3""]","[""direct:0:h10-c4:held_out:tabular_credit:019:24b434d5a71099d1:obligation:0"", ""direct:1:h10-c4:held_out:tabular_credit:019:24b434d5a71099d1:obligation:1"", ""direct:2:h10-c4:held_out:tabular_credit:019:24b434d5a71099d1:obligation:2"", ""direct:3:h10-c4:held_out:tabular_credit:019:24b434d5a71099d1:obligation:3""]",4,4,4,6,2,17,17.97717199951876,0.05021190643310547,0,0,0,full_success,True,True,PASS,7.871759469228055,7.871759469228055,1.0,True,8fb50fa32ad92e00d7ac53aa8b70d317a2dbc380c175f63e8eb017383e8d85a8,8122e3cccc4ea0e1ebb141778839ae0814288215821572c1d3e0501b2e5ab99f
h10-c4:held_out:tabular_credit:019:24b434d5a71099d1,tabular_credit,repair_all_touches_more_components,B_GREEDY,"[""direct:3:h10-c4:held_out:tabular_credit:019:24b434d5a71099d1:obligation:3"", ""local:partial_fast""]","[""direct:3:h10-c4:held_out:tabular_credit:019:24b434d5a71099d1:obligation:3"", ""local:partial_fast""]",2,2,2,2,2,11,9.022654994623736,0.04773426055908203,0,0,0,full_success,True,True,PASS,3.3300921851412797,3.3300921851412797,0.42304292936784127,True,8fb50fa32ad92e00d7ac53aa8b70d317a2dbc380c175f63e8eb017383e8d85a8,8122e3cccc4ea0e1ebb141778839ae0814288215821572c1d3e0501b2e5ab99f
h10-c4:held_out:tabular_credit:019:24b434d5a71099d1,tabular_credit,repair_all_touches_more_components,O_GLOBAL,"[""source:restore""]","[""source:restore""]",1,1,1,6,6,8,4.681890000938438,0.04068183898925781,0,0,0,full_success,True,True,PASS,2.995324903940077,2.995324903940077,0.3805152984728857,True,8fb50fa32ad92e00d7ac53aa8b70d317a2dbc380c175f63e8eb017383e8d85a8,8122e3cccc4ea0e1ebb141778839ae0814288215821572c1d3e0501b2e5ab99f
h10-c4:held_out:tabular_energy:000:d2be988a9f81c582,tabular_energy,single_local_unique,B_ALL,"[""direct:0:h10-c4:held_out:tabular_energy:000:d2be988a9f81c582:obligation:0""]","[""direct:0:h10-c4:held_out:tabular_energy:000:d2be988a9f81c582:obligation:0""]",1,1,1,1,1,8,4.183197001111694,0.030992507934570312,0,0,0,full_success,True,True,PASS,1.8665735902799727,1.8665735902799727,1.0,True,402ed9719514236242d8dd951cd1248cba77ae4a1c164e006f502be8074a1dcc,2828463c9c2bdb2e7d043f583ad63897d0def5d7ce2483c4e8ee7069c89bafd5
h10-c4:held_out:tabular_energy:000:d2be988a9f81c582,tabular_energy,single_local_unique,B_FIRST,"[""direct:0:h10-c4:held_out:tabular_energy:000:d2be988a9f81c582:obligation:0""]","[""direct:0:h10-c4:held_out:tabular_energy:000:d2be988a9f81c582:obligation:0""]",1,1,1,1,1,8,4.207994003081694,0.030992507934570312,0,0,0,full_success,True,True,PASS,1.8665735902799727,1.8665735902799727,1.0,True,402ed9719514236242d8dd951cd1248cba77ae4a1c164e006f502be8074a1dcc,2828463c9c2bdb2e7d043f583ad63897d0def5d7ce2483c4e8ee7069c89bafd5
h10-c4:held_out:tabular_energy:000:d2be988a9f81c582,tabular_energy,single_local_unique,B_GREEDY,"[""direct:0:h10-c4:held_out:tabular_energy:000:d2be988a9f81c582:obligation:0""]","[""direct:0:h10-c4:held_out:tabular_energy:000:d2be988a9f81c582:obligation:0""]",1,1,1,1,1,8,4.152959998464212,0.030992507934570312,0,0,0,full_success,True,True,PASS,1.8665735902799727,1.8665735902799727,1.0,True,402ed9719514236242d8dd951cd1248cba77ae4a1c164e006f502be8074a1dcc,2828463c9c2bdb2e7d043f583ad63897d0def5d7ce2483c4e8ee7069c89bafd5
h10-c4:held_out:tabular_energy:000:d2be988a9f81c582,tabular_energy,single_local_unique,O_GLOBAL,"[""direct:0:h10-c4:held_out:tabular_energy:000:d2be988a9f81c582:obligation:0""]","[""direct:0:h10-c4:held_out:tabular_energy:000:d2be988a9f81c582:obligation:0""]",1,1,1,1,1,8,4.1560160025255755,0.030992507934570312,0,0,0,full_success,True,True,PASS,1.8665735902799727,1.8665735902799727,1.0,True,402ed9719514236242d8dd951cd1248cba77ae4a1c164e006f502be8074a1dcc,2828463c9c2bdb2e7d043f583ad63897d0def5d7ce2483c4e8ee7069c89bafd5
h10-c4:held_out:tabular_energy:001:e7e25ada5e355871,tabular_energy,independent_multiple,B_ALL,"[""direct:0:h10-c4:held_out:tabular_energy:001:e7e25ada5e355871:obligation:0"", ""direct:1:h10-c4:held_out:tabular_energy:001:e7e25ada5e355871:obligation:1""]","[""direct:0:h10-c4:held_out:tabular_energy:001:e7e25ada5e355871:obligation:0"", ""direct:1:h10-c4:held_out:tabular_energy:001:e7e25ada5e355871:obligation:1""]",2,2,2,3,2,11,8.958483987953514,0.03772735595703125,0,0,0,full_success,True,True,PASS,3.9358797346140273,3.9358797346140273,1.0,True,e4a0328eb3c72046cfddaef1f4138107eca6e401f8cc7a7d8ed17e42432f798d,72aa234d69979ec2be0db13b73fd2f307c5094da53bd6ccfe38bfd8dab2cffe7
h10-c4:held_out:tabular_energy:001:e7e25ada5e355871,tabular_energy,independent_multiple,B_FIRST,"[""direct:0:h10-c4:held_out:tabular_energy:001:e7e25ada5e355871:obligation:0"", ""direct:1:h10-c4:held_out:tabular_energy:001:e7e25ada5e355871:obligation:1""]","[""direct:0:h10-c4:held_out:tabular_energy:001:e7e25ada5e355871:obligation:0"", ""direct:1:h10-c4:held_out:tabular_energy:001:e7e25ada5e355871:obligation:1""]",2,2,2,3,2,11,8.782912002061494,0.03754425048828125,0,0,0,full_success,True,True,PASS,3.9358797346140273,3.9358797346140273,1.0,True,e4a0328eb3c72046cfddaef1f4138107eca6e401f8cc7a7d8ed17e42432f798d,72aa234d69979ec2be0db13b73fd2f307c5094da53bd6ccfe38bfd8dab2cffe7
h10-c4:held_out:tabular_energy:001:e7e25ada5e355871,tabular_energy,independent_multiple,B_GREEDY,"[""source:restore""]","[""source:restore""]",1,1,1,3,3,8,4.739859999972396,0.03432273864746094,0,0,0,full_success,True,True,PASS,2.715517009972366,2.715517009972366,0.6899390207710865,True,e4a0328eb3c72046cfddaef1f4138107eca6e401f8cc7a7d8ed17e42432f798d,72aa234d69979ec2be0db13b73fd2f307c5094da53bd6ccfe38bfd8dab2cffe7
h10-c4:held_out:tabular_energy:001:e7e25ada5e355871,tabular_energy,independent_multiple,O_GLOBAL,"[""source:restore""]","[""source:restore""]",1,1,1,3,3,8,4.39878499309998,0.03432273864746094,0,0,0,full_success,True,True,PASS,2.715517009972366,2.715517009972366,0.6899390207710865,True,e4a0328eb3c72046cfddaef1f4138107eca6e401f8cc7a7d8ed17e42432f798d,72aa234d69979ec2be0db13b73fd2f307c5094da53bd6ccfe38bfd8dab2cffe7
h10-c4:held_out:tabular_energy:002:00d3619f92f7e4f1,tabular_energy,shared_source_downstream,B_ALL,"[""direct:0:h10-c4:held_out:tabular_energy:002:00d3619f92f7e4f1:obligation:2"", ""direct:1:h10-c4:held_out:tabular_energy:002:00d3619f92f7e4f1:obligation:3""]","[""direct:0:h10-c4:held_out:tabular_energy:002:00d3619f92f7e4f1:obligation:2"", ""direct:1:h10-c4:held_out:tabular_energy:002:00d3619f92f7e4f1:obligation:3""]",2,2,2,3,2,11,8.349353010999039,0.03761005401611328,0,0,0,full_success,True,True,PASS,3.9358797346140273,3.9358797346140273,1.0,True,d0e202dd0280e531009fc48c069cfaecad652e1b7ea9c18dd26662c11b0d44ca,274fcd645717ccc07290997efd312c985d6442b224332637dece13647657791b
h10-c4:held_out:tabular_energy:002:00d3619f92f7e4f1,tabular_energy,shared_source_downstream,B_FIRST,"[""direct:0:h10-c4:held_out:tabular_energy:002:00d3619f92f7e4f1:obligation:2"", ""direct:1:h10-c4:held_out:tabular_energy:002:00d3619f92f7e4f1:obligation:3""]","[""direct:0:h10-c4:held_out:tabular_energy:002:00d3619f92f7e4f1:obligation:2"", ""direct:1:h10-c4:held_out:tabular_energy:002:00d3619f92f7e4f1:obligation:3""]",2,2,2,3,2,11,8.188619001884945,0.03761005401611328,0,0,0,full_success,True,True,PASS,3.9358797346140273,3.9358797346140273,1.0,True,d0e202dd0280e531009fc48c069cfaecad652e1b7ea9c18dd26662c11b0d44ca,274fcd645717ccc07290997efd312c985d6442b224332637dece13647657791b
h10-c4:held_out:tabular_energy:002:00d3619f92f7e4f1,tabular_energy,shared_source_downstream,B_GREEDY,"[""source:restore""]","[""source:restore""]",1,1,1,4,4,8,4.236427994328551,0.034354209899902344,0,0,0,full_success,True,True,PASS,2.8270887856294706,2.8270887856294706,0.7182863746487695,True,d0e202dd0280e531009fc48c069cfaecad652e1b7ea9c18dd26662c11b0d44ca,274fcd645717ccc07290997efd312c985d6442b224332637dece13647657791b
h10-c4:held_out:tabular_energy:002:00d3619f92f7e4f1,tabular_energy,shared_source_downstream,O_GLOBAL,"[""source:restore""]","[""source:restore""]",1,1,1,4,4,8,4.380319995107129,0.034354209899902344,0,0,0,full_success,True,True,PASS,2.8270887856294706,2.8270887856294706,0.7182863746487695,True,d0e202dd0280e531009fc48c069cfaecad652e1b7ea9c18dd26662c11b0d44ca,274fcd645717ccc07290997efd312c985d6442b224332637dece13647657791b
h10-c4:held_out:tabular_energy:003:3ac6ab7a5458c48f,tabular_energy,equal_size_different_cost,B_ALL,"[""direct:0:h10-c4:held_out:tabular_energy:003:3ac6ab7a5458c48f:obligation:0"", ""direct:1:h10-c4:held_out:tabular_energy:003:3ac6ab7a5458c48f:obligation:1"", ""direct:2:h10-c4:held_out:tabular_energy:003:3ac6ab7a5458c48f:obligation:2""]","[""direct:0:h10-c4:held_out:tabular_energy:003:3ac6ab7a5458c48f:obligation:0"", ""direct:1:h10-c4:held_out:tabular_energy:003:3ac6ab7a5458c48f:obligation:1"", ""direct:2:h10-c4:held_out:tabular_energy:003:3ac6ab7a5458c48f:obligation:2""]",3,3,3,4,2,14,12.877722998382524,0.04398632049560547,0,0,0,full_success,True,True,PASS,5.802453324894,5.802453324894,1.0,True,577a5d7234c98c8fd7161eba11e10c7ee4b7865ba5008efe8c44e87be5dd09eb,7a4bedbf340fb08c0823e2a2cca279f92544afefb522aa699b5081f251f51c52
h10-c4:held_out:tabular_energy:003:3ac6ab7a5458c48f,tabular_energy,equal_size_different_cost,B_FIRST,"[""direct:0:h10-c4:held_out:tabular_energy:003:3ac6ab7a5458c48f:obligation:0"", ""direct:1:h10-c4:held_out:tabular_energy:003:3ac6ab7a5458c48f:obligation:1"", ""direct:2:h10-c4:held_out:tabular_energy:003:3ac6ab7a5458c48f:obligation:2""]","[""direct:0:h10-c4:held_out:tabular_energy:003:3ac6ab7a5458c48f:obligation:0"", ""direct:1:h10-c4:held_out:tabular_energy:003:3ac6ab7a5458c48f:obligation:1"", ""direct:2:h10-c4:held_out:tabular_energy:003:3ac6ab7a5458c48f:obligation:2""]",3,3,3,4,2,14,13.06450500851497,0.04393291473388672,0,0,0,full_success,True,True,PASS,5.802453324894,5.802453324894,1.0,True,577a5d7234c98c8fd7161eba11e10c7ee4b7865ba5008efe8c44e87be5dd09eb,7a4bedbf340fb08c0823e2a2cca279f92544afefb522aa699b5081f251f51c52
h10-c4:held_out:tabular_energy:003:3ac6ab7a5458c48f,tabular_energy,equal_size_different_cost,B_GREEDY,"[""direct:2:h10-c4:held_out:tabular_energy:003:3ac6ab7a5458c48f:obligation:2"", ""local:partial_fast""]","[""direct:2:h10-c4:held_out:tabular_energy:003:3ac6ab7a5458c48f:obligation:2"", ""local:partial_fast""]",2,1,2,1,1,11,8.62449299893342,0.04205608367919922,0,0,0,full_success,True,True,PASS,3.127359631087198,3.127359631087198,0.5389719582353261,True,577a5d7234c98c8fd7161eba11e10c7ee4b7865ba5008efe8c44e87be5dd09eb,7a4bedbf340fb08c0823e2a2cca279f92544afefb522aa699b5081f251f51c52
h10-c4:held_out:tabular_energy:003:3ac6ab7a5458c48f,tabular_energy,equal_size_different_cost,O_GLOBAL,"[""source:restore""]","[""source:restore""]",1,1,1,5,5,8,4.318904000683688,0.03764533996582031,0,0,0,full_success,True,True,PASS,2.9182495640264476,2.9182495640264476,0.5029337420960226,True,577a5d7234c98c8fd7161eba11e10c7ee4b7865ba5008efe8c44e87be5dd09eb,7a4bedbf340fb08c0823e2a2cca279f92544afefb522aa699b5081f251f51c52
h10-c4:held_out:tabular_energy:004:7a3c97b90afc524e,tabular_energy,multiple_equal_optima,B_ALL,"[""direct:0:h10-c4:held_out:tabular_energy:004:7a3c97b90afc524e:obligation:0"", ""direct:1:h10-c4:held_out:tabular_energy:004:7a3c97b90afc524e:obligation:1"", ""direct:2:h10-c4:held_out:tabular_energy:004:7a3c97b90afc524e:obligation:2"", ""direct:3:h10-c4:held_out:tabular_energy:004:7a3c97b90afc524e:obligation:3""]","[""direct:0:h10-c4:held_out:tabular_energy:004:7a3c97b90afc524e:obligation:0"", ""direct:1:h10-c4:held_out:tabular_energy:004:7a3c97b90afc524e:obligation:1"", ""direct:2:h10-c4:held_out:tabular_energy:004:7a3c97b90afc524e:obligation:2"", ""direct:3:h10-c4:held_out:tabular_energy:004:7a3c97b90afc524e:obligation:3""]",4,4,4,6,2,17,16.986139002256095,0.050789833068847656,0,0,0,full_success,True,True,PASS,7.871759469228055,7.871759469228055,1.0,True,08b91f9227c560ccf0e12b4e84c1701eee10c747475677fc4faedbeff0229943,47a3a6c82f124f2a92588e158c08cd4c4588b0cf7bf4750d2014e07dee8c8ce4
h10-c4:held_out:tabular_energy:004:7a3c97b90afc524e,tabular_energy,multiple_equal_optima,B_FIRST,"[""direct:0:h10-c4:held_out:tabular_energy:004:7a3c97b90afc524e:obligation:0"", ""direct:1:h10-c4:held_out:tabular_energy:004:7a3c97b90afc524e:obligation:1"", ""direct:2:h10-c4:held_out:tabular_energy:004:7a3c97b90afc524e:obligation:2"", ""direct:3:h10-c4:held_out:tabular_energy:004:7a3c97b90afc524e:obligation:3""]","[""direct:0:h10-c4:held_out:tabular_energy:004:7a3c97b90afc524e:obligation:0"", ""direct:1:h10-c4:held_out:tabular_energy:004:7a3c97b90afc524e:obligation:1"", ""direct:2:h10-c4:held_out:tabular_energy:004:7a3c97b90afc524e:obligation:2"", ""direct:3:h10-c4:held_out:tabular_energy:004:7a3c97b90afc524e:obligation:3""]",4,4,4,6,2,17,17.07277199602686,0.050255775451660156,0,0,0,full_success,True,True,PASS,7.871759469228055,7.871759469228055,1.0,True,08b91f9227c560ccf0e12b4e84c1701eee10c747475677fc4faedbeff0229943,47a3a6c82f124f2a92588e158c08cd4c4588b0cf7bf4750d2014e07dee8c8ce4
h10-c4:held_out:tabular_energy:004:7a3c97b90afc524e,tabular_energy,multiple_equal_optima,B_GREEDY,"[""direct:3:h10-c4:held_out:tabular_energy:004:7a3c97b90afc524e:obligation:3"", ""local:partial_fast""]","[""direct:3:h10-c4:held_out:tabular_energy:004:7a3c97b90afc524e:obligation:3"", ""local:partial_fast""]",2,2,2,2,2,11,8.612981007900089,0.047593116760253906,0,0,0,full_success,True,True,PASS,3.3300921851412797,3.3300921851412797,0.42304292936784127,True,08b91f9227c560ccf0e12b4e84c1701eee10c747475677fc4faedbeff0229943,47a3a6c82f124f2a92588e158c08cd4c4588b0cf7bf4750d2014e07dee8c8ce4
h10-c4:held_out:tabular_energy:004:7a3c97b90afc524e,tabular_energy,multiple_equal_optima,O_GLOBAL,"[""source:restore""]","[""source:restore""]",1,1,1,6,6,8,4.492571999435313,0.04073905944824219,0,0,0,full_success,True,True,PASS,2.995324903940077,2.995324903940077,0.3805152984728857,True,08b91f9227c560ccf0e12b4e84c1701eee10c747475677fc4faedbeff0229943,47a3a6c82f124f2a92588e158c08cd4c4588b0cf7bf4750d2014e07dee8c8ce4
h10-c4:held_out:tabular_energy:005:4c77fc22f0ac1bc1,tabular_energy,downstream_does_not_fix_source,B_ALL,"[""direct:0:h10-c4:held_out:tabular_energy:005:4c77fc22f0ac1bc1:obligation:0"", ""direct:1:h10-c4:held_out:tabular_energy:005:4c77fc22f0ac1bc1:obligation:2"", ""direct:2:h10-c4:held_out:tabular_energy:005:4c77fc22f0ac1bc1:obligation:3""]","[""direct:0:h10-c4:held_out:tabular_energy:005:4c77fc22f0ac1bc1:obligation:0"", ""direct:1:h10-c4:held_out:tabular_energy:005:4c77fc22f0ac1bc1:obligation:2"", ""direct:2:h10-c4:held_out:tabular_energy:005:4c77fc22f0ac1bc1:obligation:3""]",3,3,3,4,2,14,12.752175010973588,0.04393291473388672,0,0,0,full_success,True,True,PASS,5.802453324894,5.802453324894,1.0,True,127622b1f069cb81a135fd14368f9274e8fbd7e2e29c99e5811833534b92affb,de8764084297d7f2fa8433615dc3972c945587f5a356954ce74ea9c7ed7855e9
h10-c4:held_out:tabular_energy:005:4c77fc22f0ac1bc1,tabular_energy,downstream_does_not_fix_source,B_FIRST,"[""direct:0:h10-c4:held_out:tabular_energy:005:4c77fc22f0ac1bc1:obligation:0"", ""direct:1:h10-c4:held_out:tabular_energy:005:4c77fc22f0ac1bc1:obligation:2"", ""direct:2:h10-c4:held_out:tabular_energy:005:4c77fc22f0ac1bc1:obligation:3""]","[""direct:0:h10-c4:held_out:tabular_energy:005:4c77fc22f0ac1bc1:obligation:0"", ""direct:1:h10-c4:held_out:tabular_energy:005:4c77fc22f0ac1bc1:obligation:2"", ""direct:2:h10-c4:held_out:tabular_energy:005:4c77fc22f0ac1bc1:obligation:3""]",3,3,3,4,2,14,12.838117007049732,0.04393291473388672,0,0,0,full_success,True,True,PASS,5.802453324894,5.802453324894,1.0,True,127622b1f069cb81a135fd14368f9274e8fbd7e2e29c99e5811833534b92affb,de8764084297d7f2fa8433615dc3972c945587f5a356954ce74ea9c7ed7855e9
h10-c4:held_out:tabular_energy:005:4c77fc22f0ac1bc1,tabular_energy,downstream_does_not_fix_source,B_GREEDY,"[""direct:2:h10-c4:held_out:tabular_energy:005:4c77fc22f0ac1bc1:obligation:3"", ""local:partial_fast""]","[""direct:2:h10-c4:held_out:tabular_energy:005:4c77fc22f0ac1bc1:obligation:3"", ""local:partial_fast""]",2,2,2,1,1,11,8.368288996280171,0.04218578338623047,0,0,0,full_success,True,True,PASS,3.127359631087198,3.127359631087198,0.5389719582353261,True,127622b1f069cb81a135fd14368f9274e8fbd7e2e29c99e5811833534b92affb,de8764084297d7f2fa8433615dc3972c945587f5a356954ce74ea9c7ed7855e9
h10-c4:held_out:tabular_energy:005:4c77fc22f0ac1bc1,tabular_energy,downstream_does_not_fix_source,O_GLOBAL,"[""source:restore""]","[""source:restore""]",1,1,1,2,2,8,4.413642003783025,0.03763771057128906,0,0,0,full_success,True,True,PASS,2.571675973746475,2.571675973746475,0.44320493931650107,True,127622b1f069cb81a135fd14368f9274e8fbd7e2e29c99e5811833534b92affb,de8764084297d7f2fa8433615dc3972c945587f5a356954ce74ea9c7ed7855e9
h10-c4:held_out:tabular_energy:006:7661f32ffef50639,tabular_energy,secondary_critical_violation,B_ALL,"[""direct:0:h10-c4:held_out:tabular_energy:006:7661f32ffef50639:obligation:0"", ""direct:1:h10-c4:held_out:tabular_energy:006:7661f32ffef50639:obligation:1"", ""direct:2:h10-c4:held_out:tabular_energy:006:7661f32ffef50639:obligation:2"", ""direct:3:h10-c4:held_out:tabular_energy:006:7661f32ffef50639:obligation:3""]","[""direct:0:h10-c4:held_out:tabular_energy:006:7661f32ffef50639:obligation:0"", ""direct:1:h10-c4:held_out:tabular_energy:006:7661f32ffef50639:obligation:1"", ""direct:2:h10-c4:held_out:tabular_energy:006:7661f32ffef50639:obligation:2"", ""direct:3:h10-c4:held_out:tabular_energy:006:7661f32ffef50639:obligation:3""]",4,4,4,6,2,17,16.93832800083328,0.050362586975097656,0,0,0,full_success,True,True,PASS,7.871759469228055,7.871759469228055,1.0,True,2290374e119356d26c5bedceca4bea1eb93fc38ee1153b80b4c75cacfb5611e2,7684a79091850e155e64bb1979b4447e98ce8c6507d5328160fdd3d306235619
h10-c4:held_out:tabular_energy:006:7661f32ffef50639,tabular_energy,secondary_critical_violation,B_FIRST,"[""direct:0:h10-c4:held_out:tabular_energy:006:7661f32ffef50639:obligation:0"", ""direct:1:h10-c4:held_out:tabular_energy:006:7661f32ffef50639:obligation:1"", ""direct:2:h10-c4:held_out:tabular_energy:006:7661f32ffef50639:obligation:2"", ""direct:3:h10-c4:held_out:tabular_energy:006:7661f32ffef50639:obligation:3""]","[""direct:0:h10-c4:held_out:tabular_energy:006:7661f32ffef50639:obligation:0"", ""direct:1:h10-c4:held_out:tabular_energy:006:7661f32ffef50639:obligation:1"", ""direct:2:h10-c4:held_out:tabular_energy:006:7661f32ffef50639:obligation:2"", ""direct:3:h10-c4:held_out:tabular_energy:006:7661f32ffef50639:obligation:3""]",4,4,4,6,2,17,17.015363002428785,0.050255775451660156,0,0,0,full_success,True,True,PASS,7.871759469228055,7.871759469228055,1.0,True,2290374e119356d26c5bedceca4bea1eb93fc38ee1153b80b4c75cacfb5611e2,7684a79091850e155e64bb1979b4447e98ce8c6507d5328160fdd3d306235619
h10-c4:held_out:tabular_energy:006:7661f32ffef50639,tabular_energy,secondary_critical_violation,B_GREEDY,"[""local:partial_fast"", ""unsafe:shortcut""]","[""local:partial_fast"", ""unsafe:shortcut""]",2,1,2,0,0,11,9.65744499990251,0.043243408203125,1,0,0,partial_success,False,False,PASS,3.0115720816144496,4.7623581224216744,0.6049928406779299,False,2290374e119356d26c5bedceca4bea1eb93fc38ee1153b80b4c75cacfb5611e2,4959f20dbe82d71bf4b7cc2a5a8f04361e568dedb9302309aa4d9f46e2b4d601
h10-c4:held_out:tabular_energy:006:7661f32ffef50639,tabular_energy,secondary_critical_violation,O_GLOBAL,"[""source:restore""]","[""source:restore""]",1,1,1,3,3,8,4.406909996760078,0.04073905944824219,0,0,0,full_success,True,True,PASS,2.715517009972366,2.715517009972366,0.34496951038554324,True,2290374e119356d26c5bedceca4bea1eb93fc38ee1153b80b4c75cacfb5611e2,7684a79091850e155e64bb1979b4447e98ce8c6507d5328160fdd3d306235619
h10-c4:held_out:tabular_energy:007:d200887372f81aa2,tabular_energy,rollback_required,B_ALL,"[""direct:0:h10-c4:held_out:tabular_energy:007:d200887372f81aa2:obligation:0"", ""direct:1:h10-c4:held_out:tabular_energy:007:d200887372f81aa2:obligation:1"", ""direct:2:h10-c4:held_out:tabular_energy:007:d200887372f81aa2:obligation:2"", ""direct:3:h10-c4:held_out:tabular_energy:007:d200887372f81aa2:obligation:3""]","[""direct:0:h10-c4:held_out:tabular_energy:007:d200887372f81aa2:obligation:0"", ""direct:1:h10-c4:held_out:tabular_energy:007:d200887372f81aa2:obligation:1"", ""direct:2:h10-c4:held_out:tabular_energy:007:d200887372f81aa2:obligation:2"", ""direct:3:h10-c4:held_out:tabular_energy:007:d200887372f81aa2:obligation:3""]",4,4,4,6,2,17,16.59668199135922,0.050309181213378906,0,0,0,full_success,True,True,PASS,7.871759469228055,7.871759469228055,1.0,True,82166df81162e3c289940b6d04124f1bcafcddc61fc0363b7956393f14e6dfe0,5a9834618840a838bb690b3b8472ec3a823c020f8c94cb2e609503ffe9a7a15a
h10-c4:held_out:tabular_energy:007:d200887372f81aa2,tabular_energy,rollback_required,B_FIRST,"[""direct:0:h10-c4:held_out:tabular_energy:007:d200887372f81aa2:obligation:0"", ""direct:1:h10-c4:held_out:tabular_energy:007:d200887372f81aa2:obligation:1"", ""direct:2:h10-c4:held_out:tabular_energy:007:d200887372f81aa2:obligation:2"", ""direct:3:h10-c4:held_out:tabular_energy:007:d200887372f81aa2:obligation:3""]","[""direct:0:h10-c4:held_out:tabular_energy:007:d200887372f81aa2:obligation:0"", ""direct:1:h10-c4:held_out:tabular_energy:007:d200887372f81aa2:obligation:1"", ""direct:2:h10-c4:held_out:tabular_energy:007:d200887372f81aa2:obligation:2"", ""direct:3:h10-c4:held_out:tabular_energy:007:d200887372f81aa2:obligation:3""]",4,4,4,6,2,17,17.041141996742226,0.050255775451660156,0,0,0,full_success,True,True,PASS,7.871759469228055,7.871759469228055,1.0,True,82166df81162e3c289940b6d04124f1bcafcddc61fc0363b7956393f14e6dfe0,5a9834618840a838bb690b3b8472ec3a823c020f8c94cb2e609503ffe9a7a15a
h10-c4:held_out:tabular_energy:007:d200887372f81aa2,tabular_energy,rollback_required,B_GREEDY,"[""local:partial_fast"", ""unsafe:shortcut""]","[""local:partial_fast"", ""unsafe:shortcut""]",2,1,2,0,0,11,9.380311006680131,0.043243408203125,1,0,0,partial_success,False,False,PASS,3.0115720816144496,4.7623581224216744,0.6049928406779299,False,82166df81162e3c289940b6d04124f1bcafcddc61fc0363b7956393f14e6dfe0,9a95503fe754268b55b30817071e652702d0f732f90d66121360c9cbe98befb5
h10-c4:held_out:tabular_energy:007:d200887372f81aa2,tabular_energy,rollback_required,O_GLOBAL,"[""source:restore""]","[""source:restore""]",1,1,1,4,4,8,4.45020200277213,0.04073905944824219,0,0,0,full_success,True,True,PASS,2.8270887856294706,2.8270887856294706,0.35914318732438477,True,82166df81162e3c289940b6d04124f1bcafcddc61fc0363b7956393f14e6dfe0,5a9834618840a838bb690b3b8472ec3a823c020f8c94cb2e609503ffe9a7a15a
h10-c4:held_out:tabular_energy:008:b542ae53318f88e7,tabular_energy,variable_dependency_fanout,B_ALL,"[""direct:0:h10-c4:held_out:tabular_energy:008:b542ae53318f88e7:obligation:0"", ""direct:1:h10-c4:held_out:tabular_energy:008:b542ae53318f88e7:obligation:1"", ""direct:2:h10-c4:held_out:tabular_energy:008:b542ae53318f88e7:obligation:2"", ""direct:3:h10-c4:held_out:tabular_energy:008:b542ae53318f88e7:obligation:3""]","[""direct:0:h10-c4:held_out:tabular_energy:008:b542ae53318f88e7:obligation:0"", ""direct:1:h10-c4:held_out:tabular_energy:008:b542ae53318f88e7:obligation:1"", ""direct:2:h10-c4:held_out:tabular_energy:008:b542ae53318f88e7:obligation:2"", ""direct:3:h10-c4:held_out:tabular_energy:008:b542ae53318f88e7:obligation:3""]",4,4,4,11,7,17,17.638612000155263,0.050461769104003906,0,0,0,full_success,True,True,PASS,8.362174095733918,8.362174095733918,1.0,True,160082b592ee3cb6791aa3dc69f28263884c9bac3a3e457c3758e34585141f4c,3688802ec64e1f89284a077401fc6eb2b1452f613410f395df292f9c27b8c944
h10-c4:held_out:tabular_energy:008:b542ae53318f88e7,tabular_energy,variable_dependency_fanout,B_FIRST,"[""direct:0:h10-c4:held_out:tabular_energy:008:b542ae53318f88e7:obligation:0"", ""direct:1:h10-c4:held_out:tabular_energy:008:b542ae53318f88e7:obligation:1"", ""direct:2:h10-c4:held_out:tabular_energy:008:b542ae53318f88e7:obligation:2"", ""direct:3:h10-c4:held_out:tabular_energy:008:b542ae53318f88e7:obligation:3""]","[""direct:0:h10-c4:held_out:tabular_energy:008:b542ae53318f88e7:obligation:0"", ""direct:1:h10-c4:held_out:tabular_energy:008:b542ae53318f88e7:obligation:1"", ""direct:2:h10-c4:held_out:tabular_energy:008:b542ae53318f88e7:obligation:2"", ""direct:3:h10-c4:held_out:tabular_energy:008:b542ae53318f88e7:obligation:3""]",4,4,4,11,7,17,17.213908999110572,0.04788398742675781,0,0,0,full_success,True,True,PASS,8.362174095733918,8.362174095733918,1.0,True,160082b592ee3cb6791aa3dc69f28263884c9bac3a3e457c3758e34585141f4c,3688802ec64e1f89284a077401fc6eb2b1452f613410f395df292f9c27b8c944
h10-c4:held_out:tabular_energy:008:b542ae53318f88e7,tabular_energy,variable_dependency_fanout,B_GREEDY,"[""direct:3:h10-c4:held_out:tabular_energy:008:b542ae53318f88e7:obligation:3"", ""local:partial_fast""]","[""direct:3:h10-c4:held_out:tabular_energy:008:b542ae53318f88e7:obligation:3"", ""local:partial_fast""]",2,2,2,2,2,11,8.619744010502473,0.047654151916503906,0,0,0,full_success,True,True,PASS,3.3300921851412797,3.3300921851412797,0.3982328216342893,True,160082b592ee3cb6791aa3dc69f28263884c9bac3a3e457c3758e34585141f4c,3688802ec64e1f89284a077401fc6eb2b1452f613410f395df292f9c27b8c944
h10-c4:held_out:tabular_energy:008:b542ae53318f88e7,tabular_energy,variable_dependency_fanout,O_GLOBAL,"[""source:restore""]","[""source:restore""]",1,1,1,5,5,8,4.440082993824035,0.04073905944824219,0,0,0,full_success,True,True,PASS,2.9182495640264476,2.9182495640264476,0.3489821583020179,True,160082b592ee3cb6791aa3dc69f28263884c9bac3a3e457c3758e34585141f4c,3688802ec64e1f89284a077401fc6eb2b1452f613410f395df292f9c27b8c944
h10-c4:held_out:tabular_energy:009:f623ee84117ec420,tabular_energy,repair_all_touches_more_components,B_ALL,"[""direct:0:h10-c4:held_out:tabular_energy:009:f623ee84117ec420:obligation:0"", ""direct:1:h10-c4:held_out:tabular_energy:009:f623ee84117ec420:obligation:1"", ""direct:2:h10-c4:held_out:tabular_energy:009:f623ee84117ec420:obligation:2"", ""direct:3:h10-c4:held_out:tabular_energy:009:f623ee84117ec420:obligation:3""]","[""direct:0:h10-c4:held_out:tabular_energy:009:f623ee84117ec420:obligation:0"", ""direct:1:h10-c4:held_out:tabular_energy:009:f623ee84117ec420:obligation:1"", ""direct:2:h10-c4:held_out:tabular_energy:009:f623ee84117ec420:obligation:2"", ""direct:3:h10-c4:held_out:tabular_energy:009:f623ee84117ec420:obligation:3""]",4,4,4,6,2,17,17.11294800043106,0.050255775451660156,0,0,0,full_success,True,True,PASS,7.871759469228055,7.871759469228055,1.0,True,95c9418eb39218df7022831f21ff5cff86ff4c5e711d101dc4c3f533a7077024,48bbf3c057be1e524da463bfab3b9c5dc2d29b5d147b834b9437111ad828063c
h10-c4:held_out:tabular_energy:009:f623ee84117ec420,tabular_energy,repair_all_touches_more_components,B_FIRST,"[""direct:0:h10-c4:held_out:tabular_energy:009:f623ee84117ec420:obligation:0"", ""direct:1:h10-c4:held_out:tabular_energy:009:f623ee84117ec420:obligation:1"", ""direct:2:h10-c4:held_out:tabular_energy:009:f623ee84117ec420:obligation:2"", ""direct:3:h10-c4:held_out:tabular_energy:009:f623ee84117ec420:obligation:3""]","[""direct:0:h10-c4:held_out:tabular_energy:009:f623ee84117ec420:obligation:0"", ""direct:1:h10-c4:held_out:tabular_energy:009:f623ee84117ec420:obligation:1"", ""direct:2:h10-c4:held_out:tabular_energy:009:f623ee84117ec420:obligation:2"", ""direct:3:h10-c4:held_out:tabular_energy:009:f623ee84117ec420:obligation:3""]",4,4,4,6,2,17,19.833871003356762,0.050255775451660156,0,0,0,full_success,True,True,PASS,7.871759469228055,7.871759469228055,1.0,True,95c9418eb39218df7022831f21ff5cff86ff4c5e711d101dc4c3f533a7077024,48bbf3c057be1e524da463bfab3b9c5dc2d29b5d147b834b9437111ad828063c
h10-c4:held_out:tabular_energy:009:f623ee84117ec420,tabular_energy,repair_all_touches_more_components,B_GREEDY,"[""direct:3:h10-c4:held_out:tabular_energy:009:f623ee84117ec420:obligation:3"", ""local:partial_fast""]","[""direct:3:h10-c4:held_out:tabular_energy:009:f623ee84117ec420:obligation:3"", ""local:partial_fast""]",2,2,2,2,2,11,9.190491997287609,0.047654151916503906,0,0,0,full_success,True,True,PASS,3.3300921851412797,3.3300921851412797,0.42304292936784127,True,95c9418eb39218df7022831f21ff5cff86ff4c5e711d101dc4c3f533a7077024,48bbf3c057be1e524da463bfab3b9c5dc2d29b5d147b834b9437111ad828063c
h10-c4:held_out:tabular_energy:009:f623ee84117ec420,tabular_energy,repair_all_touches_more_components,O_GLOBAL,"[""source:restore""]","[""source:restore""]",1,1,1,6,6,8,4.633718999684788,0.04073905944824219,0,0,0,full_success,True,True,PASS,2.995324903940077,2.995324903940077,0.3805152984728857,True,95c9418eb39218df7022831f21ff5cff86ff4c5e711d101dc4c3f533a7077024,48bbf3c057be1e524da463bfab3b9c5dc2d29b5d147b834b9437111ad828063c
h10-c4:held_out:tabular_energy:010:6a829279cce1a1ec,tabular_energy,single_local_unique,B_ALL,"[""direct:0:h10-c4:held_out:tabular_energy:010:6a829279cce1a1ec:obligation:0""]","[""direct:0:h10-c4:held_out:tabular_energy:010:6a829279cce1a1ec:obligation:0""]",1,1,1,1,1,8,4.284658993128687,0.030992507934570312,0,0,0,full_success,True,True,PASS,1.8665735902799727,1.8665735902799727,1.0,True,7ec1c1029b1c3cee7bd4de942a058ba3c678a24d2584da2b1bb324257e0a5977,ff7b8c16210c73b3bc67db8fc503d2502f576b5ab235c1147d9350b0083a8d98
h10-c4:held_out:tabular_energy:010:6a829279cce1a1ec,tabular_energy,single_local_unique,B_FIRST,"[""direct:0:h10-c4:held_out:tabular_energy:010:6a829279cce1a1ec:obligation:0""]","[""direct:0:h10-c4:held_out:tabular_energy:010:6a829279cce1a1ec:obligation:0""]",1,1,1,1,1,8,4.26430998777505,0.030992507934570312,0,0,0,full_success,True,True,PASS,1.8665735902799727,1.8665735902799727,1.0,True,7ec1c1029b1c3cee7bd4de942a058ba3c678a24d2584da2b1bb324257e0a5977,ff7b8c16210c73b3bc67db8fc503d2502f576b5ab235c1147d9350b0083a8d98
h10-c4:held_out:tabular_energy:010:6a829279cce1a1ec,tabular_energy,single_local_unique,B_GREEDY,"[""direct:0:h10-c4:held_out:tabular_energy:010:6a829279cce1a1ec:obligation:0""]","[""direct:0:h10-c4:held_out:tabular_energy:010:6a829279cce1a1ec:obligation:0""]",1,1,1,1,1,8,4.4538390066009015,0.030992507934570312,0,0,0,full_success,True,True,PASS,1.8665735902799727,1.8665735902799727,1.0,True,7ec1c1029b1c3cee7bd4de942a058ba3c678a24d2584da2b1bb324257e0a5977,ff7b8c16210c73b3bc67db8fc503d2502f576b5ab235c1147d9350b0083a8d98
h10-c4:held_out:tabular_energy:010:6a829279cce1a1ec,tabular_energy,single_local_unique,O_GLOBAL,"[""direct:0:h10-c4:held_out:tabular_energy:010:6a829279cce1a1ec:obligation:0""]","[""direct:0:h10-c4:held_out:tabular_energy:010:6a829279cce1a1ec:obligation:0""]",1,1,1,1,1,8,4.288006006390788,0.030992507934570312,0,0,0,full_success,True,True,PASS,1.8665735902799727,1.8665735902799727,1.0,True,7ec1c1029b1c3cee7bd4de942a058ba3c678a24d2584da2b1bb324257e0a5977,ff7b8c16210c73b3bc67db8fc503d2502f576b5ab235c1147d9350b0083a8d98
h10-c4:held_out:tabular_energy:011:ffe9d4d1df8594f7,tabular_energy,independent_multiple,B_ALL,"[""direct:0:h10-c4:held_out:tabular_energy:011:ffe9d4d1df8594f7:obligation:0"", ""direct:1:h10-c4:held_out:tabular_energy:011:ffe9d4d1df8594f7:obligation:1""]","[""direct:0:h10-c4:held_out:tabular_energy:011:ffe9d4d1df8594f7:obligation:0"", ""direct:1:h10-c4:held_out:tabular_energy:011:ffe9d4d1df8594f7:obligation:1""]",2,2,2,3,2,11,9.544721993734129,0.03772735595703125,0,0,0,full_success,True,True,PASS,3.9358797346140273,3.9358797346140273,1.0,True,13952e2f24dd3078f7b6ce0fec4fec1b50edec2e52c1cb4af7885c589ce480ea,0f8558e9a2fb36f3041a794f1b8a9a9d187aebec4448ade3901cd212d721ec5d
h10-c4:held_out:tabular_energy:011:ffe9d4d1df8594f7,tabular_energy,independent_multiple,B_FIRST,"[""direct:0:h10-c4:held_out:tabular_energy:011:ffe9d4d1df8594f7:obligation:0"", ""direct:1:h10-c4:held_out:tabular_energy:011:ffe9d4d1df8594f7:obligation:1""]","[""direct:0:h10-c4:held_out:tabular_energy:011:ffe9d4d1df8594f7:obligation:0"", ""direct:1:h10-c4:held_out:tabular_energy:011:ffe9d4d1df8594f7:obligation:1""]",2,2,2,3,2,11,9.026472005643882,0.03754425048828125,0,0,0,full_success,True,True,PASS,3.9358797346140273,3.9358797346140273,1.0,True,13952e2f24dd3078f7b6ce0fec4fec1b50edec2e52c1cb4af7885c589ce480ea,0f8558e9a2fb36f3041a794f1b8a9a9d187aebec4448ade3901cd212d721ec5d
h10-c4:held_out:tabular_energy:011:ffe9d4d1df8594f7,tabular_energy,independent_multiple,B_GREEDY,"[""source:restore""]","[""source:restore""]",1,1,1,3,3,8,5.374549989937805,0.03432273864746094,0,0,0,full_success,True,True,PASS,2.715517009972366,2.715517009972366,0.6899390207710865,True,13952e2f24dd3078f7b6ce0fec4fec1b50edec2e52c1cb4af7885c589ce480ea,0f8558e9a2fb36f3041a794f1b8a9a9d187aebec4448ade3901cd212d721ec5d
h10-c4:held_out:tabular_energy:011:ffe9d4d1df8594f7,tabular_energy,independent_multiple,O_GLOBAL,"[""source:restore""]","[""source:restore""]",1,1,1,3,3,8,4.730240994831547,0.03432273864746094,0,0,0,full_success,True,True,PASS,2.715517009972366,2.715517009972366,0.6899390207710865,True,13952e2f24dd3078f7b6ce0fec4fec1b50edec2e52c1cb4af7885c589ce480ea,0f8558e9a2fb36f3041a794f1b8a9a9d187aebec4448ade3901cd212d721ec5d
h10-c4:held_out:tabular_energy:012:78bb5cba109fc844,tabular_energy,shared_source_downstream,B_ALL,"[""direct:0:h10-c4:held_out:tabular_energy:012:78bb5cba109fc844:obligation:2"", ""direct:1:h10-c4:held_out:tabular_energy:012:78bb5cba109fc844:obligation:3""]","[""direct:0:h10-c4:held_out:tabular_energy:012:78bb5cba109fc844:obligation:2"", ""direct:1:h10-c4:held_out:tabular_energy:012:78bb5cba109fc844:obligation:3""]",2,2,2,3,2,11,8.678956000949256,0.03761005401611328,0,0,0,full_success,True,True,PASS,3.9358797346140273,3.9358797346140273,1.0,True,bd7bd3562291d5584c50950b594e58c64c8a021865f1733a9ce5d47179e3d040,a2e75cd0062256f5f636d3db882d52c004fe1a47ab512bddd16b9525764623eb
h10-c4:held_out:tabular_energy:012:78bb5cba109fc844,tabular_energy,shared_source_downstream,B_FIRST,"[""direct:0:h10-c4:held_out:tabular_energy:012:78bb5cba109fc844:obligation:2"", ""direct:1:h10-c4:held_out:tabular_energy:012:78bb5cba109fc844:obligation:3""]","[""direct:0:h10-c4:held_out:tabular_energy:012:78bb5cba109fc844:obligation:2"", ""direct:1:h10-c4:held_out:tabular_energy:012:78bb5cba109fc844:obligation:3""]",2,2,2,3,2,11,8.62508399586659,0.03761005401611328,0,0,0,full_success,True,True,PASS,3.9358797346140273,3.9358797346140273,1.0,True,bd7bd3562291d5584c50950b594e58c64c8a021865f1733a9ce5d47179e3d040,a2e75cd0062256f5f636d3db882d52c004fe1a47ab512bddd16b9525764623eb
h10-c4:held_out:tabular_energy:012:78bb5cba109fc844,tabular_energy,shared_source_downstream,B_GREEDY,"[""source:restore""]","[""source:restore""]",1,1,1,4,4,8,4.366894994745962,0.034354209899902344,0,0,0,full_success,True,True,PASS,2.8270887856294706,2.8270887856294706,0.7182863746487695,True,bd7bd3562291d5584c50950b594e58c64c8a021865f1733a9ce5d47179e3d040,a2e75cd0062256f5f636d3db882d52c004fe1a47ab512bddd16b9525764623eb
h10-c4:held_out:tabular_energy:012:78bb5cba109fc844,tabular_energy,shared_source_downstream,O_GLOBAL,"[""source:restore""]","[""source:restore""]",1,1,1,4,4,8,5.012626003008336,0.034354209899902344,0,0,0,full_success,True,True,PASS,2.8270887856294706,2.8270887856294706,0.7182863746487695,True,bd7bd3562291d5584c50950b594e58c64c8a021865f1733a9ce5d47179e3d040,a2e75cd0062256f5f636d3db882d52c004fe1a47ab512bddd16b9525764623eb
h10-c4:held_out:tabular_energy:013:ecd6a8e25082dc3e,tabular_energy,equal_size_different_cost,B_ALL,"[""direct:0:h10-c4:held_out:tabular_energy:013:ecd6a8e25082dc3e:obligation:0"", ""direct:1:h10-c4:held_out:tabular_energy:013:ecd6a8e25082dc3e:obligation:1"", ""direct:2:h10-c4:held_out:tabular_energy:013:ecd6a8e25082dc3e:obligation:2""]","[""direct:0:h10-c4:held_out:tabular_energy:013:ecd6a8e25082dc3e:obligation:0"", ""direct:1:h10-c4:held_out:tabular_energy:013:ecd6a8e25082dc3e:obligation:1"", ""direct:2:h10-c4:held_out:tabular_energy:013:ecd6a8e25082dc3e:obligation:2""]",3,3,3,4,2,14,13.049426997895353,0.04398632049560547,0,0,0,full_success,True,True,PASS,5.802453324894,5.802453324894,1.0,True,6d66cdc8750a850165dad978ad222863fc1164c7aac3fbf43e855f6b04f8cb6e,981a38b6708c0ed29d946575283c6a2c1459e07b2322819c215918d8b4c542a7
h10-c4:held_out:tabular_energy:013:ecd6a8e25082dc3e,tabular_energy,equal_size_different_cost,B_FIRST,"[""direct:0:h10-c4:held_out:tabular_energy:013:ecd6a8e25082dc3e:obligation:0"", ""direct:1:h10-c4:held_out:tabular_energy:013:ecd6a8e25082dc3e:obligation:1"", ""direct:2:h10-c4:held_out:tabular_energy:013:ecd6a8e25082dc3e:obligation:2""]","[""direct:0:h10-c4:held_out:tabular_energy:013:ecd6a8e25082dc3e:obligation:0"", ""direct:1:h10-c4:held_out:tabular_energy:013:ecd6a8e25082dc3e:obligation:1"", ""direct:2:h10-c4:held_out:tabular_energy:013:ecd6a8e25082dc3e:obligation:2""]",3,3,3,4,2,14,13.176487002056092,0.04393291473388672,0,0,0,full_success,True,True,PASS,5.802453324894,5.802453324894,1.0,True,6d66cdc8750a850165dad978ad222863fc1164c7aac3fbf43e855f6b04f8cb6e,981a38b6708c0ed29d946575283c6a2c1459e07b2322819c215918d8b4c542a7
h10-c4:held_out:tabular_energy:013:ecd6a8e25082dc3e,tabular_energy,equal_size_different_cost,B_GREEDY,"[""direct:2:h10-c4:held_out:tabular_energy:013:ecd6a8e25082dc3e:obligation:2"", ""local:partial_fast""]","[""direct:2:h10-c4:held_out:tabular_energy:013:ecd6a8e25082dc3e:obligation:2"", ""local:partial_fast""]",2,1,2,1,1,11,8.406140012084506,0.04205608367919922,0,0,0,full_success,True,True,PASS,3.127359631087198,3.127359631087198,0.5389719582353261,True,6d66cdc8750a850165dad978ad222863fc1164c7aac3fbf43e855f6b04f8cb6e,981a38b6708c0ed29d946575283c6a2c1459e07b2322819c215918d8b4c542a7
h10-c4:held_out:tabular_energy:013:ecd6a8e25082dc3e,tabular_energy,equal_size_different_cost,O_GLOBAL,"[""source:restore""]","[""source:restore""]",1,1,1,5,5,8,4.3435010011307895,0.03764533996582031,0,0,0,full_success,True,True,PASS,2.9182495640264476,2.9182495640264476,0.5029337420960226,True,6d66cdc8750a850165dad978ad222863fc1164c7aac3fbf43e855f6b04f8cb6e,981a38b6708c0ed29d946575283c6a2c1459e07b2322819c215918d8b4c542a7
h10-c4:held_out:tabular_energy:014:10aa41eea7219e21,tabular_energy,multiple_equal_optima,B_ALL,"[""direct:0:h10-c4:held_out:tabular_energy:014:10aa41eea7219e21:obligation:0"", ""direct:1:h10-c4:held_out:tabular_energy:014:10aa41eea7219e21:obligation:1"", ""direct:2:h10-c4:held_out:tabular_energy:014:10aa41eea7219e21:obligation:2"", ""direct:3:h10-c4:held_out:tabular_energy:014:10aa41eea7219e21:obligation:3""]","[""direct:0:h10-c4:held_out:tabular_energy:014:10aa41eea7219e21:obligation:0"", ""direct:1:h10-c4:held_out:tabular_energy:014:10aa41eea7219e21:obligation:1"", ""direct:2:h10-c4:held_out:tabular_energy:014:10aa41eea7219e21:obligation:2"", ""direct:3:h10-c4:held_out:tabular_energy:014:10aa41eea7219e21:obligation:3""]",4,4,4,6,2,17,17.37490300729405,0.050789833068847656,0,0,0,full_success,True,True,PASS,7.871759469228055,7.871759469228055,1.0,True,b24716d250698bf29403313aff41adfd1b210dfc1b747c69f6d3d0b816b0b23a,b44347b19307aedc7382460d7934d3882c81a56442be44f50b319cae27a7e45e
h10-c4:held_out:tabular_energy:014:10aa41eea7219e21,tabular_energy,multiple_equal_optima,B_FIRST,"[""direct:0:h10-c4:held_out:tabular_energy:014:10aa41eea7219e21:obligation:0"", ""direct:1:h10-c4:held_out:tabular_energy:014:10aa41eea7219e21:obligation:1"", ""direct:2:h10-c4:held_out:tabular_energy:014:10aa41eea7219e21:obligation:2"", ""direct:3:h10-c4:held_out:tabular_energy:014:10aa41eea7219e21:obligation:3""]","[""direct:0:h10-c4:held_out:tabular_energy:014:10aa41eea7219e21:obligation:0"", ""direct:1:h10-c4:held_out:tabular_energy:014:10aa41eea7219e21:obligation:1"", ""direct:2:h10-c4:held_out:tabular_energy:014:10aa41eea7219e21:obligation:2"", ""direct:3:h10-c4:held_out:tabular_energy:014:10aa41eea7219e21:obligation:3""]",4,4,4,6,2,17,17.402815996319987,0.050255775451660156,0,0,0,full_success,True,True,PASS,7.871759469228055,7.871759469228055,1.0,True,b24716d250698bf29403313aff41adfd1b210dfc1b747c69f6d3d0b816b0b23a,b44347b19307aedc7382460d7934d3882c81a56442be44f50b319cae27a7e45e
h10-c4:held_out:tabular_energy:014:10aa41eea7219e21,tabular_energy,multiple_equal_optima,B_GREEDY,"[""direct:3:h10-c4:held_out:tabular_energy:014:10aa41eea7219e21:obligation:3"", ""local:partial_fast""]","[""direct:3:h10-c4:held_out:tabular_energy:014:10aa41eea7219e21:obligation:3"", ""local:partial_fast""]",2,2,2,2,2,11,8.546625002054498,0.047593116760253906,0,0,0,full_success,True,True,PASS,3.3300921851412797,3.3300921851412797,0.42304292936784127,True,b24716d250698bf29403313aff41adfd1b210dfc1b747c69f6d3d0b816b0b23a,b44347b19307aedc7382460d7934d3882c81a56442be44f50b319cae27a7e45e
h10-c4:held_out:tabular_energy:014:10aa41eea7219e21,tabular_energy,multiple_equal_optima,O_GLOBAL,"[""source:restore""]","[""source:restore""]",1,1,1,6,6,8,4.6173269947757944,0.04073905944824219,0,0,0,full_success,True,True,PASS,2.995324903940077,2.995324903940077,0.3805152984728857,True,b24716d250698bf29403313aff41adfd1b210dfc1b747c69f6d3d0b816b0b23a,b44347b19307aedc7382460d7934d3882c81a56442be44f50b319cae27a7e45e
h10-c4:held_out:tabular_energy:015:9f3be1d3df297555,tabular_energy,downstream_does_not_fix_source,B_ALL,"[""direct:0:h10-c4:held_out:tabular_energy:015:9f3be1d3df297555:obligation:0"", ""direct:1:h10-c4:held_out:tabular_energy:015:9f3be1d3df297555:obligation:2"", ""direct:2:h10-c4:held_out:tabular_energy:015:9f3be1d3df297555:obligation:3""]","[""direct:0:h10-c4:held_out:tabular_energy:015:9f3be1d3df297555:obligation:0"", ""direct:1:h10-c4:held_out:tabular_energy:015:9f3be1d3df297555:obligation:2"", ""direct:2:h10-c4:held_out:tabular_energy:015:9f3be1d3df297555:obligation:3""]",3,3,3,4,2,14,12.505418999353424,0.04393291473388672,0,0,0,full_success,True,True,PASS,5.802453324894,5.802453324894,1.0,True,e91ff6aad7e52bafead0dff91030e7cb33ce9b906bc622a7bbe59ff46e7ed19e,31a065ab7366d2fb8c7057784f7da31274102e0cc963fc5d052b03137c2a3cb6
h10-c4:held_out:tabular_energy:015:9f3be1d3df297555,tabular_energy,downstream_does_not_fix_source,B_FIRST,"[""direct:0:h10-c4:held_out:tabular_energy:015:9f3be1d3df297555:obligation:0"", ""direct:1:h10-c4:held_out:tabular_energy:015:9f3be1d3df297555:obligation:2"", ""direct:2:h10-c4:held_out:tabular_energy:015:9f3be1d3df297555:obligation:3""]","[""direct:0:h10-c4:held_out:tabular_energy:015:9f3be1d3df297555:obligation:0"", ""direct:1:h10-c4:held_out:tabular_energy:015:9f3be1d3df297555:obligation:2"", ""direct:2:h10-c4:held_out:tabular_energy:015:9f3be1d3df297555:obligation:3""]",3,3,3,4,2,14,12.543902004836127,0.04393291473388672,0,0,0,full_success,True,True,PASS,5.802453324894,5.802453324894,1.0,True,e91ff6aad7e52bafead0dff91030e7cb33ce9b906bc622a7bbe59ff46e7ed19e,31a065ab7366d2fb8c7057784f7da31274102e0cc963fc5d052b03137c2a3cb6
h10-c4:held_out:tabular_energy:015:9f3be1d3df297555,tabular_energy,downstream_does_not_fix_source,B_GREEDY,"[""direct:2:h10-c4:held_out:tabular_energy:015:9f3be1d3df297555:obligation:3"", ""local:partial_fast""]","[""direct:2:h10-c4:held_out:tabular_energy:015:9f3be1d3df297555:obligation:3"", ""local:partial_fast""]",2,2,2,1,1,11,8.203265999327414,0.04218578338623047,0,0,0,full_success,True,True,PASS,3.127359631087198,3.127359631087198,0.5389719582353261,True,e91ff6aad7e52bafead0dff91030e7cb33ce9b906bc622a7bbe59ff46e7ed19e,31a065ab7366d2fb8c7057784f7da31274102e0cc963fc5d052b03137c2a3cb6
h10-c4:held_out:tabular_energy:015:9f3be1d3df297555,tabular_energy,downstream_does_not_fix_source,O_GLOBAL,"[""source:restore""]","[""source:restore""]",1,1,1,2,2,8,4.273787999409251,0.03763771057128906,0,0,0,full_success,True,True,PASS,2.571675973746475,2.571675973746475,0.44320493931650107,True,e91ff6aad7e52bafead0dff91030e7cb33ce9b906bc622a7bbe59ff46e7ed19e,31a065ab7366d2fb8c7057784f7da31274102e0cc963fc5d052b03137c2a3cb6
h10-c4:held_out:tabular_energy:016:750b348d119bd4b3,tabular_energy,secondary_critical_violation,B_ALL,"[""direct:0:h10-c4:held_out:tabular_energy:016:750b348d119bd4b3:obligation:0"", ""direct:1:h10-c4:held_out:tabular_energy:016:750b348d119bd4b3:obligation:1"", ""direct:2:h10-c4:held_out:tabular_energy:016:750b348d119bd4b3:obligation:2"", ""direct:3:h10-c4:held_out:tabular_energy:016:750b348d119bd4b3:obligation:3""]","[""direct:0:h10-c4:held_out:tabular_energy:016:750b348d119bd4b3:obligation:0"", ""direct:1:h10-c4:held_out:tabular_energy:016:750b348d119bd4b3:obligation:1"", ""direct:2:h10-c4:held_out:tabular_energy:016:750b348d119bd4b3:obligation:2"", ""direct:3:h10-c4:held_out:tabular_energy:016:750b348d119bd4b3:obligation:3""]",4,4,4,6,2,17,16.961783010629006,0.050362586975097656,0,0,0,full_success,True,True,PASS,7.871759469228055,7.871759469228055,1.0,True,8654ba4394a5378bb42c15b38444acc743673e1df9def4bc20993b4c3f725993,22caaa1d2d201bc18f8be0edebd4f62e5c58706c401fc8ef1a0dc93694ea803e
h10-c4:held_out:tabular_energy:016:750b348d119bd4b3,tabular_energy,secondary_critical_violation,B_FIRST,"[""direct:0:h10-c4:held_out:tabular_energy:016:750b348d119bd4b3:obligation:0"", ""direct:1:h10-c4:held_out:tabular_energy:016:750b348d119bd4b3:obligation:1"", ""direct:2:h10-c4:held_out:tabular_energy:016:750b348d119bd4b3:obligation:2"", ""direct:3:h10-c4:held_out:tabular_energy:016:750b348d119bd4b3:obligation:3""]","[""direct:0:h10-c4:held_out:tabular_energy:016:750b348d119bd4b3:obligation:0"", ""direct:1:h10-c4:held_out:tabular_energy:016:750b348d119bd4b3:obligation:1"", ""direct:2:h10-c4:held_out:tabular_energy:016:750b348d119bd4b3:obligation:2"", ""direct:3:h10-c4:held_out:tabular_energy:016:750b348d119bd4b3:obligation:3""]",4,4,4,6,2,17,17.211594007676467,0.050255775451660156,0,0,0,full_success,True,True,PASS,7.871759469228055,7.871759469228055,1.0,True,8654ba4394a5378bb42c15b38444acc743673e1df9def4bc20993b4c3f725993,22caaa1d2d201bc18f8be0edebd4f62e5c58706c401fc8ef1a0dc93694ea803e
h10-c4:held_out:tabular_energy:016:750b348d119bd4b3,tabular_energy,secondary_critical_violation,B_GREEDY,"[""local:partial_fast"", ""unsafe:shortcut""]","[""local:partial_fast"", ""unsafe:shortcut""]",2,1,2,0,0,11,9.321930992882699,0.043243408203125,1,0,0,partial_success,False,False,PASS,3.0115720816144496,4.7623581224216744,0.6049928406779299,False,8654ba4394a5378bb42c15b38444acc743673e1df9def4bc20993b4c3f725993,63ac4e88236edadfc1ce89422e631b0ec24b7412dcead3112e9fd6be5c1698ca
h10-c4:held_out:tabular_energy:016:750b348d119bd4b3,tabular_energy,secondary_critical_violation,O_GLOBAL,"[""source:restore""]","[""source:restore""]",1,1,1,3,3,8,4.474287008633837,0.04073905944824219,0,0,0,full_success,True,True,PASS,2.715517009972366,2.715517009972366,0.34496951038554324,True,8654ba4394a5378bb42c15b38444acc743673e1df9def4bc20993b4c3f725993,22caaa1d2d201bc18f8be0edebd4f62e5c58706c401fc8ef1a0dc93694ea803e
h10-c4:held_out:tabular_energy:017:fa48d1eff68d218d,tabular_energy,rollback_required,B_ALL,"[""direct:0:h10-c4:held_out:tabular_energy:017:fa48d1eff68d218d:obligation:0"", ""direct:1:h10-c4:held_out:tabular_energy:017:fa48d1eff68d218d:obligation:1"", ""direct:2:h10-c4:held_out:tabular_energy:017:fa48d1eff68d218d:obligation:2"", ""direct:3:h10-c4:held_out:tabular_energy:017:fa48d1eff68d218d:obligation:3""]","[""direct:0:h10-c4:held_out:tabular_energy:017:fa48d1eff68d218d:obligation:0"", ""direct:1:h10-c4:held_out:tabular_energy:017:fa48d1eff68d218d:obligation:1"", ""direct:2:h10-c4:held_out:tabular_energy:017:fa48d1eff68d218d:obligation:2"", ""direct:3:h10-c4:held_out:tabular_energy:017:fa48d1eff68d218d:obligation:3""]",4,4,4,6,2,17,17.94045200222172,0.047924041748046875,0,0,0,full_success,True,True,PASS,7.871759469228055,7.871759469228055,1.0,True,377849ba50815cec6c545dab8b61f1c8ebb8ea5b5b56a1502742a2b943cd29c9,985158c1818050a158fe7deba7a66a0bec2e4bc03e652b2ccac3d3e274237584
h10-c4:held_out:tabular_energy:017:fa48d1eff68d218d,tabular_energy,rollback_required,B_FIRST,"[""direct:0:h10-c4:held_out:tabular_energy:017:fa48d1eff68d218d:obligation:0"", ""direct:1:h10-c4:held_out:tabular_energy:017:fa48d1eff68d218d:obligation:1"", ""direct:2:h10-c4:held_out:tabular_energy:017:fa48d1eff68d218d:obligation:2"", ""direct:3:h10-c4:held_out:tabular_energy:017:fa48d1eff68d218d:obligation:3""]","[""direct:0:h10-c4:held_out:tabular_energy:017:fa48d1eff68d218d:obligation:0"", ""direct:1:h10-c4:held_out:tabular_energy:017:fa48d1eff68d218d:obligation:1"", ""direct:2:h10-c4:held_out:tabular_energy:017:fa48d1eff68d218d:obligation:2"", ""direct:3:h10-c4:held_out:tabular_energy:017:fa48d1eff68d218d:obligation:3""]",4,4,4,6,2,17,17.119130003266037,0.050255775451660156,0,0,0,full_success,True,True,PASS,7.871759469228055,7.871759469228055,1.0,True,377849ba50815cec6c545dab8b61f1c8ebb8ea5b5b56a1502742a2b943cd29c9,985158c1818050a158fe7deba7a66a0bec2e4bc03e652b2ccac3d3e274237584
h10-c4:held_out:tabular_energy:017:fa48d1eff68d218d,tabular_energy,rollback_required,B_GREEDY,"[""local:partial_fast"", ""unsafe:shortcut""]","[""local:partial_fast"", ""unsafe:shortcut""]",2,1,2,0,0,11,9.337499999674037,0.043243408203125,1,0,0,partial_success,False,False,PASS,3.0115720816144496,4.7623581224216744,0.6049928406779299,False,377849ba50815cec6c545dab8b61f1c8ebb8ea5b5b56a1502742a2b943cd29c9,6af6acb5b72f7259624b36fb4b7348b9ec02d1447a776f0eeed639ee2b59a4d8
h10-c4:held_out:tabular_energy:017:fa48d1eff68d218d,tabular_energy,rollback_required,O_GLOBAL,"[""source:restore""]","[""source:restore""]",1,1,1,4,4,8,4.8812979948706925,0.04073905944824219,0,0,0,full_success,True,True,PASS,2.8270887856294706,2.8270887856294706,0.35914318732438477,True,377849ba50815cec6c545dab8b61f1c8ebb8ea5b5b56a1502742a2b943cd29c9,985158c1818050a158fe7deba7a66a0bec2e4bc03e652b2ccac3d3e274237584
h10-c4:held_out:tabular_energy:018:87b7541726de9ea9,tabular_energy,variable_dependency_fanout,B_ALL,"[""direct:0:h10-c4:held_out:tabular_energy:018:87b7541726de9ea9:obligation:0"", ""direct:1:h10-c4:held_out:tabular_energy:018:87b7541726de9ea9:obligation:1"", ""direct:2:h10-c4:held_out:tabular_energy:018:87b7541726de9ea9:obligation:2"", ""direct:3:h10-c4:held_out:tabular_energy:018:87b7541726de9ea9:obligation:3""]","[""direct:0:h10-c4:held_out:tabular_energy:018:87b7541726de9ea9:obligation:0"", ""direct:1:h10-c4:held_out:tabular_energy:018:87b7541726de9ea9:obligation:1"", ""direct:2:h10-c4:held_out:tabular_energy:018:87b7541726de9ea9:obligation:2"", ""direct:3:h10-c4:held_out:tabular_energy:018:87b7541726de9ea9:obligation:3""]",4,4,4,11,7,17,17.064858009689488,0.050309181213378906,0,0,0,full_success,True,True,PASS,8.362174095733918,8.362174095733918,1.0,True,139e15bea8c7b6d2f8bc684c556b622e5ec982627e31b229726d6c0b4042a6d2,79f258b1b754e511924a233a936e74c101c89a741859625ca3cbd43846ccd995
h10-c4:held_out:tabular_energy:018:87b7541726de9ea9,tabular_energy,variable_dependency_fanout,B_FIRST,"[""direct:0:h10-c4:held_out:tabular_energy:018:87b7541726de9ea9:obligation:0"", ""direct:1:h10-c4:held_out:tabular_energy:018:87b7541726de9ea9:obligation:1"", ""direct:2:h10-c4:held_out:tabular_energy:018:87b7541726de9ea9:obligation:2"", ""direct:3:h10-c4:held_out:tabular_energy:018:87b7541726de9ea9:obligation:3""]","[""direct:0:h10-c4:held_out:tabular_energy:018:87b7541726de9ea9:obligation:0"", ""direct:1:h10-c4:held_out:tabular_energy:018:87b7541726de9ea9:obligation:1"", ""direct:2:h10-c4:held_out:tabular_energy:018:87b7541726de9ea9:obligation:2"", ""direct:3:h10-c4:held_out:tabular_energy:018:87b7541726de9ea9:obligation:3""]",4,4,4,11,7,17,16.78335499309469,0.050255775451660156,0,0,0,full_success,True,True,PASS,8.362174095733918,8.362174095733918,1.0,True,139e15bea8c7b6d2f8bc684c556b622e5ec982627e31b229726d6c0b4042a6d2,79f258b1b754e511924a233a936e74c101c89a741859625ca3cbd43846ccd995
h10-c4:held_out:tabular_energy:018:87b7541726de9ea9,tabular_energy,variable_dependency_fanout,B_GREEDY,"[""direct:3:h10-c4:held_out:tabular_energy:018:87b7541726de9ea9:obligation:3"", ""local:partial_fast""]","[""direct:3:h10-c4:held_out:tabular_energy:018:87b7541726de9ea9:obligation:3"", ""local:partial_fast""]",2,2,2,2,2,11,8.659569008159451,0.047654151916503906,0,0,0,full_success,True,True,PASS,3.3300921851412797,3.3300921851412797,0.3982328216342893,True,139e15bea8c7b6d2f8bc684c556b622e5ec982627e31b229726d6c0b4042a6d2,79f258b1b754e511924a233a936e74c101c89a741859625ca3cbd43846ccd995
h10-c4:held_out:tabular_energy:018:87b7541726de9ea9,tabular_energy,variable_dependency_fanout,O_GLOBAL,"[""source:restore""]","[""source:restore""]",1,1,1,5,5,8,4.557815991574898,0.04073905944824219,0,0,0,full_success,True,True,PASS,2.9182495640264476,2.9182495640264476,0.3489821583020179,True,139e15bea8c7b6d2f8bc684c556b622e5ec982627e31b229726d6c0b4042a6d2,79f258b1b754e511924a233a936e74c101c89a741859625ca3cbd43846ccd995
h10-c4:held_out:tabular_energy:019:622521000413f1be,tabular_energy,repair_all_touches_more_components,B_ALL,"[""direct:0:h10-c4:held_out:tabular_energy:019:622521000413f1be:obligation:0"", ""direct:1:h10-c4:held_out:tabular_energy:019:622521000413f1be:obligation:1"", ""direct:2:h10-c4:held_out:tabular_energy:019:622521000413f1be:obligation:2"", ""direct:3:h10-c4:held_out:tabular_energy:019:622521000413f1be:obligation:3""]","[""direct:0:h10-c4:held_out:tabular_energy:019:622521000413f1be:obligation:0"", ""direct:1:h10-c4:held_out:tabular_energy:019:622521000413f1be:obligation:1"", ""direct:2:h10-c4:held_out:tabular_energy:019:622521000413f1be:obligation:2"", ""direct:3:h10-c4:held_out:tabular_energy:019:622521000413f1be:obligation:3""]",4,4,4,6,2,17,18.0402099940693,0.050255775451660156,0,0,0,full_success,True,True,PASS,7.871759469228055,7.871759469228055,1.0,True,099e4fd2f0eb582a02c5c5851efe4801912dff320d1ba0d73da7651f37378c01,538c9f78a4f681c7ffd93570f2640f417ccf508a2595c74efa5ca4e21fa2e99a
h10-c4:held_out:tabular_energy:019:622521000413f1be,tabular_energy,repair_all_touches_more_components,B_FIRST,"[""direct:0:h10-c4:held_out:tabular_energy:019:622521000413f1be:obligation:0"", ""direct:1:h10-c4:held_out:tabular_energy:019:622521000413f1be:obligation:1"", ""direct:2:h10-c4:held_out:tabular_energy:019:622521000413f1be:obligation:2"", ""direct:3:h10-c4:held_out:tabular_energy:019:622521000413f1be:obligation:3""]","[""direct:0:h10-c4:held_out:tabular_energy:019:622521000413f1be:obligation:0"", ""direct:1:h10-c4:held_out:tabular_energy:019:622521000413f1be:obligation:1"", ""direct:2:h10-c4:held_out:tabular_energy:019:622521000413f1be:obligation:2"", ""direct:3:h10-c4:held_out:tabular_energy:019:622521000413f1be:obligation:3""]",4,4,4,6,2,17,17.1329959994182,0.050255775451660156,0,0,0,full_success,True,True,PASS,7.871759469228055,7.871759469228055,1.0,True,099e4fd2f0eb582a02c5c5851efe4801912dff320d1ba0d73da7651f37378c01,538c9f78a4f681c7ffd93570f2640f417ccf508a2595c74efa5ca4e21fa2e99a
h10-c4:held_out:tabular_energy:019:622521000413f1be,tabular_energy,repair_all_touches_more_components,B_GREEDY,"[""direct:3:h10-c4:held_out:tabular_energy:019:622521000413f1be:obligation:3"", ""local:partial_fast""]","[""direct:3:h10-c4:held_out:tabular_energy:019:622521000413f1be:obligation:3"", ""local:partial_fast""]",2,2,2,2,2,11,8.56334698619321,0.047654151916503906,0,0,0,full_success,True,True,PASS,3.3300921851412797,3.3300921851412797,0.42304292936784127,True,099e4fd2f0eb582a02c5c5851efe4801912dff320d1ba0d73da7651f37378c01,538c9f78a4f681c7ffd93570f2640f417ccf508a2595c74efa5ca4e21fa2e99a
h10-c4:held_out:tabular_energy:019:622521000413f1be,tabular_energy,repair_all_touches_more_components,O_GLOBAL,"[""source:restore""]","[""source:restore""]",1,1,1,6,6,8,4.441274999408051,0.04073905944824219,0,0,0,full_success,True,True,PASS,2.995324903940077,2.995324903940077,0.3805152984728857,True,099e4fd2f0eb582a02c5c5851efe4801912dff320d1ba0d73da7651f37378c01,538c9f78a4f681c7ffd93570f2640f417ccf508a2595c74efa5ca4e21fa2e99a
h10-c4:held_out:news_text:000:6b6f60e614cc2d6c,news_text,single_local_unique,B_ALL,"[""direct:0:h10-c4:held_out:news_text:000:6b6f60e614cc2d6c:obligation:0""]","[""direct:0:h10-c4:held_out:news_text:000:6b6f60e614cc2d6c:obligation:0""]",1,1,1,1,1,8,4.209867998724803,0.031000137329101562,0,0,0,full_success,True,True,PASS,1.8665735902799727,1.8665735902799727,1.0,True,9b89c4ce813657d8fff12f0cb2c58c5dce1fcfc8c8b738fb8b6a0d79c4109029,8a34a6f46d8ea1f8f467c80f60f282baea80c7db559d4d4e7395f67752958cf3
h10-c4:held_out:news_text:000:6b6f60e614cc2d6c,news_text,single_local_unique,B_FIRST,"[""direct:0:h10-c4:held_out:news_text:000:6b6f60e614cc2d6c:obligation:0""]","[""direct:0:h10-c4:held_out:news_text:000:6b6f60e614cc2d6c:obligation:0""]",1,1,1,1,1,8,4.265652998583391,0.031000137329101562,0,0,0,full_success,True,True,PASS,1.8665735902799727,1.8665735902799727,1.0,True,9b89c4ce813657d8fff12f0cb2c58c5dce1fcfc8c8b738fb8b6a0d79c4109029,8a34a6f46d8ea1f8f467c80f60f282baea80c7db559d4d4e7395f67752958cf3
h10-c4:held_out:news_text:000:6b6f60e614cc2d6c,news_text,single_local_unique,B_GREEDY,"[""direct:0:h10-c4:held_out:news_text:000:6b6f60e614cc2d6c:obligation:0""]","[""direct:0:h10-c4:held_out:news_text:000:6b6f60e614cc2d6c:obligation:0""]",1,1,1,1,1,8,4.217251989757642,0.031000137329101562,0,0,0,full_success,True,True,PASS,1.8665735902799727,1.8665735902799727,1.0,True,9b89c4ce813657d8fff12f0cb2c58c5dce1fcfc8c8b738fb8b6a0d79c4109029,8a34a6f46d8ea1f8f467c80f60f282baea80c7db559d4d4e7395f67752958cf3
h10-c4:held_out:news_text:000:6b6f60e614cc2d6c,news_text,single_local_unique,O_GLOBAL,"[""direct:0:h10-c4:held_out:news_text:000:6b6f60e614cc2d6c:obligation:0""]","[""direct:0:h10-c4:held_out:news_text:000:6b6f60e614cc2d6c:obligation:0""]",1,1,1,1,1,8,4.169470994384028,0.031000137329101562,0,0,0,full_success,True,True,PASS,1.8665735902799727,1.8665735902799727,1.0,True,9b89c4ce813657d8fff12f0cb2c58c5dce1fcfc8c8b738fb8b6a0d79c4109029,8a34a6f46d8ea1f8f467c80f60f282baea80c7db559d4d4e7395f67752958cf3
h10-c4:held_out:news_text:001:e8786aab9adb11bb,news_text,independent_multiple,B_ALL,"[""direct:0:h10-c4:held_out:news_text:001:e8786aab9adb11bb:obligation:0"", ""direct:1:h10-c4:held_out:news_text:001:e8786aab9adb11bb:obligation:1""]","[""direct:0:h10-c4:held_out:news_text:001:e8786aab9adb11bb:obligation:0"", ""direct:1:h10-c4:held_out:news_text:001:e8786aab9adb11bb:obligation:1""]",2,2,2,3,2,11,9.282986997277476,0.03773689270019531,0,0,0,full_success,True,True,PASS,3.9358797346140273,3.9358797346140273,1.0,True,eb0ea66dae552a27157951e337a103daee4a52de0c62f27b9c51be4d9455fa8f,a9bc6284b698fccaa6c9a9d47948c1149381a9ef15b3f32228f3df2436a9040d
h10-c4:held_out:news_text:001:e8786aab9adb11bb,news_text,independent_multiple,B_FIRST,"[""direct:0:h10-c4:held_out:news_text:001:e8786aab9adb11bb:obligation:0"", ""direct:1:h10-c4:held_out:news_text:001:e8786aab9adb11bb:obligation:1""]","[""direct:0:h10-c4:held_out:news_text:001:e8786aab9adb11bb:obligation:0"", ""direct:1:h10-c4:held_out:news_text:001:e8786aab9adb11bb:obligation:1""]",2,2,2,3,2,11,8.78477499645669,0.03755378723144531,0,0,0,full_success,True,True,PASS,3.9358797346140273,3.9358797346140273,1.0,True,eb0ea66dae552a27157951e337a103daee4a52de0c62f27b9c51be4d9455fa8f,a9bc6284b698fccaa6c9a9d47948c1149381a9ef15b3f32228f3df2436a9040d
h10-c4:held_out:news_text:001:e8786aab9adb11bb,news_text,independent_multiple,B_GREEDY,"[""source:restore""]","[""source:restore""]",1,1,1,3,3,8,4.553948005195707,0.034252166748046875,0,0,0,full_success,True,True,PASS,2.715517009972366,2.715517009972366,0.6899390207710865,True,eb0ea66dae552a27157951e337a103daee4a52de0c62f27b9c51be4d9455fa8f,a9bc6284b698fccaa6c9a9d47948c1149381a9ef15b3f32228f3df2436a9040d
h10-c4:held_out:news_text:001:e8786aab9adb11bb,news_text,independent_multiple,O_GLOBAL,"[""source:restore""]","[""source:restore""]",1,1,1,3,3,8,4.554959989036433,0.034252166748046875,0,0,0,full_success,True,True,PASS,2.715517009972366,2.715517009972366,0.6899390207710865,True,eb0ea66dae552a27157951e337a103daee4a52de0c62f27b9c51be4d9455fa8f,a9bc6284b698fccaa6c9a9d47948c1149381a9ef15b3f32228f3df2436a9040d
h10-c4:held_out:news_text:002:043004457ce52f5d,news_text,shared_source_downstream,B_ALL,"[""direct:0:h10-c4:held_out:news_text:002:043004457ce52f5d:obligation:2"", ""direct:1:h10-c4:held_out:news_text:002:043004457ce52f5d:obligation:3""]","[""direct:0:h10-c4:held_out:news_text:002:043004457ce52f5d:obligation:2"", ""direct:1:h10-c4:held_out:news_text:002:043004457ce52f5d:obligation:3""]",2,2,2,3,2,11,8.891036995919421,0.037619590759277344,0,0,0,full_success,True,True,PASS,3.9358797346140273,3.9358797346140273,1.0,True,dd181da2b4ad5132e57c2ebfe92022f16cece10ab21b4261799eb5a2980b209b,055956aab64a9434588f7f6a7e1025f30bcce44b19ec351b74ca0e1572aaf92c
h10-c4:held_out:news_text:002:043004457ce52f5d,news_text,shared_source_downstream,B_FIRST,"[""direct:0:h10-c4:held_out:news_text:002:043004457ce52f5d:obligation:2"", ""direct:1:h10-c4:held_out:news_text:002:043004457ce52f5d:obligation:3""]","[""direct:0:h10-c4:held_out:news_text:002:043004457ce52f5d:obligation:2"", ""direct:1:h10-c4:held_out:news_text:002:043004457ce52f5d:obligation:3""]",2,2,2,3,2,11,8.67117100278847,0.037619590759277344,0,0,0,full_success,True,True,PASS,3.9358797346140273,3.9358797346140273,1.0,True,dd181da2b4ad5132e57c2ebfe92022f16cece10ab21b4261799eb5a2980b209b,055956aab64a9434588f7f6a7e1025f30bcce44b19ec351b74ca0e1572aaf92c
h10-c4:held_out:news_text:002:043004457ce52f5d,news_text,shared_source_downstream,B_GREEDY,"[""source:restore""]","[""source:restore""]",1,1,1,4,4,8,4.472023996640928,0.034285545349121094,0,0,0,full_success,True,True,PASS,2.8270887856294706,2.8270887856294706,0.7182863746487695,True,dd181da2b4ad5132e57c2ebfe92022f16cece10ab21b4261799eb5a2980b209b,055956aab64a9434588f7f6a7e1025f30bcce44b19ec351b74ca0e1572aaf92c
h10-c4:held_out:news_text:002:043004457ce52f5d,news_text,shared_source_downstream,O_GLOBAL,"[""source:restore""]","[""source:restore""]",1,1,1,4,4,8,4.420786994160153,0.034285545349121094,0,0,0,full_success,True,True,PASS,2.8270887856294706,2.8270887856294706,0.7182863746487695,True,dd181da2b4ad5132e57c2ebfe92022f16cece10ab21b4261799eb5a2980b209b,055956aab64a9434588f7f6a7e1025f30bcce44b19ec351b74ca0e1572aaf92c
h10-c4:held_out:news_text:003:97a60f7b2c54ba2c,news_text,equal_size_different_cost,B_ALL,"[""direct:0:h10-c4:held_out:news_text:003:97a60f7b2c54ba2c:obligation:0"", ""direct:1:h10-c4:held_out:news_text:003:97a60f7b2c54ba2c:obligation:1"", ""direct:2:h10-c4:held_out:news_text:003:97a60f7b2c54ba2c:obligation:2""]","[""direct:0:h10-c4:held_out:news_text:003:97a60f7b2c54ba2c:obligation:0"", ""direct:1:h10-c4:held_out:news_text:003:97a60f7b2c54ba2c:obligation:1"", ""direct:2:h10-c4:held_out:news_text:003:97a60f7b2c54ba2c:obligation:2""]",3,3,3,4,2,14,13.065838007605635,0.04404926300048828,0,0,0,full_success,True,True,PASS,5.802453324894,5.802453324894,1.0,True,18bfc20b7b4512512427dda45e2c762c23cb4439f1371c9f0cece7b48c8dbd2d,74dda15273ddf13cb6866473fa393f0e7585534974dc36064b15f71ce539deff
h10-c4:held_out:news_text:003:97a60f7b2c54ba2c,news_text,equal_size_different_cost,B_FIRST,"[""direct:0:h10-c4:held_out:news_text:003:97a60f7b2c54ba2c:obligation:0"", ""direct:1:h10-c4:held_out:news_text:003:97a60f7b2c54ba2c:obligation:1"", ""direct:2:h10-c4:held_out:news_text:003:97a60f7b2c54ba2c:obligation:2""]","[""direct:0:h10-c4:held_out:news_text:003:97a60f7b2c54ba2c:obligation:0"", ""direct:1:h10-c4:held_out:news_text:003:97a60f7b2c54ba2c:obligation:1"", ""direct:2:h10-c4:held_out:news_text:003:97a60f7b2c54ba2c:obligation:2""]",3,3,3,4,2,14,13.30935901205521,0.04394245147705078,0,0,0,full_success,True,True,PASS,5.802453324894,5.802453324894,1.0,True,18bfc20b7b4512512427dda45e2c762c23cb4439f1371c9f0cece7b48c8dbd2d,74dda15273ddf13cb6866473fa393f0e7585534974dc36064b15f71ce539deff
h10-c4:held_out:news_text:003:97a60f7b2c54ba2c,news_text,equal_size_different_cost,B_GREEDY,"[""direct:2:h10-c4:held_out:news_text:003:97a60f7b2c54ba2c:obligation:2"", ""local:partial_fast""]","[""direct:2:h10-c4:held_out:news_text:003:97a60f7b2c54ba2c:obligation:2"", ""local:partial_fast""]",2,1,2,1,1,11,8.639289997518063,0.041785240173339844,0,0,0,full_success,True,True,PASS,3.127359631087198,3.127359631087198,0.5389719582353261,True,18bfc20b7b4512512427dda45e2c762c23cb4439f1371c9f0cece7b48c8dbd2d,74dda15273ddf13cb6866473fa393f0e7585534974dc36064b15f71ce539deff
h10-c4:held_out:news_text:003:97a60f7b2c54ba2c,news_text,equal_size_different_cost,O_GLOBAL,"[""source:restore""]","[""source:restore""]",1,1,1,5,5,8,4.965596002875827,0.03749656677246094,0,0,0,full_success,True,True,PASS,2.9182495640264476,2.9182495640264476,0.5029337420960226,True,18bfc20b7b4512512427dda45e2c762c23cb4439f1371c9f0cece7b48c8dbd2d,74dda15273ddf13cb6866473fa393f0e7585534974dc36064b15f71ce539deff
h10-c4:held_out:news_text:004:32e472dc6c6c7184,news_text,multiple_equal_optima,B_ALL,"[""direct:0:h10-c4:held_out:news_text:004:32e472dc6c6c7184:obligation:0"", ""direct:1:h10-c4:held_out:news_text:004:32e472dc6c6c7184:obligation:1"", ""direct:2:h10-c4:held_out:news_text:004:32e472dc6c6c7184:obligation:2"", ""direct:3:h10-c4:held_out:news_text:004:32e472dc6c6c7184:obligation:3""]","[""direct:0:h10-c4:held_out:news_text:004:32e472dc6c6c7184:obligation:0"", ""direct:1:h10-c4:held_out:news_text:004:32e472dc6c6c7184:obligation:1"", ""direct:2:h10-c4:held_out:news_text:004:32e472dc6c6c7184:obligation:2"", ""direct:3:h10-c4:held_out:news_text:004:32e472dc6c6c7184:obligation:3""]",4,4,4,6,2,17,19.45949399669189,0.05079936981201172,0,0,0,full_success,True,True,PASS,7.871759469228055,7.871759469228055,1.0,True,c925b9808a4ac087988c0e6a5eed3eae6ae4b7a604a891e871e6face6246fd71,244bf7383e2f8f80fc80b186eded9b7b65f59aae2328267a5d8d9aeeff6e3c01
h10-c4:held_out:news_text:004:32e472dc6c6c7184,news_text,multiple_equal_optima,B_FIRST,"[""direct:0:h10-c4:held_out:news_text:004:32e472dc6c6c7184:obligation:0"", ""direct:1:h10-c4:held_out:news_text:004:32e472dc6c6c7184:obligation:1"", ""direct:2:h10-c4:held_out:news_text:004:32e472dc6c6c7184:obligation:2"", ""direct:3:h10-c4:held_out:news_text:004:32e472dc6c6c7184:obligation:3""]","[""direct:0:h10-c4:held_out:news_text:004:32e472dc6c6c7184:obligation:0"", ""direct:1:h10-c4:held_out:news_text:004:32e472dc6c6c7184:obligation:1"", ""direct:2:h10-c4:held_out:news_text:004:32e472dc6c6c7184:obligation:2"", ""direct:3:h10-c4:held_out:news_text:004:32e472dc6c6c7184:obligation:3""]",4,4,4,6,2,17,18.600841009174474,0.05026531219482422,0,0,0,full_success,True,True,PASS,7.871759469228055,7.871759469228055,1.0,True,c925b9808a4ac087988c0e6a5eed3eae6ae4b7a604a891e871e6face6246fd71,244bf7383e2f8f80fc80b186eded9b7b65f59aae2328267a5d8d9aeeff6e3c01
h10-c4:held_out:news_text:004:32e472dc6c6c7184,news_text,multiple_equal_optima,B_GREEDY,"[""direct:3:h10-c4:held_out:news_text:004:32e472dc6c6c7184:obligation:3"", ""local:partial_fast""]","[""direct:3:h10-c4:held_out:news_text:004:32e472dc6c6c7184:obligation:3"", ""local:partial_fast""]",2,2,2,2,2,11,9.735062005347572,0.04717540740966797,0,0,0,full_success,True,True,PASS,3.3300921851412797,3.3300921851412797,0.42304292936784127,True,c925b9808a4ac087988c0e6a5eed3eae6ae4b7a604a891e871e6face6246fd71,244bf7383e2f8f80fc80b186eded9b7b65f59aae2328267a5d8d9aeeff6e3c01
h10-c4:held_out:news_text:004:32e472dc6c6c7184,news_text,multiple_equal_optima,O_GLOBAL,"[""source:restore""]","[""source:restore""]",1,1,1,6,6,8,4.847813994274475,0.0405120849609375,0,0,0,full_success,True,True,PASS,2.995324903940077,2.995324903940077,0.3805152984728857,True,c925b9808a4ac087988c0e6a5eed3eae6ae4b7a604a891e871e6face6246fd71,244bf7383e2f8f80fc80b186eded9b7b65f59aae2328267a5d8d9aeeff6e3c01
h10-c4:held_out:news_text:005:7978e279354a35f7,news_text,downstream_does_not_fix_source,B_ALL,"[""direct:0:h10-c4:held_out:news_text:005:7978e279354a35f7:obligation:0"", ""direct:1:h10-c4:held_out:news_text:005:7978e279354a35f7:obligation:2"", ""direct:2:h10-c4:held_out:news_text:005:7978e279354a35f7:obligation:3""]","[""direct:0:h10-c4:held_out:news_text:005:7978e279354a35f7:obligation:0"", ""direct:1:h10-c4:held_out:news_text:005:7978e279354a35f7:obligation:2"", ""direct:2:h10-c4:held_out:news_text:005:7978e279354a35f7:obligation:3""]",3,3,3,4,2,14,13.514656995539553,0.04394245147705078,0,0,0,full_success,True,True,PASS,5.802453324894,5.802453324894,1.0,True,ad8a309d8a01f3846eb4b9ca6cd41fd15910f412cb0902a359bf5d4e8ef5703e,5df291718f4e3763db31af7218ba020eb5cb20746e5cf46551f9bac693bfc6bc
h10-c4:held_out:news_text:005:7978e279354a35f7,news_text,downstream_does_not_fix_source,B_FIRST,"[""direct:0:h10-c4:held_out:news_text:005:7978e279354a35f7:obligation:0"", ""direct:1:h10-c4:held_out:news_text:005:7978e279354a35f7:obligation:2"", ""direct:2:h10-c4:held_out:news_text:005:7978e279354a35f7:obligation:3""]","[""direct:0:h10-c4:held_out:news_text:005:7978e279354a35f7:obligation:0"", ""direct:1:h10-c4:held_out:news_text:005:7978e279354a35f7:obligation:2"", ""direct:2:h10-c4:held_out:news_text:005:7978e279354a35f7:obligation:3""]",3,3,3,4,2,14,13.470862992107868,0.04394245147705078,0,0,0,full_success,True,True,PASS,5.802453324894,5.802453324894,1.0,True,ad8a309d8a01f3846eb4b9ca6cd41fd15910f412cb0902a359bf5d4e8ef5703e,5df291718f4e3763db31af7218ba020eb5cb20746e5cf46551f9bac693bfc6bc
h10-c4:held_out:news_text:005:7978e279354a35f7,news_text,downstream_does_not_fix_source,B_GREEDY,"[""direct:2:h10-c4:held_out:news_text:005:7978e279354a35f7:obligation:3"", ""local:partial_fast""]","[""direct:2:h10-c4:held_out:news_text:005:7978e279354a35f7:obligation:3"", ""local:partial_fast""]",2,2,2,1,1,11,8.915602011256851,0.04190540313720703,0,0,0,full_success,True,True,PASS,3.127359631087198,3.127359631087198,0.5389719582353261,True,ad8a309d8a01f3846eb4b9ca6cd41fd15910f412cb0902a359bf5d4e8ef5703e,5df291718f4e3763db31af7218ba020eb5cb20746e5cf46551f9bac693bfc6bc
h10-c4:held_out:news_text:005:7978e279354a35f7,news_text,downstream_does_not_fix_source,O_GLOBAL,"[""source:restore""]","[""source:restore""]",1,1,1,2,2,8,4.603801993653178,0.03748893737792969,0,0,0,full_success,True,True,PASS,2.571675973746475,2.571675973746475,0.44320493931650107,True,ad8a309d8a01f3846eb4b9ca6cd41fd15910f412cb0902a359bf5d4e8ef5703e,5df291718f4e3763db31af7218ba020eb5cb20746e5cf46551f9bac693bfc6bc
h10-c4:held_out:news_text:006:880e5bf26b8d09ce,news_text,secondary_critical_violation,B_ALL,"[""direct:0:h10-c4:held_out:news_text:006:880e5bf26b8d09ce:obligation:0"", ""direct:1:h10-c4:held_out:news_text:006:880e5bf26b8d09ce:obligation:1"", ""direct:2:h10-c4:held_out:news_text:006:880e5bf26b8d09ce:obligation:2"", ""direct:3:h10-c4:held_out:news_text:006:880e5bf26b8d09ce:obligation:3""]","[""direct:0:h10-c4:held_out:news_text:006:880e5bf26b8d09ce:obligation:0"", ""direct:1:h10-c4:held_out:news_text:006:880e5bf26b8d09ce:obligation:1"", ""direct:2:h10-c4:held_out:news_text:006:880e5bf26b8d09ce:obligation:2"", ""direct:3:h10-c4:held_out:news_text:006:880e5bf26b8d09ce:obligation:3""]",4,4,4,6,2,17,19.098390999715775,0.05037212371826172,0,0,0,full_success,True,True,PASS,7.871759469228055,7.871759469228055,1.0,True,20e9a99364e7cbed9bd06db954f5b1832958bb375d73591004c618b00ca6ca9a,cd4dd8ad7876b04eb5a7e16f1b991bee1171d373a8b3725c20169a79ddd8bfe3
h10-c4:held_out:news_text:006:880e5bf26b8d09ce,news_text,secondary_critical_violation,B_FIRST,"[""direct:0:h10-c4:held_out:news_text:006:880e5bf26b8d09ce:obligation:0"", ""direct:1:h10-c4:held_out:news_text:006:880e5bf26b8d09ce:obligation:1"", ""direct:2:h10-c4:held_out:news_text:006:880e5bf26b8d09ce:obligation:2"", ""direct:3:h10-c4:held_out:news_text:006:880e5bf26b8d09ce:obligation:3""]","[""direct:0:h10-c4:held_out:news_text:006:880e5bf26b8d09ce:obligation:0"", ""direct:1:h10-c4:held_out:news_text:006:880e5bf26b8d09ce:obligation:1"", ""direct:2:h10-c4:held_out:news_text:006:880e5bf26b8d09ce:obligation:2"", ""direct:3:h10-c4:held_out:news_text:006:880e5bf26b8d09ce:obligation:3""]",4,4,4,6,2,17,19.738151007913984,0.05026531219482422,0,0,0,full_success,True,True,PASS,7.871759469228055,7.871759469228055,1.0,True,20e9a99364e7cbed9bd06db954f5b1832958bb375d73591004c618b00ca6ca9a,cd4dd8ad7876b04eb5a7e16f1b991bee1171d373a8b3725c20169a79ddd8bfe3
h10-c4:held_out:news_text:006:880e5bf26b8d09ce,news_text,secondary_critical_violation,B_GREEDY,"[""local:partial_fast"", ""unsafe:shortcut""]","[""local:partial_fast"", ""unsafe:shortcut""]",2,1,2,0,0,11,10.810735999257304,0.04294776916503906,1,0,0,partial_success,False,False,PASS,3.0115720816144496,4.7623581224216744,0.6049928406779299,False,20e9a99364e7cbed9bd06db954f5b1832958bb375d73591004c618b00ca6ca9a,919793da9ece5d804a99b952bea7d836e30b089083d6fb05e7974a364d255a58
h10-c4:held_out:news_text:006:880e5bf26b8d09ce,news_text,secondary_critical_violation,O_GLOBAL,"[""source:restore""]","[""source:restore""]",1,1,1,3,3,8,4.8432559997309,0.0405120849609375,0,0,0,full_success,True,True,PASS,2.715517009972366,2.715517009972366,0.34496951038554324,True,20e9a99364e7cbed9bd06db954f5b1832958bb375d73591004c618b00ca6ca9a,cd4dd8ad7876b04eb5a7e16f1b991bee1171d373a8b3725c20169a79ddd8bfe3
h10-c4:held_out:news_text:007:b01ecdd41077b163,news_text,rollback_required,B_ALL,"[""direct:0:h10-c4:held_out:news_text:007:b01ecdd41077b163:obligation:0"", ""direct:1:h10-c4:held_out:news_text:007:b01ecdd41077b163:obligation:1"", ""direct:2:h10-c4:held_out:news_text:007:b01ecdd41077b163:obligation:2"", ""direct:3:h10-c4:held_out:news_text:007:b01ecdd41077b163:obligation:3""]","[""direct:0:h10-c4:held_out:news_text:007:b01ecdd41077b163:obligation:0"", ""direct:1:h10-c4:held_out:news_text:007:b01ecdd41077b163:obligation:1"", ""direct:2:h10-c4:held_out:news_text:007:b01ecdd41077b163:obligation:2"", ""direct:3:h10-c4:held_out:news_text:007:b01ecdd41077b163:obligation:3""]",4,4,4,6,2,17,20.408418000442907,0.05031871795654297,0,0,0,full_success,True,True,PASS,7.871759469228055,7.871759469228055,1.0,True,9b3b879f4b7218d05e3b5a781515ce2fbe1e5b25e4c04c69ffab3f9976ff2f13,1808f7de08533b799fe0125e30ba92a30f8e74618e31b139e4e914e04ed9d8a1
h10-c4:held_out:news_text:007:b01ecdd41077b163,news_text,rollback_required,B_FIRST,"[""direct:0:h10-c4:held_out:news_text:007:b01ecdd41077b163:obligation:0"", ""direct:1:h10-c4:held_out:news_text:007:b01ecdd41077b163:obligation:1"", ""direct:2:h10-c4:held_out:news_text:007:b01ecdd41077b163:obligation:2"", ""direct:3:h10-c4:held_out:news_text:007:b01ecdd41077b163:obligation:3""]","[""direct:0:h10-c4:held_out:news_text:007:b01ecdd41077b163:obligation:0"", ""direct:1:h10-c4:held_out:news_text:007:b01ecdd41077b163:obligation:1"", ""direct:2:h10-c4:held_out:news_text:007:b01ecdd41077b163:obligation:2"", ""direct:3:h10-c4:held_out:news_text:007:b01ecdd41077b163:obligation:3""]",4,4,4,6,2,17,20.1593870006036,0.05026531219482422,0,0,0,full_success,True,True,PASS,7.871759469228055,7.871759469228055,1.0,True,9b3b879f4b7218d05e3b5a781515ce2fbe1e5b25e4c04c69ffab3f9976ff2f13,1808f7de08533b799fe0125e30ba92a30f8e74618e31b139e4e914e04ed9d8a1
h10-c4:held_out:news_text:007:b01ecdd41077b163,news_text,rollback_required,B_GREEDY,"[""local:partial_fast"", ""unsafe:shortcut""]","[""local:partial_fast"", ""unsafe:shortcut""]",2,1,2,0,0,11,10.280644011800177,0.04294776916503906,1,0,0,partial_success,False,False,PASS,3.0115720816144496,4.7623581224216744,0.6049928406779299,False,9b3b879f4b7218d05e3b5a781515ce2fbe1e5b25e4c04c69ffab3f9976ff2f13,fc9a3cbf774f284ab41f54f9886bfb888f2f71331bfa3006d631d2bc998c3c91
h10-c4:held_out:news_text:007:b01ecdd41077b163,news_text,rollback_required,O_GLOBAL,"[""source:restore""]","[""source:restore""]",1,1,1,4,4,8,5.014978989493102,0.0405120849609375,0,0,0,full_success,True,True,PASS,2.8270887856294706,2.8270887856294706,0.35914318732438477,True,9b3b879f4b7218d05e3b5a781515ce2fbe1e5b25e4c04c69ffab3f9976ff2f13,1808f7de08533b799fe0125e30ba92a30f8e74618e31b139e4e914e04ed9d8a1
h10-c4:held_out:news_text:008:8fcd81ef0ab381ab,news_text,variable_dependency_fanout,B_ALL,"[""direct:0:h10-c4:held_out:news_text:008:8fcd81ef0ab381ab:obligation:0"", ""direct:1:h10-c4:held_out:news_text:008:8fcd81ef0ab381ab:obligation:1"", ""direct:2:h10-c4:held_out:news_text:008:8fcd81ef0ab381ab:obligation:2"", ""direct:3:h10-c4:held_out:news_text:008:8fcd81ef0ab381ab:obligation:3""]","[""direct:0:h10-c4:held_out:news_text:008:8fcd81ef0ab381ab:obligation:0"", ""direct:1:h10-c4:held_out:news_text:008:8fcd81ef0ab381ab:obligation:1"", ""direct:2:h10-c4:held_out:news_text:008:8fcd81ef0ab381ab:obligation:2"", ""direct:3:h10-c4:held_out:news_text:008:8fcd81ef0ab381ab:obligation:3""]",4,4,4,11,7,17,18.399150008917786,0.05031871795654297,0,0,0,full_success,True,True,PASS,8.362174095733918,8.362174095733918,1.0,True,d6258c66c50b925d0faf8eab8846ac1671597866bb27fd13e40310ffe3b6eca8,86dcb411499c8d77cbedee5815d08dc60418098bcad57c2b972fd41f6984d49d
h10-c4:held_out:news_text:008:8fcd81ef0ab381ab,news_text,variable_dependency_fanout,B_FIRST,"[""direct:0:h10-c4:held_out:news_text:008:8fcd81ef0ab381ab:obligation:0"", ""direct:1:h10-c4:held_out:news_text:008:8fcd81ef0ab381ab:obligation:1"", ""direct:2:h10-c4:held_out:news_text:008:8fcd81ef0ab381ab:obligation:2"", ""direct:3:h10-c4:held_out:news_text:008:8fcd81ef0ab381ab:obligation:3""]","[""direct:0:h10-c4:held_out:news_text:008:8fcd81ef0ab381ab:obligation:0"", ""direct:1:h10-c4:held_out:news_text:008:8fcd81ef0ab381ab:obligation:1"", ""direct:2:h10-c4:held_out:news_text:008:8fcd81ef0ab381ab:obligation:2"", ""direct:3:h10-c4:held_out:news_text:008:8fcd81ef0ab381ab:obligation:3""]",4,4,4,11,7,17,19.21443099854514,0.05026531219482422,0,0,0,full_success,True,True,PASS,8.362174095733918,8.362174095733918,1.0,True,d6258c66c50b925d0faf8eab8846ac1671597866bb27fd13e40310ffe3b6eca8,86dcb411499c8d77cbedee5815d08dc60418098bcad57c2b972fd41f6984d49d
h10-c4:held_out:news_text:008:8fcd81ef0ab381ab,news_text,variable_dependency_fanout,B_GREEDY,"[""direct:3:h10-c4:held_out:news_text:008:8fcd81ef0ab381ab:obligation:3"", ""local:partial_fast""]","[""direct:3:h10-c4:held_out:news_text:008:8fcd81ef0ab381ab:obligation:3"", ""local:partial_fast""]",2,2,2,2,2,11,9.52670800324995,0.04723644256591797,0,0,0,full_success,True,True,PASS,3.3300921851412797,3.3300921851412797,0.3982328216342893,True,d6258c66c50b925d0faf8eab8846ac1671597866bb27fd13e40310ffe3b6eca8,86dcb411499c8d77cbedee5815d08dc60418098bcad57c2b972fd41f6984d49d
h10-c4:held_out:news_text:008:8fcd81ef0ab381ab,news_text,variable_dependency_fanout,O_GLOBAL,"[""source:restore""]","[""source:restore""]",1,1,1,5,5,8,4.740802003652789,0.0405120849609375,0,0,0,full_success,True,True,PASS,2.9182495640264476,2.9182495640264476,0.3489821583020179,True,d6258c66c50b925d0faf8eab8846ac1671597866bb27fd13e40310ffe3b6eca8,86dcb411499c8d77cbedee5815d08dc60418098bcad57c2b972fd41f6984d49d
h10-c4:held_out:news_text:009:e46f92c95b99f95c,news_text,repair_all_touches_more_components,B_ALL,"[""direct:0:h10-c4:held_out:news_text:009:e46f92c95b99f95c:obligation:0"", ""direct:1:h10-c4:held_out:news_text:009:e46f92c95b99f95c:obligation:1"", ""direct:2:h10-c4:held_out:news_text:009:e46f92c95b99f95c:obligation:2"", ""direct:3:h10-c4:held_out:news_text:009:e46f92c95b99f95c:obligation:3""]","[""direct:0:h10-c4:held_out:news_text:009:e46f92c95b99f95c:obligation:0"", ""direct:1:h10-c4:held_out:news_text:009:e46f92c95b99f95c:obligation:1"", ""direct:2:h10-c4:held_out:news_text:009:e46f92c95b99f95c:obligation:2"", ""direct:3:h10-c4:held_out:news_text:009:e46f92c95b99f95c:obligation:3""]",4,4,4,6,2,17,18.886280988226645,0.05026531219482422,0,0,0,full_success,True,True,PASS,7.871759469228055,7.871759469228055,1.0,True,406a9369eeaf3bb252a17ab960b9c5084e4ab5f8d61804b88abe2ed34fc707ae,c55943b5a21d99df33aea9c930c7980008aee7ddf507fcb86399babd4a12563c
h10-c4:held_out:news_text:009:e46f92c95b99f95c,news_text,repair_all_touches_more_components,B_FIRST,"[""direct:0:h10-c4:held_out:news_text:009:e46f92c95b99f95c:obligation:0"", ""direct:1:h10-c4:held_out:news_text:009:e46f92c95b99f95c:obligation:1"", ""direct:2:h10-c4:held_out:news_text:009:e46f92c95b99f95c:obligation:2"", ""direct:3:h10-c4:held_out:news_text:009:e46f92c95b99f95c:obligation:3""]","[""direct:0:h10-c4:held_out:news_text:009:e46f92c95b99f95c:obligation:0"", ""direct:1:h10-c4:held_out:news_text:009:e46f92c95b99f95c:obligation:1"", ""direct:2:h10-c4:held_out:news_text:009:e46f92c95b99f95c:obligation:2"", ""direct:3:h10-c4:held_out:news_text:009:e46f92c95b99f95c:obligation:3""]",4,4,4,6,2,17,18.743068998446688,0.05064678192138672,0,0,0,full_success,True,True,PASS,7.871759469228055,7.871759469228055,1.0,True,406a9369eeaf3bb252a17ab960b9c5084e4ab5f8d61804b88abe2ed34fc707ae,c55943b5a21d99df33aea9c930c7980008aee7ddf507fcb86399babd4a12563c
h10-c4:held_out:news_text:009:e46f92c95b99f95c,news_text,repair_all_touches_more_components,B_GREEDY,"[""direct:3:h10-c4:held_out:news_text:009:e46f92c95b99f95c:obligation:3"", ""local:partial_fast""]","[""direct:3:h10-c4:held_out:news_text:009:e46f92c95b99f95c:obligation:3"", ""local:partial_fast""]",2,2,2,2,2,11,9.443660994293168,0.044559478759765625,0,0,0,full_success,True,True,PASS,3.3300921851412797,3.3300921851412797,0.42304292936784127,True,406a9369eeaf3bb252a17ab960b9c5084e4ab5f8d61804b88abe2ed34fc707ae,c55943b5a21d99df33aea9c930c7980008aee7ddf507fcb86399babd4a12563c
h10-c4:held_out:news_text:009:e46f92c95b99f95c,news_text,repair_all_touches_more_components,O_GLOBAL,"[""source:restore""]","[""source:restore""]",1,1,1,6,6,8,4.775356006575748,0.0405120849609375,0,0,0,full_success,True,True,PASS,2.995324903940077,2.995324903940077,0.3805152984728857,True,406a9369eeaf3bb252a17ab960b9c5084e4ab5f8d61804b88abe2ed34fc707ae,c55943b5a21d99df33aea9c930c7980008aee7ddf507fcb86399babd4a12563c
h10-c4:held_out:news_text:010:fb7b6b1c255f8cbc,news_text,single_local_unique,B_ALL,"[""direct:0:h10-c4:held_out:news_text:010:fb7b6b1c255f8cbc:obligation:0""]","[""direct:0:h10-c4:held_out:news_text:010:fb7b6b1c255f8cbc:obligation:0""]",1,1,1,1,1,8,4.664767999202013,0.031000137329101562,0,0,0,full_success,True,True,PASS,1.8665735902799727,1.8665735902799727,1.0,True,cd8c54b614808dc0306d8f00815fa8cc60e65ffe6fd6b346b9665d32176f99cc,57b8bdb031bd4695eb9f3b3bdf2e86eeb41bfbad6b48d69ace6f39a56bffbabd
h10-c4:held_out:news_text:010:fb7b6b1c255f8cbc,news_text,single_local_unique,B_FIRST,"[""direct:0:h10-c4:held_out:news_text:010:fb7b6b1c255f8cbc:obligation:0""]","[""direct:0:h10-c4:held_out:news_text:010:fb7b6b1c255f8cbc:obligation:0""]",1,1,1,1,1,8,4.227299999911338,0.031000137329101562,0,0,0,full_success,True,True,PASS,1.8665735902799727,1.8665735902799727,1.0,True,cd8c54b614808dc0306d8f00815fa8cc60e65ffe6fd6b346b9665d32176f99cc,57b8bdb031bd4695eb9f3b3bdf2e86eeb41bfbad6b48d69ace6f39a56bffbabd
h10-c4:held_out:news_text:010:fb7b6b1c255f8cbc,news_text,single_local_unique,B_GREEDY,"[""direct:0:h10-c4:held_out:news_text:010:fb7b6b1c255f8cbc:obligation:0""]","[""direct:0:h10-c4:held_out:news_text:010:fb7b6b1c255f8cbc:obligation:0""]",1,1,1,1,1,8,4.151207001996227,0.031000137329101562,0,0,0,full_success,True,True,PASS,1.8665735902799727,1.8665735902799727,1.0,True,cd8c54b614808dc0306d8f00815fa8cc60e65ffe6fd6b346b9665d32176f99cc,57b8bdb031bd4695eb9f3b3bdf2e86eeb41bfbad6b48d69ace6f39a56bffbabd
h10-c4:held_out:news_text:010:fb7b6b1c255f8cbc,news_text,single_local_unique,O_GLOBAL,"[""direct:0:h10-c4:held_out:news_text:010:fb7b6b1c255f8cbc:obligation:0""]","[""direct:0:h10-c4:held_out:news_text:010:fb7b6b1c255f8cbc:obligation:0""]",1,1,1,1,1,8,4.144284001085907,0.031000137329101562,0,0,0,full_success,True,True,PASS,1.8665735902799727,1.8665735902799727,1.0,True,cd8c54b614808dc0306d8f00815fa8cc60e65ffe6fd6b346b9665d32176f99cc,57b8bdb031bd4695eb9f3b3bdf2e86eeb41bfbad6b48d69ace6f39a56bffbabd
h10-c4:held_out:news_text:011:9177df1c749bfde4,news_text,independent_multiple,B_ALL,"[""direct:0:h10-c4:held_out:news_text:011:9177df1c749bfde4:obligation:0"", ""direct:1:h10-c4:held_out:news_text:011:9177df1c749bfde4:obligation:1""]","[""direct:0:h10-c4:held_out:news_text:011:9177df1c749bfde4:obligation:0"", ""direct:1:h10-c4:held_out:news_text:011:9177df1c749bfde4:obligation:1""]",2,2,2,3,2,11,9.176527004456148,0.03773689270019531,0,0,0,full_success,True,True,PASS,3.9358797346140273,3.9358797346140273,1.0,True,321bcc9835bd12dd4655bec4a810452e1b4a2ef0f18129af9b039a007a778257,8c1b5d992ca46eb07adfd05d6147e72b5fdf12203e9d2ff730120f03bab18377
h10-c4:held_out:news_text:011:9177df1c749bfde4,news_text,independent_multiple,B_FIRST,"[""direct:0:h10-c4:held_out:news_text:011:9177df1c749bfde4:obligation:0"", ""direct:1:h10-c4:held_out:news_text:011:9177df1c749bfde4:obligation:1""]","[""direct:0:h10-c4:held_out:news_text:011:9177df1c749bfde4:obligation:0"", ""direct:1:h10-c4:held_out:news_text:011:9177df1c749bfde4:obligation:1""]",2,2,2,3,2,11,9.502522996626794,0.03755378723144531,0,0,0,full_success,True,True,PASS,3.9358797346140273,3.9358797346140273,1.0,True,321bcc9835bd12dd4655bec4a810452e1b4a2ef0f18129af9b039a007a778257,8c1b5d992ca46eb07adfd05d6147e72b5fdf12203e9d2ff730120f03bab18377
h10-c4:held_out:news_text:011:9177df1c749bfde4,news_text,independent_multiple,B_GREEDY,"[""source:restore""]","[""source:restore""]",1,1,1,3,3,8,4.597922001266852,0.034252166748046875,0,0,0,full_success,True,True,PASS,2.715517009972366,2.715517009972366,0.6899390207710865,True,321bcc9835bd12dd4655bec4a810452e1b4a2ef0f18129af9b039a007a778257,8c1b5d992ca46eb07adfd05d6147e72b5fdf12203e9d2ff730120f03bab18377
h10-c4:held_out:news_text:011:9177df1c749bfde4,news_text,independent_multiple,O_GLOBAL,"[""source:restore""]","[""source:restore""]",1,1,1,3,3,8,4.56230400595814,0.034252166748046875,0,0,0,full_success,True,True,PASS,2.715517009972366,2.715517009972366,0.6899390207710865,True,321bcc9835bd12dd4655bec4a810452e1b4a2ef0f18129af9b039a007a778257,8c1b5d992ca46eb07adfd05d6147e72b5fdf12203e9d2ff730120f03bab18377
h10-c4:held_out:news_text:012:3764cd98925ab32d,news_text,shared_source_downstream,B_ALL,"[""direct:0:h10-c4:held_out:news_text:012:3764cd98925ab32d:obligation:2"", ""direct:1:h10-c4:held_out:news_text:012:3764cd98925ab32d:obligation:3""]","[""direct:0:h10-c4:held_out:news_text:012:3764cd98925ab32d:obligation:2"", ""direct:1:h10-c4:held_out:news_text:012:3764cd98925ab32d:obligation:3""]",2,2,2,3,2,11,8.869716999470256,0.037619590759277344,0,0,0,full_success,True,True,PASS,3.9358797346140273,3.9358797346140273,1.0,True,6b81cc988fa76115fab83c37bead7235ff84a8bb2ad838932a4ea182b459a614,e0bb103eb524fb640c5d3164670ee27c2aa655a77f14875a6b6ba673b7250457
h10-c4:held_out:news_text:012:3764cd98925ab32d,news_text,shared_source_downstream,B_FIRST,"[""direct:0:h10-c4:held_out:news_text:012:3764cd98925ab32d:obligation:2"", ""direct:1:h10-c4:held_out:news_text:012:3764cd98925ab32d:obligation:3""]","[""direct:0:h10-c4:held_out:news_text:012:3764cd98925ab32d:obligation:2"", ""direct:1:h10-c4:held_out:news_text:012:3764cd98925ab32d:obligation:3""]",2,2,2,3,2,11,10.266495999530889,0.037619590759277344,0,0,0,full_success,True,True,PASS,3.9358797346140273,3.9358797346140273,1.0,True,6b81cc988fa76115fab83c37bead7235ff84a8bb2ad838932a4ea182b459a614,e0bb103eb524fb640c5d3164670ee27c2aa655a77f14875a6b6ba673b7250457
h10-c4:held_out:news_text:012:3764cd98925ab32d,news_text,shared_source_downstream,B_GREEDY,"[""source:restore""]","[""source:restore""]",1,1,1,4,4,8,5.04323399218265,0.034285545349121094,0,0,0,full_success,True,True,PASS,2.8270887856294706,2.8270887856294706,0.7182863746487695,True,6b81cc988fa76115fab83c37bead7235ff84a8bb2ad838932a4ea182b459a614,e0bb103eb524fb640c5d3164670ee27c2aa655a77f14875a6b6ba673b7250457
h10-c4:held_out:news_text:012:3764cd98925ab32d,news_text,shared_source_downstream,O_GLOBAL,"[""source:restore""]","[""source:restore""]",1,1,1,4,4,8,4.3667450081557035,0.034285545349121094,0,0,0,full_success,True,True,PASS,2.8270887856294706,2.8270887856294706,0.7182863746487695,True,6b81cc988fa76115fab83c37bead7235ff84a8bb2ad838932a4ea182b459a614,e0bb103eb524fb640c5d3164670ee27c2aa655a77f14875a6b6ba673b7250457
h10-c4:held_out:news_text:013:3a00715fb1e4f6e2,news_text,equal_size_different_cost,B_ALL,"[""direct:0:h10-c4:held_out:news_text:013:3a00715fb1e4f6e2:obligation:0"", ""direct:1:h10-c4:held_out:news_text:013:3a00715fb1e4f6e2:obligation:1"", ""direct:2:h10-c4:held_out:news_text:013:3a00715fb1e4f6e2:obligation:2""]","[""direct:0:h10-c4:held_out:news_text:013:3a00715fb1e4f6e2:obligation:0"", ""direct:1:h10-c4:held_out:news_text:013:3a00715fb1e4f6e2:obligation:1"", ""direct:2:h10-c4:held_out:news_text:013:3a00715fb1e4f6e2:obligation:2""]",3,3,3,4,2,14,15.05589899898041,0.04399585723876953,0,0,0,full_success,True,True,PASS,5.802453324894,5.802453324894,1.0,True,f2083f64eddd66984041ecb0781d09404b579da9d711bfc87fa30ab7c2ee0c14,84b5fbcf135e9ab86879678dbc6b8d7cb9a2b8b22ebdc9829fb65d69c7cb87c8
h10-c4:held_out:news_text:013:3a00715fb1e4f6e2,news_text,equal_size_different_cost,B_FIRST,"[""direct:0:h10-c4:held_out:news_text:013:3a00715fb1e4f6e2:obligation:0"", ""direct:1:h10-c4:held_out:news_text:013:3a00715fb1e4f6e2:obligation:1"", ""direct:2:h10-c4:held_out:news_text:013:3a00715fb1e4f6e2:obligation:2""]","[""direct:0:h10-c4:held_out:news_text:013:3a00715fb1e4f6e2:obligation:0"", ""direct:1:h10-c4:held_out:news_text:013:3a00715fb1e4f6e2:obligation:1"", ""direct:2:h10-c4:held_out:news_text:013:3a00715fb1e4f6e2:obligation:2""]",3,3,3,4,2,14,12.95437700173352,0.04394245147705078,0,0,0,full_success,True,True,PASS,5.802453324894,5.802453324894,1.0,True,f2083f64eddd66984041ecb0781d09404b579da9d711bfc87fa30ab7c2ee0c14,84b5fbcf135e9ab86879678dbc6b8d7cb9a2b8b22ebdc9829fb65d69c7cb87c8
h10-c4:held_out:news_text:013:3a00715fb1e4f6e2,news_text,equal_size_different_cost,B_GREEDY,"[""direct:2:h10-c4:held_out:news_text:013:3a00715fb1e4f6e2:obligation:2"", ""local:partial_fast""]","[""direct:2:h10-c4:held_out:news_text:013:3a00715fb1e4f6e2:obligation:2"", ""local:partial_fast""]",2,1,2,1,1,11,9.221671003615484,0.041785240173339844,0,0,0,full_success,True,True,PASS,3.127359631087198,3.127359631087198,0.5389719582353261,True,f2083f64eddd66984041ecb0781d09404b579da9d711bfc87fa30ab7c2ee0c14,84b5fbcf135e9ab86879678dbc6b8d7cb9a2b8b22ebdc9829fb65d69c7cb87c8
h10-c4:held_out:news_text:013:3a00715fb1e4f6e2,news_text,equal_size_different_cost,O_GLOBAL,"[""source:restore""]","[""source:restore""]",1,1,1,5,5,8,4.673894989537075,0.03749656677246094,0,0,0,full_success,True,True,PASS,2.9182495640264476,2.9182495640264476,0.5029337420960226,True,f2083f64eddd66984041ecb0781d09404b579da9d711bfc87fa30ab7c2ee0c14,84b5fbcf135e9ab86879678dbc6b8d7cb9a2b8b22ebdc9829fb65d69c7cb87c8
h10-c4:held_out:news_text:014:656a5e3bf0d6ce2d,news_text,multiple_equal_optima,B_ALL,"[""direct:0:h10-c4:held_out:news_text:014:656a5e3bf0d6ce2d:obligation:0"", ""direct:1:h10-c4:held_out:news_text:014:656a5e3bf0d6ce2d:obligation:1"", ""direct:2:h10-c4:held_out:news_text:014:656a5e3bf0d6ce2d:obligation:2"", ""direct:3:h10-c4:held_out:news_text:014:656a5e3bf0d6ce2d:obligation:3""]","[""direct:0:h10-c4:held_out:news_text:014:656a5e3bf0d6ce2d:obligation:0"", ""direct:1:h10-c4:held_out:news_text:014:656a5e3bf0d6ce2d:obligation:1"", ""direct:2:h10-c4:held_out:news_text:014:656a5e3bf0d6ce2d:obligation:2"", ""direct:3:h10-c4:held_out:news_text:014:656a5e3bf0d6ce2d:obligation:3""]",4,4,4,6,2,17,18.036943991319276,0.05079936981201172,0,0,0,full_success,True,True,PASS,7.871759469228055,7.871759469228055,1.0,True,5d3d910b0b3988ad0f67258be7862587f0c8438e47d0eb6143c3f2715a5ad26e,5834c681ba20a542a943b23a5e13bce82d34784a9b2602c227d576cf9166cd37
h10-c4:held_out:news_text:014:656a5e3bf0d6ce2d,news_text,multiple_equal_optima,B_FIRST,"[""direct:0:h10-c4:held_out:news_text:014:656a5e3bf0d6ce2d:obligation:0"", ""direct:1:h10-c4:held_out:news_text:014:656a5e3bf0d6ce2d:obligation:1"", ""direct:2:h10-c4:held_out:news_text:014:656a5e3bf0d6ce2d:obligation:2"", ""direct:3:h10-c4:held_out:news_text:014:656a5e3bf0d6ce2d:obligation:3""]","[""direct:0:h10-c4:held_out:news_text:014:656a5e3bf0d6ce2d:obligation:0"", ""direct:1:h10-c4:held_out:news_text:014:656a5e3bf0d6ce2d:obligation:1"", ""direct:2:h10-c4:held_out:news_text:014:656a5e3bf0d6ce2d:obligation:2"", ""direct:3:h10-c4:held_out:news_text:014:656a5e3bf0d6ce2d:obligation:3""]",4,4,4,6,2,17,19.29641499009449,0.049393653869628906,0,0,0,full_success,True,True,PASS,7.871759469228055,7.871759469228055,1.0,True,5d3d910b0b3988ad0f67258be7862587f0c8438e47d0eb6143c3f2715a5ad26e,5834c681ba20a542a943b23a5e13bce82d34784a9b2602c227d576cf9166cd37
h10-c4:held_out:news_text:014:656a5e3bf0d6ce2d,news_text,multiple_equal_optima,B_GREEDY,"[""direct:3:h10-c4:held_out:news_text:014:656a5e3bf0d6ce2d:obligation:3"", ""local:partial_fast""]","[""direct:3:h10-c4:held_out:news_text:014:656a5e3bf0d6ce2d:obligation:3"", ""local:partial_fast""]",2,2,2,2,2,11,8.902548986952752,0.04717540740966797,0,0,0,full_success,True,True,PASS,3.3300921851412797,3.3300921851412797,0.42304292936784127,True,5d3d910b0b3988ad0f67258be7862587f0c8438e47d0eb6143c3f2715a5ad26e,5834c681ba20a542a943b23a5e13bce82d34784a9b2602c227d576cf9166cd37
h10-c4:held_out:news_text:014:656a5e3bf0d6ce2d,news_text,multiple_equal_optima,O_GLOBAL,"[""source:restore""]","[""source:restore""]",1,1,1,6,6,8,5.076456000097096,0.0405120849609375,0,0,0,full_success,True,True,PASS,2.995324903940077,2.995324903940077,0.3805152984728857,True,5d3d910b0b3988ad0f67258be7862587f0c8438e47d0eb6143c3f2715a5ad26e,5834c681ba20a542a943b23a5e13bce82d34784a9b2602c227d576cf9166cd37
h10-c4:held_out:news_text:015:b9f84b7f3e5577a6,news_text,downstream_does_not_fix_source,B_ALL,"[""direct:0:h10-c4:held_out:news_text:015:b9f84b7f3e5577a6:obligation:0"", ""direct:1:h10-c4:held_out:news_text:015:b9f84b7f3e5577a6:obligation:2"", ""direct:2:h10-c4:held_out:news_text:015:b9f84b7f3e5577a6:obligation:3""]","[""direct:0:h10-c4:held_out:news_text:015:b9f84b7f3e5577a6:obligation:0"", ""direct:1:h10-c4:held_out:news_text:015:b9f84b7f3e5577a6:obligation:2"", ""direct:2:h10-c4:held_out:news_text:015:b9f84b7f3e5577a6:obligation:3""]",3,3,3,4,2,14,13.305900996783748,0.04394245147705078,0,0,0,full_success,True,True,PASS,5.802453324894,5.802453324894,1.0,True,2341ab4bfa109de602b14ab51b1d5ec98786e871c61343c0b6cfd5efd4e3b006,5163abb5b9244381d42b47bfce5721208ddd8beead39551fa29b590f5b72df71
h10-c4:held_out:news_text:015:b9f84b7f3e5577a6,news_text,downstream_does_not_fix_source,B_FIRST,"[""direct:0:h10-c4:held_out:news_text:015:b9f84b7f3e5577a6:obligation:0"", ""direct:1:h10-c4:held_out:news_text:015:b9f84b7f3e5577a6:obligation:2"", ""direct:2:h10-c4:held_out:news_text:015:b9f84b7f3e5577a6:obligation:3""]","[""direct:0:h10-c4:held_out:news_text:015:b9f84b7f3e5577a6:obligation:0"", ""direct:1:h10-c4:held_out:news_text:015:b9f84b7f3e5577a6:obligation:2"", ""direct:2:h10-c4:held_out:news_text:015:b9f84b7f3e5577a6:obligation:3""]",3,3,3,4,2,14,13.62406300904695,0.04394245147705078,0,0,0,full_success,True,True,PASS,5.802453324894,5.802453324894,1.0,True,2341ab4bfa109de602b14ab51b1d5ec98786e871c61343c0b6cfd5efd4e3b006,5163abb5b9244381d42b47bfce5721208ddd8beead39551fa29b590f5b72df71
h10-c4:held_out:news_text:015:b9f84b7f3e5577a6,news_text,downstream_does_not_fix_source,B_GREEDY,"[""direct:2:h10-c4:held_out:news_text:015:b9f84b7f3e5577a6:obligation:3"", ""local:partial_fast""]","[""direct:2:h10-c4:held_out:news_text:015:b9f84b7f3e5577a6:obligation:3"", ""local:partial_fast""]",2,2,2,1,1,11,10.148674002266489,0.04190540313720703,0,0,0,full_success,True,True,PASS,3.127359631087198,3.127359631087198,0.5389719582353261,True,2341ab4bfa109de602b14ab51b1d5ec98786e871c61343c0b6cfd5efd4e3b006,5163abb5b9244381d42b47bfce5721208ddd8beead39551fa29b590f5b72df71
h10-c4:held_out:news_text:015:b9f84b7f3e5577a6,news_text,downstream_does_not_fix_source,O_GLOBAL,"[""source:restore""]","[""source:restore""]",1,1,1,2,2,8,4.531084996415302,0.03748893737792969,0,0,0,full_success,True,True,PASS,2.571675973746475,2.571675973746475,0.44320493931650107,True,2341ab4bfa109de602b14ab51b1d5ec98786e871c61343c0b6cfd5efd4e3b006,5163abb5b9244381d42b47bfce5721208ddd8beead39551fa29b590f5b72df71
h10-c4:held_out:news_text:016:057dea66cb63f8a4,news_text,secondary_critical_violation,B_ALL,"[""direct:0:h10-c4:held_out:news_text:016:057dea66cb63f8a4:obligation:0"", ""direct:1:h10-c4:held_out:news_text:016:057dea66cb63f8a4:obligation:1"", ""direct:2:h10-c4:held_out:news_text:016:057dea66cb63f8a4:obligation:2"", ""direct:3:h10-c4:held_out:news_text:016:057dea66cb63f8a4:obligation:3""]","[""direct:0:h10-c4:held_out:news_text:016:057dea66cb63f8a4:obligation:0"", ""direct:1:h10-c4:held_out:news_text:016:057dea66cb63f8a4:obligation:1"", ""direct:2:h10-c4:held_out:news_text:016:057dea66cb63f8a4:obligation:2"", ""direct:3:h10-c4:held_out:news_text:016:057dea66cb63f8a4:obligation:3""]",4,4,4,6,2,17,18.832749003195204,0.05037212371826172,0,0,0,full_success,True,True,PASS,7.871759469228055,7.871759469228055,1.0,True,813dc319c28f79edeaeef3e3fe7abb6bd8fdf77c03c04fa675290b17ae51dcdb,18f44bcee38c0423ae402993beea52676646d6569277335899350621dced6817
h10-c4:held_out:news_text:016:057dea66cb63f8a4,news_text,secondary_critical_violation,B_FIRST,"[""direct:0:h10-c4:held_out:news_text:016:057dea66cb63f8a4:obligation:0"", ""direct:1:h10-c4:held_out:news_text:016:057dea66cb63f8a4:obligation:1"", ""direct:2:h10-c4:held_out:news_text:016:057dea66cb63f8a4:obligation:2"", ""direct:3:h10-c4:held_out:news_text:016:057dea66cb63f8a4:obligation:3""]","[""direct:0:h10-c4:held_out:news_text:016:057dea66cb63f8a4:obligation:0"", ""direct:1:h10-c4:held_out:news_text:016:057dea66cb63f8a4:obligation:1"", ""direct:2:h10-c4:held_out:news_text:016:057dea66cb63f8a4:obligation:2"", ""direct:3:h10-c4:held_out:news_text:016:057dea66cb63f8a4:obligation:3""]",4,4,4,6,2,17,18.863858000258915,0.05026531219482422,0,0,0,full_success,True,True,PASS,7.871759469228055,7.871759469228055,1.0,True,813dc319c28f79edeaeef3e3fe7abb6bd8fdf77c03c04fa675290b17ae51dcdb,18f44bcee38c0423ae402993beea52676646d6569277335899350621dced6817
h10-c4:held_out:news_text:016:057dea66cb63f8a4,news_text,secondary_critical_violation,B_GREEDY,"[""local:partial_fast"", ""unsafe:shortcut""]","[""local:partial_fast"", ""unsafe:shortcut""]",2,1,2,0,0,11,10.395941004389897,0.04294776916503906,1,0,0,partial_success,False,False,PASS,3.0115720816144496,4.7623581224216744,0.6049928406779299,False,813dc319c28f79edeaeef3e3fe7abb6bd8fdf77c03c04fa675290b17ae51dcdb,2f634b3732acb13865272b503215f6b9e1d69c5d2dc0507846b7c453a423cd41
h10-c4:held_out:news_text:016:057dea66cb63f8a4,news_text,secondary_critical_violation,O_GLOBAL,"[""source:restore""]","[""source:restore""]",1,1,1,3,3,8,4.821873997570947,0.0405120849609375,0,0,0,full_success,True,True,PASS,2.715517009972366,2.715517009972366,0.34496951038554324,True,813dc319c28f79edeaeef3e3fe7abb6bd8fdf77c03c04fa675290b17ae51dcdb,18f44bcee38c0423ae402993beea52676646d6569277335899350621dced6817
h10-c4:held_out:news_text:017:a505338b7656711b,news_text,rollback_required,B_ALL,"[""direct:0:h10-c4:held_out:news_text:017:a505338b7656711b:obligation:0"", ""direct:1:h10-c4:held_out:news_text:017:a505338b7656711b:obligation:1"", ""direct:2:h10-c4:held_out:news_text:017:a505338b7656711b:obligation:2"", ""direct:3:h10-c4:held_out:news_text:017:a505338b7656711b:obligation:3""]","[""direct:0:h10-c4:held_out:news_text:017:a505338b7656711b:obligation:0"", ""direct:1:h10-c4:held_out:news_text:017:a505338b7656711b:obligation:1"", ""direct:2:h10-c4:held_out:news_text:017:a505338b7656711b:obligation:2"", ""direct:3:h10-c4:held_out:news_text:017:a505338b7656711b:obligation:3""]",4,4,4,6,2,17,18.90214000013657,0.05031871795654297,0,0,0,full_success,True,True,PASS,7.871759469228055,7.871759469228055,1.0,True,a1ea644dc30b87898491c7f1478f06face6c8432aeeebc0aae4304f55077d261,4e1fd74fb347044ec00bd10858a83bd4feb5e42d76a40e4aa54cb27099f0cd9e
h10-c4:held_out:news_text:017:a505338b7656711b,news_text,rollback_required,B_FIRST,"[""direct:0:h10-c4:held_out:news_text:017:a505338b7656711b:obligation:0"", ""direct:1:h10-c4:held_out:news_text:017:a505338b7656711b:obligation:1"", ""direct:2:h10-c4:held_out:news_text:017:a505338b7656711b:obligation:2"", ""direct:3:h10-c4:held_out:news_text:017:a505338b7656711b:obligation:3""]","[""direct:0:h10-c4:held_out:news_text:017:a505338b7656711b:obligation:0"", ""direct:1:h10-c4:held_out:news_text:017:a505338b7656711b:obligation:1"", ""direct:2:h10-c4:held_out:news_text:017:a505338b7656711b:obligation:2"", ""direct:3:h10-c4:held_out:news_text:017:a505338b7656711b:obligation:3""]",4,4,4,6,2,17,19.091549009317532,0.05026531219482422,0,0,0,full_success,True,True,PASS,7.871759469228055,7.871759469228055,1.0,True,a1ea644dc30b87898491c7f1478f06face6c8432aeeebc0aae4304f55077d261,4e1fd74fb347044ec00bd10858a83bd4feb5e42d76a40e4aa54cb27099f0cd9e
h10-c4:held_out:news_text:017:a505338b7656711b,news_text,rollback_required,B_GREEDY,"[""local:partial_fast"", ""unsafe:shortcut""]","[""local:partial_fast"", ""unsafe:shortcut""]",2,1,2,0,0,11,10.553489002631977,0.04294776916503906,1,0,0,partial_success,False,False,PASS,3.0115720816144496,4.7623581224216744,0.6049928406779299,False,a1ea644dc30b87898491c7f1478f06face6c8432aeeebc0aae4304f55077d261,457cd3aa914c6cc5b4af4ee4eaddc91d7cc50ee779f8244b957c8c2306079318
h10-c4:held_out:news_text:017:a505338b7656711b,news_text,rollback_required,O_GLOBAL,"[""source:restore""]","[""source:restore""]",1,1,1,4,4,8,4.827374999877065,0.0405120849609375,0,0,0,full_success,True,True,PASS,2.8270887856294706,2.8270887856294706,0.35914318732438477,True,a1ea644dc30b87898491c7f1478f06face6c8432aeeebc0aae4304f55077d261,4e1fd74fb347044ec00bd10858a83bd4feb5e42d76a40e4aa54cb27099f0cd9e
h10-c4:held_out:news_text:018:c970348fa68162d3,news_text,variable_dependency_fanout,B_ALL,"[""direct:0:h10-c4:held_out:news_text:018:c970348fa68162d3:obligation:0"", ""direct:1:h10-c4:held_out:news_text:018:c970348fa68162d3:obligation:1"", ""direct:2:h10-c4:held_out:news_text:018:c970348fa68162d3:obligation:2"", ""direct:3:h10-c4:held_out:news_text:018:c970348fa68162d3:obligation:3""]","[""direct:0:h10-c4:held_out:news_text:018:c970348fa68162d3:obligation:0"", ""direct:1:h10-c4:held_out:news_text:018:c970348fa68162d3:obligation:1"", ""direct:2:h10-c4:held_out:news_text:018:c970348fa68162d3:obligation:2"", ""direct:3:h10-c4:held_out:news_text:018:c970348fa68162d3:obligation:3""]",4,4,4,11,7,17,19.490703009068966,0.05031871795654297,0,0,0,full_success,True,True,PASS,8.362174095733918,8.362174095733918,1.0,True,eac57d5944e56d83efe8fbe0c9d65487a59eeff655d5d502bfeb4097cd9e4c30,7b130ce297377eed4b6c775c3fa28700f7b5b0655b54ac9b4f77865d754a9841
h10-c4:held_out:news_text:018:c970348fa68162d3,news_text,variable_dependency_fanout,B_FIRST,"[""direct:0:h10-c4:held_out:news_text:018:c970348fa68162d3:obligation:0"", ""direct:1:h10-c4:held_out:news_text:018:c970348fa68162d3:obligation:1"", ""direct:2:h10-c4:held_out:news_text:018:c970348fa68162d3:obligation:2"", ""direct:3:h10-c4:held_out:news_text:018:c970348fa68162d3:obligation:3""]","[""direct:0:h10-c4:held_out:news_text:018:c970348fa68162d3:obligation:0"", ""direct:1:h10-c4:held_out:news_text:018:c970348fa68162d3:obligation:1"", ""direct:2:h10-c4:held_out:news_text:018:c970348fa68162d3:obligation:2"", ""direct:3:h10-c4:held_out:news_text:018:c970348fa68162d3:obligation:3""]",4,4,4,11,7,17,18.581524011096917,0.04767608642578125,0,0,0,full_success,True,True,PASS,8.362174095733918,8.362174095733918,1.0,True,eac57d5944e56d83efe8fbe0c9d65487a59eeff655d5d502bfeb4097cd9e4c30,7b130ce297377eed4b6c775c3fa28700f7b5b0655b54ac9b4f77865d754a9841
h10-c4:held_out:news_text:018:c970348fa68162d3,news_text,variable_dependency_fanout,B_GREEDY,"[""direct:3:h10-c4:held_out:news_text:018:c970348fa68162d3:obligation:3"", ""local:partial_fast""]","[""direct:3:h10-c4:held_out:news_text:018:c970348fa68162d3:obligation:3"", ""local:partial_fast""]",2,2,2,2,2,11,9.738298002048396,0.04723644256591797,0,0,0,full_success,True,True,PASS,3.3300921851412797,3.3300921851412797,0.3982328216342893,True,eac57d5944e56d83efe8fbe0c9d65487a59eeff655d5d502bfeb4097cd9e4c30,7b130ce297377eed4b6c775c3fa28700f7b5b0655b54ac9b4f77865d754a9841
h10-c4:held_out:news_text:018:c970348fa68162d3,news_text,variable_dependency_fanout,O_GLOBAL,"[""source:restore""]","[""source:restore""]",1,1,1,5,5,8,4.668694993597455,0.0405120849609375,0,0,0,full_success,True,True,PASS,2.9182495640264476,2.9182495640264476,0.3489821583020179,True,eac57d5944e56d83efe8fbe0c9d65487a59eeff655d5d502bfeb4097cd9e4c30,7b130ce297377eed4b6c775c3fa28700f7b5b0655b54ac9b4f77865d754a9841
h10-c4:held_out:news_text:019:59a5db516c522e81,news_text,repair_all_touches_more_components,B_ALL,"[""direct:0:h10-c4:held_out:news_text:019:59a5db516c522e81:obligation:0"", ""direct:1:h10-c4:held_out:news_text:019:59a5db516c522e81:obligation:1"", ""direct:2:h10-c4:held_out:news_text:019:59a5db516c522e81:obligation:2"", ""direct:3:h10-c4:held_out:news_text:019:59a5db516c522e81:obligation:3""]","[""direct:0:h10-c4:held_out:news_text:019:59a5db516c522e81:obligation:0"", ""direct:1:h10-c4:held_out:news_text:019:59a5db516c522e81:obligation:1"", ""direct:2:h10-c4:held_out:news_text:019:59a5db516c522e81:obligation:2"", ""direct:3:h10-c4:held_out:news_text:019:59a5db516c522e81:obligation:3""]",4,4,4,6,2,17,18.820024997694418,0.05026531219482422,0,0,0,full_success,True,True,PASS,7.871759469228055,7.871759469228055,1.0,True,6dbd9aac7a44969e1c89ffacfb45a304931ad732d9c9cd184344fb8a2f0b88b3,2c49795957df442552a52400a717cc60cb9be2f3a26e4a261d69906deb55aefc
h10-c4:held_out:news_text:019:59a5db516c522e81,news_text,repair_all_touches_more_components,B_FIRST,"[""direct:0:h10-c4:held_out:news_text:019:59a5db516c522e81:obligation:0"", ""direct:1:h10-c4:held_out:news_text:019:59a5db516c522e81:obligation:1"", ""direct:2:h10-c4:held_out:news_text:019:59a5db516c522e81:obligation:2"", ""direct:3:h10-c4:held_out:news_text:019:59a5db516c522e81:obligation:3""]","[""direct:0:h10-c4:held_out:news_text:019:59a5db516c522e81:obligation:0"", ""direct:1:h10-c4:held_out:news_text:019:59a5db516c522e81:obligation:1"", ""direct:2:h10-c4:held_out:news_text:019:59a5db516c522e81:obligation:2"", ""direct:3:h10-c4:held_out:news_text:019:59a5db516c522e81:obligation:3""]",4,4,4,6,2,17,18.4810450009536,0.05026531219482422,0,0,0,full_success,True,True,PASS,7.871759469228055,7.871759469228055,1.0,True,6dbd9aac7a44969e1c89ffacfb45a304931ad732d9c9cd184344fb8a2f0b88b3,2c49795957df442552a52400a717cc60cb9be2f3a26e4a261d69906deb55aefc
h10-c4:held_out:news_text:019:59a5db516c522e81,news_text,repair_all_touches_more_components,B_GREEDY,"[""direct:3:h10-c4:held_out:news_text:019:59a5db516c522e81:obligation:3"", ""local:partial_fast""]","[""direct:3:h10-c4:held_out:news_text:019:59a5db516c522e81:obligation:3"", ""local:partial_fast""]",2,2,2,2,2,11,9.512971999356523,0.04723644256591797,0,0,0,full_success,True,True,PASS,3.3300921851412797,3.3300921851412797,0.42304292936784127,True,6dbd9aac7a44969e1c89ffacfb45a304931ad732d9c9cd184344fb8a2f0b88b3,2c49795957df442552a52400a717cc60cb9be2f3a26e4a261d69906deb55aefc
h10-c4:held_out:news_text:019:59a5db516c522e81,news_text,repair_all_touches_more_components,O_GLOBAL,"[""source:restore""]","[""source:restore""]",1,1,1,6,6,8,4.54121500661131,0.0405120849609375,0,0,0,full_success,True,True,PASS,2.995324903940077,2.995324903940077,0.3805152984728857,True,6dbd9aac7a44969e1c89ffacfb45a304931ad732d9c9cd184344fb8a2f0b88b3,2c49795957df442552a52400a717cc60cb9be2f3a26e4a261d69906deb55aefc
h10-c4:held_out:reviews_text:000:7ad6c4ace5092ca4,reviews_text,single_local_unique,B_ALL,"[""direct:0:h10-c4:held_out:reviews_text:000:7ad6c4ace5092ca4:obligation:0""]","[""direct:0:h10-c4:held_out:reviews_text:000:7ad6c4ace5092ca4:obligation:0""]",1,1,1,1,1,8,4.422609999892302,0.032772064208984375,0,0,0,full_success,True,True,PASS,1.8665735902799727,1.8665735902799727,1.0,True,6a219fc240fb523cf87b073d37b2b4d5d9e2a1edeb01672ed5e170e9fd3d4677,506620072823a4ab58cd6d9966d5e0ae78881e8b9f3587da783fc61308df9055
h10-c4:held_out:reviews_text:000:7ad6c4ace5092ca4,reviews_text,single_local_unique,B_FIRST,"[""direct:0:h10-c4:held_out:reviews_text:000:7ad6c4ace5092ca4:obligation:0""]","[""direct:0:h10-c4:held_out:reviews_text:000:7ad6c4ace5092ca4:obligation:0""]",1,1,1,1,1,8,4.748186009237543,0.032772064208984375,0,0,0,full_success,True,True,PASS,1.8665735902799727,1.8665735902799727,1.0,True,6a219fc240fb523cf87b073d37b2b4d5d9e2a1edeb01672ed5e170e9fd3d4677,506620072823a4ab58cd6d9966d5e0ae78881e8b9f3587da783fc61308df9055
h10-c4:held_out:reviews_text:000:7ad6c4ace5092ca4,reviews_text,single_local_unique,B_GREEDY,"[""direct:0:h10-c4:held_out:reviews_text:000:7ad6c4ace5092ca4:obligation:0""]","[""direct:0:h10-c4:held_out:reviews_text:000:7ad6c4ace5092ca4:obligation:0""]",1,1,1,1,1,8,4.446474995347671,0.032772064208984375,0,0,0,full_success,True,True,PASS,1.8665735902799727,1.8665735902799727,1.0,True,6a219fc240fb523cf87b073d37b2b4d5d9e2a1edeb01672ed5e170e9fd3d4677,506620072823a4ab58cd6d9966d5e0ae78881e8b9f3587da783fc61308df9055
h10-c4:held_out:reviews_text:000:7ad6c4ace5092ca4,reviews_text,single_local_unique,O_GLOBAL,"[""direct:0:h10-c4:held_out:reviews_text:000:7ad6c4ace5092ca4:obligation:0""]","[""direct:0:h10-c4:held_out:reviews_text:000:7ad6c4ace5092ca4:obligation:0""]",1,1,1,1,1,8,4.269551005563699,0.032772064208984375,0,0,0,full_success,True,True,PASS,1.8665735902799727,1.8665735902799727,1.0,True,6a219fc240fb523cf87b073d37b2b4d5d9e2a1edeb01672ed5e170e9fd3d4677,506620072823a4ab58cd6d9966d5e0ae78881e8b9f3587da783fc61308df9055
h10-c4:held_out:reviews_text:001:7323447898b4fbd3,reviews_text,independent_multiple,B_ALL,"[""direct:0:h10-c4:held_out:reviews_text:001:7323447898b4fbd3:obligation:0"", ""direct:1:h10-c4:held_out:reviews_text:001:7323447898b4fbd3:obligation:1""]","[""direct:0:h10-c4:held_out:reviews_text:001:7323447898b4fbd3:obligation:0"", ""direct:1:h10-c4:held_out:reviews_text:001:7323447898b4fbd3:obligation:1""]",2,2,2,3,2,11,9.46471000497695,0.039519309997558594,0,0,0,full_success,True,True,PASS,3.9358797346140273,3.9358797346140273,1.0,True,a13a5234e80fc08bfcbc8f4aba296c6e912c3896280e0b3b2573df37b7e4e575,5a88f72fb400d76d33332e99e7206312436cb7165aeec87a6dc018ce94708e46
h10-c4:held_out:reviews_text:001:7323447898b4fbd3,reviews_text,independent_multiple,B_FIRST,"[""direct:0:h10-c4:held_out:reviews_text:001:7323447898b4fbd3:obligation:0"", ""direct:1:h10-c4:held_out:reviews_text:001:7323447898b4fbd3:obligation:1""]","[""direct:0:h10-c4:held_out:reviews_text:001:7323447898b4fbd3:obligation:0"", ""direct:1:h10-c4:held_out:reviews_text:001:7323447898b4fbd3:obligation:1""]",2,2,2,3,2,11,9.178289998089895,0.039336204528808594,0,0,0,full_success,True,True,PASS,3.9358797346140273,3.9358797346140273,1.0,True,a13a5234e80fc08bfcbc8f4aba296c6e912c3896280e0b3b2573df37b7e4e575,5a88f72fb400d76d33332e99e7206312436cb7165aeec87a6dc018ce94708e46
h10-c4:held_out:reviews_text:001:7323447898b4fbd3,reviews_text,independent_multiple,B_GREEDY,"[""source:restore""]","[""source:restore""]",1,1,1,3,3,8,4.614652993041091,0.03609275817871094,0,0,0,full_success,True,True,PASS,2.715517009972366,2.715517009972366,0.6899390207710865,True,a13a5234e80fc08bfcbc8f4aba296c6e912c3896280e0b3b2573df37b7e4e575,5a88f72fb400d76d33332e99e7206312436cb7165aeec87a6dc018ce94708e46
h10-c4:held_out:reviews_text:001:7323447898b4fbd3,reviews_text,independent_multiple,O_GLOBAL,"[""source:restore""]","[""source:restore""]",1,1,1,3,3,8,4.639790000510402,0.03609275817871094,0,0,0,full_success,True,True,PASS,2.715517009972366,2.715517009972366,0.6899390207710865,True,a13a5234e80fc08bfcbc8f4aba296c6e912c3896280e0b3b2573df37b7e4e575,5a88f72fb400d76d33332e99e7206312436cb7165aeec87a6dc018ce94708e46
h10-c4:held_out:reviews_text:002:6d68951a4879107a,reviews_text,shared_source_downstream,B_ALL,"[""direct:0:h10-c4:held_out:reviews_text:002:6d68951a4879107a:obligation:2"", ""direct:1:h10-c4:held_out:reviews_text:002:6d68951a4879107a:obligation:3""]","[""direct:0:h10-c4:held_out:reviews_text:002:6d68951a4879107a:obligation:2"", ""direct:1:h10-c4:held_out:reviews_text:002:6d68951a4879107a:obligation:3""]",2,2,2,3,2,11,9.672043001046404,0.039389610290527344,0,0,0,full_success,True,True,PASS,3.9358797346140273,3.9358797346140273,1.0,True,4f3241bdc9dfc8ef103e56e4b81c947102d534aa9204198ad05a9e03d2e2128a,6cdda4a8fa830c5eb3672ece4c9f1366bb19e3c89d6c41d0c3b547df2c33e1c1
h10-c4:held_out:reviews_text:002:6d68951a4879107a,reviews_text,shared_source_downstream,B_FIRST,"[""direct:0:h10-c4:held_out:reviews_text:002:6d68951a4879107a:obligation:2"", ""direct:1:h10-c4:held_out:reviews_text:002:6d68951a4879107a:obligation:3""]","[""direct:0:h10-c4:held_out:reviews_text:002:6d68951a4879107a:obligation:2"", ""direct:1:h10-c4:held_out:reviews_text:002:6d68951a4879107a:obligation:3""]",2,2,2,3,2,11,9.13789399783127,0.039389610290527344,0,0,0,full_success,True,True,PASS,3.9358797346140273,3.9358797346140273,1.0,True,4f3241bdc9dfc8ef103e56e4b81c947102d534aa9204198ad05a9e03d2e2128a,6cdda4a8fa830c5eb3672ece4c9f1366bb19e3c89d6c41d0c3b547df2c33e1c1
h10-c4:held_out:reviews_text:002:6d68951a4879107a,reviews_text,shared_source_downstream,B_GREEDY,"[""source:restore""]","[""source:restore""]",1,1,1,4,4,8,4.59330300509464,0.03611469268798828,0,0,0,full_success,True,True,PASS,2.8270887856294706,2.8270887856294706,0.7182863746487695,True,4f3241bdc9dfc8ef103e56e4b81c947102d534aa9204198ad05a9e03d2e2128a,6cdda4a8fa830c5eb3672ece4c9f1366bb19e3c89d6c41d0c3b547df2c33e1c1
h10-c4:held_out:reviews_text:002:6d68951a4879107a,reviews_text,shared_source_downstream,O_GLOBAL,"[""source:restore""]","[""source:restore""]",1,1,1,4,4,8,4.648828005883843,0.03611469268798828,0,0,0,full_success,True,True,PASS,2.8270887856294706,2.8270887856294706,0.7182863746487695,True,4f3241bdc9dfc8ef103e56e4b81c947102d534aa9204198ad05a9e03d2e2128a,6cdda4a8fa830c5eb3672ece4c9f1366bb19e3c89d6c41d0c3b547df2c33e1c1
h10-c4:held_out:reviews_text:003:094471212c7f2774,reviews_text,equal_size_different_cost,B_ALL,"[""direct:0:h10-c4:held_out:reviews_text:003:094471212c7f2774:obligation:0"", ""direct:1:h10-c4:held_out:reviews_text:003:094471212c7f2774:obligation:1"", ""direct:2:h10-c4:held_out:reviews_text:003:094471212c7f2774:obligation:2""]","[""direct:0:h10-c4:held_out:reviews_text:003:094471212c7f2774:obligation:0"", ""direct:1:h10-c4:held_out:reviews_text:003:094471212c7f2774:obligation:1"", ""direct:2:h10-c4:held_out:reviews_text:003:094471212c7f2774:obligation:2""]",3,3,3,4,2,14,14.800136006670073,0.04581928253173828,0,0,0,full_success,True,True,PASS,5.802453324894,5.802453324894,1.0,True,4bd62a4501d07e3939510b3fbcafd4323f4388e048ef9a0af6eb814e2e66d004,5eb922022af3742e6d82ba43c899b6e84eda5bdb611461b8fd99a9a5afb35cde
h10-c4:held_out:reviews_text:003:094471212c7f2774,reviews_text,equal_size_different_cost,B_FIRST,"[""direct:0:h10-c4:held_out:reviews_text:003:094471212c7f2774:obligation:0"", ""direct:1:h10-c4:held_out:reviews_text:003:094471212c7f2774:obligation:1"", ""direct:2:h10-c4:held_out:reviews_text:003:094471212c7f2774:obligation:2""]","[""direct:0:h10-c4:held_out:reviews_text:003:094471212c7f2774:obligation:0"", ""direct:1:h10-c4:held_out:reviews_text:003:094471212c7f2774:obligation:1"", ""direct:2:h10-c4:held_out:reviews_text:003:094471212c7f2774:obligation:2""]",3,3,3,4,2,14,14.116213991655968,0.04571247100830078,0,0,0,full_success,True,True,PASS,5.802453324894,5.802453324894,1.0,True,4bd62a4501d07e3939510b3fbcafd4323f4388e048ef9a0af6eb814e2e66d004,5eb922022af3742e6d82ba43c899b6e84eda5bdb611461b8fd99a9a5afb35cde
h10-c4:held_out:reviews_text:003:094471212c7f2774,reviews_text,equal_size_different_cost,B_GREEDY,"[""direct:2:h10-c4:held_out:reviews_text:003:094471212c7f2774:obligation:2"", ""local:partial_fast""]","[""direct:2:h10-c4:held_out:reviews_text:003:094471212c7f2774:obligation:2"", ""local:partial_fast""]",2,1,2,1,1,11,9.050959008163773,0.04380321502685547,0,0,0,full_success,True,True,PASS,3.127359631087198,3.127359631087198,0.5389719582353261,True,4bd62a4501d07e3939510b3fbcafd4323f4388e048ef9a0af6eb814e2e66d004,5eb922022af3742e6d82ba43c899b6e84eda5bdb611461b8fd99a9a5afb35cde
h10-c4:held_out:reviews_text:003:094471212c7f2774,reviews_text,equal_size_different_cost,O_GLOBAL,"[""source:restore""]","[""source:restore""]",1,1,1,5,5,8,4.706947001977824,0.03939628601074219,0,0,0,full_success,True,True,PASS,2.9182495640264476,2.9182495640264476,0.5029337420960226,True,4bd62a4501d07e3939510b3fbcafd4323f4388e048ef9a0af6eb814e2e66d004,5eb922022af3742e6d82ba43c899b6e84eda5bdb611461b8fd99a9a5afb35cde
h10-c4:held_out:reviews_text:004:bcb0804ef0a02e1c,reviews_text,multiple_equal_optima,B_ALL,"[""direct:0:h10-c4:held_out:reviews_text:004:bcb0804ef0a02e1c:obligation:0"", ""direct:1:h10-c4:held_out:reviews_text:004:bcb0804ef0a02e1c:obligation:1"", ""direct:2:h10-c4:held_out:reviews_text:004:bcb0804ef0a02e1c:obligation:2"", ""direct:3:h10-c4:held_out:reviews_text:004:bcb0804ef0a02e1c:obligation:3""]","[""direct:0:h10-c4:held_out:reviews_text:004:bcb0804ef0a02e1c:obligation:0"", ""direct:1:h10-c4:held_out:reviews_text:004:bcb0804ef0a02e1c:obligation:1"", ""direct:2:h10-c4:held_out:reviews_text:004:bcb0804ef0a02e1c:obligation:2"", ""direct:3:h10-c4:held_out:reviews_text:004:bcb0804ef0a02e1c:obligation:3""]",4,4,4,6,2,17,19.225271011237055,0.05250835418701172,0,0,0,full_success,True,True,PASS,7.871759469228055,7.871759469228055,1.0,True,bab8cfd2c8b6a4146dc586174fcb5f65e2662d56c715ceca3b38c63b94908647,b984c5c00233e721dcfc710d13d63d75d663714b8de503aaffbc99ea7078279f
h10-c4:held_out:reviews_text:004:bcb0804ef0a02e1c,reviews_text,multiple_equal_optima,B_FIRST,"[""direct:0:h10-c4:held_out:reviews_text:004:bcb0804ef0a02e1c:obligation:0"", ""direct:1:h10-c4:held_out:reviews_text:004:bcb0804ef0a02e1c:obligation:1"", ""direct:2:h10-c4:held_out:reviews_text:004:bcb0804ef0a02e1c:obligation:2"", ""direct:3:h10-c4:held_out:reviews_text:004:bcb0804ef0a02e1c:obligation:3""]","[""direct:0:h10-c4:held_out:reviews_text:004:bcb0804ef0a02e1c:obligation:0"", ""direct:1:h10-c4:held_out:reviews_text:004:bcb0804ef0a02e1c:obligation:1"", ""direct:2:h10-c4:held_out:reviews_text:004:bcb0804ef0a02e1c:obligation:2"", ""direct:3:h10-c4:held_out:reviews_text:004:bcb0804ef0a02e1c:obligation:3""]",4,4,4,6,2,17,18.555704999016598,0.05197429656982422,0,0,0,full_success,True,True,PASS,7.871759469228055,7.871759469228055,1.0,True,bab8cfd2c8b6a4146dc586174fcb5f65e2662d56c715ceca3b38c63b94908647,b984c5c00233e721dcfc710d13d63d75d663714b8de503aaffbc99ea7078279f
h10-c4:held_out:reviews_text:004:bcb0804ef0a02e1c,reviews_text,multiple_equal_optima,B_GREEDY,"[""direct:3:h10-c4:held_out:reviews_text:004:bcb0804ef0a02e1c:obligation:3"", ""local:partial_fast""]","[""direct:3:h10-c4:held_out:reviews_text:004:bcb0804ef0a02e1c:obligation:3"", ""local:partial_fast""]",2,2,2,2,2,11,9.327281004516408,0.04930591583251953,0,0,0,full_success,True,True,PASS,3.3300921851412797,3.3300921851412797,0.42304292936784127,True,bab8cfd2c8b6a4146dc586174fcb5f65e2662d56c715ceca3b38c63b94908647,b984c5c00233e721dcfc710d13d63d75d663714b8de503aaffbc99ea7078279f
h10-c4:held_out:reviews_text:004:bcb0804ef0a02e1c,reviews_text,multiple_equal_optima,O_GLOBAL,"[""source:restore""]","[""source:restore""]",1,1,1,6,6,8,4.740329997730441,0.04247093200683594,0,0,0,full_success,True,True,PASS,2.995324903940077,2.995324903940077,0.3805152984728857,True,bab8cfd2c8b6a4146dc586174fcb5f65e2662d56c715ceca3b38c63b94908647,b984c5c00233e721dcfc710d13d63d75d663714b8de503aaffbc99ea7078279f
h10-c4:held_out:reviews_text:005:348a62d78a11b5e7,reviews_text,downstream_does_not_fix_source,B_ALL,"[""direct:0:h10-c4:held_out:reviews_text:005:348a62d78a11b5e7:obligation:0"", ""direct:1:h10-c4:held_out:reviews_text:005:348a62d78a11b5e7:obligation:2"", ""direct:2:h10-c4:held_out:reviews_text:005:348a62d78a11b5e7:obligation:3""]","[""direct:0:h10-c4:held_out:reviews_text:005:348a62d78a11b5e7:obligation:0"", ""direct:1:h10-c4:held_out:reviews_text:005:348a62d78a11b5e7:obligation:2"", ""direct:2:h10-c4:held_out:reviews_text:005:348a62d78a11b5e7:obligation:3""]",3,3,3,4,2,14,13.997799003846012,0.04571247100830078,0,0,0,full_success,True,True,PASS,5.802453324894,5.802453324894,1.0,True,168b54d04ab0d8fcb4f67ff383083b3eebdad395f57803f5c539f0dbefbcf70d,cdb43aad5e7961d9661cc900efc63ab526ef080725a1b26e67c320d9fb845df6
h10-c4:held_out:reviews_text:005:348a62d78a11b5e7,reviews_text,downstream_does_not_fix_source,B_FIRST,"[""direct:0:h10-c4:held_out:reviews_text:005:348a62d78a11b5e7:obligation:0"", ""direct:1:h10-c4:held_out:reviews_text:005:348a62d78a11b5e7:obligation:2"", ""direct:2:h10-c4:held_out:reviews_text:005:348a62d78a11b5e7:obligation:3""]","[""direct:0:h10-c4:held_out:reviews_text:005:348a62d78a11b5e7:obligation:0"", ""direct:1:h10-c4:held_out:reviews_text:005:348a62d78a11b5e7:obligation:2"", ""direct:2:h10-c4:held_out:reviews_text:005:348a62d78a11b5e7:obligation:3""]",3,3,3,4,2,14,14.16112799779512,0.04571247100830078,0,0,0,full_success,True,True,PASS,5.802453324894,5.802453324894,1.0,True,168b54d04ab0d8fcb4f67ff383083b3eebdad395f57803f5c539f0dbefbcf70d,cdb43aad5e7961d9661cc900efc63ab526ef080725a1b26e67c320d9fb845df6
h10-c4:held_out:reviews_text:005:348a62d78a11b5e7,reviews_text,downstream_does_not_fix_source,B_GREEDY,"[""direct:2:h10-c4:held_out:reviews_text:005:348a62d78a11b5e7:obligation:3"", ""local:partial_fast""]","[""direct:2:h10-c4:held_out:reviews_text:005:348a62d78a11b5e7:obligation:3"", ""local:partial_fast""]",2,2,2,1,1,11,9.500429005129263,0.043900489807128906,0,0,0,full_success,True,True,PASS,3.127359631087198,3.127359631087198,0.5389719582353261,True,168b54d04ab0d8fcb4f67ff383083b3eebdad395f57803f5c539f0dbefbcf70d,cdb43aad5e7961d9661cc900efc63ab526ef080725a1b26e67c320d9fb845df6
h10-c4:held_out:reviews_text:005:348a62d78a11b5e7,reviews_text,downstream_does_not_fix_source,O_GLOBAL,"[""source:restore""]","[""source:restore""]",1,1,1,2,2,8,4.73818599130027,0.039379119873046875,0,0,0,full_success,True,True,PASS,2.571675973746475,2.571675973746475,0.44320493931650107,True,168b54d04ab0d8fcb4f67ff383083b3eebdad395f57803f5c539f0dbefbcf70d,cdb43aad5e7961d9661cc900efc63ab526ef080725a1b26e67c320d9fb845df6
h10-c4:held_out:reviews_text:006:eca244e86793effc,reviews_text,secondary_critical_violation,B_ALL,"[""direct:0:h10-c4:held_out:reviews_text:006:eca244e86793effc:obligation:0"", ""direct:1:h10-c4:held_out:reviews_text:006:eca244e86793effc:obligation:1"", ""direct:2:h10-c4:held_out:reviews_text:006:eca244e86793effc:obligation:2"", ""direct:3:h10-c4:held_out:reviews_text:006:eca244e86793effc:obligation:3""]","[""direct:0:h10-c4:held_out:reviews_text:006:eca244e86793effc:obligation:0"", ""direct:1:h10-c4:held_out:reviews_text:006:eca244e86793effc:obligation:1"", ""direct:2:h10-c4:held_out:reviews_text:006:eca244e86793effc:obligation:2"", ""direct:3:h10-c4:held_out:reviews_text:006:eca244e86793effc:obligation:3""]",4,4,4,6,2,17,19.49132399749942,0.05208110809326172,0,0,0,full_success,True,True,PASS,7.871759469228055,7.871759469228055,1.0,True,fcdead1d1b59281a5566f00ed8f900045796c97130e3daafdf41d24bcce328f7,8c2d3d44043f1ff78df4300c9aa4b4dd583cb5710425a3faeca84b8a5cfba93f
h10-c4:held_out:reviews_text:006:eca244e86793effc,reviews_text,secondary_critical_violation,B_FIRST,"[""direct:0:h10-c4:held_out:reviews_text:006:eca244e86793effc:obligation:0"", ""direct:1:h10-c4:held_out:reviews_text:006:eca244e86793effc:obligation:1"", ""direct:2:h10-c4:held_out:reviews_text:006:eca244e86793effc:obligation:2"", ""direct:3:h10-c4:held_out:reviews_text:006:eca244e86793effc:obligation:3""]","[""direct:0:h10-c4:held_out:reviews_text:006:eca244e86793effc:obligation:0"", ""direct:1:h10-c4:held_out:reviews_text:006:eca244e86793effc:obligation:1"", ""direct:2:h10-c4:held_out:reviews_text:006:eca244e86793effc:obligation:2"", ""direct:3:h10-c4:held_out:reviews_text:006:eca244e86793effc:obligation:3""]",4,4,4,6,2,17,19.155328991473652,0.05197429656982422,0,0,0,full_success,True,True,PASS,7.871759469228055,7.871759469228055,1.0,True,fcdead1d1b59281a5566f00ed8f900045796c97130e3daafdf41d24bcce328f7,8c2d3d44043f1ff78df4300c9aa4b4dd583cb5710425a3faeca84b8a5cfba93f
h10-c4:held_out:reviews_text:006:eca244e86793effc,reviews_text,secondary_critical_violation,B_GREEDY,"[""local:partial_fast"", ""unsafe:shortcut""]","[""local:partial_fast"", ""unsafe:shortcut""]",2,1,2,0,0,11,10.481191988219507,0.04496002197265625,1,0,0,partial_success,False,False,PASS,3.0115720816144496,4.7623581224216744,0.6049928406779299,False,fcdead1d1b59281a5566f00ed8f900045796c97130e3daafdf41d24bcce328f7,8034771e0bada7275f8725581dea3425b3187fccfa450dcd07209886263f7f20
h10-c4:held_out:reviews_text:006:eca244e86793effc,reviews_text,secondary_critical_violation,O_GLOBAL,"[""source:restore""]","[""source:restore""]",1,1,1,3,3,8,4.936652010655962,0.04247093200683594,0,0,0,full_success,True,True,PASS,2.715517009972366,2.715517009972366,0.34496951038554324,True,fcdead1d1b59281a5566f00ed8f900045796c97130e3daafdf41d24bcce328f7,8c2d3d44043f1ff78df4300c9aa4b4dd583cb5710425a3faeca84b8a5cfba93f
h10-c4:held_out:reviews_text:007:9c98644ae86079f9,reviews_text,rollback_required,B_ALL,"[""direct:0:h10-c4:held_out:reviews_text:007:9c98644ae86079f9:obligation:0"", ""direct:1:h10-c4:held_out:reviews_text:007:9c98644ae86079f9:obligation:1"", ""direct:2:h10-c4:held_out:reviews_text:007:9c98644ae86079f9:obligation:2"", ""direct:3:h10-c4:held_out:reviews_text:007:9c98644ae86079f9:obligation:3""]","[""direct:0:h10-c4:held_out:reviews_text:007:9c98644ae86079f9:obligation:0"", ""direct:1:h10-c4:held_out:reviews_text:007:9c98644ae86079f9:obligation:1"", ""direct:2:h10-c4:held_out:reviews_text:007:9c98644ae86079f9:obligation:2"", ""direct:3:h10-c4:held_out:reviews_text:007:9c98644ae86079f9:obligation:3""]",4,4,4,6,2,17,20.553911992465146,0.05051708221435547,0,0,0,full_success,True,True,PASS,7.871759469228055,7.871759469228055,1.0,True,88cc04a19a1e48a9ac724f9db37962c8cdc8bed19261bab88f43c6957fe42e68,316c078d75d8136a8a7b880cb9056e21f70149475152f279e11c9de844f812b2
h10-c4:held_out:reviews_text:007:9c98644ae86079f9,reviews_text,rollback_required,B_FIRST,"[""direct:0:h10-c4:held_out:reviews_text:007:9c98644ae86079f9:obligation:0"", ""direct:1:h10-c4:held_out:reviews_text:007:9c98644ae86079f9:obligation:1"", ""direct:2:h10-c4:held_out:reviews_text:007:9c98644ae86079f9:obligation:2"", ""direct:3:h10-c4:held_out:reviews_text:007:9c98644ae86079f9:obligation:3""]","[""direct:0:h10-c4:held_out:reviews_text:007:9c98644ae86079f9:obligation:0"", ""direct:1:h10-c4:held_out:reviews_text:007:9c98644ae86079f9:obligation:1"", ""direct:2:h10-c4:held_out:reviews_text:007:9c98644ae86079f9:obligation:2"", ""direct:3:h10-c4:held_out:reviews_text:007:9c98644ae86079f9:obligation:3""]",4,4,4,6,2,17,18.81184900412336,0.05197429656982422,0,0,0,full_success,True,True,PASS,7.871759469228055,7.871759469228055,1.0,True,88cc04a19a1e48a9ac724f9db37962c8cdc8bed19261bab88f43c6957fe42e68,316c078d75d8136a8a7b880cb9056e21f70149475152f279e11c9de844f812b2
h10-c4:held_out:reviews_text:007:9c98644ae86079f9,reviews_text,rollback_required,B_GREEDY,"[""local:partial_fast"", ""unsafe:shortcut""]","[""local:partial_fast"", ""unsafe:shortcut""]",2,1,2,0,0,11,10.307274002116174,0.04496002197265625,1,0,0,partial_success,False,False,PASS,3.0115720816144496,4.7623581224216744,0.6049928406779299,False,88cc04a19a1e48a9ac724f9db37962c8cdc8bed19261bab88f43c6957fe42e68,d60792c7cd98f79cabeaa3056fae836d9a71fdfd611559e1b221fa9ba997b62a
h10-c4:held_out:reviews_text:007:9c98644ae86079f9,reviews_text,rollback_required,O_GLOBAL,"[""source:restore""]","[""source:restore""]",1,1,1,4,4,8,4.765738995047286,0.04247093200683594,0,0,0,full_success,True,True,PASS,2.8270887856294706,2.8270887856294706,0.35914318732438477,True,88cc04a19a1e48a9ac724f9db37962c8cdc8bed19261bab88f43c6957fe42e68,316c078d75d8136a8a7b880cb9056e21f70149475152f279e11c9de844f812b2
h10-c4:held_out:reviews_text:008:53af440ead6aada9,reviews_text,variable_dependency_fanout,B_ALL,"[""direct:0:h10-c4:held_out:reviews_text:008:53af440ead6aada9:obligation:0"", ""direct:1:h10-c4:held_out:reviews_text:008:53af440ead6aada9:obligation:1"", ""direct:2:h10-c4:held_out:reviews_text:008:53af440ead6aada9:obligation:2"", ""direct:3:h10-c4:held_out:reviews_text:008:53af440ead6aada9:obligation:3""]","[""direct:0:h10-c4:held_out:reviews_text:008:53af440ead6aada9:obligation:0"", ""direct:1:h10-c4:held_out:reviews_text:008:53af440ead6aada9:obligation:1"", ""direct:2:h10-c4:held_out:reviews_text:008:53af440ead6aada9:obligation:2"", ""direct:3:h10-c4:held_out:reviews_text:008:53af440ead6aada9:obligation:3""]",4,4,4,11,7,17,19.427273000474088,0.05202770233154297,0,0,0,full_success,True,True,PASS,8.362174095733918,8.362174095733918,1.0,True,bdc450aaec4a9bf3affd3dff175d74ccd700152f874af5865c79cb7293bd1a7d,ca306de0872a452ff5f3120b2980f3cde2e995c3b5c4b0b1d94e4e564e5a58d7
h10-c4:held_out:reviews_text:008:53af440ead6aada9,reviews_text,variable_dependency_fanout,B_FIRST,"[""direct:0:h10-c4:held_out:reviews_text:008:53af440ead6aada9:obligation:0"", ""direct:1:h10-c4:held_out:reviews_text:008:53af440ead6aada9:obligation:1"", ""direct:2:h10-c4:held_out:reviews_text:008:53af440ead6aada9:obligation:2"", ""direct:3:h10-c4:held_out:reviews_text:008:53af440ead6aada9:obligation:3""]","[""direct:0:h10-c4:held_out:reviews_text:008:53af440ead6aada9:obligation:0"", ""direct:1:h10-c4:held_out:reviews_text:008:53af440ead6aada9:obligation:1"", ""direct:2:h10-c4:held_out:reviews_text:008:53af440ead6aada9:obligation:2"", ""direct:3:h10-c4:held_out:reviews_text:008:53af440ead6aada9:obligation:3""]",4,4,4,11,7,17,19.41758500470314,0.05197429656982422,0,0,0,full_success,True,True,PASS,8.362174095733918,8.362174095733918,1.0,True,bdc450aaec4a9bf3affd3dff175d74ccd700152f874af5865c79cb7293bd1a7d,ca306de0872a452ff5f3120b2980f3cde2e995c3b5c4b0b1d94e4e564e5a58d7
h10-c4:held_out:reviews_text:008:53af440ead6aada9,reviews_text,variable_dependency_fanout,B_GREEDY,"[""direct:3:h10-c4:held_out:reviews_text:008:53af440ead6aada9:obligation:3"", ""local:partial_fast""]","[""direct:3:h10-c4:held_out:reviews_text:008:53af440ead6aada9:obligation:3"", ""local:partial_fast""]",2,2,2,2,2,11,9.717398002976552,0.04936695098876953,0,0,0,full_success,True,True,PASS,3.3300921851412797,3.3300921851412797,0.3982328216342893,True,bdc450aaec4a9bf3affd3dff175d74ccd700152f874af5865c79cb7293bd1a7d,ca306de0872a452ff5f3120b2980f3cde2e995c3b5c4b0b1d94e4e564e5a58d7
h10-c4:held_out:reviews_text:008:53af440ead6aada9,reviews_text,variable_dependency_fanout,O_GLOBAL,"[""source:restore""]","[""source:restore""]",1,1,1,5,5,8,5.578694996074773,0.04247093200683594,0,0,0,full_success,True,True,PASS,2.9182495640264476,2.9182495640264476,0.3489821583020179,True,bdc450aaec4a9bf3affd3dff175d74ccd700152f874af5865c79cb7293bd1a7d,ca306de0872a452ff5f3120b2980f3cde2e995c3b5c4b0b1d94e4e564e5a58d7
h10-c4:held_out:reviews_text:009:9d01057760e89af2,reviews_text,repair_all_touches_more_components,B_ALL,"[""direct:0:h10-c4:held_out:reviews_text:009:9d01057760e89af2:obligation:0"", ""direct:1:h10-c4:held_out:reviews_text:009:9d01057760e89af2:obligation:1"", ""direct:2:h10-c4:held_out:reviews_text:009:9d01057760e89af2:obligation:2"", ""direct:3:h10-c4:held_out:reviews_text:009:9d01057760e89af2:obligation:3""]","[""direct:0:h10-c4:held_out:reviews_text:009:9d01057760e89af2:obligation:0"", ""direct:1:h10-c4:held_out:reviews_text:009:9d01057760e89af2:obligation:1"", ""direct:2:h10-c4:held_out:reviews_text:009:9d01057760e89af2:obligation:2"", ""direct:3:h10-c4:held_out:reviews_text:009:9d01057760e89af2:obligation:3""]",4,4,4,6,2,17,20.561998011544347,0.05197429656982422,0,0,0,full_success,True,True,PASS,7.871759469228055,7.871759469228055,1.0,True,3ec0a98be3fbac1ba30fd12acd24f5bc38763fb4b4cd45c8daa3aa38023227b4,9d9e9c37ca6816608cf0e6c7141eb24afec8b37e2862abf389a69e4f42100c2f
h10-c4:held_out:reviews_text:009:9d01057760e89af2,reviews_text,repair_all_touches_more_components,B_FIRST,"[""direct:0:h10-c4:held_out:reviews_text:009:9d01057760e89af2:obligation:0"", ""direct:1:h10-c4:held_out:reviews_text:009:9d01057760e89af2:obligation:1"", ""direct:2:h10-c4:held_out:reviews_text:009:9d01057760e89af2:obligation:2"", ""direct:3:h10-c4:held_out:reviews_text:009:9d01057760e89af2:obligation:3""]","[""direct:0:h10-c4:held_out:reviews_text:009:9d01057760e89af2:obligation:0"", ""direct:1:h10-c4:held_out:reviews_text:009:9d01057760e89af2:obligation:1"", ""direct:2:h10-c4:held_out:reviews_text:009:9d01057760e89af2:obligation:2"", ""direct:3:h10-c4:held_out:reviews_text:009:9d01057760e89af2:obligation:3""]",4,4,4,6,2,17,19.181126990588382,0.05197429656982422,0,0,0,full_success,True,True,PASS,7.871759469228055,7.871759469228055,1.0,True,3ec0a98be3fbac1ba30fd12acd24f5bc38763fb4b4cd45c8daa3aa38023227b4,9d9e9c37ca6816608cf0e6c7141eb24afec8b37e2862abf389a69e4f42100c2f
h10-c4:held_out:reviews_text:009:9d01057760e89af2,reviews_text,repair_all_touches_more_components,B_GREEDY,"[""direct:3:h10-c4:held_out:reviews_text:009:9d01057760e89af2:obligation:3"", ""local:partial_fast""]","[""direct:3:h10-c4:held_out:reviews_text:009:9d01057760e89af2:obligation:3"", ""local:partial_fast""]",2,2,2,2,2,11,10.073322002426721,0.04936695098876953,0,0,0,full_success,True,True,PASS,3.3300921851412797,3.3300921851412797,0.42304292936784127,True,3ec0a98be3fbac1ba30fd12acd24f5bc38763fb4b4cd45c8daa3aa38023227b4,9d9e9c37ca6816608cf0e6c7141eb24afec8b37e2862abf389a69e4f42100c2f
h10-c4:held_out:reviews_text:009:9d01057760e89af2,reviews_text,repair_all_touches_more_components,O_GLOBAL,"[""source:restore""]","[""source:restore""]",1,1,1,6,6,8,4.8559290007688105,0.04247093200683594,0,0,0,full_success,True,True,PASS,2.995324903940077,2.995324903940077,0.3805152984728857,True,3ec0a98be3fbac1ba30fd12acd24f5bc38763fb4b4cd45c8daa3aa38023227b4,9d9e9c37ca6816608cf0e6c7141eb24afec8b37e2862abf389a69e4f42100c2f
h10-c4:held_out:reviews_text:010:d4b144cfa1152dba,reviews_text,single_local_unique,B_ALL,"[""direct:0:h10-c4:held_out:reviews_text:010:d4b144cfa1152dba:obligation:0""]","[""direct:0:h10-c4:held_out:reviews_text:010:d4b144cfa1152dba:obligation:0""]",1,1,1,1,1,8,4.516847999184392,0.032772064208984375,0,0,0,full_success,True,True,PASS,1.8665735902799727,1.8665735902799727,1.0,True,c51ed69b0edef3d783ce361e89a2f46d2505cd04b70a7c38a3a972339cdf576d,5de3a053f3d4b78b88ade5f8694eab2f247babadce0aabbd74e08a2970b68f47
h10-c4:held_out:reviews_text:010:d4b144cfa1152dba,reviews_text,single_local_unique,B_FIRST,"[""direct:0:h10-c4:held_out:reviews_text:010:d4b144cfa1152dba:obligation:0""]","[""direct:0:h10-c4:held_out:reviews_text:010:d4b144cfa1152dba:obligation:0""]",1,1,1,1,1,8,4.50406399613712,0.032772064208984375,0,0,0,full_success,True,True,PASS,1.8665735902799727,1.8665735902799727,1.0,True,c51ed69b0edef3d783ce361e89a2f46d2505cd04b70a7c38a3a972339cdf576d,5de3a053f3d4b78b88ade5f8694eab2f247babadce0aabbd74e08a2970b68f47
h10-c4:held_out:reviews_text:010:d4b144cfa1152dba,reviews_text,single_local_unique,B_GREEDY,"[""direct:0:h10-c4:held_out:reviews_text:010:d4b144cfa1152dba:obligation:0""]","[""direct:0:h10-c4:held_out:reviews_text:010:d4b144cfa1152dba:obligation:0""]",1,1,1,1,1,8,4.647694993764162,0.032772064208984375,0,0,0,full_success,True,True,PASS,1.8665735902799727,1.8665735902799727,1.0,True,c51ed69b0edef3d783ce361e89a2f46d2505cd04b70a7c38a3a972339cdf576d,5de3a053f3d4b78b88ade5f8694eab2f247babadce0aabbd74e08a2970b68f47
h10-c4:held_out:reviews_text:010:d4b144cfa1152dba,reviews_text,single_local_unique,O_GLOBAL,"[""direct:0:h10-c4:held_out:reviews_text:010:d4b144cfa1152dba:obligation:0""]","[""direct:0:h10-c4:held_out:reviews_text:010:d4b144cfa1152dba:obligation:0""]",1,1,1,1,1,8,4.656311997678131,0.032772064208984375,0,0,0,full_success,True,True,PASS,1.8665735902799727,1.8665735902799727,1.0,True,c51ed69b0edef3d783ce361e89a2f46d2505cd04b70a7c38a3a972339cdf576d,5de3a053f3d4b78b88ade5f8694eab2f247babadce0aabbd74e08a2970b68f47
h10-c4:held_out:reviews_text:011:d817fd17bd802aac,reviews_text,independent_multiple,B_ALL,"[""direct:0:h10-c4:held_out:reviews_text:011:d817fd17bd802aac:obligation:0"", ""direct:1:h10-c4:held_out:reviews_text:011:d817fd17bd802aac:obligation:1""]","[""direct:0:h10-c4:held_out:reviews_text:011:d817fd17bd802aac:obligation:0"", ""direct:1:h10-c4:held_out:reviews_text:011:d817fd17bd802aac:obligation:1""]",2,2,2,3,2,11,9.46356900385581,0.039519309997558594,0,0,0,full_success,True,True,PASS,3.9358797346140273,3.9358797346140273,1.0,True,8e260bb951aff3be173a097b2038475a7603ec68ae4199024345d9269dab835f,e003b392aa2dd26f3b166a68e92fae58e81c1eb9ed5890fc4c06c4b33bdcc790
h10-c4:held_out:reviews_text:011:d817fd17bd802aac,reviews_text,independent_multiple,B_FIRST,"[""direct:0:h10-c4:held_out:reviews_text:011:d817fd17bd802aac:obligation:0"", ""direct:1:h10-c4:held_out:reviews_text:011:d817fd17bd802aac:obligation:1""]","[""direct:0:h10-c4:held_out:reviews_text:011:d817fd17bd802aac:obligation:0"", ""direct:1:h10-c4:held_out:reviews_text:011:d817fd17bd802aac:obligation:1""]",2,2,2,3,2,11,9.379449998959899,0.039336204528808594,0,0,0,full_success,True,True,PASS,3.9358797346140273,3.9358797346140273,1.0,True,8e260bb951aff3be173a097b2038475a7603ec68ae4199024345d9269dab835f,e003b392aa2dd26f3b166a68e92fae58e81c1eb9ed5890fc4c06c4b33bdcc790
h10-c4:held_out:reviews_text:011:d817fd17bd802aac,reviews_text,independent_multiple,B_GREEDY,"[""source:restore""]","[""source:restore""]",1,1,1,3,3,8,5.150214987224899,0.03609275817871094,0,0,0,full_success,True,True,PASS,2.715517009972366,2.715517009972366,0.6899390207710865,True,8e260bb951aff3be173a097b2038475a7603ec68ae4199024345d9269dab835f,e003b392aa2dd26f3b166a68e92fae58e81c1eb9ed5890fc4c06c4b33bdcc790
h10-c4:held_out:reviews_text:011:d817fd17bd802aac,reviews_text,independent_multiple,O_GLOBAL,"[""source:restore""]","[""source:restore""]",1,1,1,3,3,8,4.650321003282443,0.03609275817871094,0,0,0,full_success,True,True,PASS,2.715517009972366,2.715517009972366,0.6899390207710865,True,8e260bb951aff3be173a097b2038475a7603ec68ae4199024345d9269dab835f,e003b392aa2dd26f3b166a68e92fae58e81c1eb9ed5890fc4c06c4b33bdcc790
h10-c4:held_out:reviews_text:012:fd12b527bde5e48f,reviews_text,shared_source_downstream,B_ALL,"[""direct:0:h10-c4:held_out:reviews_text:012:fd12b527bde5e48f:obligation:2"", ""direct:1:h10-c4:held_out:reviews_text:012:fd12b527bde5e48f:obligation:3""]","[""direct:0:h10-c4:held_out:reviews_text:012:fd12b527bde5e48f:obligation:2"", ""direct:1:h10-c4:held_out:reviews_text:012:fd12b527bde5e48f:obligation:3""]",2,2,2,3,2,11,9.031530993524939,0.039389610290527344,0,0,0,full_success,True,True,PASS,3.9358797346140273,3.9358797346140273,1.0,True,3eab4f5a6895b089eb67a85bd9ce7b2ee207754f4282889cf2b1f46cfdf96762,31f732b184201b1f2d3d6c3da770b2d7780ad74be1845586f565abd5d855dd44
h10-c4:held_out:reviews_text:012:fd12b527bde5e48f,reviews_text,shared_source_downstream,B_FIRST,"[""direct:0:h10-c4:held_out:reviews_text:012:fd12b527bde5e48f:obligation:2"", ""direct:1:h10-c4:held_out:reviews_text:012:fd12b527bde5e48f:obligation:3""]","[""direct:0:h10-c4:held_out:reviews_text:012:fd12b527bde5e48f:obligation:2"", ""direct:1:h10-c4:held_out:reviews_text:012:fd12b527bde5e48f:obligation:3""]",2,2,2,3,2,11,9.153321996564046,0.039389610290527344,0,0,0,full_success,True,True,PASS,3.9358797346140273,3.9358797346140273,1.0,True,3eab4f5a6895b089eb67a85bd9ce7b2ee207754f4282889cf2b1f46cfdf96762,31f732b184201b1f2d3d6c3da770b2d7780ad74be1845586f565abd5d855dd44
h10-c4:held_out:reviews_text:012:fd12b527bde5e48f,reviews_text,shared_source_downstream,B_GREEDY,"[""source:restore""]","[""source:restore""]",1,1,1,4,4,8,4.882338995230384,0.03611469268798828,0,0,0,full_success,True,True,PASS,2.8270887856294706,2.8270887856294706,0.7182863746487695,True,3eab4f5a6895b089eb67a85bd9ce7b2ee207754f4282889cf2b1f46cfdf96762,31f732b184201b1f2d3d6c3da770b2d7780ad74be1845586f565abd5d855dd44
h10-c4:held_out:reviews_text:012:fd12b527bde5e48f,reviews_text,shared_source_downstream,O_GLOBAL,"[""source:restore""]","[""source:restore""]",1,1,1,4,4,8,4.638677986804396,0.03611469268798828,0,0,0,full_success,True,True,PASS,2.8270887856294706,2.8270887856294706,0.7182863746487695,True,3eab4f5a6895b089eb67a85bd9ce7b2ee207754f4282889cf2b1f46cfdf96762,31f732b184201b1f2d3d6c3da770b2d7780ad74be1845586f565abd5d855dd44
h10-c4:held_out:reviews_text:013:71b7e447fa07cb00,reviews_text,equal_size_different_cost,B_ALL,"[""direct:0:h10-c4:held_out:reviews_text:013:71b7e447fa07cb00:obligation:0"", ""direct:1:h10-c4:held_out:reviews_text:013:71b7e447fa07cb00:obligation:1"", ""direct:2:h10-c4:held_out:reviews_text:013:71b7e447fa07cb00:obligation:2""]","[""direct:0:h10-c4:held_out:reviews_text:013:71b7e447fa07cb00:obligation:0"", ""direct:1:h10-c4:held_out:reviews_text:013:71b7e447fa07cb00:obligation:1"", ""direct:2:h10-c4:held_out:reviews_text:013:71b7e447fa07cb00:obligation:2""]",3,3,3,4,2,14,14.516670009470545,0.04576587677001953,0,0,0,full_success,True,True,PASS,5.802453324894,5.802453324894,1.0,True,4fb6cb14e3fddd2e8b4e117f206e7a327476e4c6cd6b107a0280ad84f1e7080f,d8a6e6857ff044b37d2a5268921ab1462c8b629efde1fd7600c44b6fd7b7d9ef
h10-c4:held_out:reviews_text:013:71b7e447fa07cb00,reviews_text,equal_size_different_cost,B_FIRST,"[""direct:0:h10-c4:held_out:reviews_text:013:71b7e447fa07cb00:obligation:0"", ""direct:1:h10-c4:held_out:reviews_text:013:71b7e447fa07cb00:obligation:1"", ""direct:2:h10-c4:held_out:reviews_text:013:71b7e447fa07cb00:obligation:2""]","[""direct:0:h10-c4:held_out:reviews_text:013:71b7e447fa07cb00:obligation:0"", ""direct:1:h10-c4:held_out:reviews_text:013:71b7e447fa07cb00:obligation:1"", ""direct:2:h10-c4:held_out:reviews_text:013:71b7e447fa07cb00:obligation:2""]",3,3,3,4,2,14,14.205262006726116,0.04571247100830078,0,0,0,full_success,True,True,PASS,5.802453324894,5.802453324894,1.0,True,4fb6cb14e3fddd2e8b4e117f206e7a327476e4c6cd6b107a0280ad84f1e7080f,d8a6e6857ff044b37d2a5268921ab1462c8b629efde1fd7600c44b6fd7b7d9ef
h10-c4:held_out:reviews_text:013:71b7e447fa07cb00,reviews_text,equal_size_different_cost,B_GREEDY,"[""direct:2:h10-c4:held_out:reviews_text:013:71b7e447fa07cb00:obligation:2"", ""local:partial_fast""]","[""direct:2:h10-c4:held_out:reviews_text:013:71b7e447fa07cb00:obligation:2"", ""local:partial_fast""]",2,1,2,1,1,11,9.287064996897243,0.04380321502685547,0,0,0,full_success,True,True,PASS,3.127359631087198,3.127359631087198,0.5389719582353261,True,4fb6cb14e3fddd2e8b4e117f206e7a327476e4c6cd6b107a0280ad84f1e7080f,d8a6e6857ff044b37d2a5268921ab1462c8b629efde1fd7600c44b6fd7b7d9ef
h10-c4:held_out:reviews_text:013:71b7e447fa07cb00,reviews_text,equal_size_different_cost,O_GLOBAL,"[""source:restore""]","[""source:restore""]",1,1,1,5,5,8,5.869835993507877,0.03939628601074219,0,0,0,full_success,True,True,PASS,2.9182495640264476,2.9182495640264476,0.5029337420960226,True,4fb6cb14e3fddd2e8b4e117f206e7a327476e4c6cd6b107a0280ad84f1e7080f,d8a6e6857ff044b37d2a5268921ab1462c8b629efde1fd7600c44b6fd7b7d9ef
h10-c4:held_out:reviews_text:014:f1d216befb3fb06e,reviews_text,multiple_equal_optima,B_ALL,"[""direct:0:h10-c4:held_out:reviews_text:014:f1d216befb3fb06e:obligation:0"", ""direct:1:h10-c4:held_out:reviews_text:014:f1d216befb3fb06e:obligation:1"", ""direct:2:h10-c4:held_out:reviews_text:014:f1d216befb3fb06e:obligation:2"", ""direct:3:h10-c4:held_out:reviews_text:014:f1d216befb3fb06e:obligation:3""]","[""direct:0:h10-c4:held_out:reviews_text:014:f1d216befb3fb06e:obligation:0"", ""direct:1:h10-c4:held_out:reviews_text:014:f1d216befb3fb06e:obligation:1"", ""direct:2:h10-c4:held_out:reviews_text:014:f1d216befb3fb06e:obligation:2"", ""direct:3:h10-c4:held_out:reviews_text:014:f1d216befb3fb06e:obligation:3""]",4,4,4,6,2,17,19.319509010529146,0.05250835418701172,0,0,0,full_success,True,True,PASS,7.871759469228055,7.871759469228055,1.0,True,5498a9dc7e15129e5e5eaa22f5386ef08d4e4accf1ddf879ffc6fb790f16e8b3,895e339a5cdfd139ba7550639cafe823512dfb90a02c12b389793c39d84b4c44
h10-c4:held_out:reviews_text:014:f1d216befb3fb06e,reviews_text,multiple_equal_optima,B_FIRST,"[""direct:0:h10-c4:held_out:reviews_text:014:f1d216befb3fb06e:obligation:0"", ""direct:1:h10-c4:held_out:reviews_text:014:f1d216befb3fb06e:obligation:1"", ""direct:2:h10-c4:held_out:reviews_text:014:f1d216befb3fb06e:obligation:2"", ""direct:3:h10-c4:held_out:reviews_text:014:f1d216befb3fb06e:obligation:3""]","[""direct:0:h10-c4:held_out:reviews_text:014:f1d216befb3fb06e:obligation:0"", ""direct:1:h10-c4:held_out:reviews_text:014:f1d216befb3fb06e:obligation:1"", ""direct:2:h10-c4:held_out:reviews_text:014:f1d216befb3fb06e:obligation:2"", ""direct:3:h10-c4:held_out:reviews_text:014:f1d216befb3fb06e:obligation:3""]",4,4,4,6,2,17,19.144427991705015,0.05197429656982422,0,0,0,full_success,True,True,PASS,7.871759469228055,7.871759469228055,1.0,True,5498a9dc7e15129e5e5eaa22f5386ef08d4e4accf1ddf879ffc6fb790f16e8b3,895e339a5cdfd139ba7550639cafe823512dfb90a02c12b389793c39d84b4c44
h10-c4:held_out:reviews_text:014:f1d216befb3fb06e,reviews_text,multiple_equal_optima,B_GREEDY,"[""direct:3:h10-c4:held_out:reviews_text:014:f1d216befb3fb06e:obligation:3"", ""local:partial_fast""]","[""direct:3:h10-c4:held_out:reviews_text:014:f1d216befb3fb06e:obligation:3"", ""local:partial_fast""]",2,2,2,2,2,11,9.836714991251938,0.04930591583251953,0,0,0,full_success,True,True,PASS,3.3300921851412797,3.3300921851412797,0.42304292936784127,True,5498a9dc7e15129e5e5eaa22f5386ef08d4e4accf1ddf879ffc6fb790f16e8b3,895e339a5cdfd139ba7550639cafe823512dfb90a02c12b389793c39d84b4c44
h10-c4:held_out:reviews_text:014:f1d216befb3fb06e,reviews_text,multiple_equal_optima,O_GLOBAL,"[""source:restore""]","[""source:restore""]",1,1,1,6,6,8,4.950697999447584,0.04247093200683594,0,0,0,full_success,True,True,PASS,2.995324903940077,2.995324903940077,0.3805152984728857,True,5498a9dc7e15129e5e5eaa22f5386ef08d4e4accf1ddf879ffc6fb790f16e8b3,895e339a5cdfd139ba7550639cafe823512dfb90a02c12b389793c39d84b4c44
h10-c4:held_out:reviews_text:015:c646a280b1f405b3,reviews_text,downstream_does_not_fix_source,B_ALL,"[""direct:0:h10-c4:held_out:reviews_text:015:c646a280b1f405b3:obligation:0"", ""direct:1:h10-c4:held_out:reviews_text:015:c646a280b1f405b3:obligation:2"", ""direct:2:h10-c4:held_out:reviews_text:015:c646a280b1f405b3:obligation:3""]","[""direct:0:h10-c4:held_out:reviews_text:015:c646a280b1f405b3:obligation:0"", ""direct:1:h10-c4:held_out:reviews_text:015:c646a280b1f405b3:obligation:2"", ""direct:2:h10-c4:held_out:reviews_text:015:c646a280b1f405b3:obligation:3""]",3,3,3,4,2,14,13.781440007733181,0.04571247100830078,0,0,0,full_success,True,True,PASS,5.802453324894,5.802453324894,1.0,True,a5a0f132609447479b8625c5fc891b2240c1f3e3e4f54ace190166dd9f9cbfc4,051672e6e21246dbf2b4cd26c37b5f69f1cf13808f0b26d22878c3dce6c6e1e7
h10-c4:held_out:reviews_text:015:c646a280b1f405b3,reviews_text,downstream_does_not_fix_source,B_FIRST,"[""direct:0:h10-c4:held_out:reviews_text:015:c646a280b1f405b3:obligation:0"", ""direct:1:h10-c4:held_out:reviews_text:015:c646a280b1f405b3:obligation:2"", ""direct:2:h10-c4:held_out:reviews_text:015:c646a280b1f405b3:obligation:3""]","[""direct:0:h10-c4:held_out:reviews_text:015:c646a280b1f405b3:obligation:0"", ""direct:1:h10-c4:held_out:reviews_text:015:c646a280b1f405b3:obligation:2"", ""direct:2:h10-c4:held_out:reviews_text:015:c646a280b1f405b3:obligation:3""]",3,3,3,4,2,14,15.906387008726597,0.04571247100830078,0,0,0,full_success,True,True,PASS,5.802453324894,5.802453324894,1.0,True,a5a0f132609447479b8625c5fc891b2240c1f3e3e4f54ace190166dd9f9cbfc4,051672e6e21246dbf2b4cd26c37b5f69f1cf13808f0b26d22878c3dce6c6e1e7
h10-c4:held_out:reviews_text:015:c646a280b1f405b3,reviews_text,downstream_does_not_fix_source,B_GREEDY,"[""direct:2:h10-c4:held_out:reviews_text:015:c646a280b1f405b3:obligation:3"", ""local:partial_fast""]","[""direct:2:h10-c4:held_out:reviews_text:015:c646a280b1f405b3:obligation:3"", ""local:partial_fast""]",2,2,2,1,1,11,9.581923004589044,0.043900489807128906,0,0,0,full_success,True,True,PASS,3.127359631087198,3.127359631087198,0.5389719582353261,True,a5a0f132609447479b8625c5fc891b2240c1f3e3e4f54ace190166dd9f9cbfc4,051672e6e21246dbf2b4cd26c37b5f69f1cf13808f0b26d22878c3dce6c6e1e7
h10-c4:held_out:reviews_text:015:c646a280b1f405b3,reviews_text,downstream_does_not_fix_source,O_GLOBAL,"[""source:restore""]","[""source:restore""]",1,1,1,2,2,8,5.011843997635879,0.039379119873046875,0,0,0,full_success,True,True,PASS,2.571675973746475,2.571675973746475,0.44320493931650107,True,a5a0f132609447479b8625c5fc891b2240c1f3e3e4f54ace190166dd9f9cbfc4,051672e6e21246dbf2b4cd26c37b5f69f1cf13808f0b26d22878c3dce6c6e1e7
h10-c4:held_out:reviews_text:016:0a69dc93bde8e7e8,reviews_text,secondary_critical_violation,B_ALL,"[""direct:0:h10-c4:held_out:reviews_text:016:0a69dc93bde8e7e8:obligation:0"", ""direct:1:h10-c4:held_out:reviews_text:016:0a69dc93bde8e7e8:obligation:1"", ""direct:2:h10-c4:held_out:reviews_text:016:0a69dc93bde8e7e8:obligation:2"", ""direct:3:h10-c4:held_out:reviews_text:016:0a69dc93bde8e7e8:obligation:3""]","[""direct:0:h10-c4:held_out:reviews_text:016:0a69dc93bde8e7e8:obligation:0"", ""direct:1:h10-c4:held_out:reviews_text:016:0a69dc93bde8e7e8:obligation:1"", ""direct:2:h10-c4:held_out:reviews_text:016:0a69dc93bde8e7e8:obligation:2"", ""direct:3:h10-c4:held_out:reviews_text:016:0a69dc93bde8e7e8:obligation:3""]",4,4,4,6,2,17,19.688476997544058,0.05208110809326172,0,0,0,full_success,True,True,PASS,7.871759469228055,7.871759469228055,1.0,True,f862027cae11191875b9ab2d89f119d5f3fba44025b868ec8e10a540d1d8b229,26531bd1a20863b4d904cc44d98607c0ef2d783e1f3dca74028c58261e8f04fc
h10-c4:held_out:reviews_text:016:0a69dc93bde8e7e8,reviews_text,secondary_critical_violation,B_FIRST,"[""direct:0:h10-c4:held_out:reviews_text:016:0a69dc93bde8e7e8:obligation:0"", ""direct:1:h10-c4:held_out:reviews_text:016:0a69dc93bde8e7e8:obligation:1"", ""direct:2:h10-c4:held_out:reviews_text:016:0a69dc93bde8e7e8:obligation:2"", ""direct:3:h10-c4:held_out:reviews_text:016:0a69dc93bde8e7e8:obligation:3""]","[""direct:0:h10-c4:held_out:reviews_text:016:0a69dc93bde8e7e8:obligation:0"", ""direct:1:h10-c4:held_out:reviews_text:016:0a69dc93bde8e7e8:obligation:1"", ""direct:2:h10-c4:held_out:reviews_text:016:0a69dc93bde8e7e8:obligation:2"", ""direct:3:h10-c4:held_out:reviews_text:016:0a69dc93bde8e7e8:obligation:3""]",4,4,4,6,2,17,19.609436989412643,0.05197429656982422,0,0,0,full_success,True,True,PASS,7.871759469228055,7.871759469228055,1.0,True,f862027cae11191875b9ab2d89f119d5f3fba44025b868ec8e10a540d1d8b229,26531bd1a20863b4d904cc44d98607c0ef2d783e1f3dca74028c58261e8f04fc
h10-c4:held_out:reviews_text:016:0a69dc93bde8e7e8,reviews_text,secondary_critical_violation,B_GREEDY,"[""local:partial_fast"", ""unsafe:shortcut""]","[""local:partial_fast"", ""unsafe:shortcut""]",2,1,2,0,0,11,10.739049990661442,0.04496002197265625,1,0,0,partial_success,False,False,PASS,3.0115720816144496,4.7623581224216744,0.6049928406779299,False,f862027cae11191875b9ab2d89f119d5f3fba44025b868ec8e10a540d1d8b229,4260ad53a38647313a22e42995c3997ecaa019e196df60e80eb9fa7f037dfc71
h10-c4:held_out:reviews_text:016:0a69dc93bde8e7e8,reviews_text,secondary_critical_violation,O_GLOBAL,"[""source:restore""]","[""source:restore""]",1,1,1,3,3,8,5.0038190092891455,0.04247093200683594,0,0,0,full_success,True,True,PASS,2.715517009972366,2.715517009972366,0.34496951038554324,True,f862027cae11191875b9ab2d89f119d5f3fba44025b868ec8e10a540d1d8b229,26531bd1a20863b4d904cc44d98607c0ef2d783e1f3dca74028c58261e8f04fc
h10-c4:held_out:reviews_text:017:fbbfe3559d792291,reviews_text,rollback_required,B_ALL,"[""direct:0:h10-c4:held_out:reviews_text:017:fbbfe3559d792291:obligation:0"", ""direct:1:h10-c4:held_out:reviews_text:017:fbbfe3559d792291:obligation:1"", ""direct:2:h10-c4:held_out:reviews_text:017:fbbfe3559d792291:obligation:2"", ""direct:3:h10-c4:held_out:reviews_text:017:fbbfe3559d792291:obligation:3""]","[""direct:0:h10-c4:held_out:reviews_text:017:fbbfe3559d792291:obligation:0"", ""direct:1:h10-c4:held_out:reviews_text:017:fbbfe3559d792291:obligation:1"", ""direct:2:h10-c4:held_out:reviews_text:017:fbbfe3559d792291:obligation:2"", ""direct:3:h10-c4:held_out:reviews_text:017:fbbfe3559d792291:obligation:3""]",4,4,4,6,2,17,18.529234992456622,0.05202770233154297,0,0,0,full_success,True,True,PASS,7.871759469228055,7.871759469228055,1.0,True,d31d94db87b370851f9878e5fe37b59a89fec983b4110b6e606827dfab4b0e9d,c40d2843f237c82b10d7dcc5d6d9dced60794382d7961a04cc4889625ed76762
h10-c4:held_out:reviews_text:017:fbbfe3559d792291,reviews_text,rollback_required,B_FIRST,"[""direct:0:h10-c4:held_out:reviews_text:017:fbbfe3559d792291:obligation:0"", ""direct:1:h10-c4:held_out:reviews_text:017:fbbfe3559d792291:obligation:1"", ""direct:2:h10-c4:held_out:reviews_text:017:fbbfe3559d792291:obligation:2"", ""direct:3:h10-c4:held_out:reviews_text:017:fbbfe3559d792291:obligation:3""]","[""direct:0:h10-c4:held_out:reviews_text:017:fbbfe3559d792291:obligation:0"", ""direct:1:h10-c4:held_out:reviews_text:017:fbbfe3559d792291:obligation:1"", ""direct:2:h10-c4:held_out:reviews_text:017:fbbfe3559d792291:obligation:2"", ""direct:3:h10-c4:held_out:reviews_text:017:fbbfe3559d792291:obligation:3""]",4,4,4,6,2,17,19.23441899998579,0.05197429656982422,0,0,0,full_success,True,True,PASS,7.871759469228055,7.871759469228055,1.0,True,d31d94db87b370851f9878e5fe37b59a89fec983b4110b6e606827dfab4b0e9d,c40d2843f237c82b10d7dcc5d6d9dced60794382d7961a04cc4889625ed76762
h10-c4:held_out:reviews_text:017:fbbfe3559d792291,reviews_text,rollback_required,B_GREEDY,"[""local:partial_fast"", ""unsafe:shortcut""]","[""local:partial_fast"", ""unsafe:shortcut""]",2,1,2,0,0,11,10.520386000280268,0.04496002197265625,1,0,0,partial_success,False,False,PASS,3.0115720816144496,4.7623581224216744,0.6049928406779299,False,d31d94db87b370851f9878e5fe37b59a89fec983b4110b6e606827dfab4b0e9d,22ae7df8816ebf56ff7064031cfde81a00941674e78d38efa63352830739ef1e
h10-c4:held_out:reviews_text:017:fbbfe3559d792291,reviews_text,rollback_required,O_GLOBAL,"[""source:restore""]","[""source:restore""]",1,1,1,4,4,8,4.953864001436159,0.04247093200683594,0,0,0,full_success,True,True,PASS,2.8270887856294706,2.8270887856294706,0.35914318732438477,True,d31d94db87b370851f9878e5fe37b59a89fec983b4110b6e606827dfab4b0e9d,c40d2843f237c82b10d7dcc5d6d9dced60794382d7961a04cc4889625ed76762
h10-c4:held_out:reviews_text:018:41b6b70cedcb32ca,reviews_text,variable_dependency_fanout,B_ALL,"[""direct:0:h10-c4:held_out:reviews_text:018:41b6b70cedcb32ca:obligation:0"", ""direct:1:h10-c4:held_out:reviews_text:018:41b6b70cedcb32ca:obligation:1"", ""direct:2:h10-c4:held_out:reviews_text:018:41b6b70cedcb32ca:obligation:2"", ""direct:3:h10-c4:held_out:reviews_text:018:41b6b70cedcb32ca:obligation:3""]","[""direct:0:h10-c4:held_out:reviews_text:018:41b6b70cedcb32ca:obligation:0"", ""direct:1:h10-c4:held_out:reviews_text:018:41b6b70cedcb32ca:obligation:1"", ""direct:2:h10-c4:held_out:reviews_text:018:41b6b70cedcb32ca:obligation:2"", ""direct:3:h10-c4:held_out:reviews_text:018:41b6b70cedcb32ca:obligation:3""]",4,4,4,11,7,17,18.96170200780034,0.05202770233154297,0,0,0,full_success,True,True,PASS,8.362174095733918,8.362174095733918,1.0,True,c504ec116a0cf59f7c432c7761f053b05f3e29d7f4bdfb940d9f67b80d5a7fd5,1a55a141194c25018b00075029ca6128007a4c6520ce7a9f44286f6b911e7af3
h10-c4:held_out:reviews_text:018:41b6b70cedcb32ca,reviews_text,variable_dependency_fanout,B_FIRST,"[""direct:0:h10-c4:held_out:reviews_text:018:41b6b70cedcb32ca:obligation:0"", ""direct:1:h10-c4:held_out:reviews_text:018:41b6b70cedcb32ca:obligation:1"", ""direct:2:h10-c4:held_out:reviews_text:018:41b6b70cedcb32ca:obligation:2"", ""direct:3:h10-c4:held_out:reviews_text:018:41b6b70cedcb32ca:obligation:3""]","[""direct:0:h10-c4:held_out:reviews_text:018:41b6b70cedcb32ca:obligation:0"", ""direct:1:h10-c4:held_out:reviews_text:018:41b6b70cedcb32ca:obligation:1"", ""direct:2:h10-c4:held_out:reviews_text:018:41b6b70cedcb32ca:obligation:2"", ""direct:3:h10-c4:held_out:reviews_text:018:41b6b70cedcb32ca:obligation:3""]",4,4,4,11,7,17,18.78424700407777,0.05197429656982422,0,0,0,full_success,True,True,PASS,8.362174095733918,8.362174095733918,1.0,True,c504ec116a0cf59f7c432c7761f053b05f3e29d7f4bdfb940d9f67b80d5a7fd5,1a55a141194c25018b00075029ca6128007a4c6520ce7a9f44286f6b911e7af3
h10-c4:held_out:reviews_text:018:41b6b70cedcb32ca,reviews_text,variable_dependency_fanout,B_GREEDY,"[""direct:3:h10-c4:held_out:reviews_text:018:41b6b70cedcb32ca:obligation:3"", ""local:partial_fast""]","[""direct:3:h10-c4:held_out:reviews_text:018:41b6b70cedcb32ca:obligation:3"", ""local:partial_fast""]",2,2,2,2,2,11,9.633469991968013,0.04936695098876953,0,0,0,full_success,True,True,PASS,3.3300921851412797,3.3300921851412797,0.3982328216342893,True,c504ec116a0cf59f7c432c7761f053b05f3e29d7f4bdfb940d9f67b80d5a7fd5,1a55a141194c25018b00075029ca6128007a4c6520ce7a9f44286f6b911e7af3
h10-c4:held_out:reviews_text:018:41b6b70cedcb32ca,reviews_text,variable_dependency_fanout,O_GLOBAL,"[""source:restore""]","[""source:restore""]",1,1,1,5,5,8,4.908067989163101,0.04247093200683594,0,0,0,full_success,True,True,PASS,2.9182495640264476,2.9182495640264476,0.3489821583020179,True,c504ec116a0cf59f7c432c7761f053b05f3e29d7f4bdfb940d9f67b80d5a7fd5,1a55a141194c25018b00075029ca6128007a4c6520ce7a9f44286f6b911e7af3
h10-c4:held_out:reviews_text:019:199a74622ee6a5f4,reviews_text,repair_all_touches_more_components,B_ALL,"[""direct:0:h10-c4:held_out:reviews_text:019:199a74622ee6a5f4:obligation:0"", ""direct:1:h10-c4:held_out:reviews_text:019:199a74622ee6a5f4:obligation:1"", ""direct:2:h10-c4:held_out:reviews_text:019:199a74622ee6a5f4:obligation:2"", ""direct:3:h10-c4:held_out:reviews_text:019:199a74622ee6a5f4:obligation:3""]","[""direct:0:h10-c4:held_out:reviews_text:019:199a74622ee6a5f4:obligation:0"", ""direct:1:h10-c4:held_out:reviews_text:019:199a74622ee6a5f4:obligation:1"", ""direct:2:h10-c4:held_out:reviews_text:019:199a74622ee6a5f4:obligation:2"", ""direct:3:h10-c4:held_out:reviews_text:019:199a74622ee6a5f4:obligation:3""]",4,4,4,6,2,17,18.55883200187236,0.05197429656982422,0,0,0,full_success,True,True,PASS,7.871759469228055,7.871759469228055,1.0,True,468fff7f99ff44281820ff08086385d58eb19f1ffd6e40e04f274259834f2f4e,4eab69a852e58cef29a97e4c7c334d9242b87c2154287b8a29472542e1b67513
h10-c4:held_out:reviews_text:019:199a74622ee6a5f4,reviews_text,repair_all_touches_more_components,B_FIRST,"[""direct:0:h10-c4:held_out:reviews_text:019:199a74622ee6a5f4:obligation:0"", ""direct:1:h10-c4:held_out:reviews_text:019:199a74622ee6a5f4:obligation:1"", ""direct:2:h10-c4:held_out:reviews_text:019:199a74622ee6a5f4:obligation:2"", ""direct:3:h10-c4:held_out:reviews_text:019:199a74622ee6a5f4:obligation:3""]","[""direct:0:h10-c4:held_out:reviews_text:019:199a74622ee6a5f4:obligation:0"", ""direct:1:h10-c4:held_out:reviews_text:019:199a74622ee6a5f4:obligation:1"", ""direct:2:h10-c4:held_out:reviews_text:019:199a74622ee6a5f4:obligation:2"", ""direct:3:h10-c4:held_out:reviews_text:019:199a74622ee6a5f4:obligation:3""]",4,4,4,6,2,17,19.021155007067136,0.05197429656982422,0,0,0,full_success,True,True,PASS,7.871759469228055,7.871759469228055,1.0,True,468fff7f99ff44281820ff08086385d58eb19f1ffd6e40e04f274259834f2f4e,4eab69a852e58cef29a97e4c7c334d9242b87c2154287b8a29472542e1b67513
h10-c4:held_out:reviews_text:019:199a74622ee6a5f4,reviews_text,repair_all_touches_more_components,B_GREEDY,"[""direct:3:h10-c4:held_out:reviews_text:019:199a74622ee6a5f4:obligation:3"", ""local:partial_fast""]","[""direct:3:h10-c4:held_out:reviews_text:019:199a74622ee6a5f4:obligation:3"", ""local:partial_fast""]",2,2,2,2,2,11,9.73751700075809,0.04951953887939453,0,0,0,full_success,True,True,PASS,3.3300921851412797,3.3300921851412797,0.42304292936784127,True,468fff7f99ff44281820ff08086385d58eb19f1ffd6e40e04f274259834f2f4e,4eab69a852e58cef29a97e4c7c334d9242b87c2154287b8a29472542e1b67513
h10-c4:held_out:reviews_text:019:199a74622ee6a5f4,reviews_text,repair_all_touches_more_components,O_GLOBAL,"[""source:restore""]","[""source:restore""]",1,1,1,6,6,8,4.899200997897424,0.04247093200683594,0,0,0,full_success,True,True,PASS,2.995324903940077,2.995324903940077,0.3805152984728857,True,468fff7f99ff44281820ff08086385d58eb19f1ffd6e40e04f274259834f2f4e,4eab69a852e58cef29a97e4c7c334d9242b87c2154287b8a29472542e1b67513
h10-c4:held_out:image_quality:000:6ea5bb63c680c56b,image_quality,single_local_unique,B_ALL,"[""direct:0:h10-c4:held_out:image_quality:000:6ea5bb63c680c56b:obligation:0""]","[""direct:0:h10-c4:held_out:image_quality:000:6ea5bb63c680c56b:obligation:0""]",1,1,1,1,1,8,4.2885770089924335,0.031798362731933594,0,0,0,full_success,True,True,PASS,1.8665735902799727,1.8665735902799727,1.0,True,c11cb7dd2c159d13f7660779746bf4746d3991778efe35525e541bb657395af1,9a6a5b5a11feef6043d1a63cd294470516f9c228de006af7189f149545b2c2c1
h10-c4:held_out:image_quality:000:6ea5bb63c680c56b,image_quality,single_local_unique,B_FIRST,"[""direct:0:h10-c4:held_out:image_quality:000:6ea5bb63c680c56b:obligation:0""]","[""direct:0:h10-c4:held_out:image_quality:000:6ea5bb63c680c56b:obligation:0""]",1,1,1,1,1,8,4.205559002002701,0.031798362731933594,0,0,0,full_success,True,True,PASS,1.8665735902799727,1.8665735902799727,1.0,True,c11cb7dd2c159d13f7660779746bf4746d3991778efe35525e541bb657395af1,9a6a5b5a11feef6043d1a63cd294470516f9c228de006af7189f149545b2c2c1
h10-c4:held_out:image_quality:000:6ea5bb63c680c56b,image_quality,single_local_unique,B_GREEDY,"[""direct:0:h10-c4:held_out:image_quality:000:6ea5bb63c680c56b:obligation:0""]","[""direct:0:h10-c4:held_out:image_quality:000:6ea5bb63c680c56b:obligation:0""]",1,1,1,1,1,8,4.172446992015466,0.031798362731933594,0,0,0,full_success,True,True,PASS,1.8665735902799727,1.8665735902799727,1.0,True,c11cb7dd2c159d13f7660779746bf4746d3991778efe35525e541bb657395af1,9a6a5b5a11feef6043d1a63cd294470516f9c228de006af7189f149545b2c2c1
h10-c4:held_out:image_quality:000:6ea5bb63c680c56b,image_quality,single_local_unique,O_GLOBAL,"[""direct:0:h10-c4:held_out:image_quality:000:6ea5bb63c680c56b:obligation:0""]","[""direct:0:h10-c4:held_out:image_quality:000:6ea5bb63c680c56b:obligation:0""]",1,1,1,1,1,8,4.32473499677144,0.031798362731933594,0,0,0,full_success,True,True,PASS,1.8665735902799727,1.8665735902799727,1.0,True,c11cb7dd2c159d13f7660779746bf4746d3991778efe35525e541bb657395af1,9a6a5b5a11feef6043d1a63cd294470516f9c228de006af7189f149545b2c2c1
h10-c4:held_out:image_quality:001:4601fc6090a6733c,image_quality,independent_multiple,B_ALL,"[""direct:0:h10-c4:held_out:image_quality:001:4601fc6090a6733c:obligation:0"", ""direct:1:h10-c4:held_out:image_quality:001:4601fc6090a6733c:obligation:1""]","[""direct:0:h10-c4:held_out:image_quality:001:4601fc6090a6733c:obligation:0"", ""direct:1:h10-c4:held_out:image_quality:001:4601fc6090a6733c:obligation:1""]",2,2,2,3,2,11,9.012116002850235,0.03851509094238281,0,0,0,full_success,True,True,PASS,3.9358797346140273,3.9358797346140273,1.0,True,981c2dffb1f2c5004764e1cb1cf940524b6ff325a6ef50001ee1eda52ef4d0e8,bf6b3b3c72ba71f14c2e86c9cf87d2b8bd80b9709905eec5a7645271ae9090f5
h10-c4:held_out:image_quality:001:4601fc6090a6733c,image_quality,independent_multiple,B_FIRST,"[""direct:0:h10-c4:held_out:image_quality:001:4601fc6090a6733c:obligation:0"", ""direct:1:h10-c4:held_out:image_quality:001:4601fc6090a6733c:obligation:1""]","[""direct:0:h10-c4:held_out:image_quality:001:4601fc6090a6733c:obligation:0"", ""direct:1:h10-c4:held_out:image_quality:001:4601fc6090a6733c:obligation:1""]",2,2,2,3,2,11,8.56072200986091,0.03833198547363281,0,0,0,full_success,True,True,PASS,3.9358797346140273,3.9358797346140273,1.0,True,981c2dffb1f2c5004764e1cb1cf940524b6ff325a6ef50001ee1eda52ef4d0e8,bf6b3b3c72ba71f14c2e86c9cf87d2b8bd80b9709905eec5a7645271ae9090f5
h10-c4:held_out:image_quality:001:4601fc6090a6733c,image_quality,independent_multiple,B_GREEDY,"[""source:restore""]","[""source:restore""]",1,1,1,3,3,8,4.803900999831967,0.03508567810058594,0,0,0,full_success,True,True,PASS,2.715517009972366,2.715517009972366,0.6899390207710865,True,981c2dffb1f2c5004764e1cb1cf940524b6ff325a6ef50001ee1eda52ef4d0e8,bf6b3b3c72ba71f14c2e86c9cf87d2b8bd80b9709905eec5a7645271ae9090f5
h10-c4:held_out:image_quality:001:4601fc6090a6733c,image_quality,independent_multiple,O_GLOBAL,"[""source:restore""]","[""source:restore""]",1,1,1,3,3,8,6.874204002087936,0.03508567810058594,0,0,0,full_success,True,True,PASS,2.715517009972366,2.715517009972366,0.6899390207710865,True,981c2dffb1f2c5004764e1cb1cf940524b6ff325a6ef50001ee1eda52ef4d0e8,bf6b3b3c72ba71f14c2e86c9cf87d2b8bd80b9709905eec5a7645271ae9090f5
h10-c4:held_out:image_quality:002:7b6b540e4125d7b6,image_quality,shared_source_downstream,B_ALL,"[""direct:0:h10-c4:held_out:image_quality:002:7b6b540e4125d7b6:obligation:2"", ""direct:1:h10-c4:held_out:image_quality:002:7b6b540e4125d7b6:obligation:3""]","[""direct:0:h10-c4:held_out:image_quality:002:7b6b540e4125d7b6:obligation:2"", ""direct:1:h10-c4:held_out:image_quality:002:7b6b540e4125d7b6:obligation:3""]",2,2,2,3,2,11,12.404166991473176,0.03839397430419922,0,0,0,full_success,True,True,PASS,3.9358797346140273,3.9358797346140273,1.0,True,929f79aac0ba11340a88d052f1a36b669aebca3006782c0eb2f969fce961cbf1,c0f878d0c1f06a2d4a5c956dcd35c820a99b2557c1000152aac548b97d9380c9
h10-c4:held_out:image_quality:002:7b6b540e4125d7b6,image_quality,shared_source_downstream,B_FIRST,"[""direct:0:h10-c4:held_out:image_quality:002:7b6b540e4125d7b6:obligation:2"", ""direct:1:h10-c4:held_out:image_quality:002:7b6b540e4125d7b6:obligation:3""]","[""direct:0:h10-c4:held_out:image_quality:002:7b6b540e4125d7b6:obligation:2"", ""direct:1:h10-c4:held_out:image_quality:002:7b6b540e4125d7b6:obligation:3""]",2,2,2,3,2,11,11.069063999457285,0.03839397430419922,0,0,0,full_success,True,True,PASS,3.9358797346140273,3.9358797346140273,1.0,True,929f79aac0ba11340a88d052f1a36b669aebca3006782c0eb2f969fce961cbf1,c0f878d0c1f06a2d4a5c956dcd35c820a99b2557c1000152aac548b97d9380c9
h10-c4:held_out:image_quality:002:7b6b540e4125d7b6,image_quality,shared_source_downstream,B_GREEDY,"[""source:restore""]","[""source:restore""]",1,1,1,4,4,8,5.928026002948172,0.03509807586669922,0,0,0,full_success,True,True,PASS,2.8270887856294706,2.8270887856294706,0.7182863746487695,True,929f79aac0ba11340a88d052f1a36b669aebca3006782c0eb2f969fce961cbf1,c0f878d0c1f06a2d4a5c956dcd35c820a99b2557c1000152aac548b97d9380c9
h10-c4:held_out:image_quality:002:7b6b540e4125d7b6,image_quality,shared_source_downstream,O_GLOBAL,"[""source:restore""]","[""source:restore""]",1,1,1,4,4,8,6.101884006056935,0.03509807586669922,0,0,0,full_success,True,True,PASS,2.8270887856294706,2.8270887856294706,0.7182863746487695,True,929f79aac0ba11340a88d052f1a36b669aebca3006782c0eb2f969fce961cbf1,c0f878d0c1f06a2d4a5c956dcd35c820a99b2557c1000152aac548b97d9380c9
h10-c4:held_out:image_quality:003:1507094db517e2bd,image_quality,equal_size_different_cost,B_ALL,"[""direct:0:h10-c4:held_out:image_quality:003:1507094db517e2bd:obligation:0"", ""direct:1:h10-c4:held_out:image_quality:003:1507094db517e2bd:obligation:1"", ""direct:2:h10-c4:held_out:image_quality:003:1507094db517e2bd:obligation:2""]","[""direct:0:h10-c4:held_out:image_quality:003:1507094db517e2bd:obligation:0"", ""direct:1:h10-c4:held_out:image_quality:003:1507094db517e2bd:obligation:1"", ""direct:2:h10-c4:held_out:image_quality:003:1507094db517e2bd:obligation:2""]",3,3,3,4,2,14,16.21322799474001,0.044716835021972656,0,0,0,full_success,True,True,PASS,5.802453324894,5.802453324894,1.0,True,977c57ffd423732dfb24396c7af7bb808994b9da583f4166c23ea13323419111,d4b3349d5e7795a9aa04ff720def5406b327f7a0d8a9456e7e17c8b95657c5ad
h10-c4:held_out:image_quality:003:1507094db517e2bd,image_quality,equal_size_different_cost,B_FIRST,"[""direct:0:h10-c4:held_out:image_quality:003:1507094db517e2bd:obligation:0"", ""direct:1:h10-c4:held_out:image_quality:003:1507094db517e2bd:obligation:1"", ""direct:2:h10-c4:held_out:image_quality:003:1507094db517e2bd:obligation:2""]","[""direct:0:h10-c4:held_out:image_quality:003:1507094db517e2bd:obligation:0"", ""direct:1:h10-c4:held_out:image_quality:003:1507094db517e2bd:obligation:1"", ""direct:2:h10-c4:held_out:image_quality:003:1507094db517e2bd:obligation:2""]",3,3,3,4,2,14,15.528924006503075,0.044716835021972656,0,0,0,full_success,True,True,PASS,5.802453324894,5.802453324894,1.0,True,977c57ffd423732dfb24396c7af7bb808994b9da583f4166c23ea13323419111,d4b3349d5e7795a9aa04ff720def5406b327f7a0d8a9456e7e17c8b95657c5ad
h10-c4:held_out:image_quality:003:1507094db517e2bd,image_quality,equal_size_different_cost,B_GREEDY,"[""direct:2:h10-c4:held_out:image_quality:003:1507094db517e2bd:obligation:2"", ""local:partial_fast""]","[""direct:2:h10-c4:held_out:image_quality:003:1507094db517e2bd:obligation:2"", ""local:partial_fast""]",2,1,2,1,1,11,9.219828003551811,0.04274463653564453,0,0,0,full_success,True,True,PASS,3.127359631087198,3.127359631087198,0.5389719582353261,True,977c57ffd423732dfb24396c7af7bb808994b9da583f4166c23ea13323419111,d4b3349d5e7795a9aa04ff720def5406b327f7a0d8a9456e7e17c8b95657c5ad
h10-c4:held_out:image_quality:003:1507094db517e2bd,image_quality,equal_size_different_cost,O_GLOBAL,"[""source:restore""]","[""source:restore""]",1,1,1,5,5,8,4.768414000864141,0.03836822509765625,0,0,0,full_success,True,True,PASS,2.9182495640264476,2.9182495640264476,0.5029337420960226,True,977c57ffd423732dfb24396c7af7bb808994b9da583f4166c23ea13323419111,d4b3349d5e7795a9aa04ff720def5406b327f7a0d8a9456e7e17c8b95657c5ad
h10-c4:held_out:image_quality:004:62eb001191b0f267,image_quality,multiple_equal_optima,B_ALL,"[""direct:0:h10-c4:held_out:image_quality:004:62eb001191b0f267:obligation:0"", ""direct:1:h10-c4:held_out:image_quality:004:62eb001191b0f267:obligation:1"", ""direct:2:h10-c4:held_out:image_quality:004:62eb001191b0f267:obligation:2"", ""direct:3:h10-c4:held_out:image_quality:004:62eb001191b0f267:obligation:3""]","[""direct:0:h10-c4:held_out:image_quality:004:62eb001191b0f267:obligation:0"", ""direct:1:h10-c4:held_out:image_quality:004:62eb001191b0f267:obligation:1"", ""direct:2:h10-c4:held_out:image_quality:004:62eb001191b0f267:obligation:2"", ""direct:3:h10-c4:held_out:image_quality:004:62eb001191b0f267:obligation:3""]",4,4,4,6,2,17,18.555344999185763,0.051573753356933594,0,0,0,full_success,True,True,PASS,7.871759469228055,7.871759469228055,1.0,True,986b01f041044f3f246203014c6fda556f5763942f22883393a62ba879b15e9a,1311f71d1bea0ec47a3ae11012968323658f00d638c6126642d125983e1be873
h10-c4:held_out:image_quality:004:62eb001191b0f267,image_quality,multiple_equal_optima,B_FIRST,"[""direct:0:h10-c4:held_out:image_quality:004:62eb001191b0f267:obligation:0"", ""direct:1:h10-c4:held_out:image_quality:004:62eb001191b0f267:obligation:1"", ""direct:2:h10-c4:held_out:image_quality:004:62eb001191b0f267:obligation:2"", ""direct:3:h10-c4:held_out:image_quality:004:62eb001191b0f267:obligation:3""]","[""direct:0:h10-c4:held_out:image_quality:004:62eb001191b0f267:obligation:0"", ""direct:1:h10-c4:held_out:image_quality:004:62eb001191b0f267:obligation:1"", ""direct:2:h10-c4:held_out:image_quality:004:62eb001191b0f267:obligation:2"", ""direct:3:h10-c4:held_out:image_quality:004:62eb001191b0f267:obligation:3""]",4,4,4,6,2,17,18.32211400324013,0.051039695739746094,0,0,0,full_success,True,True,PASS,7.871759469228055,7.871759469228055,1.0,True,986b01f041044f3f246203014c6fda556f5763942f22883393a62ba879b15e9a,1311f71d1bea0ec47a3ae11012968323658f00d638c6126642d125983e1be873
h10-c4:held_out:image_quality:004:62eb001191b0f267,image_quality,multiple_equal_optima,B_GREEDY,"[""direct:3:h10-c4:held_out:image_quality:004:62eb001191b0f267:obligation:3"", ""local:partial_fast""]","[""direct:3:h10-c4:held_out:image_quality:004:62eb001191b0f267:obligation:3"", ""local:partial_fast""]",2,2,2,2,2,11,9.406551005668007,0.048203468322753906,0,0,0,full_success,True,True,PASS,3.3300921851412797,3.3300921851412797,0.42304292936784127,True,986b01f041044f3f246203014c6fda556f5763942f22883393a62ba879b15e9a,1311f71d1bea0ec47a3ae11012968323658f00d638c6126642d125983e1be873
h10-c4:held_out:image_quality:004:62eb001191b0f267,image_quality,multiple_equal_optima,O_GLOBAL,"[""source:restore""]","[""source:restore""]",1,1,1,6,6,8,4.8090409982251,0.04142189025878906,0,0,0,full_success,True,True,PASS,2.995324903940077,2.995324903940077,0.3805152984728857,True,986b01f041044f3f246203014c6fda556f5763942f22883393a62ba879b15e9a,1311f71d1bea0ec47a3ae11012968323658f00d638c6126642d125983e1be873
h10-c4:held_out:image_quality:005:ca4092ec11112794,image_quality,downstream_does_not_fix_source,B_ALL,"[""direct:0:h10-c4:held_out:image_quality:005:ca4092ec11112794:obligation:0"", ""direct:1:h10-c4:held_out:image_quality:005:ca4092ec11112794:obligation:2"", ""direct:2:h10-c4:held_out:image_quality:005:ca4092ec11112794:obligation:3""]","[""direct:0:h10-c4:held_out:image_quality:005:ca4092ec11112794:obligation:0"", ""direct:1:h10-c4:held_out:image_quality:005:ca4092ec11112794:obligation:2"", ""direct:2:h10-c4:held_out:image_quality:005:ca4092ec11112794:obligation:3""]",3,3,3,4,2,14,13.509766999050044,0.044716835021972656,0,0,0,full_success,True,True,PASS,5.802453324894,5.802453324894,1.0,True,6157701087009b4a70c92a14960adfe5971a982588aecaa7ce511d2cdb1cba82,643bae8a318d8a474359044c6aabbe10579d29415ad2a110af157bbe52c25cbc
h10-c4:held_out:image_quality:005:ca4092ec11112794,image_quality,downstream_does_not_fix_source,B_FIRST,"[""direct:0:h10-c4:held_out:image_quality:005:ca4092ec11112794:obligation:0"", ""direct:1:h10-c4:held_out:image_quality:005:ca4092ec11112794:obligation:2"", ""direct:2:h10-c4:held_out:image_quality:005:ca4092ec11112794:obligation:3""]","[""direct:0:h10-c4:held_out:image_quality:005:ca4092ec11112794:obligation:0"", ""direct:1:h10-c4:held_out:image_quality:005:ca4092ec11112794:obligation:2"", ""direct:2:h10-c4:held_out:image_quality:005:ca4092ec11112794:obligation:3""]",3,3,3,4,2,14,13.714383996557444,0.044716835021972656,0,0,0,full_success,True,True,PASS,5.802453324894,5.802453324894,1.0,True,6157701087009b4a70c92a14960adfe5971a982588aecaa7ce511d2cdb1cba82,643bae8a318d8a474359044c6aabbe10579d29415ad2a110af157bbe52c25cbc
h10-c4:held_out:image_quality:005:ca4092ec11112794,image_quality,downstream_does_not_fix_source,B_GREEDY,"[""direct:2:h10-c4:held_out:image_quality:005:ca4092ec11112794:obligation:3"", ""local:partial_fast""]","[""direct:2:h10-c4:held_out:image_quality:005:ca4092ec11112794:obligation:3"", ""local:partial_fast""]",2,2,2,1,1,11,8.958703998359852,0.042860984802246094,0,0,0,full_success,True,True,PASS,3.127359631087198,3.127359631087198,0.5389719582353261,True,6157701087009b4a70c92a14960adfe5971a982588aecaa7ce511d2cdb1cba82,643bae8a318d8a474359044c6aabbe10579d29415ad2a110af157bbe52c25cbc
h10-c4:held_out:image_quality:005:ca4092ec11112794,image_quality,downstream_does_not_fix_source,O_GLOBAL,"[""source:restore""]","[""source:restore""]",1,1,1,2,2,8,4.965194995747879,0.038356781005859375,0,0,0,full_success,True,True,PASS,2.571675973746475,2.571675973746475,0.44320493931650107,True,6157701087009b4a70c92a14960adfe5971a982588aecaa7ce511d2cdb1cba82,643bae8a318d8a474359044c6aabbe10579d29415ad2a110af157bbe52c25cbc
h10-c4:held_out:image_quality:006:f894130cc8a6ce90,image_quality,secondary_critical_violation,B_ALL,"[""direct:0:h10-c4:held_out:image_quality:006:f894130cc8a6ce90:obligation:0"", ""direct:1:h10-c4:held_out:image_quality:006:f894130cc8a6ce90:obligation:1"", ""direct:2:h10-c4:held_out:image_quality:006:f894130cc8a6ce90:obligation:2"", ""direct:3:h10-c4:held_out:image_quality:006:f894130cc8a6ce90:obligation:3""]","[""direct:0:h10-c4:held_out:image_quality:006:f894130cc8a6ce90:obligation:0"", ""direct:1:h10-c4:held_out:image_quality:006:f894130cc8a6ce90:obligation:1"", ""direct:2:h10-c4:held_out:image_quality:006:f894130cc8a6ce90:obligation:2"", ""direct:3:h10-c4:held_out:image_quality:006:f894130cc8a6ce90:obligation:3""]",4,4,4,6,2,17,18.399218999547884,0.051146507263183594,0,0,0,full_success,True,True,PASS,7.871759469228055,7.871759469228055,1.0,True,6694a016ace3767ed0aa34da610d7763f81590e5a2476d120fbc1313ce6aa099,130dc2f68479f250ca2f39b3650b600654781eeb01b20ff9b2438fc0c64e74bc
h10-c4:held_out:image_quality:006:f894130cc8a6ce90,image_quality,secondary_critical_violation,B_FIRST,"[""direct:0:h10-c4:held_out:image_quality:006:f894130cc8a6ce90:obligation:0"", ""direct:1:h10-c4:held_out:image_quality:006:f894130cc8a6ce90:obligation:1"", ""direct:2:h10-c4:held_out:image_quality:006:f894130cc8a6ce90:obligation:2"", ""direct:3:h10-c4:held_out:image_quality:006:f894130cc8a6ce90:obligation:3""]","[""direct:0:h10-c4:held_out:image_quality:006:f894130cc8a6ce90:obligation:0"", ""direct:1:h10-c4:held_out:image_quality:006:f894130cc8a6ce90:obligation:1"", ""direct:2:h10-c4:held_out:image_quality:006:f894130cc8a6ce90:obligation:2"", ""direct:3:h10-c4:held_out:image_quality:006:f894130cc8a6ce90:obligation:3""]",4,4,4,6,2,17,18.819974997313693,0.051039695739746094,0,0,0,full_success,True,True,PASS,7.871759469228055,7.871759469228055,1.0,True,6694a016ace3767ed0aa34da610d7763f81590e5a2476d120fbc1313ce6aa099,130dc2f68479f250ca2f39b3650b600654781eeb01b20ff9b2438fc0c64e74bc
h10-c4:held_out:image_quality:006:f894130cc8a6ce90,image_quality,secondary_critical_violation,B_GREEDY,"[""local:partial_fast"", ""unsafe:shortcut""]","[""local:partial_fast"", ""unsafe:shortcut""]",2,1,2,0,0,11,10.138544006622396,0.043888092041015625,1,0,0,partial_success,False,False,PASS,3.0115720816144496,4.7623581224216744,0.6049928406779299,False,6694a016ace3767ed0aa34da610d7763f81590e5a2476d120fbc1313ce6aa099,dc1ba5eb5c4473cb0dbab446cce44e65b0eb3df8dd8da6a3b7234ff2c62a9af6
h10-c4:held_out:image_quality:006:f894130cc8a6ce90,image_quality,secondary_critical_violation,O_GLOBAL,"[""source:restore""]","[""source:restore""]",1,1,1,3,3,8,4.922494990751147,0.04142189025878906,0,0,0,full_success,True,True,PASS,2.715517009972366,2.715517009972366,0.34496951038554324,True,6694a016ace3767ed0aa34da610d7763f81590e5a2476d120fbc1313ce6aa099,130dc2f68479f250ca2f39b3650b600654781eeb01b20ff9b2438fc0c64e74bc
h10-c4:held_out:image_quality:007:78459ccf4bbec027,image_quality,rollback_required,B_ALL,"[""direct:0:h10-c4:held_out:image_quality:007:78459ccf4bbec027:obligation:0"", ""direct:1:h10-c4:held_out:image_quality:007:78459ccf4bbec027:obligation:1"", ""direct:2:h10-c4:held_out:image_quality:007:78459ccf4bbec027:obligation:2"", ""direct:3:h10-c4:held_out:image_quality:007:78459ccf4bbec027:obligation:3""]","[""direct:0:h10-c4:held_out:image_quality:007:78459ccf4bbec027:obligation:0"", ""direct:1:h10-c4:held_out:image_quality:007:78459ccf4bbec027:obligation:1"", ""direct:2:h10-c4:held_out:image_quality:007:78459ccf4bbec027:obligation:2"", ""direct:3:h10-c4:held_out:image_quality:007:78459ccf4bbec027:obligation:3""]",4,4,4,6,2,17,17.86547999654431,0.051093101501464844,0,0,0,full_success,True,True,PASS,7.871759469228055,7.871759469228055,1.0,True,c66b8c8194a8d521355f8abf61d5ab7b1b9f528d03c6bdeb2807dc616f8d029c,add92e9aff0889d98d73322f270639da6070267e3cb3a988a1fb4a6a863ea692
h10-c4:held_out:image_quality:007:78459ccf4bbec027,image_quality,rollback_required,B_FIRST,"[""direct:0:h10-c4:held_out:image_quality:007:78459ccf4bbec027:obligation:0"", ""direct:1:h10-c4:held_out:image_quality:007:78459ccf4bbec027:obligation:1"", ""direct:2:h10-c4:held_out:image_quality:007:78459ccf4bbec027:obligation:2"", ""direct:3:h10-c4:held_out:image_quality:007:78459ccf4bbec027:obligation:3""]","[""direct:0:h10-c4:held_out:image_quality:007:78459ccf4bbec027:obligation:0"", ""direct:1:h10-c4:held_out:image_quality:007:78459ccf4bbec027:obligation:1"", ""direct:2:h10-c4:held_out:image_quality:007:78459ccf4bbec027:obligation:2"", ""direct:3:h10-c4:held_out:image_quality:007:78459ccf4bbec027:obligation:3""]",4,4,4,6,2,17,18.440266998368315,0.051039695739746094,0,0,0,full_success,True,True,PASS,7.871759469228055,7.871759469228055,1.0,True,c66b8c8194a8d521355f8abf61d5ab7b1b9f528d03c6bdeb2807dc616f8d029c,add92e9aff0889d98d73322f270639da6070267e3cb3a988a1fb4a6a863ea692
h10-c4:held_out:image_quality:007:78459ccf4bbec027,image_quality,rollback_required,B_GREEDY,"[""local:partial_fast"", ""unsafe:shortcut""]","[""local:partial_fast"", ""unsafe:shortcut""]",2,1,2,0,0,11,10.022124013630673,0.043888092041015625,1,0,0,partial_success,False,False,PASS,3.0115720816144496,4.7623581224216744,0.6049928406779299,False,c66b8c8194a8d521355f8abf61d5ab7b1b9f528d03c6bdeb2807dc616f8d029c,02d51f6e7dd9b6502779431088ecca8bac5fbc44ff899b1dd7708288edfde9d0
h10-c4:held_out:image_quality:007:78459ccf4bbec027,image_quality,rollback_required,O_GLOBAL,"[""source:restore""]","[""source:restore""]",1,1,1,4,4,8,4.831762998946942,0.04142189025878906,0,0,0,full_success,True,True,PASS,2.8270887856294706,2.8270887856294706,0.35914318732438477,True,c66b8c8194a8d521355f8abf61d5ab7b1b9f528d03c6bdeb2807dc616f8d029c,add92e9aff0889d98d73322f270639da6070267e3cb3a988a1fb4a6a863ea692
h10-c4:held_out:image_quality:008:24836d95b06ced28,image_quality,variable_dependency_fanout,B_ALL,"[""direct:0:h10-c4:held_out:image_quality:008:24836d95b06ced28:obligation:0"", ""direct:1:h10-c4:held_out:image_quality:008:24836d95b06ced28:obligation:1"", ""direct:2:h10-c4:held_out:image_quality:008:24836d95b06ced28:obligation:2"", ""direct:3:h10-c4:held_out:image_quality:008:24836d95b06ced28:obligation:3""]","[""direct:0:h10-c4:held_out:image_quality:008:24836d95b06ced28:obligation:0"", ""direct:1:h10-c4:held_out:image_quality:008:24836d95b06ced28:obligation:1"", ""direct:2:h10-c4:held_out:image_quality:008:24836d95b06ced28:obligation:2"", ""direct:3:h10-c4:held_out:image_quality:008:24836d95b06ced28:obligation:3""]",4,4,4,11,7,17,18.42273399233818,0.051245689392089844,0,0,0,full_success,True,True,PASS,8.362174095733918,8.362174095733918,1.0,True,2ca80f5e08434b6cc3c699c13058e78c102379e51bd4b7f5b6eeaf992f510727,acfa829a1b4323196c7516fcc20abe832b313688751939ee6d2eb699d3d35125
h10-c4:held_out:image_quality:008:24836d95b06ced28,image_quality,variable_dependency_fanout,B_FIRST,"[""direct:0:h10-c4:held_out:image_quality:008:24836d95b06ced28:obligation:0"", ""direct:1:h10-c4:held_out:image_quality:008:24836d95b06ced28:obligation:1"", ""direct:2:h10-c4:held_out:image_quality:008:24836d95b06ced28:obligation:2"", ""direct:3:h10-c4:held_out:image_quality:008:24836d95b06ced28:obligation:3""]","[""direct:0:h10-c4:held_out:image_quality:008:24836d95b06ced28:obligation:0"", ""direct:1:h10-c4:held_out:image_quality:008:24836d95b06ced28:obligation:1"", ""direct:2:h10-c4:held_out:image_quality:008:24836d95b06ced28:obligation:2"", ""direct:3:h10-c4:held_out:image_quality:008:24836d95b06ced28:obligation:3""]",4,4,4,11,7,17,18.734031997155398,0.04866790771484375,0,0,0,full_success,True,True,PASS,8.362174095733918,8.362174095733918,1.0,True,2ca80f5e08434b6cc3c699c13058e78c102379e51bd4b7f5b6eeaf992f510727,acfa829a1b4323196c7516fcc20abe832b313688751939ee6d2eb699d3d35125
h10-c4:held_out:image_quality:008:24836d95b06ced28,image_quality,variable_dependency_fanout,B_GREEDY,"[""direct:3:h10-c4:held_out:image_quality:008:24836d95b06ced28:obligation:3"", ""local:partial_fast""]","[""direct:3:h10-c4:held_out:image_quality:008:24836d95b06ced28:obligation:3"", ""local:partial_fast""]",2,2,2,2,2,11,9.281555001507513,0.048264503479003906,0,0,0,full_success,True,True,PASS,3.3300921851412797,3.3300921851412797,0.3982328216342893,True,2ca80f5e08434b6cc3c699c13058e78c102379e51bd4b7f5b6eeaf992f510727,acfa829a1b4323196c7516fcc20abe832b313688751939ee6d2eb699d3d35125
h10-c4:held_out:image_quality:008:24836d95b06ced28,image_quality,variable_dependency_fanout,O_GLOBAL,"[""source:restore""]","[""source:restore""]",1,1,1,5,5,8,4.555701991193928,0.04142189025878906,0,0,0,full_success,True,True,PASS,2.9182495640264476,2.9182495640264476,0.3489821583020179,True,2ca80f5e08434b6cc3c699c13058e78c102379e51bd4b7f5b6eeaf992f510727,acfa829a1b4323196c7516fcc20abe832b313688751939ee6d2eb699d3d35125
h10-c4:held_out:image_quality:009:202d2e7246a0658e,image_quality,repair_all_touches_more_components,B_ALL,"[""direct:0:h10-c4:held_out:image_quality:009:202d2e7246a0658e:obligation:0"", ""direct:1:h10-c4:held_out:image_quality:009:202d2e7246a0658e:obligation:1"", ""direct:2:h10-c4:held_out:image_quality:009:202d2e7246a0658e:obligation:2"", ""direct:3:h10-c4:held_out:image_quality:009:202d2e7246a0658e:obligation:3""]","[""direct:0:h10-c4:held_out:image_quality:009:202d2e7246a0658e:obligation:0"", ""direct:1:h10-c4:held_out:image_quality:009:202d2e7246a0658e:obligation:1"", ""direct:2:h10-c4:held_out:image_quality:009:202d2e7246a0658e:obligation:2"", ""direct:3:h10-c4:held_out:image_quality:009:202d2e7246a0658e:obligation:3""]",4,4,4,6,2,17,18.13450899499003,0.051039695739746094,0,0,0,full_success,True,True,PASS,7.871759469228055,7.871759469228055,1.0,True,473481f6a19697e21c93ae3efc6c6f435cccb4a855b6a1338750a2a5f8f1ca5d,f4b77acf618dd83adc1cbc5b243990bfdfd7a41142c2e63a07837634c1066e3f
h10-c4:held_out:image_quality:009:202d2e7246a0658e,image_quality,repair_all_touches_more_components,B_FIRST,"[""direct:0:h10-c4:held_out:image_quality:009:202d2e7246a0658e:obligation:0"", ""direct:1:h10-c4:held_out:image_quality:009:202d2e7246a0658e:obligation:1"", ""direct:2:h10-c4:held_out:image_quality:009:202d2e7246a0658e:obligation:2"", ""direct:3:h10-c4:held_out:image_quality:009:202d2e7246a0658e:obligation:3""]","[""direct:0:h10-c4:held_out:image_quality:009:202d2e7246a0658e:obligation:0"", ""direct:1:h10-c4:held_out:image_quality:009:202d2e7246a0658e:obligation:1"", ""direct:2:h10-c4:held_out:image_quality:009:202d2e7246a0658e:obligation:2"", ""direct:3:h10-c4:held_out:image_quality:009:202d2e7246a0658e:obligation:3""]",4,4,4,6,2,17,18.904283992014825,0.051039695739746094,0,0,0,full_success,True,True,PASS,7.871759469228055,7.871759469228055,1.0,True,473481f6a19697e21c93ae3efc6c6f435cccb4a855b6a1338750a2a5f8f1ca5d,f4b77acf618dd83adc1cbc5b243990bfdfd7a41142c2e63a07837634c1066e3f
h10-c4:held_out:image_quality:009:202d2e7246a0658e,image_quality,repair_all_touches_more_components,B_GREEDY,"[""direct:3:h10-c4:held_out:image_quality:009:202d2e7246a0658e:obligation:3"", ""local:partial_fast""]","[""direct:3:h10-c4:held_out:image_quality:009:202d2e7246a0658e:obligation:3"", ""local:partial_fast""]",2,2,2,2,2,11,9.220288004144095,0.048264503479003906,0,0,0,full_success,True,True,PASS,3.3300921851412797,3.3300921851412797,0.42304292936784127,True,473481f6a19697e21c93ae3efc6c6f435cccb4a855b6a1338750a2a5f8f1ca5d,f4b77acf618dd83adc1cbc5b243990bfdfd7a41142c2e63a07837634c1066e3f
h10-c4:held_out:image_quality:009:202d2e7246a0658e,image_quality,repair_all_touches_more_components,O_GLOBAL,"[""source:restore""]","[""source:restore""]",1,1,1,6,6,8,5.435093000414781,0.04142189025878906,0,0,0,full_success,True,True,PASS,2.995324903940077,2.995324903940077,0.3805152984728857,True,473481f6a19697e21c93ae3efc6c6f435cccb4a855b6a1338750a2a5f8f1ca5d,f4b77acf618dd83adc1cbc5b243990bfdfd7a41142c2e63a07837634c1066e3f
h10-c4:held_out:image_quality:010:4e9ebb6ca3b6e00e,image_quality,single_local_unique,B_ALL,"[""direct:0:h10-c4:held_out:image_quality:010:4e9ebb6ca3b6e00e:obligation:0""]","[""direct:0:h10-c4:held_out:image_quality:010:4e9ebb6ca3b6e00e:obligation:0""]",1,1,1,1,1,8,4.692408998380415,0.031798362731933594,0,0,0,full_success,True,True,PASS,1.8665735902799727,1.8665735902799727,1.0,True,d239518702a61dc02cb923838ec7bf9c05633fb6c8e5c5bca9fea1725cd295f6,feff843e0ba6b60293682611cce4f2cba87a64ceec429050576a7c95e746ff14
h10-c4:held_out:image_quality:010:4e9ebb6ca3b6e00e,image_quality,single_local_unique,B_FIRST,"[""direct:0:h10-c4:held_out:image_quality:010:4e9ebb6ca3b6e00e:obligation:0""]","[""direct:0:h10-c4:held_out:image_quality:010:4e9ebb6ca3b6e00e:obligation:0""]",1,1,1,1,1,8,5.4573060042457655,0.031798362731933594,0,0,0,full_success,True,True,PASS,1.8665735902799727,1.8665735902799727,1.0,True,d239518702a61dc02cb923838ec7bf9c05633fb6c8e5c5bca9fea1725cd295f6,feff843e0ba6b60293682611cce4f2cba87a64ceec429050576a7c95e746ff14
h10-c4:held_out:image_quality:010:4e9ebb6ca3b6e00e,image_quality,single_local_unique,B_GREEDY,"[""direct:0:h10-c4:held_out:image_quality:010:4e9ebb6ca3b6e00e:obligation:0""]","[""direct:0:h10-c4:held_out:image_quality:010:4e9ebb6ca3b6e00e:obligation:0""]",1,1,1,1,1,8,4.616385995177552,0.031798362731933594,0,0,0,full_success,True,True,PASS,1.8665735902799727,1.8665735902799727,1.0,True,d239518702a61dc02cb923838ec7bf9c05633fb6c8e5c5bca9fea1725cd295f6,feff843e0ba6b60293682611cce4f2cba87a64ceec429050576a7c95e746ff14
h10-c4:held_out:image_quality:010:4e9ebb6ca3b6e00e,image_quality,single_local_unique,O_GLOBAL,"[""direct:0:h10-c4:held_out:image_quality:010:4e9ebb6ca3b6e00e:obligation:0""]","[""direct:0:h10-c4:held_out:image_quality:010:4e9ebb6ca3b6e00e:obligation:0""]",1,1,1,1,1,8,4.577482002787292,0.031798362731933594,0,0,0,full_success,True,True,PASS,1.8665735902799727,1.8665735902799727,1.0,True,d239518702a61dc02cb923838ec7bf9c05633fb6c8e5c5bca9fea1725cd295f6,feff843e0ba6b60293682611cce4f2cba87a64ceec429050576a7c95e746ff14
h10-c4:held_out:image_quality:011:3d23bf1b3700a799,image_quality,independent_multiple,B_ALL,"[""direct:0:h10-c4:held_out:image_quality:011:3d23bf1b3700a799:obligation:0"", ""direct:1:h10-c4:held_out:image_quality:011:3d23bf1b3700a799:obligation:1""]","[""direct:0:h10-c4:held_out:image_quality:011:3d23bf1b3700a799:obligation:0"", ""direct:1:h10-c4:held_out:image_quality:011:3d23bf1b3700a799:obligation:1""]",2,2,2,3,2,11,9.818970997002907,0.03851509094238281,0,0,0,full_success,True,True,PASS,3.9358797346140273,3.9358797346140273,1.0,True,562836a7864ba4a99289afe10d7ea02a709e4e4216d69c9676fc33ead2b424da,3e8bcde9ad392a3443d22c1f94efc3ea84d2729470cb213a4230647f452bfc14
h10-c4:held_out:image_quality:011:3d23bf1b3700a799,image_quality,independent_multiple,B_FIRST,"[""direct:0:h10-c4:held_out:image_quality:011:3d23bf1b3700a799:obligation:0"", ""direct:1:h10-c4:held_out:image_quality:011:3d23bf1b3700a799:obligation:1""]","[""direct:0:h10-c4:held_out:image_quality:011:3d23bf1b3700a799:obligation:0"", ""direct:1:h10-c4:held_out:image_quality:011:3d23bf1b3700a799:obligation:1""]",2,2,2,3,2,11,9.044056001584977,0.03833198547363281,0,0,0,full_success,True,True,PASS,3.9358797346140273,3.9358797346140273,1.0,True,562836a7864ba4a99289afe10d7ea02a709e4e4216d69c9676fc33ead2b424da,3e8bcde9ad392a3443d22c1f94efc3ea84d2729470cb213a4230647f452bfc14
h10-c4:held_out:image_quality:011:3d23bf1b3700a799,image_quality,independent_multiple,B_GREEDY,"[""source:restore""]","[""source:restore""]",1,1,1,3,3,8,4.914810007903725,0.03508567810058594,0,0,0,full_success,True,True,PASS,2.715517009972366,2.715517009972366,0.6899390207710865,True,562836a7864ba4a99289afe10d7ea02a709e4e4216d69c9676fc33ead2b424da,3e8bcde9ad392a3443d22c1f94efc3ea84d2729470cb213a4230647f452bfc14
h10-c4:held_out:image_quality:011:3d23bf1b3700a799,image_quality,independent_multiple,O_GLOBAL,"[""source:restore""]","[""source:restore""]",1,1,1,3,3,8,4.976456999429502,0.03508567810058594,0,0,0,full_success,True,True,PASS,2.715517009972366,2.715517009972366,0.6899390207710865,True,562836a7864ba4a99289afe10d7ea02a709e4e4216d69c9676fc33ead2b424da,3e8bcde9ad392a3443d22c1f94efc3ea84d2729470cb213a4230647f452bfc14
h10-c4:held_out:image_quality:012:5b0248c17705b9d0,image_quality,shared_source_downstream,B_ALL,"[""direct:0:h10-c4:held_out:image_quality:012:5b0248c17705b9d0:obligation:2"", ""direct:1:h10-c4:held_out:image_quality:012:5b0248c17705b9d0:obligation:3""]","[""direct:0:h10-c4:held_out:image_quality:012:5b0248c17705b9d0:obligation:2"", ""direct:1:h10-c4:held_out:image_quality:012:5b0248c17705b9d0:obligation:3""]",2,2,2,3,2,11,9.770297998329625,0.03839397430419922,0,0,0,full_success,True,True,PASS,3.9358797346140273,3.9358797346140273,1.0,True,9175c7287f4ceaeb17202e3166c5bc061f3d7652345ef4ee2630bd5fd1febc2e,9bf4efec8a7766c63ddf52c305a5a6709c8d69d9a13f96aec6e69d1d7453d01c
h10-c4:held_out:image_quality:012:5b0248c17705b9d0,image_quality,shared_source_downstream,B_FIRST,"[""direct:0:h10-c4:held_out:image_quality:012:5b0248c17705b9d0:obligation:2"", ""direct:1:h10-c4:held_out:image_quality:012:5b0248c17705b9d0:obligation:3""]","[""direct:0:h10-c4:held_out:image_quality:012:5b0248c17705b9d0:obligation:2"", ""direct:1:h10-c4:held_out:image_quality:012:5b0248c17705b9d0:obligation:3""]",2,2,2,3,2,11,9.409516002051532,0.03839397430419922,0,0,0,full_success,True,True,PASS,3.9358797346140273,3.9358797346140273,1.0,True,9175c7287f4ceaeb17202e3166c5bc061f3d7652345ef4ee2630bd5fd1febc2e,9bf4efec8a7766c63ddf52c305a5a6709c8d69d9a13f96aec6e69d1d7453d01c
h10-c4:held_out:image_quality:012:5b0248c17705b9d0,image_quality,shared_source_downstream,B_GREEDY,"[""source:restore""]","[""source:restore""]",1,1,1,4,4,8,5.3189249883871526,0.03509807586669922,0,0,0,full_success,True,True,PASS,2.8270887856294706,2.8270887856294706,0.7182863746487695,True,9175c7287f4ceaeb17202e3166c5bc061f3d7652345ef4ee2630bd5fd1febc2e,9bf4efec8a7766c63ddf52c305a5a6709c8d69d9a13f96aec6e69d1d7453d01c
h10-c4:held_out:image_quality:012:5b0248c17705b9d0,image_quality,shared_source_downstream,O_GLOBAL,"[""source:restore""]","[""source:restore""]",1,1,1,4,4,8,5.289207998430356,0.03509807586669922,0,0,0,full_success,True,True,PASS,2.8270887856294706,2.8270887856294706,0.7182863746487695,True,9175c7287f4ceaeb17202e3166c5bc061f3d7652345ef4ee2630bd5fd1febc2e,9bf4efec8a7766c63ddf52c305a5a6709c8d69d9a13f96aec6e69d1d7453d01c
h10-c4:held_out:image_quality:013:0467cbd571ce6f8d,image_quality,equal_size_different_cost,B_ALL,"[""direct:0:h10-c4:held_out:image_quality:013:0467cbd571ce6f8d:obligation:0"", ""direct:1:h10-c4:held_out:image_quality:013:0467cbd571ce6f8d:obligation:1"", ""direct:2:h10-c4:held_out:image_quality:013:0467cbd571ce6f8d:obligation:2""]","[""direct:0:h10-c4:held_out:image_quality:013:0467cbd571ce6f8d:obligation:0"", ""direct:1:h10-c4:held_out:image_quality:013:0467cbd571ce6f8d:obligation:1"", ""direct:2:h10-c4:held_out:image_quality:013:0467cbd571ce6f8d:obligation:2""]",3,3,3,4,2,14,13.7899270048365,0.044770240783691406,0,0,0,full_success,True,True,PASS,5.802453324894,5.802453324894,1.0,True,f1418e6ef1692097283864815b9978ece6cabc3cf34f7d6348e4fae7fc7798a5,adec7a40fd89293c5cd7be92685e4d7bfa096126dfe3ae7835e7e469d87bfda4
h10-c4:held_out:image_quality:013:0467cbd571ce6f8d,image_quality,equal_size_different_cost,B_FIRST,"[""direct:0:h10-c4:held_out:image_quality:013:0467cbd571ce6f8d:obligation:0"", ""direct:1:h10-c4:held_out:image_quality:013:0467cbd571ce6f8d:obligation:1"", ""direct:2:h10-c4:held_out:image_quality:013:0467cbd571ce6f8d:obligation:2""]","[""direct:0:h10-c4:held_out:image_quality:013:0467cbd571ce6f8d:obligation:0"", ""direct:1:h10-c4:held_out:image_quality:013:0467cbd571ce6f8d:obligation:1"", ""direct:2:h10-c4:held_out:image_quality:013:0467cbd571ce6f8d:obligation:2""]",3,3,3,4,2,14,14.413584998692386,0.044716835021972656,0,0,0,full_success,True,True,PASS,5.802453324894,5.802453324894,1.0,True,f1418e6ef1692097283864815b9978ece6cabc3cf34f7d6348e4fae7fc7798a5,adec7a40fd89293c5cd7be92685e4d7bfa096126dfe3ae7835e7e469d87bfda4
h10-c4:held_out:image_quality:013:0467cbd571ce6f8d,image_quality,equal_size_different_cost,B_GREEDY,"[""direct:2:h10-c4:held_out:image_quality:013:0467cbd571ce6f8d:obligation:2"", ""local:partial_fast""]","[""direct:2:h10-c4:held_out:image_quality:013:0467cbd571ce6f8d:obligation:2"", ""local:partial_fast""]",2,1,2,1,1,11,10.010502999648452,0.04274463653564453,0,0,0,full_success,True,True,PASS,3.127359631087198,3.127359631087198,0.5389719582353261,True,f1418e6ef1692097283864815b9978ece6cabc3cf34f7d6348e4fae7fc7798a5,adec7a40fd89293c5cd7be92685e4d7bfa096126dfe3ae7835e7e469d87bfda4
h10-c4:held_out:image_quality:013:0467cbd571ce6f8d,image_quality,equal_size_different_cost,O_GLOBAL,"[""source:restore""]","[""source:restore""]",1,1,1,5,5,8,4.865035996772349,0.03836822509765625,0,0,0,full_success,True,True,PASS,2.9182495640264476,2.9182495640264476,0.5029337420960226,True,f1418e6ef1692097283864815b9978ece6cabc3cf34f7d6348e4fae7fc7798a5,adec7a40fd89293c5cd7be92685e4d7bfa096126dfe3ae7835e7e469d87bfda4
h10-c4:held_out:image_quality:014:725b7dabe8cae630,image_quality,multiple_equal_optima,B_ALL,"[""direct:0:h10-c4:held_out:image_quality:014:725b7dabe8cae630:obligation:0"", ""direct:1:h10-c4:held_out:image_quality:014:725b7dabe8cae630:obligation:1"", ""direct:2:h10-c4:held_out:image_quality:014:725b7dabe8cae630:obligation:2"", ""direct:3:h10-c4:held_out:image_quality:014:725b7dabe8cae630:obligation:3""]","[""direct:0:h10-c4:held_out:image_quality:014:725b7dabe8cae630:obligation:0"", ""direct:1:h10-c4:held_out:image_quality:014:725b7dabe8cae630:obligation:1"", ""direct:2:h10-c4:held_out:image_quality:014:725b7dabe8cae630:obligation:2"", ""direct:3:h10-c4:held_out:image_quality:014:725b7dabe8cae630:obligation:3""]",4,4,4,6,2,17,19.324968990986235,0.051573753356933594,0,0,0,full_success,True,True,PASS,7.871759469228055,7.871759469228055,1.0,True,ae81895f871eb23794b73240b2f82999bcaaddc22a9038d2554d4a6a7d559886,8f73782d84edcae5a349b5f7d5e1c15282ce783ba1b3ca8d44dd037f7d685841
h10-c4:held_out:image_quality:014:725b7dabe8cae630,image_quality,multiple_equal_optima,B_FIRST,"[""direct:0:h10-c4:held_out:image_quality:014:725b7dabe8cae630:obligation:0"", ""direct:1:h10-c4:held_out:image_quality:014:725b7dabe8cae630:obligation:1"", ""direct:2:h10-c4:held_out:image_quality:014:725b7dabe8cae630:obligation:2"", ""direct:3:h10-c4:held_out:image_quality:014:725b7dabe8cae630:obligation:3""]","[""direct:0:h10-c4:held_out:image_quality:014:725b7dabe8cae630:obligation:0"", ""direct:1:h10-c4:held_out:image_quality:014:725b7dabe8cae630:obligation:1"", ""direct:2:h10-c4:held_out:image_quality:014:725b7dabe8cae630:obligation:2"", ""direct:3:h10-c4:held_out:image_quality:014:725b7dabe8cae630:obligation:3""]",4,4,4,6,2,17,21.829624005476944,0.051039695739746094,0,0,0,full_success,True,True,PASS,7.871759469228055,7.871759469228055,1.0,True,ae81895f871eb23794b73240b2f82999bcaaddc22a9038d2554d4a6a7d559886,8f73782d84edcae5a349b5f7d5e1c15282ce783ba1b3ca8d44dd037f7d685841
h10-c4:held_out:image_quality:014:725b7dabe8cae630,image_quality,multiple_equal_optima,B_GREEDY,"[""direct:3:h10-c4:held_out:image_quality:014:725b7dabe8cae630:obligation:3"", ""local:partial_fast""]","[""direct:3:h10-c4:held_out:image_quality:014:725b7dabe8cae630:obligation:3"", ""local:partial_fast""]",2,2,2,2,2,11,10.0511490018107,0.048203468322753906,0,0,0,full_success,True,True,PASS,3.3300921851412797,3.3300921851412797,0.42304292936784127,True,ae81895f871eb23794b73240b2f82999bcaaddc22a9038d2554d4a6a7d559886,8f73782d84edcae5a349b5f7d5e1c15282ce783ba1b3ca8d44dd037f7d685841
h10-c4:held_out:image_quality:014:725b7dabe8cae630,image_quality,multiple_equal_optima,O_GLOBAL,"[""source:restore""]","[""source:restore""]",1,1,1,6,6,8,4.646222994779237,0.04142189025878906,0,0,0,full_success,True,True,PASS,2.995324903940077,2.995324903940077,0.3805152984728857,True,ae81895f871eb23794b73240b2f82999bcaaddc22a9038d2554d4a6a7d559886,8f73782d84edcae5a349b5f7d5e1c15282ce783ba1b3ca8d44dd037f7d685841
h10-c4:held_out:image_quality:015:021b6a0fefc56e4e,image_quality,downstream_does_not_fix_source,B_ALL,"[""direct:0:h10-c4:held_out:image_quality:015:021b6a0fefc56e4e:obligation:0"", ""direct:1:h10-c4:held_out:image_quality:015:021b6a0fefc56e4e:obligation:2"", ""direct:2:h10-c4:held_out:image_quality:015:021b6a0fefc56e4e:obligation:3""]","[""direct:0:h10-c4:held_out:image_quality:015:021b6a0fefc56e4e:obligation:0"", ""direct:1:h10-c4:held_out:image_quality:015:021b6a0fefc56e4e:obligation:2"", ""direct:2:h10-c4:held_out:image_quality:015:021b6a0fefc56e4e:obligation:3""]",3,3,3,4,2,14,13.37725599296391,0.044716835021972656,0,0,0,full_success,True,True,PASS,5.802453324894,5.802453324894,1.0,True,868d89f3914e0e0ab0cfc7d0c413e09e0dd93c3f8506f5b09fd47847d0590ea9,694517623b54b32feb3859c462626a84b7965c82c2c9e1cd5566bde191d2c4d4
h10-c4:held_out:image_quality:015:021b6a0fefc56e4e,image_quality,downstream_does_not_fix_source,B_FIRST,"[""direct:0:h10-c4:held_out:image_quality:015:021b6a0fefc56e4e:obligation:0"", ""direct:1:h10-c4:held_out:image_quality:015:021b6a0fefc56e4e:obligation:2"", ""direct:2:h10-c4:held_out:image_quality:015:021b6a0fefc56e4e:obligation:3""]","[""direct:0:h10-c4:held_out:image_quality:015:021b6a0fefc56e4e:obligation:0"", ""direct:1:h10-c4:held_out:image_quality:015:021b6a0fefc56e4e:obligation:2"", ""direct:2:h10-c4:held_out:image_quality:015:021b6a0fefc56e4e:obligation:3""]",3,3,3,4,2,14,13.673135996214114,0.044716835021972656,0,0,0,full_success,True,True,PASS,5.802453324894,5.802453324894,1.0,True,868d89f3914e0e0ab0cfc7d0c413e09e0dd93c3f8506f5b09fd47847d0590ea9,694517623b54b32feb3859c462626a84b7965c82c2c9e1cd5566bde191d2c4d4
h10-c4:held_out:image_quality:015:021b6a0fefc56e4e,image_quality,downstream_does_not_fix_source,B_GREEDY,"[""direct:2:h10-c4:held_out:image_quality:015:021b6a0fefc56e4e:obligation:3"", ""local:partial_fast""]","[""direct:2:h10-c4:held_out:image_quality:015:021b6a0fefc56e4e:obligation:3"", ""local:partial_fast""]",2,2,2,1,1,11,8.58765299199149,0.042860984802246094,0,0,0,full_success,True,True,PASS,3.127359631087198,3.127359631087198,0.5389719582353261,True,868d89f3914e0e0ab0cfc7d0c413e09e0dd93c3f8506f5b09fd47847d0590ea9,694517623b54b32feb3859c462626a84b7965c82c2c9e1cd5566bde191d2c4d4
h10-c4:held_out:image_quality:015:021b6a0fefc56e4e,image_quality,downstream_does_not_fix_source,O_GLOBAL,"[""source:restore""]","[""source:restore""]",1,1,1,2,2,8,5.03517800825648,0.038356781005859375,0,0,0,full_success,True,True,PASS,2.571675973746475,2.571675973746475,0.44320493931650107,True,868d89f3914e0e0ab0cfc7d0c413e09e0dd93c3f8506f5b09fd47847d0590ea9,694517623b54b32feb3859c462626a84b7965c82c2c9e1cd5566bde191d2c4d4
h10-c4:held_out:image_quality:016:7b12240beb5a0282,image_quality,secondary_critical_violation,B_ALL,"[""direct:0:h10-c4:held_out:image_quality:016:7b12240beb5a0282:obligation:0"", ""direct:1:h10-c4:held_out:image_quality:016:7b12240beb5a0282:obligation:1"", ""direct:2:h10-c4:held_out:image_quality:016:7b12240beb5a0282:obligation:2"", ""direct:3:h10-c4:held_out:image_quality:016:7b12240beb5a0282:obligation:3""]","[""direct:0:h10-c4:held_out:image_quality:016:7b12240beb5a0282:obligation:0"", ""direct:1:h10-c4:held_out:image_quality:016:7b12240beb5a0282:obligation:1"", ""direct:2:h10-c4:held_out:image_quality:016:7b12240beb5a0282:obligation:2"", ""direct:3:h10-c4:held_out:image_quality:016:7b12240beb5a0282:obligation:3""]",4,4,4,6,2,17,31.4409630082082,0.051146507263183594,0,0,0,full_success,True,True,PASS,7.871759469228055,7.871759469228055,1.0,True,4d0126795768930fbec72b4997e873da7ad67658deb78f2a9a7aa680e3ace616,9485a57cd2154aaa7abbc0d59abd8de75411f5612535b7410986c69d9538434c
h10-c4:held_out:image_quality:016:7b12240beb5a0282,image_quality,secondary_critical_violation,B_FIRST,"[""direct:0:h10-c4:held_out:image_quality:016:7b12240beb5a0282:obligation:0"", ""direct:1:h10-c4:held_out:image_quality:016:7b12240beb5a0282:obligation:1"", ""direct:2:h10-c4:held_out:image_quality:016:7b12240beb5a0282:obligation:2"", ""direct:3:h10-c4:held_out:image_quality:016:7b12240beb5a0282:obligation:3""]","[""direct:0:h10-c4:held_out:image_quality:016:7b12240beb5a0282:obligation:0"", ""direct:1:h10-c4:held_out:image_quality:016:7b12240beb5a0282:obligation:1"", ""direct:2:h10-c4:held_out:image_quality:016:7b12240beb5a0282:obligation:2"", ""direct:3:h10-c4:held_out:image_quality:016:7b12240beb5a0282:obligation:3""]",4,4,4,6,2,17,20.017918999656104,0.051039695739746094,0,0,0,full_success,True,True,PASS,7.871759469228055,7.871759469228055,1.0,True,4d0126795768930fbec72b4997e873da7ad67658deb78f2a9a7aa680e3ace616,9485a57cd2154aaa7abbc0d59abd8de75411f5612535b7410986c69d9538434c
h10-c4:held_out:image_quality:016:7b12240beb5a0282,image_quality,secondary_critical_violation,B_GREEDY,"[""local:partial_fast"", ""unsafe:shortcut""]","[""local:partial_fast"", ""unsafe:shortcut""]",2,1,2,0,0,11,10.12944700778462,0.043888092041015625,1,0,0,partial_success,False,False,PASS,3.0115720816144496,4.7623581224216744,0.6049928406779299,False,4d0126795768930fbec72b4997e873da7ad67658deb78f2a9a7aa680e3ace616,b0ba263757cb3b2e038a996ade3fd3a9ccbc324d3fab586aaf183e30881a61ba
h10-c4:held_out:image_quality:016:7b12240beb5a0282,image_quality,secondary_critical_violation,O_GLOBAL,"[""source:restore""]","[""source:restore""]",1,1,1,3,3,8,4.712087000370957,0.04142189025878906,0,0,0,full_success,True,True,PASS,2.715517009972366,2.715517009972366,0.34496951038554324,True,4d0126795768930fbec72b4997e873da7ad67658deb78f2a9a7aa680e3ace616,9485a57cd2154aaa7abbc0d59abd8de75411f5612535b7410986c69d9538434c
h10-c4:held_out:image_quality:017:2867d5c91919c1b6,image_quality,rollback_required,B_ALL,"[""direct:0:h10-c4:held_out:image_quality:017:2867d5c91919c1b6:obligation:0"", ""direct:1:h10-c4:held_out:image_quality:017:2867d5c91919c1b6:obligation:1"", ""direct:2:h10-c4:held_out:image_quality:017:2867d5c91919c1b6:obligation:2"", ""direct:3:h10-c4:held_out:image_quality:017:2867d5c91919c1b6:obligation:3""]","[""direct:0:h10-c4:held_out:image_quality:017:2867d5c91919c1b6:obligation:0"", ""direct:1:h10-c4:held_out:image_quality:017:2867d5c91919c1b6:obligation:1"", ""direct:2:h10-c4:held_out:image_quality:017:2867d5c91919c1b6:obligation:2"", ""direct:3:h10-c4:held_out:image_quality:017:2867d5c91919c1b6:obligation:3""]",4,4,4,6,2,17,19.44638900749851,0.048508644104003906,0,0,0,full_success,True,True,PASS,7.871759469228055,7.871759469228055,1.0,True,060da5044f65974fe3c185b054c0302f9dfe7804fc39018facbe682870566ebd,8a0c6fbb9762c04b6764a5869cd679c0d71bbd0ea17d4112ea07a5de9c2fab51
h10-c4:held_out:image_quality:017:2867d5c91919c1b6,image_quality,rollback_required,B_FIRST,"[""direct:0:h10-c4:held_out:image_quality:017:2867d5c91919c1b6:obligation:0"", ""direct:1:h10-c4:held_out:image_quality:017:2867d5c91919c1b6:obligation:1"", ""direct:2:h10-c4:held_out:image_quality:017:2867d5c91919c1b6:obligation:2"", ""direct:3:h10-c4:held_out:image_quality:017:2867d5c91919c1b6:obligation:3""]","[""direct:0:h10-c4:held_out:image_quality:017:2867d5c91919c1b6:obligation:0"", ""direct:1:h10-c4:held_out:image_quality:017:2867d5c91919c1b6:obligation:1"", ""direct:2:h10-c4:held_out:image_quality:017:2867d5c91919c1b6:obligation:2"", ""direct:3:h10-c4:held_out:image_quality:017:2867d5c91919c1b6:obligation:3""]",4,4,4,6,2,17,18.636879001860507,0.051039695739746094,0,0,0,full_success,True,True,PASS,7.871759469228055,7.871759469228055,1.0,True,060da5044f65974fe3c185b054c0302f9dfe7804fc39018facbe682870566ebd,8a0c6fbb9762c04b6764a5869cd679c0d71bbd0ea17d4112ea07a5de9c2fab51
h10-c4:held_out:image_quality:017:2867d5c91919c1b6,image_quality,rollback_required,B_GREEDY,"[""local:partial_fast"", ""unsafe:shortcut""]","[""local:partial_fast"", ""unsafe:shortcut""]",2,1,2,0,0,11,10.802839999087155,0.043888092041015625,1,0,0,partial_success,False,False,PASS,3.0115720816144496,4.7623581224216744,0.6049928406779299,False,060da5044f65974fe3c185b054c0302f9dfe7804fc39018facbe682870566ebd,6aa27ecb258e061c73a62392527769a3893585cbd922fa86d2783ecc3e9f6c92
h10-c4:held_out:image_quality:017:2867d5c91919c1b6,image_quality,rollback_required,O_GLOBAL,"[""source:restore""]","[""source:restore""]",1,1,1,4,4,8,5.124906994751655,0.04142189025878906,0,0,0,full_success,True,True,PASS,2.8270887856294706,2.8270887856294706,0.35914318732438477,True,060da5044f65974fe3c185b054c0302f9dfe7804fc39018facbe682870566ebd,8a0c6fbb9762c04b6764a5869cd679c0d71bbd0ea17d4112ea07a5de9c2fab51
h10-c4:held_out:image_quality:018:7fa47d83abe95ef5,image_quality,variable_dependency_fanout,B_ALL,"[""direct:0:h10-c4:held_out:image_quality:018:7fa47d83abe95ef5:obligation:0"", ""direct:1:h10-c4:held_out:image_quality:018:7fa47d83abe95ef5:obligation:1"", ""direct:2:h10-c4:held_out:image_quality:018:7fa47d83abe95ef5:obligation:2"", ""direct:3:h10-c4:held_out:image_quality:018:7fa47d83abe95ef5:obligation:3""]","[""direct:0:h10-c4:held_out:image_quality:018:7fa47d83abe95ef5:obligation:0"", ""direct:1:h10-c4:held_out:image_quality:018:7fa47d83abe95ef5:obligation:1"", ""direct:2:h10-c4:held_out:image_quality:018:7fa47d83abe95ef5:obligation:2"", ""direct:3:h10-c4:held_out:image_quality:018:7fa47d83abe95ef5:obligation:3""]",4,4,4,11,7,17,19.167381993611343,0.051093101501464844,0,0,0,full_success,True,True,PASS,8.362174095733918,8.362174095733918,1.0,True,8fb67500a7f27d995db2d4e11c86ca38bc1f313d74cb94273fa03d8c6d351243,553e572f668cf98d44aee46e6334cae1e2b0fa20dc18c7a8d62be80de21bbc37
h10-c4:held_out:image_quality:018:7fa47d83abe95ef5,image_quality,variable_dependency_fanout,B_FIRST,"[""direct:0:h10-c4:held_out:image_quality:018:7fa47d83abe95ef5:obligation:0"", ""direct:1:h10-c4:held_out:image_quality:018:7fa47d83abe95ef5:obligation:1"", ""direct:2:h10-c4:held_out:image_quality:018:7fa47d83abe95ef5:obligation:2"", ""direct:3:h10-c4:held_out:image_quality:018:7fa47d83abe95ef5:obligation:3""]","[""direct:0:h10-c4:held_out:image_quality:018:7fa47d83abe95ef5:obligation:0"", ""direct:1:h10-c4:held_out:image_quality:018:7fa47d83abe95ef5:obligation:1"", ""direct:2:h10-c4:held_out:image_quality:018:7fa47d83abe95ef5:obligation:2"", ""direct:3:h10-c4:held_out:image_quality:018:7fa47d83abe95ef5:obligation:3""]",4,4,4,11,7,17,18.929211000795476,0.051039695739746094,0,0,0,full_success,True,True,PASS,8.362174095733918,8.362174095733918,1.0,True,8fb67500a7f27d995db2d4e11c86ca38bc1f313d74cb94273fa03d8c6d351243,553e572f668cf98d44aee46e6334cae1e2b0fa20dc18c7a8d62be80de21bbc37
h10-c4:held_out:image_quality:018:7fa47d83abe95ef5,image_quality,variable_dependency_fanout,B_GREEDY,"[""direct:3:h10-c4:held_out:image_quality:018:7fa47d83abe95ef5:obligation:3"", ""local:partial_fast""]","[""direct:3:h10-c4:held_out:image_quality:018:7fa47d83abe95ef5:obligation:3"", ""local:partial_fast""]",2,2,2,2,2,11,9.161025998764671,0.048264503479003906,0,0,0,full_success,True,True,PASS,3.3300921851412797,3.3300921851412797,0.3982328216342893,True,8fb67500a7f27d995db2d4e11c86ca38bc1f313d74cb94273fa03d8c6d351243,553e572f668cf98d44aee46e6334cae1e2b0fa20dc18c7a8d62be80de21bbc37
h10-c4:held_out:image_quality:018:7fa47d83abe95ef5,image_quality,variable_dependency_fanout,O_GLOBAL,"[""source:restore""]","[""source:restore""]",1,1,1,5,5,8,4.9285059940302745,0.04142189025878906,0,0,0,full_success,True,True,PASS,2.9182495640264476,2.9182495640264476,0.3489821583020179,True,8fb67500a7f27d995db2d4e11c86ca38bc1f313d74cb94273fa03d8c6d351243,553e572f668cf98d44aee46e6334cae1e2b0fa20dc18c7a8d62be80de21bbc37
h10-c4:held_out:image_quality:019:67bcf3c92c82635a,image_quality,repair_all_touches_more_components,B_ALL,"[""direct:0:h10-c4:held_out:image_quality:019:67bcf3c92c82635a:obligation:0"", ""direct:1:h10-c4:held_out:image_quality:019:67bcf3c92c82635a:obligation:1"", ""direct:2:h10-c4:held_out:image_quality:019:67bcf3c92c82635a:obligation:2"", ""direct:3:h10-c4:held_out:image_quality:019:67bcf3c92c82635a:obligation:3""]","[""direct:0:h10-c4:held_out:image_quality:019:67bcf3c92c82635a:obligation:0"", ""direct:1:h10-c4:held_out:image_quality:019:67bcf3c92c82635a:obligation:1"", ""direct:2:h10-c4:held_out:image_quality:019:67bcf3c92c82635a:obligation:2"", ""direct:3:h10-c4:held_out:image_quality:019:67bcf3c92c82635a:obligation:3""]",4,4,4,6,2,17,18.882492993725464,0.051039695739746094,0,0,0,full_success,True,True,PASS,7.871759469228055,7.871759469228055,1.0,True,b41a20def1fc78dc44647f346f95e2cf66f3b6dcd837c2c39a1444eee0e8702b,9537c1dd3f66a61600b0d025cfc7d59e2d93564bf2a033d3b74959962b2879f7
h10-c4:held_out:image_quality:019:67bcf3c92c82635a,image_quality,repair_all_touches_more_components,B_FIRST,"[""direct:0:h10-c4:held_out:image_quality:019:67bcf3c92c82635a:obligation:0"", ""direct:1:h10-c4:held_out:image_quality:019:67bcf3c92c82635a:obligation:1"", ""direct:2:h10-c4:held_out:image_quality:019:67bcf3c92c82635a:obligation:2"", ""direct:3:h10-c4:held_out:image_quality:019:67bcf3c92c82635a:obligation:3""]","[""direct:0:h10-c4:held_out:image_quality:019:67bcf3c92c82635a:obligation:0"", ""direct:1:h10-c4:held_out:image_quality:019:67bcf3c92c82635a:obligation:1"", ""direct:2:h10-c4:held_out:image_quality:019:67bcf3c92c82635a:obligation:2"", ""direct:3:h10-c4:held_out:image_quality:019:67bcf3c92c82635a:obligation:3""]",4,4,4,6,2,17,21.904085006099194,0.051039695739746094,0,0,0,full_success,True,True,PASS,7.871759469228055,7.871759469228055,1.0,True,b41a20def1fc78dc44647f346f95e2cf66f3b6dcd837c2c39a1444eee0e8702b,9537c1dd3f66a61600b0d025cfc7d59e2d93564bf2a033d3b74959962b2879f7
h10-c4:held_out:image_quality:019:67bcf3c92c82635a,image_quality,repair_all_touches_more_components,B_GREEDY,"[""direct:3:h10-c4:held_out:image_quality:019:67bcf3c92c82635a:obligation:3"", ""local:partial_fast""]","[""direct:3:h10-c4:held_out:image_quality:019:67bcf3c92c82635a:obligation:3"", ""local:partial_fast""]",2,2,2,2,2,11,9.237051010131836,0.048264503479003906,0,0,0,full_success,True,True,PASS,3.3300921851412797,3.3300921851412797,0.42304292936784127,True,b41a20def1fc78dc44647f346f95e2cf66f3b6dcd837c2c39a1444eee0e8702b,9537c1dd3f66a61600b0d025cfc7d59e2d93564bf2a033d3b74959962b2879f7
h10-c4:held_out:image_quality:019:67bcf3c92c82635a,image_quality,repair_all_touches_more_components,O_GLOBAL,"[""source:restore""]","[""source:restore""]",1,1,1,6,6,8,4.914097997243516,0.04142189025878906,0,0,0,full_success,True,True,PASS,2.995324903940077,2.995324903940077,0.3805152984728857,True,b41a20def1fc78dc44647f346f95e2cf66f3b6dcd837c2c39a1444eee0e8702b,9537c1dd3f66a61600b0d025cfc7d59e2d93564bf2a033d3b74959962b2879f7
h10-c4:held_out:time_series:000:51dc274a9bb325bd,time_series,single_local_unique,B_ALL,"[""direct:0:h10-c4:held_out:time_series:000:51dc274a9bb325bd:obligation:0""]","[""direct:0:h10-c4:held_out:time_series:000:51dc274a9bb325bd:obligation:0""]",1,1,1,1,1,8,4.310378004447557,0.03143310546875,0,0,0,full_success,True,True,PASS,1.8665735902799727,1.8665735902799727,1.0,True,32598c6a4ed755d530bad9e791eeb0566f8ff983f9bf88aced8fedbd4b47e05f,88af4cff4bf0dafa6f863de83d737acee1d798867d38b74857ea23938742aad3
h10-c4:held_out:time_series:000:51dc274a9bb325bd,time_series,single_local_unique,B_FIRST,"[""direct:0:h10-c4:held_out:time_series:000:51dc274a9bb325bd:obligation:0""]","[""direct:0:h10-c4:held_out:time_series:000:51dc274a9bb325bd:obligation:0""]",1,1,1,1,1,8,4.416288007632829,0.03143310546875,0,0,0,full_success,True,True,PASS,1.8665735902799727,1.8665735902799727,1.0,True,32598c6a4ed755d530bad9e791eeb0566f8ff983f9bf88aced8fedbd4b47e05f,88af4cff4bf0dafa6f863de83d737acee1d798867d38b74857ea23938742aad3
h10-c4:held_out:time_series:000:51dc274a9bb325bd,time_series,single_local_unique,B_GREEDY,"[""direct:0:h10-c4:held_out:time_series:000:51dc274a9bb325bd:obligation:0""]","[""direct:0:h10-c4:held_out:time_series:000:51dc274a9bb325bd:obligation:0""]",1,1,1,1,1,8,4.308353993110359,0.03143310546875,0,0,0,full_success,True,True,PASS,1.8665735902799727,1.8665735902799727,1.0,True,32598c6a4ed755d530bad9e791eeb0566f8ff983f9bf88aced8fedbd4b47e05f,88af4cff4bf0dafa6f863de83d737acee1d798867d38b74857ea23938742aad3
h10-c4:held_out:time_series:000:51dc274a9bb325bd,time_series,single_local_unique,O_GLOBAL,"[""direct:0:h10-c4:held_out:time_series:000:51dc274a9bb325bd:obligation:0""]","[""direct:0:h10-c4:held_out:time_series:000:51dc274a9bb325bd:obligation:0""]",1,1,1,1,1,8,4.536595995887183,0.03143310546875,0,0,0,full_success,True,True,PASS,1.8665735902799727,1.8665735902799727,1.0,True,32598c6a4ed755d530bad9e791eeb0566f8ff983f9bf88aced8fedbd4b47e05f,88af4cff4bf0dafa6f863de83d737acee1d798867d38b74857ea23938742aad3
h10-c4:held_out:time_series:001:38eb85a055d27f7f,time_series,independent_multiple,B_ALL,"[""direct:0:h10-c4:held_out:time_series:001:38eb85a055d27f7f:obligation:0"", ""direct:1:h10-c4:held_out:time_series:001:38eb85a055d27f7f:obligation:1""]","[""direct:0:h10-c4:held_out:time_series:001:38eb85a055d27f7f:obligation:0"", ""direct:1:h10-c4:held_out:time_series:001:38eb85a055d27f7f:obligation:1""]",2,2,2,3,2,11,9.405468998011202,0.03817462921142578,0,0,0,full_success,True,True,PASS,3.9358797346140273,3.9358797346140273,1.0,True,f292d14bb06e3235cb12d88e026b3213bbf5b561b4009747e479eb983742ca70,c5404ed32d0feba123b76e1db6d738e67cec512f0bb283ae051468579225411b
h10-c4:held_out:time_series:001:38eb85a055d27f7f,time_series,independent_multiple,B_FIRST,"[""direct:0:h10-c4:held_out:time_series:001:38eb85a055d27f7f:obligation:0"", ""direct:1:h10-c4:held_out:time_series:001:38eb85a055d27f7f:obligation:1""]","[""direct:0:h10-c4:held_out:time_series:001:38eb85a055d27f7f:obligation:0"", ""direct:1:h10-c4:held_out:time_series:001:38eb85a055d27f7f:obligation:1""]",2,2,2,3,2,11,8.940220010117628,0.03799152374267578,0,0,0,full_success,True,True,PASS,3.9358797346140273,3.9358797346140273,1.0,True,f292d14bb06e3235cb12d88e026b3213bbf5b561b4009747e479eb983742ca70,c5404ed32d0feba123b76e1db6d738e67cec512f0bb283ae051468579225411b
h10-c4:held_out:time_series:001:38eb85a055d27f7f,time_series,independent_multiple,B_GREEDY,"[""source:restore""]","[""source:restore""]",1,1,1,3,3,8,4.925870991428383,0.03470039367675781,0,0,0,full_success,True,True,PASS,2.715517009972366,2.715517009972366,0.6899390207710865,True,f292d14bb06e3235cb12d88e026b3213bbf5b561b4009747e479eb983742ca70,c5404ed32d0feba123b76e1db6d738e67cec512f0bb283ae051468579225411b
h10-c4:held_out:time_series:001:38eb85a055d27f7f,time_series,independent_multiple,O_GLOBAL,"[""source:restore""]","[""source:restore""]",1,1,1,3,3,8,4.824279007152654,0.03470039367675781,0,0,0,full_success,True,True,PASS,2.715517009972366,2.715517009972366,0.6899390207710865,True,f292d14bb06e3235cb12d88e026b3213bbf5b561b4009747e479eb983742ca70,c5404ed32d0feba123b76e1db6d738e67cec512f0bb283ae051468579225411b
h10-c4:held_out:time_series:002:1060b9b820b0647c,time_series,shared_source_downstream,B_ALL,"[""direct:0:h10-c4:held_out:time_series:002:1060b9b820b0647c:obligation:2"", ""direct:1:h10-c4:held_out:time_series:002:1060b9b820b0647c:obligation:3""]","[""direct:0:h10-c4:held_out:time_series:002:1060b9b820b0647c:obligation:2"", ""direct:1:h10-c4:held_out:time_series:002:1060b9b820b0647c:obligation:3""]",2,2,2,3,2,11,9.480570995947346,0.038046836853027344,0,0,0,full_success,True,True,PASS,3.9358797346140273,3.9358797346140273,1.0,True,73f227d0cc60bdf312eaf4f5bd5732e1f83d79d616265cfc91aa5348e11d5877,7a848912753c18b28c54fa3f215c84547eb064862250c22fb20830f7a1dd0ade
h10-c4:held_out:time_series:002:1060b9b820b0647c,time_series,shared_source_downstream,B_FIRST,"[""direct:0:h10-c4:held_out:time_series:002:1060b9b820b0647c:obligation:2"", ""direct:1:h10-c4:held_out:time_series:002:1060b9b820b0647c:obligation:3""]","[""direct:0:h10-c4:held_out:time_series:002:1060b9b820b0647c:obligation:2"", ""direct:1:h10-c4:held_out:time_series:002:1060b9b820b0647c:obligation:3""]",2,2,2,3,2,11,8.767362000071444,0.038046836853027344,0,0,0,full_success,True,True,PASS,3.9358797346140273,3.9358797346140273,1.0,True,73f227d0cc60bdf312eaf4f5bd5732e1f83d79d616265cfc91aa5348e11d5877,7a848912753c18b28c54fa3f215c84547eb064862250c22fb20830f7a1dd0ade
h10-c4:held_out:time_series:002:1060b9b820b0647c,time_series,shared_source_downstream,B_GREEDY,"[""source:restore""]","[""source:restore""]",1,1,1,4,4,8,4.6170170098776,0.034720420837402344,0,0,0,full_success,True,True,PASS,2.8270887856294706,2.8270887856294706,0.7182863746487695,True,73f227d0cc60bdf312eaf4f5bd5732e1f83d79d616265cfc91aa5348e11d5877,7a848912753c18b28c54fa3f215c84547eb064862250c22fb20830f7a1dd0ade
h10-c4:held_out:time_series:002:1060b9b820b0647c,time_series,shared_source_downstream,O_GLOBAL,"[""source:restore""]","[""source:restore""]",1,1,1,4,4,8,4.542556998785585,0.034720420837402344,0,0,0,full_success,True,True,PASS,2.8270887856294706,2.8270887856294706,0.7182863746487695,True,73f227d0cc60bdf312eaf4f5bd5732e1f83d79d616265cfc91aa5348e11d5877,7a848912753c18b28c54fa3f215c84547eb064862250c22fb20830f7a1dd0ade
h10-c4:held_out:time_series:003:7db2578683e02280,time_series,equal_size_different_cost,B_ALL,"[""direct:0:h10-c4:held_out:time_series:003:7db2578683e02280:obligation:0"", ""direct:1:h10-c4:held_out:time_series:003:7db2578683e02280:obligation:1"", ""direct:2:h10-c4:held_out:time_series:003:7db2578683e02280:obligation:2""]","[""direct:0:h10-c4:held_out:time_series:003:7db2578683e02280:obligation:0"", ""direct:1:h10-c4:held_out:time_series:003:7db2578683e02280:obligation:1"", ""direct:2:h10-c4:held_out:time_series:003:7db2578683e02280:obligation:2""]",3,3,3,4,2,14,13.648530002683401,0.04442310333251953,0,0,0,full_success,True,True,PASS,5.802453324894,5.802453324894,1.0,True,d37dc4defbf98f715417db6df3ef227a4efde14ea77308bddd227cdb2a7eea0c,c99194ac52a6284e50a546dabb73fd9402b03f390e10f8799c058995ad684222
h10-c4:held_out:time_series:003:7db2578683e02280,time_series,equal_size_different_cost,B_FIRST,"[""direct:0:h10-c4:held_out:time_series:003:7db2578683e02280:obligation:0"", ""direct:1:h10-c4:held_out:time_series:003:7db2578683e02280:obligation:1"", ""direct:2:h10-c4:held_out:time_series:003:7db2578683e02280:obligation:2""]","[""direct:0:h10-c4:held_out:time_series:003:7db2578683e02280:obligation:0"", ""direct:1:h10-c4:held_out:time_series:003:7db2578683e02280:obligation:1"", ""direct:2:h10-c4:held_out:time_series:003:7db2578683e02280:obligation:2""]",3,3,3,4,2,14,13.605888991151005,0.04436969757080078,0,0,0,full_success,True,True,PASS,5.802453324894,5.802453324894,1.0,True,d37dc4defbf98f715417db6df3ef227a4efde14ea77308bddd227cdb2a7eea0c,c99194ac52a6284e50a546dabb73fd9402b03f390e10f8799c058995ad684222
h10-c4:held_out:time_series:003:7db2578683e02280,time_series,equal_size_different_cost,B_GREEDY,"[""direct:2:h10-c4:held_out:time_series:003:7db2578683e02280:obligation:2"", ""local:partial_fast""]","[""direct:2:h10-c4:held_out:time_series:003:7db2578683e02280:obligation:2"", ""local:partial_fast""]",2,1,2,1,1,11,8.964606007793918,0.042267799377441406,0,0,0,full_success,True,True,PASS,3.127359631087198,3.127359631087198,0.5389719582353261,True,d37dc4defbf98f715417db6df3ef227a4efde14ea77308bddd227cdb2a7eea0c,c99194ac52a6284e50a546dabb73fd9402b03f390e10f8799c058995ad684222
h10-c4:held_out:time_series:003:7db2578683e02280,time_series,equal_size_different_cost,O_GLOBAL,"[""source:restore""]","[""source:restore""]",1,1,1,5,5,8,4.640922998078167,0.037952423095703125,0,0,0,full_success,True,True,PASS,2.9182495640264476,2.9182495640264476,0.5029337420960226,True,d37dc4defbf98f715417db6df3ef227a4efde14ea77308bddd227cdb2a7eea0c,c99194ac52a6284e50a546dabb73fd9402b03f390e10f8799c058995ad684222
h10-c4:held_out:time_series:004:ab2f8f031397502a,time_series,multiple_equal_optima,B_ALL,"[""direct:0:h10-c4:held_out:time_series:004:ab2f8f031397502a:obligation:0"", ""direct:1:h10-c4:held_out:time_series:004:ab2f8f031397502a:obligation:1"", ""direct:2:h10-c4:held_out:time_series:004:ab2f8f031397502a:obligation:2"", ""direct:3:h10-c4:held_out:time_series:004:ab2f8f031397502a:obligation:3""]","[""direct:0:h10-c4:held_out:time_series:004:ab2f8f031397502a:obligation:0"", ""direct:1:h10-c4:held_out:time_series:004:ab2f8f031397502a:obligation:1"", ""direct:2:h10-c4:held_out:time_series:004:ab2f8f031397502a:obligation:2"", ""direct:3:h10-c4:held_out:time_series:004:ab2f8f031397502a:obligation:3""]",4,4,4,6,2,17,18.500330988899805,0.05122661590576172,0,0,0,full_success,True,True,PASS,7.871759469228055,7.871759469228055,1.0,True,dd5d276cbb04ff2e356f4615d02ac15248dff8ffdacf2cd398134dac5f850a8e,ce269e2279f9ff946de6392e2c9283b46328af5a379ccb5f0c6e1c8e00949a6d
h10-c4:held_out:time_series:004:ab2f8f031397502a,time_series,multiple_equal_optima,B_FIRST,"[""direct:0:h10-c4:held_out:time_series:004:ab2f8f031397502a:obligation:0"", ""direct:1:h10-c4:held_out:time_series:004:ab2f8f031397502a:obligation:1"", ""direct:2:h10-c4:held_out:time_series:004:ab2f8f031397502a:obligation:2"", ""direct:3:h10-c4:held_out:time_series:004:ab2f8f031397502a:obligation:3""]","[""direct:0:h10-c4:held_out:time_series:004:ab2f8f031397502a:obligation:0"", ""direct:1:h10-c4:held_out:time_series:004:ab2f8f031397502a:obligation:1"", ""direct:2:h10-c4:held_out:time_series:004:ab2f8f031397502a:obligation:2"", ""direct:3:h10-c4:held_out:time_series:004:ab2f8f031397502a:obligation:3""]",4,4,4,6,2,17,18.467699002940208,0.05069255828857422,0,0,0,full_success,True,True,PASS,7.871759469228055,7.871759469228055,1.0,True,dd5d276cbb04ff2e356f4615d02ac15248dff8ffdacf2cd398134dac5f850a8e,ce269e2279f9ff946de6392e2c9283b46328af5a379ccb5f0c6e1c8e00949a6d
h10-c4:held_out:time_series:004:ab2f8f031397502a,time_series,multiple_equal_optima,B_GREEDY,"[""direct:3:h10-c4:held_out:time_series:004:ab2f8f031397502a:obligation:3"", ""local:partial_fast""]","[""direct:3:h10-c4:held_out:time_series:004:ab2f8f031397502a:obligation:3"", ""local:partial_fast""]",2,2,2,2,2,11,9.256167002604343,0.047669410705566406,0,0,0,full_success,True,True,PASS,3.3300921851412797,3.3300921851412797,0.42304292936784127,True,dd5d276cbb04ff2e356f4615d02ac15248dff8ffdacf2cd398134dac5f850a8e,ce269e2279f9ff946de6392e2c9283b46328af5a379ccb5f0c6e1c8e00949a6d
h10-c4:held_out:time_series:004:ab2f8f031397502a,time_series,multiple_equal_optima,O_GLOBAL,"[""source:restore""]","[""source:restore""]",1,1,1,6,6,8,4.9937899893848225,0.04097557067871094,0,0,0,full_success,True,True,PASS,2.995324903940077,2.995324903940077,0.3805152984728857,True,dd5d276cbb04ff2e356f4615d02ac15248dff8ffdacf2cd398134dac5f850a8e,ce269e2279f9ff946de6392e2c9283b46328af5a379ccb5f0c6e1c8e00949a6d
h10-c4:held_out:time_series:005:48a586aec15e01a7,time_series,downstream_does_not_fix_source,B_ALL,"[""direct:0:h10-c4:held_out:time_series:005:48a586aec15e01a7:obligation:0"", ""direct:1:h10-c4:held_out:time_series:005:48a586aec15e01a7:obligation:2"", ""direct:2:h10-c4:held_out:time_series:005:48a586aec15e01a7:obligation:3""]","[""direct:0:h10-c4:held_out:time_series:005:48a586aec15e01a7:obligation:0"", ""direct:1:h10-c4:held_out:time_series:005:48a586aec15e01a7:obligation:2"", ""direct:2:h10-c4:held_out:time_series:005:48a586aec15e01a7:obligation:3""]",3,3,3,4,2,14,13.57491099042818,0.04436969757080078,0,0,0,full_success,True,True,PASS,5.802453324894,5.802453324894,1.0,True,36d194b04a455285cfe0ce2300c6417fd402e8511e63ac56cd3c5e99fbac1a9c,3398e7b1f0f9ee72985637462c4c51c7827f2e032b5e6a2a727017cb6e0068f2
h10-c4:held_out:time_series:005:48a586aec15e01a7,time_series,downstream_does_not_fix_source,B_FIRST,"[""direct:0:h10-c4:held_out:time_series:005:48a586aec15e01a7:obligation:0"", ""direct:1:h10-c4:held_out:time_series:005:48a586aec15e01a7:obligation:2"", ""direct:2:h10-c4:held_out:time_series:005:48a586aec15e01a7:obligation:3""]","[""direct:0:h10-c4:held_out:time_series:005:48a586aec15e01a7:obligation:0"", ""direct:1:h10-c4:held_out:time_series:005:48a586aec15e01a7:obligation:2"", ""direct:2:h10-c4:held_out:time_series:005:48a586aec15e01a7:obligation:3""]",3,3,3,4,2,14,13.556314996094443,0.04436969757080078,0,0,0,full_success,True,True,PASS,5.802453324894,5.802453324894,1.0,True,36d194b04a455285cfe0ce2300c6417fd402e8511e63ac56cd3c5e99fbac1a9c,3398e7b1f0f9ee72985637462c4c51c7827f2e032b5e6a2a727017cb6e0068f2
h10-c4:held_out:time_series:005:48a586aec15e01a7,time_series,downstream_does_not_fix_source,B_GREEDY,"[""direct:2:h10-c4:held_out:time_series:005:48a586aec15e01a7:obligation:3"", ""local:partial_fast""]","[""direct:2:h10-c4:held_out:time_series:005:48a586aec15e01a7:obligation:3"", ""local:partial_fast""]",2,2,2,1,1,11,9.04429701040499,0.04236888885498047,0,0,0,full_success,True,True,PASS,3.127359631087198,3.127359631087198,0.5389719582353261,True,36d194b04a455285cfe0ce2300c6417fd402e8511e63ac56cd3c5e99fbac1a9c,3398e7b1f0f9ee72985637462c4c51c7827f2e032b5e6a2a727017cb6e0068f2
h10-c4:held_out:time_series:005:48a586aec15e01a7,time_series,downstream_does_not_fix_source,O_GLOBAL,"[""source:restore""]","[""source:restore""]",1,1,1,2,2,8,4.507910998654552,0.037937164306640625,0,0,0,full_success,True,True,PASS,2.571675973746475,2.571675973746475,0.44320493931650107,True,36d194b04a455285cfe0ce2300c6417fd402e8511e63ac56cd3c5e99fbac1a9c,3398e7b1f0f9ee72985637462c4c51c7827f2e032b5e6a2a727017cb6e0068f2
h10-c4:held_out:time_series:006:0c634745054fab6e,time_series,secondary_critical_violation,B_ALL,"[""direct:0:h10-c4:held_out:time_series:006:0c634745054fab6e:obligation:0"", ""direct:1:h10-c4:held_out:time_series:006:0c634745054fab6e:obligation:1"", ""direct:2:h10-c4:held_out:time_series:006:0c634745054fab6e:obligation:2"", ""direct:3:h10-c4:held_out:time_series:006:0c634745054fab6e:obligation:3""]","[""direct:0:h10-c4:held_out:time_series:006:0c634745054fab6e:obligation:0"", ""direct:1:h10-c4:held_out:time_series:006:0c634745054fab6e:obligation:1"", ""direct:2:h10-c4:held_out:time_series:006:0c634745054fab6e:obligation:2"", ""direct:3:h10-c4:held_out:time_series:006:0c634745054fab6e:obligation:3""]",4,4,4,6,2,17,18.456367994076572,0.05079936981201172,0,0,0,full_success,True,True,PASS,7.871759469228055,7.871759469228055,1.0,True,f6d09aab03f9442a524fbb86363cdfed2f1a2e8f0aaae56ec7b0d50738579eb1,418ee28bdd5aaf19a9b3be6cdec2ed0e1d0fd7a531d3181e754deb3a8425b4d4
h10-c4:held_out:time_series:006:0c634745054fab6e,time_series,secondary_critical_violation,B_FIRST,"[""direct:0:h10-c4:held_out:time_series:006:0c634745054fab6e:obligation:0"", ""direct:1:h10-c4:held_out:time_series:006:0c634745054fab6e:obligation:1"", ""direct:2:h10-c4:held_out:time_series:006:0c634745054fab6e:obligation:2"", ""direct:3:h10-c4:held_out:time_series:006:0c634745054fab6e:obligation:3""]","[""direct:0:h10-c4:held_out:time_series:006:0c634745054fab6e:obligation:0"", ""direct:1:h10-c4:held_out:time_series:006:0c634745054fab6e:obligation:1"", ""direct:2:h10-c4:held_out:time_series:006:0c634745054fab6e:obligation:2"", ""direct:3:h10-c4:held_out:time_series:006:0c634745054fab6e:obligation:3""]",4,4,4,6,2,17,17.994965994148515,0.05069255828857422,0,0,0,full_success,True,True,PASS,7.871759469228055,7.871759469228055,1.0,True,f6d09aab03f9442a524fbb86363cdfed2f1a2e8f0aaae56ec7b0d50738579eb1,418ee28bdd5aaf19a9b3be6cdec2ed0e1d0fd7a531d3181e754deb3a8425b4d4
h10-c4:held_out:time_series:006:0c634745054fab6e,time_series,secondary_critical_violation,B_GREEDY,"[""local:partial_fast"", ""unsafe:shortcut""]","[""local:partial_fast"", ""unsafe:shortcut""]",2,1,2,0,0,11,10.578417000942864,0.043415069580078125,1,0,0,partial_success,False,False,PASS,3.0115720816144496,4.7623581224216744,0.6049928406779299,False,f6d09aab03f9442a524fbb86363cdfed2f1a2e8f0aaae56ec7b0d50738579eb1,f928af5089060232d86880e66e618e99b914f39dd0625eb5ef2e1a62f15d618e
h10-c4:held_out:time_series:006:0c634745054fab6e,time_series,secondary_critical_violation,O_GLOBAL,"[""source:restore""]","[""source:restore""]",1,1,1,3,3,8,4.667602988774888,0.04097557067871094,0,0,0,full_success,True,True,PASS,2.715517009972366,2.715517009972366,0.34496951038554324,True,f6d09aab03f9442a524fbb86363cdfed2f1a2e8f0aaae56ec7b0d50738579eb1,418ee28bdd5aaf19a9b3be6cdec2ed0e1d0fd7a531d3181e754deb3a8425b4d4
h10-c4:held_out:time_series:007:fef7297b543cac5e,time_series,rollback_required,B_ALL,"[""direct:0:h10-c4:held_out:time_series:007:fef7297b543cac5e:obligation:0"", ""direct:1:h10-c4:held_out:time_series:007:fef7297b543cac5e:obligation:1"", ""direct:2:h10-c4:held_out:time_series:007:fef7297b543cac5e:obligation:2"", ""direct:3:h10-c4:held_out:time_series:007:fef7297b543cac5e:obligation:3""]","[""direct:0:h10-c4:held_out:time_series:007:fef7297b543cac5e:obligation:0"", ""direct:1:h10-c4:held_out:time_series:007:fef7297b543cac5e:obligation:1"", ""direct:2:h10-c4:held_out:time_series:007:fef7297b543cac5e:obligation:2"", ""direct:3:h10-c4:held_out:time_series:007:fef7297b543cac5e:obligation:3""]",4,4,4,6,2,17,18.252943002153188,0.05074596405029297,0,0,0,full_success,True,True,PASS,7.871759469228055,7.871759469228055,1.0,True,f05bddfde6c99e14750cc26ef82013635f0e11004ab69ec1a5ef0203001a25c5,6572b0ef4933fd6f3d10843b54d5083d657259c21a5fdbbfffcf68a5f90064d9
h10-c4:held_out:time_series:007:fef7297b543cac5e,time_series,rollback_required,B_FIRST,"[""direct:0:h10-c4:held_out:time_series:007:fef7297b543cac5e:obligation:0"", ""direct:1:h10-c4:held_out:time_series:007:fef7297b543cac5e:obligation:1"", ""direct:2:h10-c4:held_out:time_series:007:fef7297b543cac5e:obligation:2"", ""direct:3:h10-c4:held_out:time_series:007:fef7297b543cac5e:obligation:3""]","[""direct:0:h10-c4:held_out:time_series:007:fef7297b543cac5e:obligation:0"", ""direct:1:h10-c4:held_out:time_series:007:fef7297b543cac5e:obligation:1"", ""direct:2:h10-c4:held_out:time_series:007:fef7297b543cac5e:obligation:2"", ""direct:3:h10-c4:held_out:time_series:007:fef7297b543cac5e:obligation:3""]",4,4,4,6,2,17,18.221623002318665,0.05069255828857422,0,0,0,full_success,True,True,PASS,7.871759469228055,7.871759469228055,1.0,True,f05bddfde6c99e14750cc26ef82013635f0e11004ab69ec1a5ef0203001a25c5,6572b0ef4933fd6f3d10843b54d5083d657259c21a5fdbbfffcf68a5f90064d9
h10-c4:held_out:time_series:007:fef7297b543cac5e,time_series,rollback_required,B_GREEDY,"[""local:partial_fast"", ""unsafe:shortcut""]","[""local:partial_fast"", ""unsafe:shortcut""]",2,1,2,0,0,11,10.601681002299301,0.043415069580078125,1,0,0,partial_success,False,False,PASS,3.0115720816144496,4.7623581224216744,0.6049928406779299,False,f05bddfde6c99e14750cc26ef82013635f0e11004ab69ec1a5ef0203001a25c5,504bb0ea246d4a93a1beca02985cae4d002e02dd46efec57d8ad16b5531ced28
h10-c4:held_out:time_series:007:fef7297b543cac5e,time_series,rollback_required,O_GLOBAL,"[""source:restore""]","[""source:restore""]",1,1,1,4,4,8,4.726364990347065,0.04097557067871094,0,0,0,full_success,True,True,PASS,2.8270887856294706,2.8270887856294706,0.35914318732438477,True,f05bddfde6c99e14750cc26ef82013635f0e11004ab69ec1a5ef0203001a25c5,6572b0ef4933fd6f3d10843b54d5083d657259c21a5fdbbfffcf68a5f90064d9
h10-c4:held_out:time_series:008:c66d6883c61e46b8,time_series,variable_dependency_fanout,B_ALL,"[""direct:0:h10-c4:held_out:time_series:008:c66d6883c61e46b8:obligation:0"", ""direct:1:h10-c4:held_out:time_series:008:c66d6883c61e46b8:obligation:1"", ""direct:2:h10-c4:held_out:time_series:008:c66d6883c61e46b8:obligation:2"", ""direct:3:h10-c4:held_out:time_series:008:c66d6883c61e46b8:obligation:3""]","[""direct:0:h10-c4:held_out:time_series:008:c66d6883c61e46b8:obligation:0"", ""direct:1:h10-c4:held_out:time_series:008:c66d6883c61e46b8:obligation:1"", ""direct:2:h10-c4:held_out:time_series:008:c66d6883c61e46b8:obligation:2"", ""direct:3:h10-c4:held_out:time_series:008:c66d6883c61e46b8:obligation:3""]",4,4,4,11,7,17,18.900096998549998,0.05074596405029297,0,0,0,full_success,True,True,PASS,8.362174095733918,8.362174095733918,1.0,True,344a4ffc7520dc734f031c4a53fc9dfcfa9f0ecfac079a7d0fc9c16d55ba09e9,10b5fac623079ef0eb0efedc957a63de671aa12093526c501848b089661315f8
h10-c4:held_out:time_series:008:c66d6883c61e46b8,time_series,variable_dependency_fanout,B_FIRST,"[""direct:0:h10-c4:held_out:time_series:008:c66d6883c61e46b8:obligation:0"", ""direct:1:h10-c4:held_out:time_series:008:c66d6883c61e46b8:obligation:1"", ""direct:2:h10-c4:held_out:time_series:008:c66d6883c61e46b8:obligation:2"", ""direct:3:h10-c4:held_out:time_series:008:c66d6883c61e46b8:obligation:3""]","[""direct:0:h10-c4:held_out:time_series:008:c66d6883c61e46b8:obligation:0"", ""direct:1:h10-c4:held_out:time_series:008:c66d6883c61e46b8:obligation:1"", ""direct:2:h10-c4:held_out:time_series:008:c66d6883c61e46b8:obligation:2"", ""direct:3:h10-c4:held_out:time_series:008:c66d6883c61e46b8:obligation:3""]",4,4,4,11,7,17,18.662827991647646,0.05069255828857422,0,0,0,full_success,True,True,PASS,8.362174095733918,8.362174095733918,1.0,True,344a4ffc7520dc734f031c4a53fc9dfcfa9f0ecfac079a7d0fc9c16d55ba09e9,10b5fac623079ef0eb0efedc957a63de671aa12093526c501848b089661315f8
h10-c4:held_out:time_series:008:c66d6883c61e46b8,time_series,variable_dependency_fanout,B_GREEDY,"[""direct:3:h10-c4:held_out:time_series:008:c66d6883c61e46b8:obligation:3"", ""local:partial_fast""]","[""direct:3:h10-c4:held_out:time_series:008:c66d6883c61e46b8:obligation:3"", ""local:partial_fast""]",2,2,2,2,2,11,9.186565002892166,0.047730445861816406,0,0,0,full_success,True,True,PASS,3.3300921851412797,3.3300921851412797,0.3982328216342893,True,344a4ffc7520dc734f031c4a53fc9dfcfa9f0ecfac079a7d0fc9c16d55ba09e9,10b5fac623079ef0eb0efedc957a63de671aa12093526c501848b089661315f8
h10-c4:held_out:time_series:008:c66d6883c61e46b8,time_series,variable_dependency_fanout,O_GLOBAL,"[""source:restore""]","[""source:restore""]",1,1,1,5,5,8,5.127412005094811,0.04097557067871094,0,0,0,full_success,True,True,PASS,2.9182495640264476,2.9182495640264476,0.3489821583020179,True,344a4ffc7520dc734f031c4a53fc9dfcfa9f0ecfac079a7d0fc9c16d55ba09e9,10b5fac623079ef0eb0efedc957a63de671aa12093526c501848b089661315f8
h10-c4:held_out:time_series:009:435b2f7daec1752d,time_series,repair_all_touches_more_components,B_ALL,"[""direct:0:h10-c4:held_out:time_series:009:435b2f7daec1752d:obligation:0"", ""direct:1:h10-c4:held_out:time_series:009:435b2f7daec1752d:obligation:1"", ""direct:2:h10-c4:held_out:time_series:009:435b2f7daec1752d:obligation:2"", ""direct:3:h10-c4:held_out:time_series:009:435b2f7daec1752d:obligation:3""]","[""direct:0:h10-c4:held_out:time_series:009:435b2f7daec1752d:obligation:0"", ""direct:1:h10-c4:held_out:time_series:009:435b2f7daec1752d:obligation:1"", ""direct:2:h10-c4:held_out:time_series:009:435b2f7daec1752d:obligation:2"", ""direct:3:h10-c4:held_out:time_series:009:435b2f7daec1752d:obligation:3""]",4,4,4,6,2,17,17.829743010224774,0.05069255828857422,0,0,0,full_success,True,True,PASS,7.871759469228055,7.871759469228055,1.0,True,83d299808c204220a3b88196e6105090a8f2fe7613a75e545f37057056268183,a63366de2076a7640f1df761bcf8ccf71f015b0ab4841eb69eb47d86cccbc6c4
h10-c4:held_out:time_series:009:435b2f7daec1752d,time_series,repair_all_touches_more_components,B_FIRST,"[""direct:0:h10-c4:held_out:time_series:009:435b2f7daec1752d:obligation:0"", ""direct:1:h10-c4:held_out:time_series:009:435b2f7daec1752d:obligation:1"", ""direct:2:h10-c4:held_out:time_series:009:435b2f7daec1752d:obligation:2"", ""direct:3:h10-c4:held_out:time_series:009:435b2f7daec1752d:obligation:3""]","[""direct:0:h10-c4:held_out:time_series:009:435b2f7daec1752d:obligation:0"", ""direct:1:h10-c4:held_out:time_series:009:435b2f7daec1752d:obligation:1"", ""direct:2:h10-c4:held_out:time_series:009:435b2f7daec1752d:obligation:2"", ""direct:3:h10-c4:held_out:time_series:009:435b2f7daec1752d:obligation:3""]",4,4,4,6,2,17,18.821848003426567,0.05107402801513672,0,0,0,full_success,True,True,PASS,7.871759469228055,7.871759469228055,1.0,True,83d299808c204220a3b88196e6105090a8f2fe7613a75e545f37057056268183,a63366de2076a7640f1df761bcf8ccf71f015b0ab4841eb69eb47d86cccbc6c4
h10-c4:held_out:time_series:009:435b2f7daec1752d,time_series,repair_all_touches_more_components,B_GREEDY,"[""direct:3:h10-c4:held_out:time_series:009:435b2f7daec1752d:obligation:3"", ""local:partial_fast""]","[""direct:3:h10-c4:held_out:time_series:009:435b2f7daec1752d:obligation:3"", ""local:partial_fast""]",2,2,2,2,2,11,9.89901200227905,0.04505348205566406,0,0,0,full_success,True,True,PASS,3.3300921851412797,3.3300921851412797,0.42304292936784127,True,83d299808c204220a3b88196e6105090a8f2fe7613a75e545f37057056268183,a63366de2076a7640f1df761bcf8ccf71f015b0ab4841eb69eb47d86cccbc6c4
h10-c4:held_out:time_series:009:435b2f7daec1752d,time_series,repair_all_touches_more_components,O_GLOBAL,"[""source:restore""]","[""source:restore""]",1,1,1,6,6,8,4.968091001501307,0.04097557067871094,0,0,0,full_success,True,True,PASS,2.995324903940077,2.995324903940077,0.3805152984728857,True,83d299808c204220a3b88196e6105090a8f2fe7613a75e545f37057056268183,a63366de2076a7640f1df761bcf8ccf71f015b0ab4841eb69eb47d86cccbc6c4
h10-c4:held_out:time_series:010:15a967754766b591,time_series,single_local_unique,B_ALL,"[""direct:0:h10-c4:held_out:time_series:010:15a967754766b591:obligation:0""]","[""direct:0:h10-c4:held_out:time_series:010:15a967754766b591:obligation:0""]",1,1,1,1,1,8,4.244504001690075,0.03143310546875,0,0,0,full_success,True,True,PASS,1.8665735902799727,1.8665735902799727,1.0,True,acbc308c3d39cb3d489502ee342098e592617e5a5ec87382c188650b5d126aa2,e57163364dfc420cfeaf69b2f77bc729527589df708d69c6ab8aa7e476988eee
h10-c4:held_out:time_series:010:15a967754766b591,time_series,single_local_unique,B_FIRST,"[""direct:0:h10-c4:held_out:time_series:010:15a967754766b591:obligation:0""]","[""direct:0:h10-c4:held_out:time_series:010:15a967754766b591:obligation:0""]",1,1,1,1,1,8,4.2039569962071255,0.03143310546875,0,0,0,full_success,True,True,PASS,1.8665735902799727,1.8665735902799727,1.0,True,acbc308c3d39cb3d489502ee342098e592617e5a5ec87382c188650b5d126aa2,e57163364dfc420cfeaf69b2f77bc729527589df708d69c6ab8aa7e476988eee
h10-c4:held_out:time_series:010:15a967754766b591,time_series,single_local_unique,B_GREEDY,"[""direct:0:h10-c4:held_out:time_series:010:15a967754766b591:obligation:0""]","[""direct:0:h10-c4:held_out:time_series:010:15a967754766b591:obligation:0""]",1,1,1,1,1,8,4.30467700061854,0.03143310546875,0,0,0,full_success,True,True,PASS,1.8665735902799727,1.8665735902799727,1.0,True,acbc308c3d39cb3d489502ee342098e592617e5a5ec87382c188650b5d126aa2,e57163364dfc420cfeaf69b2f77bc729527589df708d69c6ab8aa7e476988eee
h10-c4:held_out:time_series:010:15a967754766b591,time_series,single_local_unique,O_GLOBAL,"[""direct:0:h10-c4:held_out:time_series:010:15a967754766b591:obligation:0""]","[""direct:0:h10-c4:held_out:time_series:010:15a967754766b591:obligation:0""]",1,1,1,1,1,8,4.360983002698049,0.03143310546875,0,0,0,full_success,True,True,PASS,1.8665735902799727,1.8665735902799727,1.0,True,acbc308c3d39cb3d489502ee342098e592617e5a5ec87382c188650b5d126aa2,e57163364dfc420cfeaf69b2f77bc729527589df708d69c6ab8aa7e476988eee
h10-c4:held_out:time_series:011:10f0f7a7abe86406,time_series,independent_multiple,B_ALL,"[""direct:0:h10-c4:held_out:time_series:011:10f0f7a7abe86406:obligation:0"", ""direct:1:h10-c4:held_out:time_series:011:10f0f7a7abe86406:obligation:1""]","[""direct:0:h10-c4:held_out:time_series:011:10f0f7a7abe86406:obligation:0"", ""direct:1:h10-c4:held_out:time_series:011:10f0f7a7abe86406:obligation:1""]",2,2,2,3,2,11,9.007086002384312,0.03817462921142578,0,0,0,full_success,True,True,PASS,3.9358797346140273,3.9358797346140273,1.0,True,269519adcf0696c7e926e0ea587f7999944004e280428cbdae74c0987334b6cb,5d08612c8422d98208fe9a84c522a24d73e024473cf0ae26fbc46d4c52ced8e0
h10-c4:held_out:time_series:011:10f0f7a7abe86406,time_series,independent_multiple,B_FIRST,"[""direct:0:h10-c4:held_out:time_series:011:10f0f7a7abe86406:obligation:0"", ""direct:1:h10-c4:held_out:time_series:011:10f0f7a7abe86406:obligation:1""]","[""direct:0:h10-c4:held_out:time_series:011:10f0f7a7abe86406:obligation:0"", ""direct:1:h10-c4:held_out:time_series:011:10f0f7a7abe86406:obligation:1""]",2,2,2,3,2,11,8.997397002531216,0.03799152374267578,0,0,0,full_success,True,True,PASS,3.9358797346140273,3.9358797346140273,1.0,True,269519adcf0696c7e926e0ea587f7999944004e280428cbdae74c0987334b6cb,5d08612c8422d98208fe9a84c522a24d73e024473cf0ae26fbc46d4c52ced8e0
h10-c4:held_out:time_series:011:10f0f7a7abe86406,time_series,independent_multiple,B_GREEDY,"[""source:restore""]","[""source:restore""]",1,1,1,3,3,8,4.659006997826509,0.03470039367675781,0,0,0,full_success,True,True,PASS,2.715517009972366,2.715517009972366,0.6899390207710865,True,269519adcf0696c7e926e0ea587f7999944004e280428cbdae74c0987334b6cb,5d08612c8422d98208fe9a84c522a24d73e024473cf0ae26fbc46d4c52ced8e0
h10-c4:held_out:time_series:011:10f0f7a7abe86406,time_series,independent_multiple,O_GLOBAL,"[""source:restore""]","[""source:restore""]",1,1,1,3,3,8,5.0540030060801655,0.03470039367675781,0,0,0,full_success,True,True,PASS,2.715517009972366,2.715517009972366,0.6899390207710865,True,269519adcf0696c7e926e0ea587f7999944004e280428cbdae74c0987334b6cb,5d08612c8422d98208fe9a84c522a24d73e024473cf0ae26fbc46d4c52ced8e0
h10-c4:held_out:time_series:012:286388f68b642f34,time_series,shared_source_downstream,B_ALL,"[""direct:0:h10-c4:held_out:time_series:012:286388f68b642f34:obligation:2"", ""direct:1:h10-c4:held_out:time_series:012:286388f68b642f34:obligation:3""]","[""direct:0:h10-c4:held_out:time_series:012:286388f68b642f34:obligation:2"", ""direct:1:h10-c4:held_out:time_series:012:286388f68b642f34:obligation:3""]",2,2,2,3,2,11,8.71922199439723,0.038046836853027344,0,0,0,full_success,True,True,PASS,3.9358797346140273,3.9358797346140273,1.0,True,eb7d412fce54b6b18dd72f8bbb40be5839303b76e59a408f772634a432006273,941e60146c9c5ac4e3ee31cbe352b9ed20b3a7d01682d5257a14a562986a8d52
h10-c4:held_out:time_series:012:286388f68b642f34,time_series,shared_source_downstream,B_FIRST,"[""direct:0:h10-c4:held_out:time_series:012:286388f68b642f34:obligation:2"", ""direct:1:h10-c4:held_out:time_series:012:286388f68b642f34:obligation:3""]","[""direct:0:h10-c4:held_out:time_series:012:286388f68b642f34:obligation:2"", ""direct:1:h10-c4:held_out:time_series:012:286388f68b642f34:obligation:3""]",2,2,2,3,2,11,9.025200008181855,0.038046836853027344,0,0,0,full_success,True,True,PASS,3.9358797346140273,3.9358797346140273,1.0,True,eb7d412fce54b6b18dd72f8bbb40be5839303b76e59a408f772634a432006273,941e60146c9c5ac4e3ee31cbe352b9ed20b3a7d01682d5257a14a562986a8d52
h10-c4:held_out:time_series:012:286388f68b642f34,time_series,shared_source_downstream,B_GREEDY,"[""source:restore""]","[""source:restore""]",1,1,1,4,4,8,4.98548400355503,0.034720420837402344,0,0,0,full_success,True,True,PASS,2.8270887856294706,2.8270887856294706,0.7182863746487695,True,eb7d412fce54b6b18dd72f8bbb40be5839303b76e59a408f772634a432006273,941e60146c9c5ac4e3ee31cbe352b9ed20b3a7d01682d5257a14a562986a8d52
h10-c4:held_out:time_series:012:286388f68b642f34,time_series,shared_source_downstream,O_GLOBAL,"[""source:restore""]","[""source:restore""]",1,1,1,4,4,8,4.4952770113013685,0.034720420837402344,0,0,0,full_success,True,True,PASS,2.8270887856294706,2.8270887856294706,0.7182863746487695,True,eb7d412fce54b6b18dd72f8bbb40be5839303b76e59a408f772634a432006273,941e60146c9c5ac4e3ee31cbe352b9ed20b3a7d01682d5257a14a562986a8d52
h10-c4:held_out:time_series:013:85f1e1d6c698e417,time_series,equal_size_different_cost,B_ALL,"[""direct:0:h10-c4:held_out:time_series:013:85f1e1d6c698e417:obligation:0"", ""direct:1:h10-c4:held_out:time_series:013:85f1e1d6c698e417:obligation:1"", ""direct:2:h10-c4:held_out:time_series:013:85f1e1d6c698e417:obligation:2""]","[""direct:0:h10-c4:held_out:time_series:013:85f1e1d6c698e417:obligation:0"", ""direct:1:h10-c4:held_out:time_series:013:85f1e1d6c698e417:obligation:1"", ""direct:2:h10-c4:held_out:time_series:013:85f1e1d6c698e417:obligation:2""]",3,3,3,4,2,14,13.447368997731246,0.04442310333251953,0,0,0,full_success,True,True,PASS,5.802453324894,5.802453324894,1.0,True,804ae3d888a654b6f4f3ceb5e4a9007a05b97e447e9dd08f6e78d5f88f1591b3,a652f4eeadccefa19ad6677279c4fe8c546cc755fef9958607b3f53485f6dc70
h10-c4:held_out:time_series:013:85f1e1d6c698e417,time_series,equal_size_different_cost,B_FIRST,"[""direct:0:h10-c4:held_out:time_series:013:85f1e1d6c698e417:obligation:0"", ""direct:1:h10-c4:held_out:time_series:013:85f1e1d6c698e417:obligation:1"", ""direct:2:h10-c4:held_out:time_series:013:85f1e1d6c698e417:obligation:2""]","[""direct:0:h10-c4:held_out:time_series:013:85f1e1d6c698e417:obligation:0"", ""direct:1:h10-c4:held_out:time_series:013:85f1e1d6c698e417:obligation:1"", ""direct:2:h10-c4:held_out:time_series:013:85f1e1d6c698e417:obligation:2""]",3,3,3,4,2,14,13.641356010339223,0.04436969757080078,0,0,0,full_success,True,True,PASS,5.802453324894,5.802453324894,1.0,True,804ae3d888a654b6f4f3ceb5e4a9007a05b97e447e9dd08f6e78d5f88f1591b3,a652f4eeadccefa19ad6677279c4fe8c546cc755fef9958607b3f53485f6dc70
h10-c4:held_out:time_series:013:85f1e1d6c698e417,time_series,equal_size_different_cost,B_GREEDY,"[""direct:2:h10-c4:held_out:time_series:013:85f1e1d6c698e417:obligation:2"", ""local:partial_fast""]","[""direct:2:h10-c4:held_out:time_series:013:85f1e1d6c698e417:obligation:2"", ""local:partial_fast""]",2,1,2,1,1,11,8.896778002963401,0.042267799377441406,0,0,0,full_success,True,True,PASS,3.127359631087198,3.127359631087198,0.5389719582353261,True,804ae3d888a654b6f4f3ceb5e4a9007a05b97e447e9dd08f6e78d5f88f1591b3,a652f4eeadccefa19ad6677279c4fe8c546cc755fef9958607b3f53485f6dc70
h10-c4:held_out:time_series:013:85f1e1d6c698e417,time_series,equal_size_different_cost,O_GLOBAL,"[""source:restore""]","[""source:restore""]",1,1,1,5,5,8,4.855677994783036,0.037952423095703125,0,0,0,full_success,True,True,PASS,2.9182495640264476,2.9182495640264476,0.5029337420960226,True,804ae3d888a654b6f4f3ceb5e4a9007a05b97e447e9dd08f6e78d5f88f1591b3,a652f4eeadccefa19ad6677279c4fe8c546cc755fef9958607b3f53485f6dc70
h10-c4:held_out:time_series:014:fb6dd5c0305e9a3a,time_series,multiple_equal_optima,B_ALL,"[""direct:0:h10-c4:held_out:time_series:014:fb6dd5c0305e9a3a:obligation:0"", ""direct:1:h10-c4:held_out:time_series:014:fb6dd5c0305e9a3a:obligation:1"", ""direct:2:h10-c4:held_out:time_series:014:fb6dd5c0305e9a3a:obligation:2"", ""direct:3:h10-c4:held_out:time_series:014:fb6dd5c0305e9a3a:obligation:3""]","[""direct:0:h10-c4:held_out:time_series:014:fb6dd5c0305e9a3a:obligation:0"", ""direct:1:h10-c4:held_out:time_series:014:fb6dd5c0305e9a3a:obligation:1"", ""direct:2:h10-c4:held_out:time_series:014:fb6dd5c0305e9a3a:obligation:2"", ""direct:3:h10-c4:held_out:time_series:014:fb6dd5c0305e9a3a:obligation:3""]",4,4,4,6,2,17,18.79076000477653,0.05122661590576172,0,0,0,full_success,True,True,PASS,7.871759469228055,7.871759469228055,1.0,True,e92966ce80fa5ef38112fadd5619594040296851ade08c0fb7f5699dfe33b3b9,f729aca672bd1973fa02609b8967d6e31639b1c53e2eb54a6a219baab106376c
h10-c4:held_out:time_series:014:fb6dd5c0305e9a3a,time_series,multiple_equal_optima,B_FIRST,"[""direct:0:h10-c4:held_out:time_series:014:fb6dd5c0305e9a3a:obligation:0"", ""direct:1:h10-c4:held_out:time_series:014:fb6dd5c0305e9a3a:obligation:1"", ""direct:2:h10-c4:held_out:time_series:014:fb6dd5c0305e9a3a:obligation:2"", ""direct:3:h10-c4:held_out:time_series:014:fb6dd5c0305e9a3a:obligation:3""]","[""direct:0:h10-c4:held_out:time_series:014:fb6dd5c0305e9a3a:obligation:0"", ""direct:1:h10-c4:held_out:time_series:014:fb6dd5c0305e9a3a:obligation:1"", ""direct:2:h10-c4:held_out:time_series:014:fb6dd5c0305e9a3a:obligation:2"", ""direct:3:h10-c4:held_out:time_series:014:fb6dd5c0305e9a3a:obligation:3""]",4,4,4,6,2,17,18.864059005863965,0.05069255828857422,0,0,0,full_success,True,True,PASS,7.871759469228055,7.871759469228055,1.0,True,e92966ce80fa5ef38112fadd5619594040296851ade08c0fb7f5699dfe33b3b9,f729aca672bd1973fa02609b8967d6e31639b1c53e2eb54a6a219baab106376c
h10-c4:held_out:time_series:014:fb6dd5c0305e9a3a,time_series,multiple_equal_optima,B_GREEDY,"[""direct:3:h10-c4:held_out:time_series:014:fb6dd5c0305e9a3a:obligation:3"", ""local:partial_fast""]","[""direct:3:h10-c4:held_out:time_series:014:fb6dd5c0305e9a3a:obligation:3"", ""local:partial_fast""]",2,2,2,2,2,11,9.278378987801261,0.047669410705566406,0,0,0,full_success,True,True,PASS,3.3300921851412797,3.3300921851412797,0.42304292936784127,True,e92966ce80fa5ef38112fadd5619594040296851ade08c0fb7f5699dfe33b3b9,f729aca672bd1973fa02609b8967d6e31639b1c53e2eb54a6a219baab106376c
h10-c4:held_out:time_series:014:fb6dd5c0305e9a3a,time_series,multiple_equal_optima,O_GLOBAL,"[""source:restore""]","[""source:restore""]",1,1,1,6,6,8,5.179692001547664,0.04097557067871094,0,0,0,full_success,True,True,PASS,2.995324903940077,2.995324903940077,0.3805152984728857,True,e92966ce80fa5ef38112fadd5619594040296851ade08c0fb7f5699dfe33b3b9,f729aca672bd1973fa02609b8967d6e31639b1c53e2eb54a6a219baab106376c
h10-c4:held_out:time_series:015:f8af4fad994338e1,time_series,downstream_does_not_fix_source,B_ALL,"[""direct:0:h10-c4:held_out:time_series:015:f8af4fad994338e1:obligation:0"", ""direct:1:h10-c4:held_out:time_series:015:f8af4fad994338e1:obligation:2"", ""direct:2:h10-c4:held_out:time_series:015:f8af4fad994338e1:obligation:3""]","[""direct:0:h10-c4:held_out:time_series:015:f8af4fad994338e1:obligation:0"", ""direct:1:h10-c4:held_out:time_series:015:f8af4fad994338e1:obligation:2"", ""direct:2:h10-c4:held_out:time_series:015:f8af4fad994338e1:obligation:3""]",3,3,3,4,2,14,13.46456199826207,0.04436969757080078,0,0,0,full_success,True,True,PASS,5.802453324894,5.802453324894,1.0,True,89d7f4b6b8a6161b869e13db2106f9e660a9dbc031c151b2fbad795533e42eb2,0917b7a0a0201030513bb2be583f3b3731d8b5eead511e63a9601426089d081f
h10-c4:held_out:time_series:015:f8af4fad994338e1,time_series,downstream_does_not_fix_source,B_FIRST,"[""direct:0:h10-c4:held_out:time_series:015:f8af4fad994338e1:obligation:0"", ""direct:1:h10-c4:held_out:time_series:015:f8af4fad994338e1:obligation:2"", ""direct:2:h10-c4:held_out:time_series:015:f8af4fad994338e1:obligation:3""]","[""direct:0:h10-c4:held_out:time_series:015:f8af4fad994338e1:obligation:0"", ""direct:1:h10-c4:held_out:time_series:015:f8af4fad994338e1:obligation:2"", ""direct:2:h10-c4:held_out:time_series:015:f8af4fad994338e1:obligation:3""]",3,3,3,4,2,14,14.785398001549765,0.04436969757080078,0,0,0,full_success,True,True,PASS,5.802453324894,5.802453324894,1.0,True,89d7f4b6b8a6161b869e13db2106f9e660a9dbc031c151b2fbad795533e42eb2,0917b7a0a0201030513bb2be583f3b3731d8b5eead511e63a9601426089d081f
h10-c4:held_out:time_series:015:f8af4fad994338e1,time_series,downstream_does_not_fix_source,B_GREEDY,"[""direct:2:h10-c4:held_out:time_series:015:f8af4fad994338e1:obligation:3"", ""local:partial_fast""]","[""direct:2:h10-c4:held_out:time_series:015:f8af4fad994338e1:obligation:3"", ""local:partial_fast""]",2,2,2,1,1,11,8.897478997823782,0.04236888885498047,0,0,0,full_success,True,True,PASS,3.127359631087198,3.127359631087198,0.5389719582353261,True,89d7f4b6b8a6161b869e13db2106f9e660a9dbc031c151b2fbad795533e42eb2,0917b7a0a0201030513bb2be583f3b3731d8b5eead511e63a9601426089d081f
h10-c4:held_out:time_series:015:f8af4fad994338e1,time_series,downstream_does_not_fix_source,O_GLOBAL,"[""source:restore""]","[""source:restore""]",1,1,1,2,2,8,4.555781008093618,0.037937164306640625,0,0,0,full_success,True,True,PASS,2.571675973746475,2.571675973746475,0.44320493931650107,True,89d7f4b6b8a6161b869e13db2106f9e660a9dbc031c151b2fbad795533e42eb2,0917b7a0a0201030513bb2be583f3b3731d8b5eead511e63a9601426089d081f
h10-c4:held_out:time_series:016:045a854659232f98,time_series,secondary_critical_violation,B_ALL,"[""direct:0:h10-c4:held_out:time_series:016:045a854659232f98:obligation:0"", ""direct:1:h10-c4:held_out:time_series:016:045a854659232f98:obligation:1"", ""direct:2:h10-c4:held_out:time_series:016:045a854659232f98:obligation:2"", ""direct:3:h10-c4:held_out:time_series:016:045a854659232f98:obligation:3""]","[""direct:0:h10-c4:held_out:time_series:016:045a854659232f98:obligation:0"", ""direct:1:h10-c4:held_out:time_series:016:045a854659232f98:obligation:1"", ""direct:2:h10-c4:held_out:time_series:016:045a854659232f98:obligation:2"", ""direct:3:h10-c4:held_out:time_series:016:045a854659232f98:obligation:3""]",4,4,4,6,2,17,18.37888099544216,0.05079936981201172,0,0,0,full_success,True,True,PASS,7.871759469228055,7.871759469228055,1.0,True,32a0fcd3c8b61c1a9cf8aa2a68c8ea938351ddf3bda92cabb88bf3f7e6c48c67,3eb5448bb675c98a49964c4cab7ae09f1f41e9cdae63d952678c5facc592cf46
h10-c4:held_out:time_series:016:045a854659232f98,time_series,secondary_critical_violation,B_FIRST,"[""direct:0:h10-c4:held_out:time_series:016:045a854659232f98:obligation:0"", ""direct:1:h10-c4:held_out:time_series:016:045a854659232f98:obligation:1"", ""direct:2:h10-c4:held_out:time_series:016:045a854659232f98:obligation:2"", ""direct:3:h10-c4:held_out:time_series:016:045a854659232f98:obligation:3""]","[""direct:0:h10-c4:held_out:time_series:016:045a854659232f98:obligation:0"", ""direct:1:h10-c4:held_out:time_series:016:045a854659232f98:obligation:1"", ""direct:2:h10-c4:held_out:time_series:016:045a854659232f98:obligation:2"", ""direct:3:h10-c4:held_out:time_series:016:045a854659232f98:obligation:3""]",4,4,4,6,2,17,18.51640100358054,0.05069255828857422,0,0,0,full_success,True,True,PASS,7.871759469228055,7.871759469228055,1.0,True,32a0fcd3c8b61c1a9cf8aa2a68c8ea938351ddf3bda92cabb88bf3f7e6c48c67,3eb5448bb675c98a49964c4cab7ae09f1f41e9cdae63d952678c5facc592cf46
h10-c4:held_out:time_series:016:045a854659232f98,time_series,secondary_critical_violation,B_GREEDY,"[""local:partial_fast"", ""unsafe:shortcut""]","[""local:partial_fast"", ""unsafe:shortcut""]",2,1,2,0,0,11,10.339043001295067,0.043415069580078125,1,0,0,partial_success,False,False,PASS,3.0115720816144496,4.7623581224216744,0.6049928406779299,False,32a0fcd3c8b61c1a9cf8aa2a68c8ea938351ddf3bda92cabb88bf3f7e6c48c67,2a295104d5d64766d45f3ed98e34e87b262af36b7a1bf90ae92f680e244d52a0
h10-c4:held_out:time_series:016:045a854659232f98,time_series,secondary_critical_violation,O_GLOBAL,"[""source:restore""]","[""source:restore""]",1,1,1,3,3,8,4.74135200784076,0.04097557067871094,0,0,0,full_success,True,True,PASS,2.715517009972366,2.715517009972366,0.34496951038554324,True,32a0fcd3c8b61c1a9cf8aa2a68c8ea938351ddf3bda92cabb88bf3f7e6c48c67,3eb5448bb675c98a49964c4cab7ae09f1f41e9cdae63d952678c5facc592cf46
h10-c4:held_out:time_series:017:8d2b820a7c8244dc,time_series,rollback_required,B_ALL,"[""direct:0:h10-c4:held_out:time_series:017:8d2b820a7c8244dc:obligation:0"", ""direct:1:h10-c4:held_out:time_series:017:8d2b820a7c8244dc:obligation:1"", ""direct:2:h10-c4:held_out:time_series:017:8d2b820a7c8244dc:obligation:2"", ""direct:3:h10-c4:held_out:time_series:017:8d2b820a7c8244dc:obligation:3""]","[""direct:0:h10-c4:held_out:time_series:017:8d2b820a7c8244dc:obligation:0"", ""direct:1:h10-c4:held_out:time_series:017:8d2b820a7c8244dc:obligation:1"", ""direct:2:h10-c4:held_out:time_series:017:8d2b820a7c8244dc:obligation:2"", ""direct:3:h10-c4:held_out:time_series:017:8d2b820a7c8244dc:obligation:3""]",4,4,4,6,2,17,18.824293991201557,0.05074596405029297,0,0,0,full_success,True,True,PASS,7.871759469228055,7.871759469228055,1.0,True,68de40181b2096e45211c618f6bebe57aa29f2a565098a1b2d3914dda54307ea,4535a06366affea53a6533716507cd912c32fbc4bbfdf2e3c46f6fc874c34469
h10-c4:held_out:time_series:017:8d2b820a7c8244dc,time_series,rollback_required,B_FIRST,"[""direct:0:h10-c4:held_out:time_series:017:8d2b820a7c8244dc:obligation:0"", ""direct:1:h10-c4:held_out:time_series:017:8d2b820a7c8244dc:obligation:1"", ""direct:2:h10-c4:held_out:time_series:017:8d2b820a7c8244dc:obligation:2"", ""direct:3:h10-c4:held_out:time_series:017:8d2b820a7c8244dc:obligation:3""]","[""direct:0:h10-c4:held_out:time_series:017:8d2b820a7c8244dc:obligation:0"", ""direct:1:h10-c4:held_out:time_series:017:8d2b820a7c8244dc:obligation:1"", ""direct:2:h10-c4:held_out:time_series:017:8d2b820a7c8244dc:obligation:2"", ""direct:3:h10-c4:held_out:time_series:017:8d2b820a7c8244dc:obligation:3""]",4,4,4,6,2,17,19.860421991324984,0.05069255828857422,0,0,0,full_success,True,True,PASS,7.871759469228055,7.871759469228055,1.0,True,68de40181b2096e45211c618f6bebe57aa29f2a565098a1b2d3914dda54307ea,4535a06366affea53a6533716507cd912c32fbc4bbfdf2e3c46f6fc874c34469
h10-c4:held_out:time_series:017:8d2b820a7c8244dc,time_series,rollback_required,B_GREEDY,"[""local:partial_fast"", ""unsafe:shortcut""]","[""local:partial_fast"", ""unsafe:shortcut""]",2,1,2,0,0,11,9.845260996371508,0.043415069580078125,1,0,0,partial_success,False,False,PASS,3.0115720816144496,4.7623581224216744,0.6049928406779299,False,68de40181b2096e45211c618f6bebe57aa29f2a565098a1b2d3914dda54307ea,8ee9bc6c7140a45d9f549a50aa30492c7955ca434c4d1ccfc31fe76d878d8d37
h10-c4:held_out:time_series:017:8d2b820a7c8244dc,time_series,rollback_required,O_GLOBAL,"[""source:restore""]","[""source:restore""]",1,1,1,4,4,8,4.624230990884826,0.04097557067871094,0,0,0,full_success,True,True,PASS,2.8270887856294706,2.8270887856294706,0.35914318732438477,True,68de40181b2096e45211c618f6bebe57aa29f2a565098a1b2d3914dda54307ea,4535a06366affea53a6533716507cd912c32fbc4bbfdf2e3c46f6fc874c34469
h10-c4:held_out:time_series:018:47c326e85643ad5c,time_series,variable_dependency_fanout,B_ALL,"[""direct:0:h10-c4:held_out:time_series:018:47c326e85643ad5c:obligation:0"", ""direct:1:h10-c4:held_out:time_series:018:47c326e85643ad5c:obligation:1"", ""direct:2:h10-c4:held_out:time_series:018:47c326e85643ad5c:obligation:2"", ""direct:3:h10-c4:held_out:time_series:018:47c326e85643ad5c:obligation:3""]","[""direct:0:h10-c4:held_out:time_series:018:47c326e85643ad5c:obligation:0"", ""direct:1:h10-c4:held_out:time_series:018:47c326e85643ad5c:obligation:1"", ""direct:2:h10-c4:held_out:time_series:018:47c326e85643ad5c:obligation:2"", ""direct:3:h10-c4:held_out:time_series:018:47c326e85643ad5c:obligation:3""]",4,4,4,11,7,17,19.03692500491161,0.05074596405029297,0,0,0,full_success,True,True,PASS,8.362174095733918,8.362174095733918,1.0,True,089e731a32f8802b8fab858f657a83cf0fbc02e3d6514259b37c455ffc5752a7,a42c17b7f64a688b540640ff0dc6ce1eaabc4312c1f53d0b578060b362222ee0
h10-c4:held_out:time_series:018:47c326e85643ad5c,time_series,variable_dependency_fanout,B_FIRST,"[""direct:0:h10-c4:held_out:time_series:018:47c326e85643ad5c:obligation:0"", ""direct:1:h10-c4:held_out:time_series:018:47c326e85643ad5c:obligation:1"", ""direct:2:h10-c4:held_out:time_series:018:47c326e85643ad5c:obligation:2"", ""direct:3:h10-c4:held_out:time_series:018:47c326e85643ad5c:obligation:3""]","[""direct:0:h10-c4:held_out:time_series:018:47c326e85643ad5c:obligation:0"", ""direct:1:h10-c4:held_out:time_series:018:47c326e85643ad5c:obligation:1"", ""direct:2:h10-c4:held_out:time_series:018:47c326e85643ad5c:obligation:2"", ""direct:3:h10-c4:held_out:time_series:018:47c326e85643ad5c:obligation:3""]",4,4,4,11,7,17,19.732229004148394,0.04785728454589844,0,0,0,full_success,True,True,PASS,8.362174095733918,8.362174095733918,1.0,True,089e731a32f8802b8fab858f657a83cf0fbc02e3d6514259b37c455ffc5752a7,a42c17b7f64a688b540640ff0dc6ce1eaabc4312c1f53d0b578060b362222ee0
h10-c4:held_out:time_series:018:47c326e85643ad5c,time_series,variable_dependency_fanout,B_GREEDY,"[""direct:3:h10-c4:held_out:time_series:018:47c326e85643ad5c:obligation:3"", ""local:partial_fast""]","[""direct:3:h10-c4:held_out:time_series:018:47c326e85643ad5c:obligation:3"", ""local:partial_fast""]",2,2,2,2,2,11,9.000072997878306,0.047730445861816406,0,0,0,full_success,True,True,PASS,3.3300921851412797,3.3300921851412797,0.3982328216342893,True,089e731a32f8802b8fab858f657a83cf0fbc02e3d6514259b37c455ffc5752a7,a42c17b7f64a688b540640ff0dc6ce1eaabc4312c1f53d0b578060b362222ee0
h10-c4:held_out:time_series:018:47c326e85643ad5c,time_series,variable_dependency_fanout,O_GLOBAL,"[""source:restore""]","[""source:restore""]",1,1,1,5,5,8,4.614753997884691,0.04097557067871094,0,0,0,full_success,True,True,PASS,2.9182495640264476,2.9182495640264476,0.3489821583020179,True,089e731a32f8802b8fab858f657a83cf0fbc02e3d6514259b37c455ffc5752a7,a42c17b7f64a688b540640ff0dc6ce1eaabc4312c1f53d0b578060b362222ee0
h10-c4:held_out:time_series:019:0df228c0dcb2ea41,time_series,repair_all_touches_more_components,B_ALL,"[""direct:0:h10-c4:held_out:time_series:019:0df228c0dcb2ea41:obligation:0"", ""direct:1:h10-c4:held_out:time_series:019:0df228c0dcb2ea41:obligation:1"", ""direct:2:h10-c4:held_out:time_series:019:0df228c0dcb2ea41:obligation:2"", ""direct:3:h10-c4:held_out:time_series:019:0df228c0dcb2ea41:obligation:3""]","[""direct:0:h10-c4:held_out:time_series:019:0df228c0dcb2ea41:obligation:0"", ""direct:1:h10-c4:held_out:time_series:019:0df228c0dcb2ea41:obligation:1"", ""direct:2:h10-c4:held_out:time_series:019:0df228c0dcb2ea41:obligation:2"", ""direct:3:h10-c4:held_out:time_series:019:0df228c0dcb2ea41:obligation:3""]",4,4,4,6,2,17,19.615037002949975,0.05069255828857422,0,0,0,full_success,True,True,PASS,7.871759469228055,7.871759469228055,1.0,True,f00ed602d11fd8f385546270da4230fc8705118f188308aae003e17b188e1db1,3eda7f706f992931c5112e806f33da2bfd0a85419336a6a87998bccd0bf3ff7e
h10-c4:held_out:time_series:019:0df228c0dcb2ea41,time_series,repair_all_touches_more_components,B_FIRST,"[""direct:0:h10-c4:held_out:time_series:019:0df228c0dcb2ea41:obligation:0"", ""direct:1:h10-c4:held_out:time_series:019:0df228c0dcb2ea41:obligation:1"", ""direct:2:h10-c4:held_out:time_series:019:0df228c0dcb2ea41:obligation:2"", ""direct:3:h10-c4:held_out:time_series:019:0df228c0dcb2ea41:obligation:3""]","[""direct:0:h10-c4:held_out:time_series:019:0df228c0dcb2ea41:obligation:0"", ""direct:1:h10-c4:held_out:time_series:019:0df228c0dcb2ea41:obligation:1"", ""direct:2:h10-c4:held_out:time_series:019:0df228c0dcb2ea41:obligation:2"", ""direct:3:h10-c4:held_out:time_series:019:0df228c0dcb2ea41:obligation:3""]",4,4,4,6,2,17,19.095525989541784,0.05069255828857422,0,0,0,full_success,True,True,PASS,7.871759469228055,7.871759469228055,1.0,True,f00ed602d11fd8f385546270da4230fc8705118f188308aae003e17b188e1db1,3eda7f706f992931c5112e806f33da2bfd0a85419336a6a87998bccd0bf3ff7e
h10-c4:held_out:time_series:019:0df228c0dcb2ea41,time_series,repair_all_touches_more_components,B_GREEDY,"[""direct:3:h10-c4:held_out:time_series:019:0df228c0dcb2ea41:obligation:3"", ""local:partial_fast""]","[""direct:3:h10-c4:held_out:time_series:019:0df228c0dcb2ea41:obligation:3"", ""local:partial_fast""]",2,2,2,2,2,11,9.295249998103827,0.047730445861816406,0,0,0,full_success,True,True,PASS,3.3300921851412797,3.3300921851412797,0.42304292936784127,True,f00ed602d11fd8f385546270da4230fc8705118f188308aae003e17b188e1db1,3eda7f706f992931c5112e806f33da2bfd0a85419336a6a87998bccd0bf3ff7e
h10-c4:held_out:time_series:019:0df228c0dcb2ea41,time_series,repair_all_touches_more_components,O_GLOBAL,"[""source:restore""]","[""source:restore""]",1,1,1,6,6,8,4.638438011170365,0.04097557067871094,0,0,0,full_success,True,True,PASS,2.995324903940077,2.995324903940077,0.3805152984728857,True,f00ed602d11fd8f385546270da4230fc8705118f188308aae003e17b188e1db1,3eda7f706f992931c5112e806f33da2bfd0a85419336a6a87998bccd0bf3ff7e
