sample_id,P(malignant),mu_low,mu_medium,mu_high,U_model,U_rules,U_trace,u_M,I_pre,gamma_model_to_risk,chi_R,chi_R_crit,action,explain_plan_hash
sample_113,0.7035770563720608,0.2964229436279392,0.18569177451175678,0.7035770563720608,0.5928458872558784,0.2964229436279392,0.02,0.35970753235352704,0.6743235322764167,0.3514150457029992,1,1,block,b3c3fc83fbba3f862e06470ddd1fb9ae77bb57e39c14575534275049e669209e
