case_id,pipeline_id,modality,split,case_type,severity,unknown,insufficient_evidence,method,predicted_status,source_precision,source_recall,source_f1,source_jaccard,repair_precision,repair_recall,repair_f1,repair_jaccard,cut_precision,cut_recall,cut_f1,cut_jaccard,cut_exact,cut_cost_regret,repair_cost_regret,extra_repair_actions,recertified,false_certification,false_block,abstained,false_concrete_unknown,runtime_ms,trace
tabular_tree_a-development-0000,tabular_tree_a,tabular,development,composite,subtle,False,False,independent_if_else,invalid,1.0,1.0,1.0,1.0,1.0,1.0,1.0,1.0,0.5,1.0,0.6666666666666666,0.5,0.0,1.0,0.0,0,False,0.0,0.0,False,0.0,0.06833000043116044,
tabular_tree_a-development-0000,tabular_tree_a,tabular,development,composite,subtle,False,False,typed_route_without_cut,invalid,1.0,1.0,1.0,1.0,1.0,1.0,1.0,1.0,0.5,1.0,0.6666666666666666,0.5,0.0,1.0,0.0,0,False,0.0,0.0,False,0.0,0.08884799990482861,
tabular_tree_a-development-0000,tabular_tree_a,tabular,development,composite,subtle,False,False,full_h10,invalid,1.0,1.0,1.0,1.0,1.0,1.0,1.0,1.0,1.0,1.0,1.0,1.0,1.0,0.0,0.0,0,True,0.0,0.0,False,0.0,0.3138960000796942,81a01292d37126c640ab9b82c771e64625a981deb67326fdc16d2eab73120c23
tabular_tree_a-development-0001,tabular_tree_a,tabular,development,unknown_ambiguous,moderate,True,False,independent_if_else,invalid,1.0,1.0,1.0,1.0,1.0,1.0,1.0,1.0,0.5,0.5,0.5,0.3333333333333333,0.0,19.0,0.0,0,False,0.0,0.0,False,1.0,0.034885999866673956,
tabular_tree_a-development-0001,tabular_tree_a,tabular,development,unknown_ambiguous,moderate,True,False,typed_route_without_cut,invalid,1.0,1.0,1.0,1.0,1.0,1.0,1.0,1.0,0.5,0.5,0.5,0.3333333333333333,0.0,19.0,0.0,0,False,0.0,0.0,False,1.0,0.0579299999117211,
tabular_tree_a-development-0001,tabular_tree_a,tabular,development,unknown_ambiguous,moderate,True,False,full_h10,invalid,1.0,1.0,1.0,1.0,1.0,1.0,1.0,1.0,0.5,0.5,0.5,0.3333333333333333,0.0,19.0,0.0,0,True,0.0,0.0,False,1.0,0.20041000016135513,bab7d4144f8f3166e72543b678b71d7ed45d8ceb333066e9d3a1a1a64a14e72e
tabular_tree_a-development-0002,tabular_tree_a,tabular,development,unknown_ambiguous,severe,True,True,independent_if_else,invalid,1.0,1.0,1.0,1.0,1.0,1.0,1.0,1.0,0.5,0.5,0.5,0.3333333333333333,0.0,19.0,0.0,0,False,0.0,0.0,False,1.0,0.02850400005627307,
tabular_tree_a-development-0002,tabular_tree_a,tabular,development,unknown_ambiguous,severe,True,True,typed_route_without_cut,invalid,1.0,1.0,1.0,1.0,1.0,1.0,1.0,1.0,0.5,0.5,0.5,0.3333333333333333,0.0,19.0,0.0,0,False,0.0,0.0,False,1.0,0.02844399978130241,
tabular_tree_a-development-0002,tabular_tree_a,tabular,development,unknown_ambiguous,severe,True,True,full_h10,invalid,1.0,1.0,1.0,1.0,1.0,1.0,1.0,1.0,0.5,0.5,0.5,0.3333333333333333,0.0,19.0,0.0,0,True,0.0,0.0,False,1.0,0.1756330002535833,9cf97eb79570ed3eb67bc464a1ce120704bf38c78de1d3e3444b05cf9d90c14f
tabular_tree_a-development-0003,tabular_tree_a,tabular,development,single,subtle,False,False,independent_if_else,invalid,1.0,1.0,1.0,1.0,1.0,1.0,1.0,1.0,1.0,1.0,1.0,1.0,1.0,0.0,0.0,0,False,0.0,0.0,False,0.0,0.033893999898282345,
tabular_tree_a-development-0003,tabular_tree_a,tabular,development,single,subtle,False,False,typed_route_without_cut,invalid,1.0,1.0,1.0,1.0,1.0,1.0,1.0,1.0,1.0,1.0,1.0,1.0,1.0,0.0,0.0,0,False,0.0,0.0,False,0.0,0.09092199979932047,
tabular_tree_a-development-0003,tabular_tree_a,tabular,development,single,subtle,False,False,full_h10,invalid,1.0,1.0,1.0,1.0,1.0,1.0,1.0,1.0,1.0,1.0,1.0,1.0,1.0,0.0,0.0,0,True,0.0,0.0,False,0.0,0.2887979999286472,8bcf052ec369bc05824838486683e8630c747567a1c9e1eee4eeae414845757b
tabular_tree_a-development-0004,tabular_tree_a,tabular,development,clean,none,False,False,independent_if_else,valid,1.0,1.0,1.0,1.0,1.0,1.0,1.0,1.0,1.0,1.0,1.0,1.0,1.0,0.0,0.0,0,False,0.0,0.0,False,0.0,0.030287000299722422,
tabular_tree_a-development-0004,tabular_tree_a,tabular,development,clean,none,False,False,typed_route_without_cut,valid,1.0,1.0,1.0,1.0,1.0,1.0,1.0,1.0,1.0,1.0,1.0,1.0,1.0,0.0,0.0,0,False,0.0,0.0,False,0.0,0.029285999971762067,
tabular_tree_a-development-0004,tabular_tree_a,tabular,development,clean,none,False,False,full_h10,valid,1.0,1.0,1.0,1.0,1.0,1.0,1.0,1.0,1.0,1.0,1.0,1.0,1.0,0.0,0.0,0,True,0.0,0.0,False,0.0,0.04024700001536985,191cea26618acd3fcf8a23cd6e998d18cbf7c5df1ac76875a3936b34ec152e5d
tabular_tree_a-development-0005,tabular_tree_a,tabular,development,clean,none,False,False,independent_if_else,valid,1.0,1.0,1.0,1.0,1.0,1.0,1.0,1.0,1.0,1.0,1.0,1.0,1.0,0.0,0.0,0,False,0.0,0.0,False,0.0,0.030888999845046783,
tabular_tree_a-development-0005,tabular_tree_a,tabular,development,clean,none,False,False,typed_route_without_cut,valid,1.0,1.0,1.0,1.0,1.0,1.0,1.0,1.0,1.0,1.0,1.0,1.0,1.0,0.0,0.0,0,False,0.0,0.0,False,0.0,0.02977600024678395,
tabular_tree_a-development-0005,tabular_tree_a,tabular,development,clean,none,False,False,full_h10,valid,1.0,1.0,1.0,1.0,1.0,1.0,1.0,1.0,1.0,1.0,1.0,1.0,1.0,0.0,0.0,0,True,0.0,0.0,False,0.0,0.04260100013198098,caa282cd1fb51e049913dc35dcecf1c6a367567b41be57c199a81d1f55ef7811
tabular_tree_a-development-0006,tabular_tree_a,tabular,development,composite,subtle,False,False,independent_if_else,invalid,1.0,1.0,1.0,1.0,1.0,1.0,1.0,1.0,1.0,1.0,1.0,1.0,1.0,0.0,0.0,0,False,0.0,0.0,False,0.0,0.050054999974236125,
tabular_tree_a-development-0006,tabular_tree_a,tabular,development,composite,subtle,False,False,typed_route_without_cut,invalid,1.0,1.0,1.0,1.0,1.0,1.0,1.0,1.0,1.0,1.0,1.0,1.0,1.0,0.0,0.0,0,False,0.0,0.0,False,0.0,0.11292399994999869,
tabular_tree_a-development-0006,tabular_tree_a,tabular,development,composite,subtle,False,False,full_h10,invalid,1.0,1.0,1.0,1.0,1.0,1.0,1.0,1.0,1.0,1.0,1.0,1.0,1.0,0.0,0.0,0,True,0.0,0.0,False,0.0,0.32601899965811754,b599edc6db16d0af854a0e33fd8495f71869dcf44a0d7054e268db2760f98890
tabular_tree_a-development-0007,tabular_tree_a,tabular,development,single,moderate,False,False,independent_if_else,invalid,1.0,1.0,1.0,1.0,1.0,1.0,1.0,1.0,1.0,1.0,1.0,1.0,1.0,0.0,0.0,0,False,0.0,0.0,False,0.0,0.040406999687547795,
tabular_tree_a-development-0007,tabular_tree_a,tabular,development,single,moderate,False,False,typed_route_without_cut,invalid,1.0,1.0,1.0,1.0,1.0,1.0,1.0,1.0,1.0,1.0,1.0,1.0,1.0,0.0,0.0,0,False,0.0,0.0,False,0.0,0.07533300004070043,
tabular_tree_a-development-0007,tabular_tree_a,tabular,development,single,moderate,False,False,full_h10,invalid,1.0,1.0,1.0,1.0,1.0,1.0,1.0,1.0,1.0,1.0,1.0,1.0,1.0,0.0,0.0,0,True,0.0,0.0,False,0.0,0.25993300005211495,01617bc1e874652a70cc63c770b4d34c5c60033af438ffd46f183b95a921ec2b
tabular_tree_a-development-0008,tabular_tree_a,tabular,development,unknown_ambiguous,severe,True,True,independent_if_else,insufficient_evidence,1.0,1.0,1.0,1.0,0.6666666666666666,1.0,0.8,0.6666666666666666,0.5,1.0,0.6666666666666666,0.5,0.0,20.0,4.0,1,False,0.0,0.0,True,0.0,0.04856199984715204,
tabular_tree_a-development-0008,tabular_tree_a,tabular,development,unknown_ambiguous,severe,True,True,typed_route_without_cut,insufficient_evidence,1.0,1.0,1.0,1.0,0.6666666666666666,1.0,0.8,0.6666666666666666,0.5,1.0,0.6666666666666666,0.5,0.0,20.0,4.0,1,False,0.0,0.0,True,0.0,0.09796599988476373,
tabular_tree_a-development-0008,tabular_tree_a,tabular,development,unknown_ambiguous,severe,True,True,full_h10,insufficient_evidence,1.0,1.0,1.0,1.0,0.6666666666666666,1.0,0.8,0.6666666666666666,0.5,1.0,0.6666666666666666,0.5,0.0,20.0,4.0,1,True,0.0,0.0,True,0.0,0.3086960000473482,1fb9e409a41c4f26f20cbd5e1c7cac54a313376d77ff2c4696c5ba468bed89d4
tabular_tree_a-development-0009,tabular_tree_a,tabular,development,unknown_ambiguous,subtle,True,False,independent_if_else,invalid,1.0,1.0,1.0,1.0,1.0,1.0,1.0,1.0,1.0,1.0,1.0,1.0,1.0,0.0,0.0,0,False,0.0,0.0,False,1.0,0.036499000088952016,
tabular_tree_a-development-0009,tabular_tree_a,tabular,development,unknown_ambiguous,subtle,True,False,typed_route_without_cut,invalid,1.0,1.0,1.0,1.0,1.0,1.0,1.0,1.0,1.0,1.0,1.0,1.0,1.0,0.0,0.0,0,False,0.0,0.0,False,1.0,0.07445199980793404,
tabular_tree_a-development-0009,tabular_tree_a,tabular,development,unknown_ambiguous,subtle,True,False,full_h10,invalid,1.0,1.0,1.0,1.0,1.0,1.0,1.0,1.0,1.0,1.0,1.0,1.0,1.0,0.0,0.0,0,True,0.0,0.0,False,1.0,0.2740700001595542,186c4be8fe71d9b1c7966f2df220ee1d82eda4d710945233bdc8d4c455115fcf
tabular_tree_a-development-0010,tabular_tree_a,tabular,development,clean,none,False,False,independent_if_else,valid,1.0,1.0,1.0,1.0,1.0,1.0,1.0,1.0,1.0,1.0,1.0,1.0,1.0,0.0,0.0,0,False,0.0,0.0,False,0.0,0.031800999749975745,
tabular_tree_a-development-0010,tabular_tree_a,tabular,development,clean,none,False,False,typed_route_without_cut,valid,1.0,1.0,1.0,1.0,1.0,1.0,1.0,1.0,1.0,1.0,1.0,1.0,1.0,0.0,0.0,0,False,0.0,0.0,False,0.0,0.028625000140891643,
tabular_tree_a-development-0010,tabular_tree_a,tabular,development,clean,none,False,False,full_h10,valid,1.0,1.0,1.0,1.0,1.0,1.0,1.0,1.0,1.0,1.0,1.0,1.0,1.0,0.0,0.0,0,True,0.0,0.0,False,0.0,0.04232000037518446,d6e21bb17daf644360d3f5eff3144e3e31c4ac39110d11dcac8fb9758aa50121
tabular_tree_a-development-0011,tabular_tree_a,tabular,development,clean,none,False,False,independent_if_else,valid,1.0,1.0,1.0,1.0,1.0,1.0,1.0,1.0,1.0,1.0,1.0,1.0,1.0,0.0,0.0,0,False,0.0,0.0,False,0.0,0.028393000320647843,
tabular_tree_a-development-0011,tabular_tree_a,tabular,development,clean,none,False,False,typed_route_without_cut,valid,1.0,1.0,1.0,1.0,1.0,1.0,1.0,1.0,1.0,1.0,1.0,1.0,1.0,0.0,0.0,0,False,0.0,0.0,False,0.0,0.024816999939503148,
tabular_tree_a-development-0011,tabular_tree_a,tabular,development,clean,none,False,False,full_h10,valid,1.0,1.0,1.0,1.0,1.0,1.0,1.0,1.0,1.0,1.0,1.0,1.0,1.0,0.0,0.0,0,True,0.0,0.0,False,0.0,0.027361999855202157,18b19b8e0c406640c0f7eeba972304223959eb2097f38cced084ddf65604a88e
tabular_tree_a-development-0012,tabular_tree_a,tabular,development,composite,subtle,False,False,independent_if_else,invalid,1.0,1.0,1.0,1.0,1.0,1.0,1.0,1.0,1.0,1.0,1.0,1.0,1.0,0.0,0.0,0,False,0.0,0.0,False,0.0,0.029084999823680846,
tabular_tree_a-development-0012,tabular_tree_a,tabular,development,composite,subtle,False,False,typed_route_without_cut,invalid,1.0,1.0,1.0,1.0,1.0,1.0,1.0,1.0,1.0,1.0,1.0,1.0,1.0,0.0,0.0,0,False,0.0,0.0,False,0.0,0.05230899978414527,
tabular_tree_a-development-0012,tabular_tree_a,tabular,development,composite,subtle,False,False,full_h10,invalid,1.0,1.0,1.0,1.0,1.0,1.0,1.0,1.0,1.0,1.0,1.0,1.0,1.0,0.0,0.0,0,True,0.0,0.0,False,0.0,0.18952900018121,0a082344f508ffae571e404e912981f3d41e84173b877c1580d98d2738d50c92
tabular_tree_a-development-0013,tabular_tree_a,tabular,development,clean,none,False,False,independent_if_else,valid,1.0,1.0,1.0,1.0,1.0,1.0,1.0,1.0,1.0,1.0,1.0,1.0,1.0,0.0,0.0,0,False,0.0,0.0,False,0.0,0.021691000256396364,
tabular_tree_a-development-0013,tabular_tree_a,tabular,development,clean,none,False,False,typed_route_without_cut,valid,1.0,1.0,1.0,1.0,1.0,1.0,1.0,1.0,1.0,1.0,1.0,1.0,1.0,0.0,0.0,0,False,0.0,0.0,False,0.0,0.01918700036185328,
tabular_tree_a-development-0013,tabular_tree_a,tabular,development,clean,none,False,False,full_h10,valid,1.0,1.0,1.0,1.0,1.0,1.0,1.0,1.0,1.0,1.0,1.0,1.0,1.0,0.0,0.0,0,True,0.0,0.0,False,0.0,0.024786999802017817,924f17f2bfdd386b8c78724e5db255f58935a0a9deecd9ac6169931c964c5ba9
tabular_tree_a-development-0014,tabular_tree_a,tabular,development,composite,severe,False,False,independent_if_else,invalid,1.0,1.0,1.0,1.0,1.0,1.0,1.0,1.0,0.5,1.0,0.6666666666666666,0.5,0.0,2.0,0.0,0,False,0.0,0.0,False,0.0,0.027010999929188984,
tabular_tree_a-development-0014,tabular_tree_a,tabular,development,composite,severe,False,False,typed_route_without_cut,invalid,1.0,1.0,1.0,1.0,1.0,1.0,1.0,1.0,0.5,1.0,0.6666666666666666,0.5,0.0,2.0,0.0,0,False,0.0,0.0,False,0.0,0.0791699999354023,
tabular_tree_a-development-0014,tabular_tree_a,tabular,development,composite,severe,False,False,full_h10,invalid,1.0,1.0,1.0,1.0,1.0,1.0,1.0,1.0,1.0,1.0,1.0,1.0,1.0,0.0,0.0,0,True,0.0,0.0,False,0.0,0.1892789996418287,21e767baf062ed5bf7594f32cc26f5fa2b6916bd4ebcf945f77dfd469e599a0b
tabular_tree_a-development-0015,tabular_tree_a,tabular,development,single,subtle,False,False,independent_if_else,invalid,1.0,1.0,1.0,1.0,1.0,1.0,1.0,1.0,1.0,1.0,1.0,1.0,1.0,0.0,0.0,0,False,0.0,0.0,False,0.0,0.032141000247065676,
tabular_tree_a-development-0015,tabular_tree_a,tabular,development,single,subtle,False,False,typed_route_without_cut,invalid,1.0,1.0,1.0,1.0,1.0,1.0,1.0,1.0,1.0,1.0,1.0,1.0,1.0,0.0,0.0,0,False,0.0,0.0,False,0.0,0.039936000121088,
tabular_tree_a-development-0015,tabular_tree_a,tabular,development,single,subtle,False,False,full_h10,invalid,1.0,1.0,1.0,1.0,1.0,1.0,1.0,1.0,1.0,1.0,1.0,1.0,1.0,0.0,0.0,0,True,0.0,0.0,False,0.0,0.17556300008436665,c6ace8b9ed31ee4b4724323325b687bc0f3ec67b6e07be69bde0b8909c0cc4fb
tabular_tree_a-development-0016,tabular_tree_a,tabular,development,composite,moderate,False,False,independent_if_else,invalid,1.0,1.0,1.0,1.0,1.0,1.0,1.0,1.0,0.3333333333333333,1.0,0.5,0.3333333333333333,0.0,5.0,0.0,0,False,0.0,0.0,False,0.0,0.031027999739308143,
tabular_tree_a-development-0016,tabular_tree_a,tabular,development,composite,moderate,False,False,typed_route_without_cut,invalid,1.0,1.0,1.0,1.0,1.0,1.0,1.0,1.0,0.3333333333333333,1.0,0.5,0.3333333333333333,0.0,5.0,0.0,0,False,0.0,0.0,False,0.0,0.059482999859028496,
tabular_tree_a-development-0016,tabular_tree_a,tabular,development,composite,moderate,False,False,full_h10,invalid,1.0,1.0,1.0,1.0,1.0,1.0,1.0,1.0,1.0,1.0,1.0,1.0,1.0,0.0,0.0,0,True,0.0,0.0,False,0.0,0.19187399993825238,08bdca9d46ca6a2abb49493b15dfe7d5bed91043840a50d819e868b4652011f3
tabular_tree_a-development-0017,tabular_tree_a,tabular,development,single,severe,False,False,independent_if_else,invalid,1.0,1.0,1.0,1.0,1.0,1.0,1.0,1.0,1.0,1.0,1.0,1.0,1.0,0.0,0.0,0,False,0.0,0.0,False,0.0,0.023954999960551504,
tabular_tree_a-development-0017,tabular_tree_a,tabular,development,single,severe,False,False,typed_route_without_cut,invalid,1.0,1.0,1.0,1.0,1.0,1.0,1.0,1.0,1.0,1.0,1.0,1.0,1.0,0.0,0.0,0,False,0.0,0.0,False,0.0,0.03354299997226917,
tabular_tree_a-development-0017,tabular_tree_a,tabular,development,single,severe,False,False,full_h10,invalid,1.0,1.0,1.0,1.0,1.0,1.0,1.0,1.0,1.0,1.0,1.0,1.0,1.0,0.0,0.0,0,True,0.0,0.0,False,0.0,0.16306899988194345,90d80f1db150665cdae94121bf134faee96324adf96b15942af2551587e1f9f8
tabular_tree_a-development-0018,tabular_tree_a,tabular,development,unknown_ambiguous,subtle,True,True,independent_if_else,insufficient_evidence,1.0,1.0,1.0,1.0,0.5,1.0,0.6666666666666666,0.5,0.5,1.0,0.6666666666666666,0.5,0.0,2.0,4.0,2,False,0.0,0.0,True,0.0,0.03546800007825368,
tabular_tree_a-development-0018,tabular_tree_a,tabular,development,unknown_ambiguous,subtle,True,True,typed_route_without_cut,insufficient_evidence,1.0,1.0,1.0,1.0,0.5,1.0,0.6666666666666666,0.5,0.5,1.0,0.6666666666666666,0.5,0.0,2.0,4.0,2,False,0.0,0.0,True,0.0,0.06333999999696971,
tabular_tree_a-development-0018,tabular_tree_a,tabular,development,unknown_ambiguous,subtle,True,True,full_h10,insufficient_evidence,1.0,1.0,1.0,1.0,0.5,1.0,0.6666666666666666,0.5,1.0,1.0,1.0,1.0,1.0,0.0,4.0,2,True,0.0,0.0,True,0.0,0.18655400026545976,5315eda5f0ca7ac66e9442e1192da23d2ef8e3542216b9f8133f877fb556daa2
tabular_tree_a-development-0019,tabular_tree_a,tabular,development,clean,none,False,False,independent_if_else,valid,1.0,1.0,1.0,1.0,1.0,1.0,1.0,1.0,1.0,1.0,1.0,1.0,1.0,0.0,0.0,0,False,0.0,0.0,False,0.0,0.01929600011862931,
tabular_tree_a-development-0019,tabular_tree_a,tabular,development,clean,none,False,False,typed_route_without_cut,valid,1.0,1.0,1.0,1.0,1.0,1.0,1.0,1.0,1.0,1.0,1.0,1.0,1.0,0.0,0.0,0,False,0.0,0.0,False,0.0,0.019335999695613282,
tabular_tree_a-development-0019,tabular_tree_a,tabular,development,clean,none,False,False,full_h10,valid,1.0,1.0,1.0,1.0,1.0,1.0,1.0,1.0,1.0,1.0,1.0,1.0,1.0,0.0,0.0,0,True,0.0,0.0,False,0.0,0.02459699999235454,ae66a55e55eefe1fbdbacf6c81a650cc706bd900f8ff77777e95f06075f8de64
tabular_tree_a-development-0020,tabular_tree_a,tabular,development,composite,severe,False,False,independent_if_else,invalid,1.0,1.0,1.0,1.0,1.0,1.0,1.0,1.0,0.6666666666666666,1.0,0.8,0.6666666666666666,0.0,2.0,0.0,0,False,0.0,0.0,False,0.0,0.057749000006879214,
tabular_tree_a-development-0020,tabular_tree_a,tabular,development,composite,severe,False,False,typed_route_without_cut,invalid,1.0,1.0,1.0,1.0,1.0,1.0,1.0,1.0,0.6666666666666666,1.0,0.8,0.6666666666666666,0.0,2.0,0.0,0,False,0.0,0.0,False,0.0,0.09244500006388989,
tabular_tree_a-development-0020,tabular_tree_a,tabular,development,composite,severe,False,False,full_h10,invalid,1.0,1.0,1.0,1.0,1.0,1.0,1.0,1.0,1.0,1.0,1.0,1.0,1.0,0.0,0.0,0,True,0.0,0.0,False,0.0,0.2192960000684252,2b91b8f8f917e8c8cf6e3a807be9ead8f193ea555feec018d51cb93ca9a8837c
tabular_tree_a-development-0021,tabular_tree_a,tabular,development,unknown_ambiguous,subtle,True,False,independent_if_else,invalid,1.0,1.0,1.0,1.0,1.0,1.0,1.0,1.0,1.0,1.0,1.0,1.0,1.0,0.0,0.0,0,False,0.0,0.0,False,1.0,0.03045799985557096,
tabular_tree_a-development-0021,tabular_tree_a,tabular,development,unknown_ambiguous,subtle,True,False,typed_route_without_cut,invalid,1.0,1.0,1.0,1.0,1.0,1.0,1.0,1.0,1.0,1.0,1.0,1.0,1.0,0.0,0.0,0,False,0.0,0.0,False,1.0,0.06791899977542926,
tabular_tree_a-development-0021,tabular_tree_a,tabular,development,unknown_ambiguous,subtle,True,False,full_h10,invalid,1.0,1.0,1.0,1.0,1.0,1.0,1.0,1.0,1.0,1.0,1.0,1.0,1.0,0.0,0.0,0,True,0.0,0.0,False,1.0,0.2214599999206257,06ba691ba746036bfd5ccb53cae0eb7051c6cad3b5881aec43da14d88fcb8ee3
tabular_tree_a-development-0022,tabular_tree_a,tabular,development,single,moderate,False,False,independent_if_else,invalid,1.0,1.0,1.0,1.0,1.0,1.0,1.0,1.0,1.0,1.0,1.0,1.0,1.0,0.0,0.0,0,False,0.0,0.0,False,0.0,0.030098000024736393,
tabular_tree_a-development-0022,tabular_tree_a,tabular,development,single,moderate,False,False,typed_route_without_cut,invalid,1.0,1.0,1.0,1.0,1.0,1.0,1.0,1.0,1.0,1.0,1.0,1.0,1.0,0.0,0.0,0,False,0.0,0.0,False,0.0,0.05315099997460493,
tabular_tree_a-development-0022,tabular_tree_a,tabular,development,single,moderate,False,False,full_h10,invalid,1.0,1.0,1.0,1.0,1.0,1.0,1.0,1.0,1.0,1.0,1.0,1.0,1.0,0.0,0.0,0,True,0.0,0.0,False,0.0,0.20943699973940966,daf9bceca459776b65c15e19ca634297af3f754cafc2cc3c3b9f27ef2627b693
tabular_tree_a-development-0023,tabular_tree_a,tabular,development,composite,severe,False,False,independent_if_else,invalid,1.0,1.0,1.0,1.0,1.0,1.0,1.0,1.0,1.0,1.0,1.0,1.0,1.0,0.0,0.0,0,False,0.0,0.0,False,0.0,0.028835000193794258,
tabular_tree_a-development-0023,tabular_tree_a,tabular,development,composite,severe,False,False,typed_route_without_cut,invalid,1.0,1.0,1.0,1.0,1.0,1.0,1.0,1.0,1.0,1.0,1.0,1.0,1.0,0.0,0.0,0,False,0.0,0.0,False,0.0,0.07093500016708276,
tabular_tree_a-development-0023,tabular_tree_a,tabular,development,composite,severe,False,False,full_h10,invalid,1.0,1.0,1.0,1.0,1.0,1.0,1.0,1.0,1.0,1.0,1.0,1.0,1.0,0.0,0.0,0,True,0.0,0.0,False,0.0,0.18498100007491303,bcf3b6f6445085deef203a12fb20f3be749141a060a3303d55cec6beacac793b
tabular_tree_a-development-0024,tabular_tree_a,tabular,development,unknown_ambiguous,subtle,True,True,independent_if_else,invalid,1.0,1.0,1.0,1.0,1.0,1.0,1.0,1.0,0.0,0.0,0.0,0.0,0.0,19.0,0.0,0,False,0.0,0.0,False,1.0,0.025829000151134096,
tabular_tree_a-development-0024,tabular_tree_a,tabular,development,unknown_ambiguous,subtle,True,True,typed_route_without_cut,invalid,1.0,1.0,1.0,1.0,1.0,1.0,1.0,1.0,0.0,0.0,0.0,0.0,0.0,19.0,0.0,0,False,0.0,0.0,False,1.0,0.024015000235522166,
tabular_tree_a-development-0024,tabular_tree_a,tabular,development,unknown_ambiguous,subtle,True,True,full_h10,invalid,1.0,1.0,1.0,1.0,1.0,1.0,1.0,1.0,0.0,0.0,0.0,0.0,0.0,19.0,0.0,0,True,0.0,0.0,False,1.0,0.19526100004441105,707b66f09e14d628a08438eb605f1944fa6de17f72df50bf9f81a841e402ecd1
tabular_tree_a-development-0025,tabular_tree_a,tabular,development,single,moderate,False,False,independent_if_else,invalid,1.0,1.0,1.0,1.0,1.0,1.0,1.0,1.0,1.0,1.0,1.0,1.0,1.0,0.0,0.0,0,False,0.0,0.0,False,0.0,0.02836400017258711,
tabular_tree_a-development-0025,tabular_tree_a,tabular,development,single,moderate,False,False,typed_route_without_cut,invalid,1.0,1.0,1.0,1.0,1.0,1.0,1.0,1.0,1.0,1.0,1.0,1.0,1.0,0.0,0.0,0,False,0.0,0.0,False,0.0,0.05761900001743925,
tabular_tree_a-development-0025,tabular_tree_a,tabular,development,single,moderate,False,False,full_h10,invalid,1.0,1.0,1.0,1.0,1.0,1.0,1.0,1.0,1.0,1.0,1.0,1.0,1.0,0.0,0.0,0,True,0.0,0.0,False,0.0,0.24087699966912623,9cabd58295e16c80b9ca7ec0e6365a92c4ba1ccf48b1fba1feed5580598c86a4
tabular_tree_a-development-0026,tabular_tree_a,tabular,development,composite,severe,False,False,independent_if_else,invalid,1.0,1.0,1.0,1.0,1.0,1.0,1.0,1.0,0.5,1.0,0.6666666666666666,0.5,0.0,1.0,0.0,0,False,0.0,0.0,False,0.0,0.03224100009902031,
tabular_tree_a-development-0026,tabular_tree_a,tabular,development,composite,severe,False,False,typed_route_without_cut,invalid,1.0,1.0,1.0,1.0,1.0,1.0,1.0,1.0,0.5,1.0,0.6666666666666666,0.5,0.0,1.0,0.0,0,False,0.0,0.0,False,0.0,0.07112499997674604,
tabular_tree_a-development-0026,tabular_tree_a,tabular,development,composite,severe,False,False,full_h10,invalid,1.0,1.0,1.0,1.0,1.0,1.0,1.0,1.0,1.0,1.0,1.0,1.0,1.0,0.0,0.0,0,True,0.0,0.0,False,0.0,0.19623299976956332,19c30d4069a3c452b0956f94ed8da14357642e5d40e6df82c00ef8ece4eb2b71
tabular_tree_a-development-0027,tabular_tree_a,tabular,development,unknown_ambiguous,subtle,True,False,independent_if_else,invalid,1.0,1.0,1.0,1.0,1.0,1.0,1.0,1.0,0.5,0.5,0.5,0.3333333333333333,0.0,19.0,0.0,0,False,0.0,0.0,False,1.0,0.03257199978179415,
tabular_tree_a-development-0027,tabular_tree_a,tabular,development,unknown_ambiguous,subtle,True,False,typed_route_without_cut,invalid,1.0,1.0,1.0,1.0,1.0,1.0,1.0,1.0,0.5,0.5,0.5,0.3333333333333333,0.0,19.0,0.0,0,False,0.0,0.0,False,1.0,0.053030999879410956,
tabular_tree_a-development-0027,tabular_tree_a,tabular,development,unknown_ambiguous,subtle,True,False,full_h10,invalid,1.0,1.0,1.0,1.0,1.0,1.0,1.0,1.0,0.5,0.5,0.5,0.3333333333333333,0.0,19.0,0.0,0,True,0.0,0.0,False,1.0,0.21004800009905011,18c52f706d830fc0402283e7f13ea0eafd3efb8d12eaa17d6d13382e951c6337
tabular_tree_a-development-0028,tabular_tree_a,tabular,development,single,moderate,False,False,independent_if_else,invalid,1.0,1.0,1.0,1.0,1.0,1.0,1.0,1.0,1.0,1.0,1.0,1.0,1.0,0.0,0.0,0,False,0.0,0.0,False,0.0,0.027831999886984704,
tabular_tree_a-development-0028,tabular_tree_a,tabular,development,single,moderate,False,False,typed_route_without_cut,invalid,1.0,1.0,1.0,1.0,1.0,1.0,1.0,1.0,1.0,1.0,1.0,1.0,1.0,0.0,0.0,0,False,0.0,0.0,False,0.0,0.06422199976441334,
tabular_tree_a-development-0028,tabular_tree_a,tabular,development,single,moderate,False,False,full_h10,invalid,1.0,1.0,1.0,1.0,1.0,1.0,1.0,1.0,1.0,1.0,1.0,1.0,1.0,0.0,0.0,0,True,0.0,0.0,False,0.0,0.17110499993577832,c30dbea0a71355d9f856b5a9b2a19893d3fce908a65575fd221a55573b5e8e50
tabular_tree_a-development-0029,tabular_tree_a,tabular,development,composite,severe,False,False,independent_if_else,invalid,1.0,1.0,1.0,1.0,1.0,1.0,1.0,1.0,0.5,1.0,0.6666666666666666,0.5,0.0,2.0,0.0,0,False,0.0,0.0,False,0.0,0.028432999897631817,
tabular_tree_a-development-0029,tabular_tree_a,tabular,development,composite,severe,False,False,typed_route_without_cut,invalid,1.0,1.0,1.0,1.0,1.0,1.0,1.0,1.0,0.5,1.0,0.6666666666666666,0.5,0.0,2.0,0.0,0,False,0.0,0.0,False,0.0,0.055545000122947386,
tabular_tree_a-development-0029,tabular_tree_a,tabular,development,composite,severe,False,False,full_h10,invalid,1.0,1.0,1.0,1.0,1.0,1.0,1.0,1.0,1.0,1.0,1.0,1.0,1.0,0.0,0.0,0,True,0.0,0.0,False,0.0,0.18581299991637934,eca3d46da97d240e6abb7aff18b6ba7121c002e3348b5c3298fb4f7b63347bda
tabular_tree_a-development-0030,tabular_tree_a,tabular,development,clean,none,False,False,independent_if_else,valid,1.0,1.0,1.0,1.0,1.0,1.0,1.0,1.0,1.0,1.0,1.0,1.0,1.0,0.0,0.0,0,False,0.0,0.0,False,0.0,0.02011800006584963,
tabular_tree_a-development-0030,tabular_tree_a,tabular,development,clean,none,False,False,typed_route_without_cut,valid,1.0,1.0,1.0,1.0,1.0,1.0,1.0,1.0,1.0,1.0,1.0,1.0,1.0,0.0,0.0,0,False,0.0,0.0,False,0.0,0.019737000002351124,
tabular_tree_a-development-0030,tabular_tree_a,tabular,development,clean,none,False,False,full_h10,valid,1.0,1.0,1.0,1.0,1.0,1.0,1.0,1.0,1.0,1.0,1.0,1.0,1.0,0.0,0.0,0,True,0.0,0.0,False,0.0,0.034143999982916284,8d018540d703ab617695e9ff20cd260f50139b2c90b814a085f3c7faf8d75873
tabular_tree_a-development-0031,tabular_tree_a,tabular,development,composite,moderate,False,False,independent_if_else,invalid,1.0,1.0,1.0,1.0,1.0,1.0,1.0,1.0,1.0,1.0,1.0,1.0,1.0,0.0,0.0,0,False,0.0,0.0,False,0.0,0.02827399976013112,
tabular_tree_a-development-0031,tabular_tree_a,tabular,development,composite,moderate,False,False,typed_route_without_cut,invalid,1.0,1.0,1.0,1.0,1.0,1.0,1.0,1.0,1.0,1.0,1.0,1.0,1.0,0.0,0.0,0,False,0.0,0.0,False,0.0,0.06860099983896362,
tabular_tree_a-development-0031,tabular_tree_a,tabular,development,composite,moderate,False,False,full_h10,invalid,1.0,1.0,1.0,1.0,1.0,1.0,1.0,1.0,1.0,1.0,1.0,1.0,1.0,0.0,0.0,0,True,0.0,0.0,False,0.0,0.18493099969418836,b6b674aa800471dbf3bc42a6fe11768b457a060b7c5aa70904db80f27cd1d418
tabular_tree_a-development-0032,tabular_tree_a,tabular,development,composite,severe,False,False,independent_if_else,invalid,1.0,1.0,1.0,1.0,1.0,1.0,1.0,1.0,0.5,1.0,0.6666666666666666,0.5,0.0,1.0,0.0,0,False,0.0,0.0,False,0.0,0.026440000056027202,
tabular_tree_a-development-0032,tabular_tree_a,tabular,development,composite,severe,False,False,typed_route_without_cut,invalid,1.0,1.0,1.0,1.0,1.0,1.0,1.0,1.0,0.5,1.0,0.6666666666666666,0.5,0.0,1.0,0.0,0,False,0.0,0.0,False,0.0,0.06453200012401794,
tabular_tree_a-development-0032,tabular_tree_a,tabular,development,composite,severe,False,False,full_h10,invalid,1.0,1.0,1.0,1.0,1.0,1.0,1.0,1.0,1.0,1.0,1.0,1.0,1.0,0.0,0.0,0,True,0.0,0.0,False,0.0,0.18275699994774186,123597497afce6cba32fe9b9a0436389d8a28c96f70927d75836b7351db54f60
tabular_tree_a-development-0033,tabular_tree_a,tabular,development,composite,subtle,False,False,independent_if_else,invalid,1.0,1.0,1.0,1.0,1.0,1.0,1.0,1.0,1.0,1.0,1.0,1.0,1.0,0.0,0.0,0,False,0.0,0.0,False,0.0,0.026369999886810547,
tabular_tree_a-development-0033,tabular_tree_a,tabular,development,composite,subtle,False,False,typed_route_without_cut,invalid,1.0,1.0,1.0,1.0,1.0,1.0,1.0,1.0,1.0,1.0,1.0,1.0,1.0,0.0,0.0,0,False,0.0,0.0,False,0.0,0.06811899993408588,
tabular_tree_a-development-0033,tabular_tree_a,tabular,development,composite,subtle,False,False,full_h10,invalid,1.0,1.0,1.0,1.0,1.0,1.0,1.0,1.0,1.0,1.0,1.0,1.0,1.0,0.0,0.0,0,True,0.0,0.0,False,0.0,0.20239400009813835,9cd8cba336c1683a338c5a41b4ce316d90483c6a8d876f16e2481756e6045608
tabular_tree_a-development-0034,tabular_tree_a,tabular,development,composite,moderate,False,False,independent_if_else,invalid,1.0,1.0,1.0,1.0,1.0,1.0,1.0,1.0,0.3333333333333333,1.0,0.5,0.3333333333333333,0.0,6.0,0.0,0,False,0.0,0.0,False,0.0,0.03160999995088787,
tabular_tree_a-development-0034,tabular_tree_a,tabular,development,composite,moderate,False,False,typed_route_without_cut,invalid,1.0,1.0,1.0,1.0,1.0,1.0,1.0,1.0,0.3333333333333333,1.0,0.5,0.3333333333333333,0.0,6.0,0.0,0,False,0.0,0.0,False,0.0,0.06194700017658761,
tabular_tree_a-development-0034,tabular_tree_a,tabular,development,composite,moderate,False,False,full_h10,invalid,1.0,1.0,1.0,1.0,1.0,1.0,1.0,1.0,1.0,1.0,1.0,1.0,1.0,0.0,0.0,0,True,0.0,0.0,False,0.0,0.36024299970449647,bfc29aea833bfd18efb924c0944db84a1b7e3100a3d0dd4ac54ab09de82e5e07
tabular_tree_a-development-0035,tabular_tree_a,tabular,development,clean,none,False,False,independent_if_else,valid,1.0,1.0,1.0,1.0,1.0,1.0,1.0,1.0,1.0,1.0,1.0,1.0,1.0,0.0,0.0,0,False,0.0,0.0,False,0.0,0.019968000287917675,
tabular_tree_a-development-0035,tabular_tree_a,tabular,development,clean,none,False,False,typed_route_without_cut,valid,1.0,1.0,1.0,1.0,1.0,1.0,1.0,1.0,1.0,1.0,1.0,1.0,1.0,0.0,0.0,0,False,0.0,0.0,False,0.0,0.019607000012911158,
tabular_tree_a-development-0035,tabular_tree_a,tabular,development,clean,none,False,False,full_h10,valid,1.0,1.0,1.0,1.0,1.0,1.0,1.0,1.0,1.0,1.0,1.0,1.0,1.0,0.0,0.0,0,True,0.0,0.0,False,0.0,0.021640999875671696,eef722a898619e36a602435a7abfde9e6c95bb82a72074303edab26396639713
tabular_tree_a-development-0036,tabular_tree_a,tabular,development,composite,subtle,False,False,independent_if_else,invalid,1.0,1.0,1.0,1.0,1.0,1.0,1.0,1.0,0.3333333333333333,1.0,0.5,0.3333333333333333,0.0,6.0,0.0,0,False,0.0,0.0,False,0.0,0.028032999580318574,
tabular_tree_a-development-0036,tabular_tree_a,tabular,development,composite,subtle,False,False,typed_route_without_cut,invalid,1.0,1.0,1.0,1.0,1.0,1.0,1.0,1.0,0.3333333333333333,1.0,0.5,0.3333333333333333,0.0,6.0,0.0,0,False,0.0,0.0,False,0.0,0.09519100012767012,
tabular_tree_a-development-0036,tabular_tree_a,tabular,development,composite,subtle,False,False,full_h10,invalid,1.0,1.0,1.0,1.0,1.0,1.0,1.0,1.0,1.0,1.0,1.0,1.0,1.0,0.0,0.0,0,True,0.0,0.0,False,0.0,0.18466099982106243,0bbfa9ee2db0d830dd8ad111cc26707be6cd652705c6774d08c5c7d3110efad8
tabular_tree_a-development-0037,tabular_tree_a,tabular,development,unknown_ambiguous,moderate,True,False,independent_if_else,invalid,1.0,1.0,1.0,1.0,1.0,1.0,1.0,1.0,1.0,1.0,1.0,1.0,1.0,0.0,0.0,0,False,0.0,0.0,False,1.0,0.022792999970988603,
tabular_tree_a-development-0037,tabular_tree_a,tabular,development,unknown_ambiguous,moderate,True,False,typed_route_without_cut,invalid,1.0,1.0,1.0,1.0,1.0,1.0,1.0,1.0,1.0,1.0,1.0,1.0,1.0,0.0,0.0,0,False,0.0,0.0,False,1.0,0.04333200013206806,
tabular_tree_a-development-0037,tabular_tree_a,tabular,development,unknown_ambiguous,moderate,True,False,full_h10,invalid,1.0,1.0,1.0,1.0,1.0,1.0,1.0,1.0,1.0,1.0,1.0,1.0,1.0,0.0,0.0,0,True,0.0,0.0,False,1.0,0.16119499969136086,ebfcfd18b5fb6666403f306029156014c302f8ca9b150b2dd4a3207a07d30bb6
tabular_tree_a-development-0038,tabular_tree_a,tabular,development,unknown_ambiguous,severe,True,True,independent_if_else,insufficient_evidence,1.0,1.0,1.0,1.0,0.6666666666666666,1.0,0.8,0.6666666666666666,1.0,1.0,1.0,1.0,1.0,0.0,2.0,1,False,0.0,0.0,True,0.0,0.030208000225684373,
tabular_tree_a-development-0038,tabular_tree_a,tabular,development,unknown_ambiguous,severe,True,True,typed_route_without_cut,insufficient_evidence,1.0,1.0,1.0,1.0,0.6666666666666666,1.0,0.8,0.6666666666666666,1.0,1.0,1.0,1.0,1.0,0.0,2.0,1,False,0.0,0.0,True,0.0,0.05708900016543339,
tabular_tree_a-development-0038,tabular_tree_a,tabular,development,unknown_ambiguous,severe,True,True,full_h10,insufficient_evidence,1.0,1.0,1.0,1.0,0.6666666666666666,1.0,0.8,0.6666666666666666,1.0,1.0,1.0,1.0,1.0,0.0,2.0,1,True,0.0,0.0,True,0.0,0.17704600031720474,1534e23c3358da844e81cd14baad36294e6d68b2ba0e7d505d194c5c4e328f5f
tabular_tree_a-development-0039,tabular_tree_a,tabular,development,composite,subtle,False,False,independent_if_else,invalid,1.0,1.0,1.0,1.0,1.0,1.0,1.0,1.0,0.6666666666666666,1.0,0.8,0.6666666666666666,0.0,2.0,0.0,0,False,0.0,0.0,False,0.0,0.03931499986720155,
tabular_tree_a-development-0039,tabular_tree_a,tabular,development,composite,subtle,False,False,typed_route_without_cut,invalid,1.0,1.0,1.0,1.0,1.0,1.0,1.0,1.0,0.6666666666666666,1.0,0.8,0.6666666666666666,0.0,2.0,0.0,0,False,0.0,0.0,False,0.0,0.07493300017813453,
tabular_tree_a-development-0039,tabular_tree_a,tabular,development,composite,subtle,False,False,full_h10,invalid,1.0,1.0,1.0,1.0,1.0,1.0,1.0,1.0,1.0,1.0,1.0,1.0,1.0,0.0,0.0,0,True,0.0,0.0,False,0.0,0.19362799957889365,4a5e41b1c2df825206852438d3695a302a26466576a641f9b794293a11a65d55
tabular_tree_a-development-0040,tabular_tree_a,tabular,development,unknown_ambiguous,moderate,True,True,independent_if_else,invalid,1.0,1.0,1.0,1.0,1.0,1.0,1.0,1.0,0.25,0.5,0.3333333333333333,0.2,0.0,37.0,0.0,0,False,0.0,0.0,False,1.0,0.03320299992992659,
tabular_tree_a-development-0040,tabular_tree_a,tabular,development,unknown_ambiguous,moderate,True,True,typed_route_without_cut,invalid,1.0,1.0,1.0,1.0,1.0,1.0,1.0,1.0,0.25,0.5,0.3333333333333333,0.2,0.0,37.0,0.0,0,False,0.0,0.0,False,1.0,0.03531700031089713,
tabular_tree_a-development-0040,tabular_tree_a,tabular,development,unknown_ambiguous,moderate,True,True,full_h10,invalid,1.0,1.0,1.0,1.0,1.0,1.0,1.0,1.0,0.3333333333333333,0.5,0.4,0.25,0.0,36.0,0.0,0,True,0.0,0.0,False,1.0,0.19884800030922634,12f0b056bebcc0204179bbcba252454e6a5fbc7a79a251ee323295b387ce162c
tabular_tree_a-development-0041,tabular_tree_a,tabular,development,composite,severe,False,False,independent_if_else,invalid,1.0,1.0,1.0,1.0,1.0,1.0,1.0,1.0,1.0,1.0,1.0,1.0,1.0,0.0,0.0,0,False,0.0,0.0,False,0.0,0.03360399978191708,
tabular_tree_a-development-0041,tabular_tree_a,tabular,development,composite,severe,False,False,typed_route_without_cut,invalid,1.0,1.0,1.0,1.0,1.0,1.0,1.0,1.0,1.0,1.0,1.0,1.0,1.0,0.0,0.0,0,False,0.0,0.0,False,0.0,0.08593300026404904,
tabular_tree_a-development-0041,tabular_tree_a,tabular,development,composite,severe,False,False,full_h10,invalid,1.0,1.0,1.0,1.0,1.0,1.0,1.0,1.0,1.0,1.0,1.0,1.0,1.0,0.0,0.0,0,True,0.0,0.0,False,0.0,0.30894600013198215,e0c4223955d65fdadd7446737f6422bcf3ddd158c77518d6ede705014176a49a
tabular_tree_a-development-0042,tabular_tree_a,tabular,development,clean,none,False,False,independent_if_else,valid,1.0,1.0,1.0,1.0,1.0,1.0,1.0,1.0,1.0,1.0,1.0,1.0,1.0,0.0,0.0,0,False,0.0,0.0,False,0.0,0.02289400026711519,
tabular_tree_a-development-0042,tabular_tree_a,tabular,development,clean,none,False,False,typed_route_without_cut,valid,1.0,1.0,1.0,1.0,1.0,1.0,1.0,1.0,1.0,1.0,1.0,1.0,1.0,0.0,0.0,0,False,0.0,0.0,False,0.0,0.0214010001400311,
tabular_tree_a-development-0042,tabular_tree_a,tabular,development,clean,none,False,False,full_h10,valid,1.0,1.0,1.0,1.0,1.0,1.0,1.0,1.0,1.0,1.0,1.0,1.0,1.0,0.0,0.0,0,True,0.0,0.0,False,0.0,0.026741000056063058,f058bc7748e7e3b1a914f1ef131408ac31f611ca49c6fb5e865e11f8dcf479f4
tabular_tree_a-development-0043,tabular_tree_a,tabular,development,unknown_ambiguous,moderate,True,False,independent_if_else,invalid,1.0,1.0,1.0,1.0,1.0,1.0,1.0,1.0,0.4,0.6666666666666666,0.5,0.3333333333333333,0.0,37.0,0.0,0,False,0.0,0.0,False,1.0,0.038733000110369176,
tabular_tree_a-development-0043,tabular_tree_a,tabular,development,unknown_ambiguous,moderate,True,False,typed_route_without_cut,invalid,1.0,1.0,1.0,1.0,1.0,1.0,1.0,1.0,0.4,0.6666666666666666,0.5,0.3333333333333333,0.0,37.0,0.0,0,False,0.0,0.0,False,1.0,0.06200800044098287,
tabular_tree_a-development-0043,tabular_tree_a,tabular,development,unknown_ambiguous,moderate,True,False,full_h10,invalid,1.0,1.0,1.0,1.0,1.0,1.0,1.0,1.0,0.5,0.6666666666666666,0.5714285714285715,0.4,0.0,36.0,0.0,0,True,0.0,0.0,False,1.0,0.2801109999381879,035b452d844b406b85a15636cccbd913bbf242a9c865b2201e712ca2471a6b51
tabular_tree_a-development-0044,tabular_tree_a,tabular,development,composite,severe,False,False,independent_if_else,invalid,1.0,1.0,1.0,1.0,1.0,1.0,1.0,1.0,0.3333333333333333,1.0,0.5,0.3333333333333333,0.0,6.0,0.0,0,False,0.0,0.0,False,0.0,0.03444599997237674,
tabular_tree_a-development-0044,tabular_tree_a,tabular,development,composite,severe,False,False,typed_route_without_cut,invalid,1.0,1.0,1.0,1.0,1.0,1.0,1.0,1.0,0.3333333333333333,1.0,0.5,0.3333333333333333,0.0,6.0,0.0,0,False,0.0,0.0,False,0.0,0.06399099993359414,
tabular_tree_a-development-0044,tabular_tree_a,tabular,development,composite,severe,False,False,full_h10,invalid,1.0,1.0,1.0,1.0,1.0,1.0,1.0,1.0,1.0,1.0,1.0,1.0,1.0,0.0,0.0,0,True,0.0,0.0,False,0.0,0.1909319998958381,493bde7711e1417b4f7f918159e736bedd329ebc66fc38f6ae96dd38766a6cfd
tabular_tree_a-development-0045,tabular_tree_a,tabular,development,composite,subtle,False,False,independent_if_else,invalid,1.0,1.0,1.0,1.0,1.0,1.0,1.0,1.0,1.0,1.0,1.0,1.0,1.0,0.0,0.0,0,False,0.0,0.0,False,0.0,0.027291000151308253,
tabular_tree_a-development-0045,tabular_tree_a,tabular,development,composite,subtle,False,False,typed_route_without_cut,invalid,1.0,1.0,1.0,1.0,1.0,1.0,1.0,1.0,1.0,1.0,1.0,1.0,1.0,0.0,0.0,0,False,0.0,0.0,False,0.0,0.050055000428983476,
tabular_tree_a-development-0045,tabular_tree_a,tabular,development,composite,subtle,False,False,full_h10,invalid,1.0,1.0,1.0,1.0,1.0,1.0,1.0,1.0,1.0,1.0,1.0,1.0,1.0,0.0,0.0,0,True,0.0,0.0,False,0.0,0.16746699975556112,1af40ad84320bc473459e499301fd7bdaf7e6c59fdbe28112110a340ec90bdec
tabular_tree_a-development-0046,tabular_tree_a,tabular,development,unknown_ambiguous,moderate,True,True,independent_if_else,insufficient_evidence,1.0,1.0,1.0,1.0,0.7142857142857143,1.0,0.8333333333333333,0.7142857142857143,0.4,0.6666666666666666,0.5,0.3333333333333333,0.0,37.0,4.0,2,False,0.0,0.0,True,0.0,0.043912999899475835,
tabular_tree_a-development-0046,tabular_tree_a,tabular,development,unknown_ambiguous,moderate,True,True,typed_route_without_cut,insufficient_evidence,1.0,1.0,1.0,1.0,0.7142857142857143,1.0,0.8333333333333333,0.7142857142857143,0.4,0.6666666666666666,0.5,0.3333333333333333,0.0,37.0,4.0,2,False,0.0,0.0,True,0.0,0.076454999998532,
tabular_tree_a-development-0046,tabular_tree_a,tabular,development,unknown_ambiguous,moderate,True,True,full_h10,insufficient_evidence,1.0,1.0,1.0,1.0,0.7142857142857143,1.0,0.8333333333333333,0.7142857142857143,0.5,0.6666666666666666,0.5714285714285715,0.4,0.0,36.0,4.0,2,True,0.0,0.0,True,0.0,0.2625279998937913,159f9410ac05c6e167c8ca5fa941ec8d8ead63ee129a6d963b6376ad3b05d822
tabular_tree_a-development-0047,tabular_tree_a,tabular,development,composite,severe,False,False,independent_if_else,invalid,1.0,1.0,1.0,1.0,1.0,1.0,1.0,1.0,1.0,1.0,1.0,1.0,1.0,0.0,0.0,0,False,0.0,0.0,False,0.0,0.027893000151379965,
tabular_tree_a-development-0047,tabular_tree_a,tabular,development,composite,severe,False,False,typed_route_without_cut,invalid,1.0,1.0,1.0,1.0,1.0,1.0,1.0,1.0,1.0,1.0,1.0,1.0,1.0,0.0,0.0,0,False,0.0,0.0,False,0.0,0.07030300002952572,
tabular_tree_a-development-0047,tabular_tree_a,tabular,development,composite,severe,False,False,full_h10,invalid,1.0,1.0,1.0,1.0,1.0,1.0,1.0,1.0,1.0,1.0,1.0,1.0,1.0,0.0,0.0,0,True,0.0,0.0,False,0.0,0.1765049996720336,2515c87dcb522de2af42954b99c7a3b85f9172a9704e507d94f155ccc53d5ee6
tabular_tree_a-development-0048,tabular_tree_a,tabular,development,unknown_ambiguous,subtle,True,True,independent_if_else,invalid,1.0,1.0,1.0,1.0,1.0,1.0,1.0,1.0,0.25,0.5,0.3333333333333333,0.2,0.0,37.0,0.0,0,False,0.0,0.0,False,1.0,0.03344300012031454,
tabular_tree_a-development-0048,tabular_tree_a,tabular,development,unknown_ambiguous,subtle,True,True,typed_route_without_cut,invalid,1.0,1.0,1.0,1.0,1.0,1.0,1.0,1.0,0.25,0.5,0.3333333333333333,0.2,0.0,37.0,0.0,0,False,0.0,0.0,False,1.0,0.03374400012035039,
tabular_tree_a-development-0048,tabular_tree_a,tabular,development,unknown_ambiguous,subtle,True,True,full_h10,invalid,1.0,1.0,1.0,1.0,1.0,1.0,1.0,1.0,0.3333333333333333,0.5,0.4,0.25,0.0,36.0,0.0,0,True,0.0,0.0,False,1.0,0.1841600001171173,88fb70abd4676848771583e93934696ee10539b5c8c977f5c0cec53a9a81f79b
tabular_tree_a-development-0049,tabular_tree_a,tabular,development,composite,moderate,False,False,independent_if_else,invalid,1.0,1.0,1.0,1.0,1.0,1.0,1.0,1.0,0.6666666666666666,1.0,0.8,0.6666666666666666,0.0,1.0,0.0,0,False,0.0,0.0,False,0.0,0.030899000194040127,
tabular_tree_a-development-0049,tabular_tree_a,tabular,development,composite,moderate,False,False,typed_route_without_cut,invalid,1.0,1.0,1.0,1.0,1.0,1.0,1.0,1.0,0.6666666666666666,1.0,0.8,0.6666666666666666,0.0,1.0,0.0,0,False,0.0,0.0,False,0.0,0.07016300014583976,
tabular_tree_a-development-0049,tabular_tree_a,tabular,development,composite,moderate,False,False,full_h10,invalid,1.0,1.0,1.0,1.0,1.0,1.0,1.0,1.0,1.0,1.0,1.0,1.0,1.0,0.0,0.0,0,True,0.0,0.0,False,0.0,0.17905999993672594,4d13b965e11f545610923eb09bfaae692eb3cabb3d4478ea35bfc5829c7b7d7b
tabular_tree_a-development-0050,tabular_tree_a,tabular,development,composite,severe,False,False,independent_if_else,invalid,1.0,1.0,1.0,1.0,1.0,1.0,1.0,1.0,0.6666666666666666,1.0,0.8,0.6666666666666666,0.0,4.0,0.0,0,False,0.0,0.0,False,0.0,0.03002700032084249,
tabular_tree_a-development-0050,tabular_tree_a,tabular,development,composite,severe,False,False,typed_route_without_cut,invalid,1.0,1.0,1.0,1.0,1.0,1.0,1.0,1.0,0.6666666666666666,1.0,0.8,0.6666666666666666,0.0,4.0,0.0,0,False,0.0,0.0,False,0.0,0.06018499971105484,
tabular_tree_a-development-0050,tabular_tree_a,tabular,development,composite,severe,False,False,full_h10,invalid,1.0,1.0,1.0,1.0,1.0,1.0,1.0,1.0,1.0,1.0,1.0,1.0,1.0,0.0,0.0,0,True,0.0,0.0,False,0.0,0.1759339997988718,f63015e1b818b1f10825d11b0e86eafc888d2c9c29bcf0494cd6b4d5edd0e564
tabular_tree_a-development-0051,tabular_tree_a,tabular,development,composite,subtle,False,False,independent_if_else,invalid,1.0,1.0,1.0,1.0,1.0,1.0,1.0,1.0,0.6666666666666666,1.0,0.8,0.6666666666666666,0.0,2.0,0.0,0,False,0.0,0.0,False,0.0,0.03142000014122459,
tabular_tree_a-development-0051,tabular_tree_a,tabular,development,composite,subtle,False,False,typed_route_without_cut,invalid,1.0,1.0,1.0,1.0,1.0,1.0,1.0,1.0,0.6666666666666666,1.0,0.8,0.6666666666666666,0.0,2.0,0.0,0,False,0.0,0.0,False,0.0,0.06023500009177951,
tabular_tree_a-development-0051,tabular_tree_a,tabular,development,composite,subtle,False,False,full_h10,invalid,1.0,1.0,1.0,1.0,1.0,1.0,1.0,1.0,1.0,1.0,1.0,1.0,1.0,0.0,0.0,0,True,0.0,0.0,False,0.0,0.21761300013167784,b42182c3e97dabcc46418b89c1572560dbf2857a8659651656fa1e731101831b
tabular_tree_a-development-0052,tabular_tree_a,tabular,development,composite,moderate,False,False,independent_if_else,invalid,1.0,1.0,1.0,1.0,1.0,1.0,1.0,1.0,0.6666666666666666,1.0,0.8,0.6666666666666666,0.0,2.0,0.0,0,False,0.0,0.0,False,0.0,0.030558000162272947,
tabular_tree_a-development-0052,tabular_tree_a,tabular,development,composite,moderate,False,False,typed_route_without_cut,invalid,1.0,1.0,1.0,1.0,1.0,1.0,1.0,1.0,0.6666666666666666,1.0,0.8,0.6666666666666666,0.0,2.0,0.0,0,False,0.0,0.0,False,0.0,0.07604399979754817,
tabular_tree_a-development-0052,tabular_tree_a,tabular,development,composite,moderate,False,False,full_h10,invalid,1.0,1.0,1.0,1.0,1.0,1.0,1.0,1.0,1.0,1.0,1.0,1.0,1.0,0.0,0.0,0,True,0.0,0.0,False,0.0,0.18140399970434373,a37d8d94e8b563277cb156b5e5247ccb38e3b6e3f48c7fb4883af13e79d1144d
tabular_tree_a-development-0053,tabular_tree_a,tabular,development,single,severe,False,False,independent_if_else,invalid,1.0,1.0,1.0,1.0,1.0,1.0,1.0,1.0,1.0,1.0,1.0,1.0,1.0,0.0,0.0,0,False,0.0,0.0,False,0.0,0.022932999854674563,
tabular_tree_a-development-0053,tabular_tree_a,tabular,development,single,severe,False,False,typed_route_without_cut,invalid,1.0,1.0,1.0,1.0,1.0,1.0,1.0,1.0,1.0,1.0,1.0,1.0,1.0,0.0,0.0,0,False,0.0,0.0,False,0.0,0.06011400000716094,
tabular_tree_a-development-0053,tabular_tree_a,tabular,development,single,severe,False,False,full_h10,invalid,1.0,1.0,1.0,1.0,1.0,1.0,1.0,1.0,1.0,1.0,1.0,1.0,1.0,0.0,0.0,0,True,0.0,0.0,False,0.0,0.24857100015651667,70ad51e752c58ca0721f6305993781e6afe773765cf1a15b786c38efbcb0c9e6
tabular_tree_a-development-0054,tabular_tree_a,tabular,development,single,subtle,False,False,independent_if_else,invalid,1.0,1.0,1.0,1.0,1.0,1.0,1.0,1.0,1.0,1.0,1.0,1.0,1.0,0.0,0.0,0,False,0.0,0.0,False,0.0,0.07056399999783025,
tabular_tree_a-development-0054,tabular_tree_a,tabular,development,single,subtle,False,False,typed_route_without_cut,invalid,1.0,1.0,1.0,1.0,1.0,1.0,1.0,1.0,1.0,1.0,1.0,1.0,1.0,0.0,0.0,0,False,0.0,0.0,False,0.0,0.07693599991398514,
tabular_tree_a-development-0054,tabular_tree_a,tabular,development,single,subtle,False,False,full_h10,invalid,1.0,1.0,1.0,1.0,1.0,1.0,1.0,1.0,1.0,1.0,1.0,1.0,1.0,0.0,0.0,0,True,0.0,0.0,False,0.0,0.24490499981766334,0e2978681782d07df243a70a3c86835ef7e3292d9613ef1832b75e34a058806e
tabular_tree_a-development-0055,tabular_tree_a,tabular,development,unknown_ambiguous,moderate,True,False,independent_if_else,invalid,1.0,1.0,1.0,1.0,1.0,1.0,1.0,1.0,0.5,0.5,0.5,0.3333333333333333,0.0,19.0,0.0,0,False,0.0,0.0,False,1.0,0.03929500007870956,
tabular_tree_a-development-0055,tabular_tree_a,tabular,development,unknown_ambiguous,moderate,True,False,typed_route_without_cut,invalid,1.0,1.0,1.0,1.0,1.0,1.0,1.0,1.0,0.5,0.5,0.5,0.3333333333333333,0.0,19.0,0.0,0,False,0.0,0.0,False,1.0,0.0662249999550113,
tabular_tree_a-development-0055,tabular_tree_a,tabular,development,unknown_ambiguous,moderate,True,False,full_h10,invalid,1.0,1.0,1.0,1.0,1.0,1.0,1.0,1.0,0.5,0.5,0.5,0.3333333333333333,0.0,19.0,0.0,0,True,0.0,0.0,False,1.0,0.30573999993066536,0776cf3619aed44fca77bb5a48bea42b686c3c523b16a6f118a14bdafa54750a
tabular_tree_a-development-0056,tabular_tree_a,tabular,development,clean,none,False,False,independent_if_else,valid,1.0,1.0,1.0,1.0,1.0,1.0,1.0,1.0,1.0,1.0,1.0,1.0,1.0,0.0,0.0,0,False,0.0,0.0,False,0.0,0.03501700030028587,
tabular_tree_a-development-0056,tabular_tree_a,tabular,development,clean,none,False,False,typed_route_without_cut,valid,1.0,1.0,1.0,1.0,1.0,1.0,1.0,1.0,1.0,1.0,1.0,1.0,1.0,0.0,0.0,0,False,0.0,0.0,False,0.0,0.029707000066991895,
tabular_tree_a-development-0056,tabular_tree_a,tabular,development,clean,none,False,False,full_h10,valid,1.0,1.0,1.0,1.0,1.0,1.0,1.0,1.0,1.0,1.0,1.0,1.0,1.0,0.0,0.0,0,True,0.0,0.0,False,0.0,0.0421089998781099,e237ecabb43f8f1ebd7bfa7610cb594ddc23da672f82b1d562df6e896c55de7f
tabular_tree_a-development-0057,tabular_tree_a,tabular,development,unknown_ambiguous,subtle,True,False,independent_if_else,invalid,1.0,1.0,1.0,1.0,1.0,1.0,1.0,1.0,0.5,0.5,0.5,0.3333333333333333,0.0,19.0,0.0,0,False,0.0,0.0,False,1.0,0.07961100027387147,
tabular_tree_a-development-0057,tabular_tree_a,tabular,development,unknown_ambiguous,subtle,True,False,typed_route_without_cut,invalid,1.0,1.0,1.0,1.0,1.0,1.0,1.0,1.0,0.5,0.5,0.5,0.3333333333333333,0.0,19.0,0.0,0,False,0.0,0.0,False,1.0,0.03751099984583561,
tabular_tree_a-development-0057,tabular_tree_a,tabular,development,unknown_ambiguous,subtle,True,False,full_h10,invalid,1.0,1.0,1.0,1.0,1.0,1.0,1.0,1.0,0.5,0.5,0.5,0.3333333333333333,0.0,19.0,0.0,0,True,0.0,0.0,False,1.0,0.21494700013136026,bd79ccddf2d4a370c20d797ab28455adecc8ef9c674e7e55a15b6b56307fa75b
tabular_tree_a-development-0058,tabular_tree_a,tabular,development,composite,moderate,False,False,independent_if_else,invalid,1.0,1.0,1.0,1.0,1.0,1.0,1.0,1.0,0.3333333333333333,1.0,0.5,0.3333333333333333,0.0,6.0,0.0,0,False,0.0,0.0,False,0.0,0.034314999993512174,
tabular_tree_a-development-0058,tabular_tree_a,tabular,development,composite,moderate,False,False,typed_route_without_cut,invalid,1.0,1.0,1.0,1.0,1.0,1.0,1.0,1.0,0.3333333333333333,1.0,0.5,0.3333333333333333,0.0,6.0,0.0,0,False,0.0,0.0,False,0.0,0.06343999984892434,
tabular_tree_a-development-0058,tabular_tree_a,tabular,development,composite,moderate,False,False,full_h10,invalid,1.0,1.0,1.0,1.0,1.0,1.0,1.0,1.0,1.0,1.0,1.0,1.0,1.0,0.0,0.0,0,True,0.0,0.0,False,0.0,0.2160200001526391,5198c0c995e29e4b990137aed82cb3f19c28cca17adaa0498a53e4e55bc3a953
tabular_tree_a-development-0059,tabular_tree_a,tabular,development,composite,severe,False,False,independent_if_else,invalid,1.0,1.0,1.0,1.0,1.0,1.0,1.0,1.0,0.6666666666666666,1.0,0.8,0.6666666666666666,0.0,2.0,0.0,0,False,0.0,0.0,False,0.0,0.030887999855622184,
tabular_tree_a-development-0059,tabular_tree_a,tabular,development,composite,severe,False,False,typed_route_without_cut,invalid,1.0,1.0,1.0,1.0,1.0,1.0,1.0,1.0,0.6666666666666666,1.0,0.8,0.6666666666666666,0.0,2.0,0.0,0,False,0.0,0.0,False,0.0,0.07556300033684238,
tabular_tree_a-development-0059,tabular_tree_a,tabular,development,composite,severe,False,False,full_h10,invalid,1.0,1.0,1.0,1.0,1.0,1.0,1.0,1.0,1.0,1.0,1.0,1.0,1.0,0.0,0.0,0,True,0.0,0.0,False,0.0,0.1893490002657927,9e94f1c18ae0ac929dba7da26aa53013e2faed3bbfbe92b772ecde2ba82eae5b
tabular_tree_a-development-0060,tabular_tree_a,tabular,development,composite,subtle,False,False,independent_if_else,invalid,1.0,1.0,1.0,1.0,1.0,1.0,1.0,1.0,0.6666666666666666,1.0,0.8,0.6666666666666666,0.0,2.0,0.0,0,False,0.0,0.0,False,0.0,0.03439600004639942,
tabular_tree_a-development-0060,tabular_tree_a,tabular,development,composite,subtle,False,False,typed_route_without_cut,invalid,1.0,1.0,1.0,1.0,1.0,1.0,1.0,1.0,0.6666666666666666,1.0,0.8,0.6666666666666666,0.0,2.0,0.0,0,False,0.0,0.0,False,0.0,0.08494099984091008,
tabular_tree_a-development-0060,tabular_tree_a,tabular,development,composite,subtle,False,False,full_h10,invalid,1.0,1.0,1.0,1.0,1.0,1.0,1.0,1.0,1.0,1.0,1.0,1.0,1.0,0.0,0.0,0,True,0.0,0.0,False,0.0,0.2577689997451671,45769a2b07f37f3c25af2fd04107eaabdb7f49fea19892515b53140683744e86
tabular_tree_a-development-0061,tabular_tree_a,tabular,development,clean,none,False,False,independent_if_else,valid,1.0,1.0,1.0,1.0,1.0,1.0,1.0,1.0,1.0,1.0,1.0,1.0,1.0,0.0,0.0,0,False,0.0,0.0,False,0.0,0.031139000384428073,
tabular_tree_a-development-0061,tabular_tree_a,tabular,development,clean,none,False,False,typed_route_without_cut,valid,1.0,1.0,1.0,1.0,1.0,1.0,1.0,1.0,1.0,1.0,1.0,1.0,1.0,0.0,0.0,0,False,0.0,0.0,False,0.0,0.029415999961202033,
tabular_tree_a-development-0061,tabular_tree_a,tabular,development,clean,none,False,False,full_h10,valid,1.0,1.0,1.0,1.0,1.0,1.0,1.0,1.0,1.0,1.0,1.0,1.0,1.0,0.0,0.0,0,True,0.0,0.0,False,0.0,0.042861000110860914,c5954bbd54e01510b9c7ac8f6d79bd20808db0a26f669e3dfbb46087b97a27bf
tabular_tree_a-development-0062,tabular_tree_a,tabular,development,clean,none,False,False,independent_if_else,valid,1.0,1.0,1.0,1.0,1.0,1.0,1.0,1.0,1.0,1.0,1.0,1.0,1.0,0.0,0.0,0,False,0.0,0.0,False,0.0,0.03224099964427296,
tabular_tree_a-development-0062,tabular_tree_a,tabular,development,clean,none,False,False,typed_route_without_cut,valid,1.0,1.0,1.0,1.0,1.0,1.0,1.0,1.0,1.0,1.0,1.0,1.0,1.0,0.0,0.0,0,False,0.0,0.0,False,0.0,0.02479700015101116,
tabular_tree_a-development-0062,tabular_tree_a,tabular,development,clean,none,False,False,full_h10,valid,1.0,1.0,1.0,1.0,1.0,1.0,1.0,1.0,1.0,1.0,1.0,1.0,1.0,0.0,0.0,0,True,0.0,0.0,False,0.0,0.0413279999520455,ed9a4581b54f3429722361d13f67d5aba37655d3d677e3a8f5256e735bf5b72c
tabular_tree_a-development-0063,tabular_tree_a,tabular,development,composite,subtle,False,False,independent_if_else,invalid,1.0,1.0,1.0,1.0,1.0,1.0,1.0,1.0,0.6666666666666666,1.0,0.8,0.6666666666666666,0.0,1.0,0.0,0,False,0.0,0.0,False,0.0,0.05143799990037223,
tabular_tree_a-development-0063,tabular_tree_a,tabular,development,composite,subtle,False,False,typed_route_without_cut,invalid,1.0,1.0,1.0,1.0,1.0,1.0,1.0,1.0,0.6666666666666666,1.0,0.8,0.6666666666666666,0.0,1.0,0.0,0,False,0.0,0.0,False,0.0,0.1153179996435938,
tabular_tree_a-development-0063,tabular_tree_a,tabular,development,composite,subtle,False,False,full_h10,invalid,1.0,1.0,1.0,1.0,1.0,1.0,1.0,1.0,1.0,1.0,1.0,1.0,1.0,0.0,0.0,0,True,0.0,0.0,False,0.0,0.3494829998089699,7de26348ef40da89db8ddc1c5a69b1c7d52eb48d003db9958efbc812ea7b5d7c
tabular_tree_a-development-0064,tabular_tree_a,tabular,development,composite,moderate,False,False,independent_if_else,invalid,1.0,1.0,1.0,1.0,1.0,1.0,1.0,1.0,0.6666666666666666,1.0,0.8,0.6666666666666666,0.0,2.0,0.0,0,False,0.0,0.0,False,0.0,0.04483500015339814,
tabular_tree_a-development-0064,tabular_tree_a,tabular,development,composite,moderate,False,False,typed_route_without_cut,invalid,1.0,1.0,1.0,1.0,1.0,1.0,1.0,1.0,0.6666666666666666,1.0,0.8,0.6666666666666666,0.0,2.0,0.0,0,False,0.0,0.0,False,0.0,0.08101399998849956,
tabular_tree_a-development-0064,tabular_tree_a,tabular,development,composite,moderate,False,False,full_h10,invalid,1.0,1.0,1.0,1.0,1.0,1.0,1.0,1.0,1.0,1.0,1.0,1.0,1.0,0.0,0.0,0,True,0.0,0.0,False,0.0,0.22928499993213336,f84f63746342302a2390dd756e3b11441ef4e19351a0bd854ded704a58eaad52
tabular_tree_a-development-0065,tabular_tree_a,tabular,development,composite,severe,False,False,independent_if_else,invalid,1.0,1.0,1.0,1.0,1.0,1.0,1.0,1.0,0.5,1.0,0.6666666666666666,0.5,0.0,1.0,0.0,0,False,0.0,0.0,False,0.0,0.04570700002659578,
tabular_tree_a-development-0065,tabular_tree_a,tabular,development,composite,severe,False,False,typed_route_without_cut,invalid,1.0,1.0,1.0,1.0,1.0,1.0,1.0,1.0,0.5,1.0,0.6666666666666666,0.5,0.0,1.0,0.0,0,False,0.0,0.0,False,0.0,0.07566300018879701,
tabular_tree_a-development-0065,tabular_tree_a,tabular,development,composite,severe,False,False,full_h10,invalid,1.0,1.0,1.0,1.0,1.0,1.0,1.0,1.0,1.0,1.0,1.0,1.0,1.0,0.0,0.0,0,True,0.0,0.0,False,0.0,0.22819300011178711,36b7a47da6d8e728852ba5fbd2f4c2894055d75dbbf1c4493edddd7e3f60007e
tabular_tree_a-development-0066,tabular_tree_a,tabular,development,composite,subtle,False,False,independent_if_else,invalid,1.0,1.0,1.0,1.0,1.0,1.0,1.0,1.0,1.0,1.0,1.0,1.0,1.0,0.0,0.0,0,False,0.0,0.0,False,0.0,0.03118899985565804,
tabular_tree_a-development-0066,tabular_tree_a,tabular,development,composite,subtle,False,False,typed_route_without_cut,invalid,1.0,1.0,1.0,1.0,1.0,1.0,1.0,1.0,1.0,1.0,1.0,1.0,1.0,0.0,0.0,0,False,0.0,0.0,False,0.0,0.05494399965755292,
tabular_tree_a-development-0066,tabular_tree_a,tabular,development,composite,subtle,False,False,full_h10,invalid,1.0,1.0,1.0,1.0,1.0,1.0,1.0,1.0,1.0,1.0,1.0,1.0,1.0,0.0,0.0,0,True,0.0,0.0,False,0.0,0.19101199995930074,cd57d024ce636dd9b435224b4d7967ca45371a111b9d7be96b8fc73b007b2fae
tabular_tree_a-development-0067,tabular_tree_a,tabular,development,unknown_ambiguous,moderate,True,False,independent_if_else,invalid,1.0,1.0,1.0,1.0,1.0,1.0,1.0,1.0,1.0,1.0,1.0,1.0,1.0,0.0,0.0,0,False,0.0,0.0,False,1.0,0.027982999654341256,
tabular_tree_a-development-0067,tabular_tree_a,tabular,development,unknown_ambiguous,moderate,True,False,typed_route_without_cut,invalid,1.0,1.0,1.0,1.0,1.0,1.0,1.0,1.0,1.0,1.0,1.0,1.0,1.0,0.0,0.0,0,False,0.0,0.0,False,1.0,0.052109000080236,
tabular_tree_a-development-0067,tabular_tree_a,tabular,development,unknown_ambiguous,moderate,True,False,full_h10,invalid,1.0,1.0,1.0,1.0,1.0,1.0,1.0,1.0,1.0,1.0,1.0,1.0,1.0,0.0,0.0,0,True,0.0,0.0,False,1.0,0.17628500017963233,b36a50dc2441740b0399b3687afe149e1c9ffdad5af4bac90594f92557a5602a
tabular_tree_a-development-0068,tabular_tree_a,tabular,development,single,severe,False,False,independent_if_else,invalid,1.0,1.0,1.0,1.0,1.0,1.0,1.0,1.0,1.0,1.0,1.0,1.0,1.0,0.0,0.0,0,False,0.0,0.0,False,0.0,0.027803000193671323,
tabular_tree_a-development-0068,tabular_tree_a,tabular,development,single,severe,False,False,typed_route_without_cut,invalid,1.0,1.0,1.0,1.0,1.0,1.0,1.0,1.0,1.0,1.0,1.0,1.0,1.0,0.0,0.0,0,False,0.0,0.0,False,0.0,0.07618500012540608,
tabular_tree_a-development-0068,tabular_tree_a,tabular,development,single,severe,False,False,full_h10,invalid,1.0,1.0,1.0,1.0,1.0,1.0,1.0,1.0,1.0,1.0,1.0,1.0,1.0,0.0,0.0,0,True,0.0,0.0,False,0.0,0.18250699986310792,e787a984c17a89353b88f24d742a053708347e43362d67841b573a77241a1467
tabular_tree_a-development-0069,tabular_tree_a,tabular,development,clean,none,False,False,independent_if_else,valid,1.0,1.0,1.0,1.0,1.0,1.0,1.0,1.0,1.0,1.0,1.0,1.0,1.0,0.0,0.0,0,False,0.0,0.0,False,0.0,0.01980700017156778,
tabular_tree_a-development-0069,tabular_tree_a,tabular,development,clean,none,False,False,typed_route_without_cut,valid,1.0,1.0,1.0,1.0,1.0,1.0,1.0,1.0,1.0,1.0,1.0,1.0,1.0,0.0,0.0,0,False,0.0,0.0,False,0.0,0.019858000086969696,
tabular_tree_a-development-0069,tabular_tree_a,tabular,development,clean,none,False,False,full_h10,valid,1.0,1.0,1.0,1.0,1.0,1.0,1.0,1.0,1.0,1.0,1.0,1.0,1.0,0.0,0.0,0,True,0.0,0.0,False,0.0,0.027531999876373447,fc08272deb99877bc6339ec0e1d61fd27eba29537a8cddf4301fab6f4e493eff
tabular_tree_a-development-0070,tabular_tree_a,tabular,development,single,moderate,False,False,independent_if_else,invalid,1.0,1.0,1.0,1.0,1.0,1.0,1.0,1.0,1.0,1.0,1.0,1.0,1.0,0.0,0.0,0,False,0.0,0.0,False,0.0,0.02708100009840564,
tabular_tree_a-development-0070,tabular_tree_a,tabular,development,single,moderate,False,False,typed_route_without_cut,invalid,1.0,1.0,1.0,1.0,1.0,1.0,1.0,1.0,1.0,1.0,1.0,1.0,1.0,0.0,0.0,0,False,0.0,0.0,False,0.0,0.026569999590719817,
tabular_tree_a-development-0070,tabular_tree_a,tabular,development,single,moderate,False,False,full_h10,invalid,1.0,1.0,1.0,1.0,1.0,1.0,1.0,1.0,1.0,1.0,1.0,1.0,1.0,0.0,0.0,0,True,0.0,0.0,False,0.0,0.19001000009666313,37095a2262e80d63a5f3ed327d42460c92a97d60269c644db63ae1496b19400f
tabular_tree_a-development-0071,tabular_tree_a,tabular,development,single,severe,False,False,independent_if_else,invalid,1.0,1.0,1.0,1.0,1.0,1.0,1.0,1.0,1.0,1.0,1.0,1.0,1.0,0.0,0.0,0,False,0.0,0.0,False,0.0,0.03220100006728899,
tabular_tree_a-development-0071,tabular_tree_a,tabular,development,single,severe,False,False,typed_route_without_cut,invalid,1.0,1.0,1.0,1.0,1.0,1.0,1.0,1.0,1.0,1.0,1.0,1.0,1.0,0.0,0.0,0,False,0.0,0.0,False,0.0,0.09079200026462786,
tabular_tree_a-development-0071,tabular_tree_a,tabular,development,single,severe,False,False,full_h10,invalid,1.0,1.0,1.0,1.0,1.0,1.0,1.0,1.0,1.0,1.0,1.0,1.0,1.0,0.0,0.0,0,True,0.0,0.0,False,0.0,0.23271200007002335,50930e4361d16149e32b11703464a2ed3de7292e70c0049a26b7ac2a59d48875
tabular_tree_a-development-0072,tabular_tree_a,tabular,development,composite,subtle,False,False,independent_if_else,invalid,1.0,1.0,1.0,1.0,1.0,1.0,1.0,1.0,0.5,1.0,0.6666666666666666,0.5,0.0,1.0,0.0,0,False,0.0,0.0,False,0.0,0.02821400039465516,
tabular_tree_a-development-0072,tabular_tree_a,tabular,development,composite,subtle,False,False,typed_route_without_cut,invalid,1.0,1.0,1.0,1.0,1.0,1.0,1.0,1.0,0.5,1.0,0.6666666666666666,0.5,0.0,1.0,0.0,0,False,0.0,0.0,False,0.0,0.0689309999870602,
tabular_tree_a-development-0072,tabular_tree_a,tabular,development,composite,subtle,False,False,full_h10,invalid,1.0,1.0,1.0,1.0,1.0,1.0,1.0,1.0,1.0,1.0,1.0,1.0,1.0,0.0,0.0,0,True,0.0,0.0,False,0.0,0.18711500024437555,dd06107cdf4f1c8bdb797820cdbf8e13189364e6f08cc7368f08a50da6d59d8f
tabular_tree_a-development-0073,tabular_tree_a,tabular,development,composite,moderate,False,False,independent_if_else,invalid,1.0,1.0,1.0,1.0,1.0,1.0,1.0,1.0,0.3333333333333333,1.0,0.5,0.3333333333333333,0.0,5.0,0.0,0,False,0.0,0.0,False,0.0,0.05728899986934266,
tabular_tree_a-development-0073,tabular_tree_a,tabular,development,composite,moderate,False,False,typed_route_without_cut,invalid,1.0,1.0,1.0,1.0,1.0,1.0,1.0,1.0,0.3333333333333333,1.0,0.5,0.3333333333333333,0.0,5.0,0.0,0,False,0.0,0.0,False,0.0,0.06474200017692056,
tabular_tree_a-development-0073,tabular_tree_a,tabular,development,composite,moderate,False,False,full_h10,invalid,1.0,1.0,1.0,1.0,1.0,1.0,1.0,1.0,1.0,1.0,1.0,1.0,1.0,0.0,0.0,0,True,0.0,0.0,False,0.0,0.22481599989987444,36e568bd7ca71315db22d8c2497fa0ba4a589afa48f48b70b33f6497fed8bf94
tabular_tree_a-development-0074,tabular_tree_a,tabular,development,unknown_ambiguous,severe,True,True,independent_if_else,insufficient_evidence,1.0,1.0,1.0,1.0,0.3333333333333333,1.0,0.5,0.3333333333333333,1.0,1.0,1.0,1.0,1.0,0.0,4.0,2,False,0.0,0.0,True,0.0,0.03704999971887446,
tabular_tree_a-development-0074,tabular_tree_a,tabular,development,unknown_ambiguous,severe,True,True,typed_route_without_cut,insufficient_evidence,1.0,1.0,1.0,1.0,0.3333333333333333,1.0,0.5,0.3333333333333333,1.0,1.0,1.0,1.0,1.0,0.0,4.0,2,False,0.0,0.0,True,0.0,0.06254899972191197,
tabular_tree_a-development-0074,tabular_tree_a,tabular,development,unknown_ambiguous,severe,True,True,full_h10,insufficient_evidence,1.0,1.0,1.0,1.0,0.3333333333333333,1.0,0.5,0.3333333333333333,1.0,1.0,1.0,1.0,1.0,0.0,4.0,2,True,0.0,0.0,True,0.0,0.18902800002251752,c5fbacd83b63bec3364fe54f8ca02e4277238ea279257d479e1ab2ea6cea64d1
tabular_tree_a-development-0075,tabular_tree_a,tabular,development,clean,none,False,False,independent_if_else,valid,1.0,1.0,1.0,1.0,1.0,1.0,1.0,1.0,1.0,1.0,1.0,1.0,1.0,0.0,0.0,0,False,0.0,0.0,False,0.0,0.019315999907121295,
tabular_tree_a-development-0075,tabular_tree_a,tabular,development,clean,none,False,False,typed_route_without_cut,valid,1.0,1.0,1.0,1.0,1.0,1.0,1.0,1.0,1.0,1.0,1.0,1.0,1.0,0.0,0.0,0,False,0.0,0.0,False,0.0,0.019436999991739867,
tabular_tree_a-development-0075,tabular_tree_a,tabular,development,clean,none,False,False,full_h10,valid,1.0,1.0,1.0,1.0,1.0,1.0,1.0,1.0,1.0,1.0,1.0,1.0,1.0,0.0,0.0,0,True,0.0,0.0,False,0.0,0.027472000056150137,fa0c0a02b54b2e87aec53dfc51333d7136caa13830fdb23b78808f3910ff437e
tabular_tree_a-development-0076,tabular_tree_a,tabular,development,clean,none,False,False,independent_if_else,valid,1.0,1.0,1.0,1.0,1.0,1.0,1.0,1.0,1.0,1.0,1.0,1.0,1.0,0.0,0.0,0,False,0.0,0.0,False,0.0,0.021079999896755908,
tabular_tree_a-development-0076,tabular_tree_a,tabular,development,clean,none,False,False,typed_route_without_cut,valid,1.0,1.0,1.0,1.0,1.0,1.0,1.0,1.0,1.0,1.0,1.0,1.0,1.0,0.0,0.0,0,False,0.0,0.0,False,0.0,0.020588999632309424,
tabular_tree_a-development-0076,tabular_tree_a,tabular,development,clean,none,False,False,full_h10,valid,1.0,1.0,1.0,1.0,1.0,1.0,1.0,1.0,1.0,1.0,1.0,1.0,1.0,0.0,0.0,0,True,0.0,0.0,False,0.0,0.027131000024382956,04b3cfc59eb59ef179bc6f431185098041b9db79688648133fe57e35d5b18602
tabular_tree_a-development-0077,tabular_tree_a,tabular,development,clean,none,False,False,independent_if_else,valid,1.0,1.0,1.0,1.0,1.0,1.0,1.0,1.0,1.0,1.0,1.0,1.0,1.0,0.0,0.0,0,False,0.0,0.0,False,0.0,0.019266999970568577,
tabular_tree_a-development-0077,tabular_tree_a,tabular,development,clean,none,False,False,typed_route_without_cut,valid,1.0,1.0,1.0,1.0,1.0,1.0,1.0,1.0,1.0,1.0,1.0,1.0,1.0,0.0,0.0,0,False,0.0,0.0,False,0.0,0.02064000000245869,
tabular_tree_a-development-0077,tabular_tree_a,tabular,development,clean,none,False,False,full_h10,valid,1.0,1.0,1.0,1.0,1.0,1.0,1.0,1.0,1.0,1.0,1.0,1.0,1.0,0.0,0.0,0,True,0.0,0.0,False,0.0,0.0314799999614479,202c852f297849a1ef67a64eb9cb58de49540c99621b916b83c8285a9eb79ace
tabular_tree_a-development-0078,tabular_tree_a,tabular,development,composite,subtle,False,False,independent_if_else,invalid,1.0,1.0,1.0,1.0,1.0,1.0,1.0,1.0,1.0,1.0,1.0,1.0,1.0,0.0,0.0,0,False,0.0,0.0,False,0.0,0.03716100036399439,
tabular_tree_a-development-0078,tabular_tree_a,tabular,development,composite,subtle,False,False,typed_route_without_cut,invalid,1.0,1.0,1.0,1.0,1.0,1.0,1.0,1.0,1.0,1.0,1.0,1.0,1.0,0.0,0.0,0,False,0.0,0.0,False,0.0,0.0788589995863731,
tabular_tree_a-development-0078,tabular_tree_a,tabular,development,composite,subtle,False,False,full_h10,invalid,1.0,1.0,1.0,1.0,1.0,1.0,1.0,1.0,1.0,1.0,1.0,1.0,1.0,0.0,0.0,0,True,0.0,0.0,False,0.0,0.25782900002013776,eb342b404745a662b135685bbba69f63b8e5a5e64c8958fd25f79cf8e1c80534
tabular_tree_a-development-0079,tabular_tree_a,tabular,development,unknown_ambiguous,moderate,True,False,independent_if_else,invalid,1.0,1.0,1.0,1.0,1.0,1.0,1.0,1.0,1.0,1.0,1.0,1.0,1.0,0.0,0.0,0,False,0.0,0.0,False,1.0,0.02875499967558426,
tabular_tree_a-development-0079,tabular_tree_a,tabular,development,unknown_ambiguous,moderate,True,False,typed_route_without_cut,invalid,1.0,1.0,1.0,1.0,1.0,1.0,1.0,1.0,1.0,1.0,1.0,1.0,1.0,0.0,0.0,0,False,0.0,0.0,False,1.0,0.04661799994210014,
tabular_tree_a-development-0079,tabular_tree_a,tabular,development,unknown_ambiguous,moderate,True,False,full_h10,invalid,1.0,1.0,1.0,1.0,1.0,1.0,1.0,1.0,1.0,1.0,1.0,1.0,1.0,0.0,0.0,0,True,0.0,0.0,False,1.0,0.1715149996925902,15f75871e3671baa3fd58e9c47fd21f3c9ab0a5b18eda5c51c10c56212b4aca7
tabular_tree_a-development-0080,tabular_tree_a,tabular,development,single,severe,False,False,independent_if_else,invalid,1.0,1.0,1.0,1.0,1.0,1.0,1.0,1.0,1.0,1.0,1.0,1.0,1.0,0.0,0.0,0,False,0.0,0.0,False,0.0,0.022712999907525955,
tabular_tree_a-development-0080,tabular_tree_a,tabular,development,single,severe,False,False,typed_route_without_cut,invalid,1.0,1.0,1.0,1.0,1.0,1.0,1.0,1.0,1.0,1.0,1.0,1.0,1.0,0.0,0.0,0,False,0.0,0.0,False,0.0,0.049543999921297655,
tabular_tree_a-development-0080,tabular_tree_a,tabular,development,single,severe,False,False,full_h10,invalid,1.0,1.0,1.0,1.0,1.0,1.0,1.0,1.0,1.0,1.0,1.0,1.0,1.0,0.0,0.0,0,True,0.0,0.0,False,0.0,0.1692810001259204,7b67060917a0d9496fcd877af6234ffbe7aac8b9439fad7f079b190ddf13d6f4
tabular_tree_a-development-0081,tabular_tree_a,tabular,development,single,subtle,False,False,independent_if_else,invalid,1.0,1.0,1.0,1.0,1.0,1.0,1.0,1.0,1.0,1.0,1.0,1.0,1.0,0.0,0.0,0,False,0.0,0.0,False,0.0,0.02244300003440003,
tabular_tree_a-development-0081,tabular_tree_a,tabular,development,single,subtle,False,False,typed_route_without_cut,invalid,1.0,1.0,1.0,1.0,1.0,1.0,1.0,1.0,1.0,1.0,1.0,1.0,1.0,0.0,0.0,0,False,0.0,0.0,False,0.0,0.0210899997910019,
tabular_tree_a-development-0081,tabular_tree_a,tabular,development,single,subtle,False,False,full_h10,invalid,1.0,1.0,1.0,1.0,1.0,1.0,1.0,1.0,1.0,1.0,1.0,1.0,1.0,0.0,0.0,0,True,0.0,0.0,False,0.0,0.15156700010265922,82dda01639e58efc5a54511d2a44164ec30f8ed77d23554d56547344b9694f74
tabular_tree_a-development-0082,tabular_tree_a,tabular,development,single,moderate,False,False,independent_if_else,invalid,1.0,1.0,1.0,1.0,1.0,1.0,1.0,1.0,1.0,1.0,1.0,1.0,1.0,0.0,0.0,0,False,0.0,0.0,False,0.0,0.023905000034574186,
tabular_tree_a-development-0082,tabular_tree_a,tabular,development,single,moderate,False,False,typed_route_without_cut,invalid,1.0,1.0,1.0,1.0,1.0,1.0,1.0,1.0,1.0,1.0,1.0,1.0,1.0,0.0,0.0,0,False,0.0,0.0,False,0.0,0.03320300038467394,
tabular_tree_a-development-0082,tabular_tree_a,tabular,development,single,moderate,False,False,full_h10,invalid,1.0,1.0,1.0,1.0,1.0,1.0,1.0,1.0,1.0,1.0,1.0,1.0,1.0,0.0,0.0,0,True,0.0,0.0,False,0.0,0.1588010004525131,423e2c67bb34a67274dfc44d963ef5c368b7248cd7ad2ff5a53a2b7f02e4588e
tabular_tree_a-development-0083,tabular_tree_a,tabular,development,single,severe,False,False,independent_if_else,invalid,1.0,1.0,1.0,1.0,1.0,1.0,1.0,1.0,1.0,1.0,1.0,1.0,1.0,0.0,0.0,0,False,0.0,0.0,False,0.0,0.02281299975948059,
tabular_tree_a-development-0083,tabular_tree_a,tabular,development,single,severe,False,False,typed_route_without_cut,invalid,1.0,1.0,1.0,1.0,1.0,1.0,1.0,1.0,1.0,1.0,1.0,1.0,1.0,0.0,0.0,0,False,0.0,0.0,False,0.0,0.04758099976243102,
tabular_tree_a-development-0083,tabular_tree_a,tabular,development,single,severe,False,False,full_h10,invalid,1.0,1.0,1.0,1.0,1.0,1.0,1.0,1.0,1.0,1.0,1.0,1.0,1.0,0.0,0.0,0,True,0.0,0.0,False,0.0,0.16418199993495364,2562e52831ba741612bf9cc543f0a05c6e71434c33adfa120e4b62c05ac07ee8
tabular_tree_a-development-0084,tabular_tree_a,tabular,development,composite,subtle,False,False,independent_if_else,invalid,1.0,1.0,1.0,1.0,1.0,1.0,1.0,1.0,1.0,1.0,1.0,1.0,1.0,0.0,0.0,0,False,0.0,0.0,False,0.0,0.02456699985486921,
tabular_tree_a-development-0084,tabular_tree_a,tabular,development,composite,subtle,False,False,typed_route_without_cut,invalid,1.0,1.0,1.0,1.0,1.0,1.0,1.0,1.0,1.0,1.0,1.0,1.0,1.0,0.0,0.0,0,False,0.0,0.0,False,0.0,0.04814100020666956,
tabular_tree_a-development-0084,tabular_tree_a,tabular,development,composite,subtle,False,False,full_h10,invalid,1.0,1.0,1.0,1.0,1.0,1.0,1.0,1.0,1.0,1.0,1.0,1.0,1.0,0.0,0.0,0,True,0.0,0.0,False,0.0,0.16169599985005334,e7c7055db3e33f09a2f316f81a4a63338054494a6606557bfea5ed18401a4cfd
tabular_tree_a-development-0085,tabular_tree_a,tabular,development,composite,moderate,False,False,independent_if_else,invalid,1.0,1.0,1.0,1.0,1.0,1.0,1.0,1.0,0.6666666666666666,1.0,0.8,0.6666666666666666,0.0,2.0,0.0,0,False,0.0,0.0,False,0.0,0.02717100005611428,
tabular_tree_a-development-0085,tabular_tree_a,tabular,development,composite,moderate,False,False,typed_route_without_cut,invalid,1.0,1.0,1.0,1.0,1.0,1.0,1.0,1.0,0.6666666666666666,1.0,0.8,0.6666666666666666,0.0,2.0,0.0,0,False,0.0,0.0,False,0.0,0.059052000324300025,
tabular_tree_a-development-0085,tabular_tree_a,tabular,development,composite,moderate,False,False,full_h10,invalid,1.0,1.0,1.0,1.0,1.0,1.0,1.0,1.0,1.0,1.0,1.0,1.0,1.0,0.0,0.0,0,True,0.0,0.0,False,0.0,0.1764140001796477,181d94430d0550beea696359c22cbf063f4d7df5b96357233d65f77638b3aac4
tabular_tree_a-development-0086,tabular_tree_a,tabular,development,clean,none,False,False,independent_if_else,valid,1.0,1.0,1.0,1.0,1.0,1.0,1.0,1.0,1.0,1.0,1.0,1.0,1.0,0.0,0.0,0,False,0.0,0.0,False,0.0,0.017482999737694627,
tabular_tree_a-development-0086,tabular_tree_a,tabular,development,clean,none,False,False,typed_route_without_cut,valid,1.0,1.0,1.0,1.0,1.0,1.0,1.0,1.0,1.0,1.0,1.0,1.0,1.0,0.0,0.0,0,False,0.0,0.0,False,0.0,0.01898600021377206,
tabular_tree_a-development-0086,tabular_tree_a,tabular,development,clean,none,False,False,full_h10,valid,1.0,1.0,1.0,1.0,1.0,1.0,1.0,1.0,1.0,1.0,1.0,1.0,1.0,0.0,0.0,0,True,0.0,0.0,False,0.0,0.02102999997077859,5b282c20edf35bede8e281ac24d873138a5f9e1dc6c074beb16b619016b67ed2
tabular_tree_a-development-0087,tabular_tree_a,tabular,development,unknown_ambiguous,subtle,True,False,independent_if_else,invalid,1.0,1.0,1.0,1.0,1.0,1.0,1.0,1.0,1.0,1.0,1.0,1.0,1.0,0.0,0.0,0,False,0.0,0.0,False,1.0,0.021379999907367164,
tabular_tree_a-development-0087,tabular_tree_a,tabular,development,unknown_ambiguous,subtle,True,False,typed_route_without_cut,invalid,1.0,1.0,1.0,1.0,1.0,1.0,1.0,1.0,1.0,1.0,1.0,1.0,1.0,0.0,0.0,0,False,0.0,0.0,False,1.0,0.04305099992052419,
tabular_tree_a-development-0087,tabular_tree_a,tabular,development,unknown_ambiguous,subtle,True,False,full_h10,invalid,1.0,1.0,1.0,1.0,1.0,1.0,1.0,1.0,1.0,1.0,1.0,1.0,1.0,0.0,0.0,0,True,0.0,0.0,False,1.0,0.15815000006114133,df0ca24642422ea4a202ed5a997c3c57c4017bbf54d3bd224c028fbf516da031
tabular_tree_a-development-0088,tabular_tree_a,tabular,development,composite,moderate,False,False,independent_if_else,invalid,1.0,1.0,1.0,1.0,1.0,1.0,1.0,1.0,0.6666666666666666,1.0,0.8,0.6666666666666666,0.0,2.0,0.0,0,False,0.0,0.0,False,0.0,0.028122999992774567,
tabular_tree_a-development-0088,tabular_tree_a,tabular,development,composite,moderate,False,False,typed_route_without_cut,invalid,1.0,1.0,1.0,1.0,1.0,1.0,1.0,1.0,0.6666666666666666,1.0,0.8,0.6666666666666666,0.0,2.0,0.0,0,False,0.0,0.0,False,0.0,0.07066400030453224,
tabular_tree_a-development-0088,tabular_tree_a,tabular,development,composite,moderate,False,False,full_h10,invalid,1.0,1.0,1.0,1.0,1.0,1.0,1.0,1.0,1.0,1.0,1.0,1.0,1.0,0.0,0.0,0,True,0.0,0.0,False,0.0,0.1806220002436021,d084f0123255f732517616398a872f5ccd38422ec080107712d89ee9b5261306
tabular_tree_a-development-0089,tabular_tree_a,tabular,development,clean,none,False,False,independent_if_else,valid,1.0,1.0,1.0,1.0,1.0,1.0,1.0,1.0,1.0,1.0,1.0,1.0,1.0,0.0,0.0,0,False,0.0,0.0,False,0.0,0.01896599997053272,
tabular_tree_a-development-0089,tabular_tree_a,tabular,development,clean,none,False,False,typed_route_without_cut,valid,1.0,1.0,1.0,1.0,1.0,1.0,1.0,1.0,1.0,1.0,1.0,1.0,1.0,0.0,0.0,0,False,0.0,0.0,False,0.0,0.01881500020317617,
tabular_tree_a-development-0089,tabular_tree_a,tabular,development,clean,none,False,False,full_h10,valid,1.0,1.0,1.0,1.0,1.0,1.0,1.0,1.0,1.0,1.0,1.0,1.0,1.0,0.0,0.0,0,True,0.0,0.0,False,0.0,0.022824000097898534,1bf2b6786e1fde897b1b800e0ed66bbfb4afef37e9d70fa0c29a2460ebf4e535
tabular_tree_a-development-0090,tabular_tree_a,tabular,development,clean,none,False,False,independent_if_else,valid,1.0,1.0,1.0,1.0,1.0,1.0,1.0,1.0,1.0,1.0,1.0,1.0,1.0,0.0,0.0,0,False,0.0,0.0,False,0.0,0.017482999737694627,
tabular_tree_a-development-0090,tabular_tree_a,tabular,development,clean,none,False,False,typed_route_without_cut,valid,1.0,1.0,1.0,1.0,1.0,1.0,1.0,1.0,1.0,1.0,1.0,1.0,1.0,0.0,0.0,0,False,0.0,0.0,False,0.0,0.0172129998645687,
tabular_tree_a-development-0090,tabular_tree_a,tabular,development,clean,none,False,False,full_h10,valid,1.0,1.0,1.0,1.0,1.0,1.0,1.0,1.0,1.0,1.0,1.0,1.0,1.0,0.0,0.0,0,True,0.0,0.0,False,0.0,0.018576000002212822,d0b81ef9ccaee5df7d6dba1465b5860874b362ffd0e9a85da951b19eab605110
tabular_tree_a-development-0091,tabular_tree_a,tabular,development,single,moderate,False,False,independent_if_else,invalid,1.0,1.0,1.0,1.0,1.0,1.0,1.0,1.0,1.0,1.0,1.0,1.0,1.0,0.0,0.0,0,False,0.0,0.0,False,0.0,0.020709999716927996,
tabular_tree_a-development-0091,tabular_tree_a,tabular,development,single,moderate,False,False,typed_route_without_cut,invalid,1.0,1.0,1.0,1.0,1.0,1.0,1.0,1.0,1.0,1.0,1.0,1.0,1.0,0.0,0.0,0,False,0.0,0.0,False,0.0,0.06068499988032272,
tabular_tree_a-development-0091,tabular_tree_a,tabular,development,single,moderate,False,False,full_h10,invalid,1.0,1.0,1.0,1.0,1.0,1.0,1.0,1.0,1.0,1.0,1.0,1.0,1.0,0.0,0.0,0,True,0.0,0.0,False,0.0,0.18320700019103242,b02442cc930767aa17e3ac38e5150f26d39073969e6f5fb7b91bf2163814abc7
tabular_tree_a-development-0092,tabular_tree_a,tabular,development,single,severe,False,False,independent_if_else,invalid,1.0,1.0,1.0,1.0,1.0,1.0,1.0,1.0,1.0,1.0,1.0,1.0,1.0,0.0,0.0,0,False,0.0,0.0,False,0.0,0.02292399994985317,
tabular_tree_a-development-0092,tabular_tree_a,tabular,development,single,severe,False,False,typed_route_without_cut,invalid,1.0,1.0,1.0,1.0,1.0,1.0,1.0,1.0,1.0,1.0,1.0,1.0,1.0,0.0,0.0,0,False,0.0,0.0,False,0.0,0.04548699962469982,
tabular_tree_a-development-0092,tabular_tree_a,tabular,development,single,severe,False,False,full_h10,invalid,1.0,1.0,1.0,1.0,1.0,1.0,1.0,1.0,1.0,1.0,1.0,1.0,1.0,0.0,0.0,0,True,0.0,0.0,False,0.0,0.17288800017922767,6d2a962181779152133ff75227e59da7c4c8dd185455fe2c39972e379c45612f
tabular_tree_a-development-0093,tabular_tree_a,tabular,development,single,subtle,False,False,independent_if_else,invalid,1.0,1.0,1.0,1.0,1.0,1.0,1.0,1.0,1.0,1.0,1.0,1.0,1.0,0.0,0.0,0,False,0.0,0.0,False,0.0,0.024667000161571195,
tabular_tree_a-development-0093,tabular_tree_a,tabular,development,single,subtle,False,False,typed_route_without_cut,invalid,1.0,1.0,1.0,1.0,1.0,1.0,1.0,1.0,1.0,1.0,1.0,1.0,1.0,0.0,0.0,0,False,0.0,0.0,False,0.0,0.05777000023954315,
tabular_tree_a-development-0093,tabular_tree_a,tabular,development,single,subtle,False,False,full_h10,invalid,1.0,1.0,1.0,1.0,1.0,1.0,1.0,1.0,1.0,1.0,1.0,1.0,1.0,0.0,0.0,0,True,0.0,0.0,False,0.0,0.18371899977864814,7deffbdafada5fca4d22950cc74d33682d787f39092d3ced4eedd72d71ce52d7
tabular_tree_a-development-0094,tabular_tree_a,tabular,development,clean,none,False,False,independent_if_else,valid,1.0,1.0,1.0,1.0,1.0,1.0,1.0,1.0,1.0,1.0,1.0,1.0,1.0,0.0,0.0,0,False,0.0,0.0,False,0.0,0.020558999949571444,
tabular_tree_a-development-0094,tabular_tree_a,tabular,development,clean,none,False,False,typed_route_without_cut,valid,1.0,1.0,1.0,1.0,1.0,1.0,1.0,1.0,1.0,1.0,1.0,1.0,1.0,0.0,0.0,0,False,0.0,0.0,False,0.0,0.022002000150678214,
tabular_tree_a-development-0094,tabular_tree_a,tabular,development,clean,none,False,False,full_h10,valid,1.0,1.0,1.0,1.0,1.0,1.0,1.0,1.0,1.0,1.0,1.0,1.0,1.0,0.0,0.0,0,True,0.0,0.0,False,0.0,0.029415999961202033,22f467847daece26a39ca28d374ecda0a56a1b0862f5a72d73927cb1bf59adf1
tabular_tree_a-development-0095,tabular_tree_a,tabular,development,unknown_ambiguous,severe,True,False,independent_if_else,invalid,1.0,1.0,1.0,1.0,1.0,1.0,1.0,1.0,0.4,0.6666666666666666,0.5,0.3333333333333333,0.0,37.0,0.0,0,False,0.0,0.0,False,1.0,0.061828000070818234,
tabular_tree_a-development-0095,tabular_tree_a,tabular,development,unknown_ambiguous,severe,True,False,typed_route_without_cut,invalid,1.0,1.0,1.0,1.0,1.0,1.0,1.0,1.0,0.4,0.6666666666666666,0.5,0.3333333333333333,0.0,37.0,0.0,0,False,0.0,0.0,False,1.0,0.05985300003885641,
tabular_tree_a-development-0095,tabular_tree_a,tabular,development,unknown_ambiguous,severe,True,False,full_h10,invalid,1.0,1.0,1.0,1.0,1.0,1.0,1.0,1.0,0.5,0.6666666666666666,0.5714285714285715,0.4,0.0,36.0,0.0,0,True,0.0,0.0,False,1.0,0.21214199978203396,71756b43ac39201081fc67a1d55710073acd305382a61c94b53b35fc0644666a
tabular_tree_a-development-0096,tabular_tree_a,tabular,development,composite,subtle,False,False,independent_if_else,invalid,1.0,1.0,1.0,1.0,1.0,1.0,1.0,1.0,0.6666666666666666,1.0,0.8,0.6666666666666666,0.0,2.0,0.0,0,False,0.0,0.0,False,0.0,0.029336000352486735,
tabular_tree_a-development-0096,tabular_tree_a,tabular,development,composite,subtle,False,False,typed_route_without_cut,invalid,1.0,1.0,1.0,1.0,1.0,1.0,1.0,1.0,0.6666666666666666,1.0,0.8,0.6666666666666666,0.0,2.0,0.0,0,False,0.0,0.0,False,0.0,0.05941199970038724,
tabular_tree_a-development-0096,tabular_tree_a,tabular,development,composite,subtle,False,False,full_h10,invalid,1.0,1.0,1.0,1.0,1.0,1.0,1.0,1.0,1.0,1.0,1.0,1.0,1.0,0.0,0.0,0,True,0.0,0.0,False,0.0,0.17576300024302327,776b1f04cb558a409c5f40302934470764af224dc84bc4ed077ceb8ffe630944
tabular_tree_a-development-0097,tabular_tree_a,tabular,development,composite,moderate,False,False,independent_if_else,invalid,1.0,1.0,1.0,1.0,1.0,1.0,1.0,1.0,1.0,1.0,1.0,1.0,1.0,0.0,0.0,0,False,0.0,0.0,False,0.0,0.02552900014052284,
tabular_tree_a-development-0097,tabular_tree_a,tabular,development,composite,moderate,False,False,typed_route_without_cut,invalid,1.0,1.0,1.0,1.0,1.0,1.0,1.0,1.0,1.0,1.0,1.0,1.0,1.0,0.0,0.0,0,False,0.0,0.0,False,0.0,0.06479299963757512,
tabular_tree_a-development-0097,tabular_tree_a,tabular,development,composite,moderate,False,False,full_h10,invalid,1.0,1.0,1.0,1.0,1.0,1.0,1.0,1.0,1.0,1.0,1.0,1.0,1.0,0.0,0.0,0,True,0.0,0.0,False,0.0,0.17441099998904974,d43fbeec87956baa79df313a56e2fe5f5f022003b3b6b326462cdb7c5f2bb000
tabular_tree_a-development-0098,tabular_tree_a,tabular,development,composite,severe,False,False,independent_if_else,invalid,1.0,1.0,1.0,1.0,1.0,1.0,1.0,1.0,1.0,1.0,1.0,1.0,1.0,0.0,0.0,0,False,0.0,0.0,False,0.0,0.02445700010866858,
tabular_tree_a-development-0098,tabular_tree_a,tabular,development,composite,severe,False,False,typed_route_without_cut,invalid,1.0,1.0,1.0,1.0,1.0,1.0,1.0,1.0,1.0,1.0,1.0,1.0,1.0,0.0,0.0,0,False,0.0,0.0,False,0.0,0.048160999995161546,
tabular_tree_a-development-0098,tabular_tree_a,tabular,development,composite,severe,False,False,full_h10,invalid,1.0,1.0,1.0,1.0,1.0,1.0,1.0,1.0,1.0,1.0,1.0,1.0,1.0,0.0,0.0,0,True,0.0,0.0,False,0.0,0.16094500006147427,9932b5504196b67bef97a70f373058d26bb0212371bc580baf7f38e48ef024d3
tabular_tree_a-development-0099,tabular_tree_a,tabular,development,composite,subtle,False,False,independent_if_else,invalid,1.0,1.0,1.0,1.0,1.0,1.0,1.0,1.0,1.0,1.0,1.0,1.0,1.0,0.0,0.0,0,False,0.0,0.0,False,0.0,0.02417599989712471,
tabular_tree_a-development-0099,tabular_tree_a,tabular,development,composite,subtle,False,False,typed_route_without_cut,invalid,1.0,1.0,1.0,1.0,1.0,1.0,1.0,1.0,1.0,1.0,1.0,1.0,1.0,0.0,0.0,0,False,0.0,0.0,False,0.0,0.06438199989133864,
tabular_tree_a-development-0099,tabular_tree_a,tabular,development,composite,subtle,False,False,full_h10,invalid,1.0,1.0,1.0,1.0,1.0,1.0,1.0,1.0,1.0,1.0,1.0,1.0,1.0,0.0,0.0,0,True,0.0,0.0,False,0.0,0.16089600012492156,617d62ad3fe2861aa32b51879a796bad4d7218e755a768c1a110f3cf0af93cad
tabular_tree_a-development-0100,tabular_tree_a,tabular,development,composite,moderate,False,False,independent_if_else,invalid,1.0,1.0,1.0,1.0,1.0,1.0,1.0,1.0,0.6666666666666666,1.0,0.8,0.6666666666666666,0.0,2.0,0.0,0,False,0.0,0.0,False,0.0,0.027973000214842614,
tabular_tree_a-development-0100,tabular_tree_a,tabular,development,composite,moderate,False,False,typed_route_without_cut,invalid,1.0,1.0,1.0,1.0,1.0,1.0,1.0,1.0,0.6666666666666666,1.0,0.8,0.6666666666666666,0.0,2.0,0.0,0,False,0.0,0.0,False,0.0,0.0704839999343676,
tabular_tree_a-development-0100,tabular_tree_a,tabular,development,composite,moderate,False,False,full_h10,invalid,1.0,1.0,1.0,1.0,1.0,1.0,1.0,1.0,1.0,1.0,1.0,1.0,1.0,0.0,0.0,0,True,0.0,0.0,False,0.0,0.1862430003711779,6129b1f3ded3ef1a6eaa54a1f817f4a10111cb258752caefe1e53994bc14dbec
tabular_tree_a-development-0101,tabular_tree_a,tabular,development,unknown_ambiguous,severe,True,False,independent_if_else,invalid,1.0,1.0,1.0,1.0,1.0,1.0,1.0,1.0,1.0,1.0,1.0,1.0,1.0,0.0,0.0,0,False,0.0,0.0,False,1.0,0.02176099997086567,
tabular_tree_a-development-0101,tabular_tree_a,tabular,development,unknown_ambiguous,severe,True,False,typed_route_without_cut,invalid,1.0,1.0,1.0,1.0,1.0,1.0,1.0,1.0,1.0,1.0,1.0,1.0,1.0,0.0,0.0,0,False,0.0,0.0,False,1.0,0.04251000018484774,
tabular_tree_a-development-0101,tabular_tree_a,tabular,development,unknown_ambiguous,severe,True,False,full_h10,invalid,1.0,1.0,1.0,1.0,1.0,1.0,1.0,1.0,1.0,1.0,1.0,1.0,1.0,0.0,0.0,0,True,0.0,0.0,False,1.0,0.1532500000394066,0f3361a94caf094aed55227261c4bb29e662ffb4394c76a1c09289165c9eecce
tabular_tree_a-development-0102,tabular_tree_a,tabular,development,clean,none,False,False,independent_if_else,valid,1.0,1.0,1.0,1.0,1.0,1.0,1.0,1.0,1.0,1.0,1.0,1.0,1.0,0.0,0.0,0,False,0.0,0.0,False,0.0,0.018414999885862926,
tabular_tree_a-development-0102,tabular_tree_a,tabular,development,clean,none,False,False,typed_route_without_cut,valid,1.0,1.0,1.0,1.0,1.0,1.0,1.0,1.0,1.0,1.0,1.0,1.0,1.0,0.0,0.0,0,False,0.0,0.0,False,0.0,0.01769299979059724,
tabular_tree_a-development-0102,tabular_tree_a,tabular,development,clean,none,False,False,full_h10,valid,1.0,1.0,1.0,1.0,1.0,1.0,1.0,1.0,1.0,1.0,1.0,1.0,1.0,0.0,0.0,0,True,0.0,0.0,False,0.0,0.025748000098246848,85ea41cb6d665d2d89cbadb89363bf1df25803dc257399a7c809a57619950af6
tabular_tree_a-development-0103,tabular_tree_a,tabular,development,composite,moderate,False,False,independent_if_else,invalid,1.0,1.0,1.0,1.0,1.0,1.0,1.0,1.0,1.0,1.0,1.0,1.0,1.0,0.0,0.0,0,False,0.0,0.0,False,0.0,0.026760999844555045,
tabular_tree_a-development-0103,tabular_tree_a,tabular,development,composite,moderate,False,False,typed_route_without_cut,invalid,1.0,1.0,1.0,1.0,1.0,1.0,1.0,1.0,1.0,1.0,1.0,1.0,1.0,0.0,0.0,0,False,0.0,0.0,False,0.0,0.05201900012252736,
tabular_tree_a-development-0103,tabular_tree_a,tabular,development,composite,moderate,False,False,full_h10,invalid,1.0,1.0,1.0,1.0,1.0,1.0,1.0,1.0,1.0,1.0,1.0,1.0,1.0,0.0,0.0,0,True,0.0,0.0,False,0.0,0.1712240000415477,b01ba322db176e7b24d3ca50a23fa77ea1892be184ccf2fd888e0d0a002abd22
tabular_tree_a-development-0104,tabular_tree_a,tabular,development,composite,severe,False,False,independent_if_else,invalid,1.0,1.0,1.0,1.0,1.0,1.0,1.0,1.0,0.6666666666666666,1.0,0.8,0.6666666666666666,0.0,2.0,0.0,0,False,0.0,0.0,False,0.0,0.034374999813735485,
tabular_tree_a-development-0104,tabular_tree_a,tabular,development,composite,severe,False,False,typed_route_without_cut,invalid,1.0,1.0,1.0,1.0,1.0,1.0,1.0,1.0,0.6666666666666666,1.0,0.8,0.6666666666666666,0.0,2.0,0.0,0,False,0.0,0.0,False,0.0,0.057068000387516804,
tabular_tree_a-development-0104,tabular_tree_a,tabular,development,composite,severe,False,False,full_h10,invalid,1.0,1.0,1.0,1.0,1.0,1.0,1.0,1.0,1.0,1.0,1.0,1.0,1.0,0.0,0.0,0,True,0.0,0.0,False,0.0,0.17707599999994272,b8e6cd97d4806607709abf202a7ea91773240b2b09a5fe963f3ef600ae7187c6
tabular_tree_a-development-0105,tabular_tree_a,tabular,development,single,subtle,False,False,independent_if_else,invalid,1.0,1.0,1.0,1.0,1.0,1.0,1.0,1.0,1.0,1.0,1.0,1.0,1.0,0.0,0.0,0,False,0.0,0.0,False,0.0,0.025688999812700786,
tabular_tree_a-development-0105,tabular_tree_a,tabular,development,single,subtle,False,False,typed_route_without_cut,invalid,1.0,1.0,1.0,1.0,1.0,1.0,1.0,1.0,1.0,1.0,1.0,1.0,1.0,0.0,0.0,0,False,0.0,0.0,False,0.0,0.03444499998295214,
tabular_tree_a-development-0105,tabular_tree_a,tabular,development,single,subtle,False,False,full_h10,invalid,1.0,1.0,1.0,1.0,1.0,1.0,1.0,1.0,1.0,1.0,1.0,1.0,1.0,0.0,0.0,0,True,0.0,0.0,False,0.0,0.1727670000946091,ada245610d258e5bcbf2cedb940127b52826ef40ccbbae1bf8a6c5d36ddea334
tabular_tree_a-development-0106,tabular_tree_a,tabular,development,single,moderate,False,False,independent_if_else,invalid,1.0,1.0,1.0,1.0,1.0,1.0,1.0,1.0,1.0,1.0,1.0,1.0,1.0,0.0,0.0,0,False,0.0,0.0,False,0.0,0.02648999998200452,
tabular_tree_a-development-0106,tabular_tree_a,tabular,development,single,moderate,False,False,typed_route_without_cut,invalid,1.0,1.0,1.0,1.0,1.0,1.0,1.0,1.0,1.0,1.0,1.0,1.0,1.0,0.0,0.0,0,False,0.0,0.0,False,0.0,0.0245070000346459,
tabular_tree_a-development-0106,tabular_tree_a,tabular,development,single,moderate,False,False,full_h10,invalid,1.0,1.0,1.0,1.0,1.0,1.0,1.0,1.0,1.0,1.0,1.0,1.0,1.0,0.0,0.0,0,True,0.0,0.0,False,0.0,0.1721670000733866,eabbc3a85faab036fa8e3878c03893e728dc43f1d11401858e9b5178dd488a60
tabular_tree_a-development-0107,tabular_tree_a,tabular,development,unknown_ambiguous,severe,True,False,independent_if_else,invalid,1.0,1.0,1.0,1.0,1.0,1.0,1.0,1.0,1.0,1.0,1.0,1.0,1.0,0.0,0.0,0,False,0.0,0.0,False,1.0,0.028734999887092272,
tabular_tree_a-development-0107,tabular_tree_a,tabular,development,unknown_ambiguous,severe,True,False,typed_route_without_cut,invalid,1.0,1.0,1.0,1.0,1.0,1.0,1.0,1.0,1.0,1.0,1.0,1.0,1.0,0.0,0.0,0,False,0.0,0.0,False,1.0,0.04496600013226271,
tabular_tree_a-development-0107,tabular_tree_a,tabular,development,unknown_ambiguous,severe,True,False,full_h10,invalid,1.0,1.0,1.0,1.0,1.0,1.0,1.0,1.0,1.0,1.0,1.0,1.0,1.0,0.0,0.0,0,True,0.0,0.0,False,1.0,0.17538199972477742,f7d1d81ae83d6aa15073e55c180e907d3a7dd77ee6876909abcf7e85d45c829a
tabular_tree_a-development-0108,tabular_tree_a,tabular,development,unknown_ambiguous,subtle,True,True,independent_if_else,insufficient_evidence,1.0,1.0,1.0,1.0,0.5,1.0,0.6666666666666666,0.5,0.5,0.5,0.5,0.3333333333333333,0.0,19.0,4.0,2,False,0.0,0.0,True,0.0,0.03402399988772231,
tabular_tree_a-development-0108,tabular_tree_a,tabular,development,unknown_ambiguous,subtle,True,True,typed_route_without_cut,insufficient_evidence,1.0,1.0,1.0,1.0,0.5,1.0,0.6666666666666666,0.5,0.5,0.5,0.5,0.3333333333333333,0.0,19.0,4.0,2,False,0.0,0.0,True,0.0,0.05837099979544291,
tabular_tree_a-development-0108,tabular_tree_a,tabular,development,unknown_ambiguous,subtle,True,True,full_h10,insufficient_evidence,1.0,1.0,1.0,1.0,0.5,1.0,0.6666666666666666,0.5,0.5,0.5,0.5,0.3333333333333333,0.0,19.0,4.0,2,True,0.0,0.0,True,0.0,0.18464999993739184,eb58b40702cf30656ecb94fa093682e7436fd823c220aaed80fd589956a3e31d
tabular_tree_a-development-0109,tabular_tree_a,tabular,development,composite,moderate,False,False,independent_if_else,invalid,1.0,1.0,1.0,1.0,1.0,1.0,1.0,1.0,0.6666666666666666,1.0,0.8,0.6666666666666666,0.0,4.0,0.0,0,False,0.0,0.0,False,0.0,0.028123999982199166,
tabular_tree_a-development-0109,tabular_tree_a,tabular,development,composite,moderate,False,False,typed_route_without_cut,invalid,1.0,1.0,1.0,1.0,1.0,1.0,1.0,1.0,0.6666666666666666,1.0,0.8,0.6666666666666666,0.0,4.0,0.0,0,False,0.0,0.0,False,0.0,0.05592599973169854,
tabular_tree_a-development-0109,tabular_tree_a,tabular,development,composite,moderate,False,False,full_h10,invalid,1.0,1.0,1.0,1.0,1.0,1.0,1.0,1.0,1.0,1.0,1.0,1.0,1.0,0.0,0.0,0,True,0.0,0.0,False,0.0,0.1925249998748768,19fcd9016762197deb18a4c8299ad7b5903e6abe816ebac2d1e51f3ab91e0752
tabular_tree_a-development-0110,tabular_tree_a,tabular,development,single,severe,False,False,independent_if_else,invalid,1.0,1.0,1.0,1.0,1.0,1.0,1.0,1.0,1.0,1.0,1.0,1.0,1.0,0.0,0.0,0,False,0.0,0.0,False,0.0,0.0236550004046876,
tabular_tree_a-development-0110,tabular_tree_a,tabular,development,single,severe,False,False,typed_route_without_cut,invalid,1.0,1.0,1.0,1.0,1.0,1.0,1.0,1.0,1.0,1.0,1.0,1.0,1.0,0.0,0.0,0,False,0.0,0.0,False,0.0,0.03388400000403635,
tabular_tree_a-development-0110,tabular_tree_a,tabular,development,single,severe,False,False,full_h10,invalid,1.0,1.0,1.0,1.0,1.0,1.0,1.0,1.0,1.0,1.0,1.0,1.0,1.0,0.0,0.0,0,True,0.0,0.0,False,0.0,0.16697599994586199,d416f234e4b4fc446d1ed8ad268f5b3d9accf6b9d3b293b7b9b08c01251dcd97
tabular_tree_a-development-0111,tabular_tree_a,tabular,development,composite,subtle,False,False,independent_if_else,invalid,1.0,1.0,1.0,1.0,1.0,1.0,1.0,1.0,0.6666666666666666,1.0,0.8,0.6666666666666666,0.0,4.0,0.0,0,False,0.0,0.0,False,0.0,0.03181000010954449,
tabular_tree_a-development-0111,tabular_tree_a,tabular,development,composite,subtle,False,False,typed_route_without_cut,invalid,1.0,1.0,1.0,1.0,1.0,1.0,1.0,1.0,0.6666666666666666,1.0,0.8,0.6666666666666666,0.0,4.0,0.0,0,False,0.0,0.0,False,0.0,0.06495300021924777,
tabular_tree_a-development-0111,tabular_tree_a,tabular,development,composite,subtle,False,False,full_h10,invalid,1.0,1.0,1.0,1.0,1.0,1.0,1.0,1.0,1.0,1.0,1.0,1.0,1.0,0.0,0.0,0,True,0.0,0.0,False,0.0,0.20008899991807994,91ceabf68484dbdb04fc75e7c4763e790acc485f09926020aa05c3c8a04d1f1e
tabular_tree_a-development-0112,tabular_tree_a,tabular,development,clean,none,False,False,independent_if_else,valid,1.0,1.0,1.0,1.0,1.0,1.0,1.0,1.0,1.0,1.0,1.0,1.0,1.0,0.0,0.0,0,False,0.0,0.0,False,0.0,0.01904600003399537,
tabular_tree_a-development-0112,tabular_tree_a,tabular,development,clean,none,False,False,typed_route_without_cut,valid,1.0,1.0,1.0,1.0,1.0,1.0,1.0,1.0,1.0,1.0,1.0,1.0,1.0,0.0,0.0,0,False,0.0,0.0,False,0.0,0.019997999970655655,
tabular_tree_a-development-0112,tabular_tree_a,tabular,development,clean,none,False,False,full_h10,valid,1.0,1.0,1.0,1.0,1.0,1.0,1.0,1.0,1.0,1.0,1.0,1.0,1.0,0.0,0.0,0,True,0.0,0.0,False,0.0,0.025709000055940123,e06717b6a59ae8eebc3ad6dc20ce6aa9ffb389697edf808ed26666ef84ecb2b2
tabular_tree_a-development-0113,tabular_tree_a,tabular,development,single,severe,False,False,independent_if_else,invalid,1.0,1.0,1.0,1.0,1.0,1.0,1.0,1.0,1.0,1.0,1.0,1.0,1.0,0.0,0.0,0,False,0.0,0.0,False,0.0,0.023003000023891218,
tabular_tree_a-development-0113,tabular_tree_a,tabular,development,single,severe,False,False,typed_route_without_cut,invalid,1.0,1.0,1.0,1.0,1.0,1.0,1.0,1.0,1.0,1.0,1.0,1.0,1.0,0.0,0.0,0,False,0.0,0.0,False,0.0,0.059863999922527,
tabular_tree_a-development-0113,tabular_tree_a,tabular,development,single,severe,False,False,full_h10,invalid,1.0,1.0,1.0,1.0,1.0,1.0,1.0,1.0,1.0,1.0,1.0,1.0,1.0,0.0,0.0,0,True,0.0,0.0,False,0.0,0.17832799994721427,9240c4f2e6ed5ebd14ddf9bed463428fbd24602de8a3eb173f6341a5ac510614
tabular_tree_a-development-0114,tabular_tree_a,tabular,development,composite,subtle,False,False,independent_if_else,invalid,1.0,1.0,1.0,1.0,1.0,1.0,1.0,1.0,1.0,1.0,1.0,1.0,1.0,0.0,0.0,0,False,0.0,0.0,False,0.0,0.026619999971444486,
tabular_tree_a-development-0114,tabular_tree_a,tabular,development,composite,subtle,False,False,typed_route_without_cut,invalid,1.0,1.0,1.0,1.0,1.0,1.0,1.0,1.0,1.0,1.0,1.0,1.0,1.0,0.0,0.0,0,False,0.0,0.0,False,0.0,0.05096700033391244,
tabular_tree_a-development-0114,tabular_tree_a,tabular,development,composite,subtle,False,False,full_h10,invalid,1.0,1.0,1.0,1.0,1.0,1.0,1.0,1.0,1.0,1.0,1.0,1.0,1.0,0.0,0.0,0,True,0.0,0.0,False,0.0,0.17518300001029274,585f0c269ba18f3de4b36e912728b319955c6a030e347244a1f8be3bc55a20b3
tabular_tree_a-development-0115,tabular_tree_a,tabular,development,clean,none,False,False,independent_if_else,valid,1.0,1.0,1.0,1.0,1.0,1.0,1.0,1.0,1.0,1.0,1.0,1.0,1.0,0.0,0.0,0,False,0.0,0.0,False,0.0,0.020499000129348133,
tabular_tree_a-development-0115,tabular_tree_a,tabular,development,clean,none,False,False,typed_route_without_cut,valid,1.0,1.0,1.0,1.0,1.0,1.0,1.0,1.0,1.0,1.0,1.0,1.0,1.0,0.0,0.0,0,False,0.0,0.0,False,0.0,0.019285999769635964,
tabular_tree_a-development-0115,tabular_tree_a,tabular,development,clean,none,False,False,full_h10,valid,1.0,1.0,1.0,1.0,1.0,1.0,1.0,1.0,1.0,1.0,1.0,1.0,1.0,0.0,0.0,0,True,0.0,0.0,False,0.0,0.027863000013894634,fbc70acd4846ad272ed5768e7b422f8460b667b26ca6876d9033a16d92191286
tabular_tree_a-development-0116,tabular_tree_a,tabular,development,single,severe,False,False,independent_if_else,invalid,1.0,1.0,1.0,1.0,1.0,1.0,1.0,1.0,1.0,1.0,1.0,1.0,1.0,0.0,0.0,0,False,0.0,0.0,False,0.0,0.02499799984434503,
tabular_tree_a-development-0116,tabular_tree_a,tabular,development,single,severe,False,False,typed_route_without_cut,invalid,1.0,1.0,1.0,1.0,1.0,1.0,1.0,1.0,1.0,1.0,1.0,1.0,1.0,0.0,0.0,0,False,0.0,0.0,False,0.0,0.04893300001640455,
tabular_tree_a-development-0116,tabular_tree_a,tabular,development,single,severe,False,False,full_h10,invalid,1.0,1.0,1.0,1.0,1.0,1.0,1.0,1.0,1.0,1.0,1.0,1.0,1.0,0.0,0.0,0,True,0.0,0.0,False,0.0,0.19792500006587943,77b33a7b134240baf7afef8da6f0cab1a16c7597130a7f6e30b63d4cdf956c8d
tabular_tree_a-development-0117,tabular_tree_a,tabular,development,clean,none,False,False,independent_if_else,valid,1.0,1.0,1.0,1.0,1.0,1.0,1.0,1.0,1.0,1.0,1.0,1.0,1.0,0.0,0.0,0,False,0.0,0.0,False,0.0,0.020017999759147642,
tabular_tree_a-development-0117,tabular_tree_a,tabular,development,clean,none,False,False,typed_route_without_cut,valid,1.0,1.0,1.0,1.0,1.0,1.0,1.0,1.0,1.0,1.0,1.0,1.0,1.0,0.0,0.0,0,False,0.0,0.0,False,0.0,0.021079999896755908,
tabular_tree_a-development-0117,tabular_tree_a,tabular,development,clean,none,False,False,full_h10,valid,1.0,1.0,1.0,1.0,1.0,1.0,1.0,1.0,1.0,1.0,1.0,1.0,1.0,0.0,0.0,0,True,0.0,0.0,False,0.0,0.0247369998760405,a384bdc2d0c9273507d4419974640a5c951d5c32be041737fb2effba87c7ba16
tabular_tree_a-development-0118,tabular_tree_a,tabular,development,composite,moderate,False,False,independent_if_else,invalid,1.0,1.0,1.0,1.0,1.0,1.0,1.0,1.0,1.0,1.0,1.0,1.0,1.0,0.0,0.0,0,False,0.0,0.0,False,0.0,0.02586900018286542,
tabular_tree_a-development-0118,tabular_tree_a,tabular,development,composite,moderate,False,False,typed_route_without_cut,invalid,1.0,1.0,1.0,1.0,1.0,1.0,1.0,1.0,1.0,1.0,1.0,1.0,1.0,0.0,0.0,0,False,0.0,0.0,False,0.0,0.05237900040810928,
tabular_tree_a-development-0118,tabular_tree_a,tabular,development,composite,moderate,False,False,full_h10,invalid,1.0,1.0,1.0,1.0,1.0,1.0,1.0,1.0,1.0,1.0,1.0,1.0,1.0,0.0,0.0,0,True,0.0,0.0,False,0.0,0.18657400005395175,d69eee8be049a78558fd18e7b409f7a51ccd8e3269dec223350002a91fa22758
tabular_tree_a-development-0119,tabular_tree_a,tabular,development,single,severe,False,False,independent_if_else,invalid,1.0,1.0,1.0,1.0,1.0,1.0,1.0,1.0,1.0,1.0,1.0,1.0,1.0,0.0,0.0,0,False,0.0,0.0,False,0.0,0.023876000341260806,
tabular_tree_a-development-0119,tabular_tree_a,tabular,development,single,severe,False,False,typed_route_without_cut,invalid,1.0,1.0,1.0,1.0,1.0,1.0,1.0,1.0,1.0,1.0,1.0,1.0,1.0,0.0,0.0,0,False,0.0,0.0,False,0.0,0.021630999981425703,
tabular_tree_a-development-0119,tabular_tree_a,tabular,development,single,severe,False,False,full_h10,invalid,1.0,1.0,1.0,1.0,1.0,1.0,1.0,1.0,1.0,1.0,1.0,1.0,1.0,0.0,0.0,0,True,0.0,0.0,False,0.0,0.16367099988201517,46f2849f1fa8e6231f55ee0f47541e994d9131b81975fe4c1de8d9b564d0ae20
tabular_tree_a-development-0120,tabular_tree_a,tabular,development,composite,subtle,False,False,independent_if_else,invalid,1.0,1.0,1.0,1.0,1.0,1.0,1.0,1.0,0.6666666666666666,1.0,0.8,0.6666666666666666,0.0,2.0,0.0,0,False,0.0,0.0,False,0.0,0.03282199986642809,
tabular_tree_a-development-0120,tabular_tree_a,tabular,development,composite,subtle,False,False,typed_route_without_cut,invalid,1.0,1.0,1.0,1.0,1.0,1.0,1.0,1.0,0.6666666666666666,1.0,0.8,0.6666666666666666,0.0,2.0,0.0,0,False,0.0,0.0,False,0.0,0.07251700026245089,
tabular_tree_a-development-0120,tabular_tree_a,tabular,development,composite,subtle,False,False,full_h10,invalid,1.0,1.0,1.0,1.0,1.0,1.0,1.0,1.0,1.0,1.0,1.0,1.0,1.0,0.0,0.0,0,True,0.0,0.0,False,0.0,0.19850600028803456,b0a9ebf7a68d3a079c7769284956fae242d9f904054f211e461075cf1d36705f
tabular_tree_a-development-0121,tabular_tree_a,tabular,development,single,moderate,False,False,independent_if_else,invalid,1.0,1.0,1.0,1.0,1.0,1.0,1.0,1.0,1.0,1.0,1.0,1.0,1.0,0.0,0.0,0,False,0.0,0.0,False,0.0,0.023735000013402896,
tabular_tree_a-development-0121,tabular_tree_a,tabular,development,single,moderate,False,False,typed_route_without_cut,invalid,1.0,1.0,1.0,1.0,1.0,1.0,1.0,1.0,1.0,1.0,1.0,1.0,1.0,0.0,0.0,0,False,0.0,0.0,False,0.0,0.042560999645502307,
tabular_tree_a-development-0121,tabular_tree_a,tabular,development,single,moderate,False,False,full_h10,invalid,1.0,1.0,1.0,1.0,1.0,1.0,1.0,1.0,1.0,1.0,1.0,1.0,1.0,0.0,0.0,0,True,0.0,0.0,False,0.0,0.15089699991222005,b33a994c6e667e98807fb3849394782ff7183ff924951c2883f5a3ff6cf3e3b9
tabular_tree_a-development-0122,tabular_tree_a,tabular,development,clean,none,False,False,independent_if_else,valid,1.0,1.0,1.0,1.0,1.0,1.0,1.0,1.0,1.0,1.0,1.0,1.0,1.0,0.0,0.0,0,False,0.0,0.0,False,0.0,0.018023999928118428,
tabular_tree_a-development-0122,tabular_tree_a,tabular,development,clean,none,False,False,typed_route_without_cut,valid,1.0,1.0,1.0,1.0,1.0,1.0,1.0,1.0,1.0,1.0,1.0,1.0,1.0,0.0,0.0,0,False,0.0,0.0,False,0.0,0.0190760001714807,
tabular_tree_a-development-0122,tabular_tree_a,tabular,development,clean,none,False,False,full_h10,valid,1.0,1.0,1.0,1.0,1.0,1.0,1.0,1.0,1.0,1.0,1.0,1.0,1.0,0.0,0.0,0,True,0.0,0.0,False,0.0,0.019827999949484365,16dc47921b0adfd3ba284bfac55d4990183ad8978fda500097729699da2e08f1
tabular_tree_a-development-0123,tabular_tree_a,tabular,development,single,subtle,False,False,independent_if_else,invalid,1.0,1.0,1.0,1.0,1.0,1.0,1.0,1.0,1.0,1.0,1.0,1.0,1.0,0.0,0.0,0,False,0.0,0.0,False,0.0,0.02040900017163949,
tabular_tree_a-development-0123,tabular_tree_a,tabular,development,single,subtle,False,False,typed_route_without_cut,invalid,1.0,1.0,1.0,1.0,1.0,1.0,1.0,1.0,1.0,1.0,1.0,1.0,1.0,0.0,0.0,0,False,0.0,0.0,False,0.0,0.04114900002605282,
tabular_tree_a-development-0123,tabular_tree_a,tabular,development,single,subtle,False,False,full_h10,invalid,1.0,1.0,1.0,1.0,1.0,1.0,1.0,1.0,1.0,1.0,1.0,1.0,1.0,0.0,0.0,0,True,0.0,0.0,False,0.0,0.16133600001921877,05314b51fc91fce65d5b605a27ddd3b76ff0ca121fb4f91742a0057b85f3d8ca
tabular_tree_a-development-0124,tabular_tree_a,tabular,development,composite,moderate,False,False,independent_if_else,invalid,1.0,1.0,1.0,1.0,1.0,1.0,1.0,1.0,0.6666666666666666,1.0,0.8,0.6666666666666666,0.0,2.0,0.0,0,False,0.0,0.0,False,0.0,0.03202999960194575,
tabular_tree_a-development-0124,tabular_tree_a,tabular,development,composite,moderate,False,False,typed_route_without_cut,invalid,1.0,1.0,1.0,1.0,1.0,1.0,1.0,1.0,0.6666666666666666,1.0,0.8,0.6666666666666666,0.0,2.0,0.0,0,False,0.0,0.0,False,0.0,0.07547299992438639,
tabular_tree_a-development-0124,tabular_tree_a,tabular,development,composite,moderate,False,False,full_h10,invalid,1.0,1.0,1.0,1.0,1.0,1.0,1.0,1.0,1.0,1.0,1.0,1.0,1.0,0.0,0.0,0,True,0.0,0.0,False,0.0,0.18637300036061788,720ac2b6fd7fca62d1ab06290ff08e41bfe29c2e28b9f820dec34510cb92e8cd
tabular_tree_a-development-0125,tabular_tree_a,tabular,development,unknown_ambiguous,severe,True,False,independent_if_else,invalid,1.0,1.0,1.0,1.0,1.0,1.0,1.0,1.0,0.4,0.6666666666666666,0.5,0.3333333333333333,0.0,37.0,0.0,0,False,0.0,0.0,False,1.0,0.036919999729434494,
tabular_tree_a-development-0125,tabular_tree_a,tabular,development,unknown_ambiguous,severe,True,False,typed_route_without_cut,invalid,1.0,1.0,1.0,1.0,1.0,1.0,1.0,1.0,0.4,0.6666666666666666,0.5,0.3333333333333333,0.0,37.0,0.0,0,False,0.0,0.0,False,1.0,0.05848099999639089,
tabular_tree_a-development-0125,tabular_tree_a,tabular,development,unknown_ambiguous,severe,True,False,full_h10,invalid,1.0,1.0,1.0,1.0,1.0,1.0,1.0,1.0,0.5,0.6666666666666666,0.5714285714285715,0.4,0.0,36.0,0.0,0,True,0.0,0.0,False,1.0,0.21162100028959685,1448067dd323c29563359e4b2d879ec1d81b3362269b863d5b668e0925d47ca8
tabular_tree_a-development-0126,tabular_tree_a,tabular,development,composite,subtle,False,False,independent_if_else,invalid,1.0,1.0,1.0,1.0,1.0,1.0,1.0,1.0,0.6666666666666666,1.0,0.8,0.6666666666666666,0.0,2.0,0.0,0,False,0.0,0.0,False,0.0,0.036499000088952016,
tabular_tree_a-development-0126,tabular_tree_a,tabular,development,composite,subtle,False,False,typed_route_without_cut,invalid,1.0,1.0,1.0,1.0,1.0,1.0,1.0,1.0,0.6666666666666666,1.0,0.8,0.6666666666666666,0.0,2.0,0.0,0,False,0.0,0.0,False,0.0,0.058851000176218804,
tabular_tree_a-development-0126,tabular_tree_a,tabular,development,composite,subtle,False,False,full_h10,invalid,1.0,1.0,1.0,1.0,1.0,1.0,1.0,1.0,1.0,1.0,1.0,1.0,1.0,0.0,0.0,0,True,0.0,0.0,False,0.0,0.1700420002634928,89b95618efb34e65f11ef9b816ca1df97e02f03b4005abc0f20d373b7d16ee11
tabular_tree_a-development-0127,tabular_tree_a,tabular,development,unknown_ambiguous,moderate,True,False,independent_if_else,invalid,1.0,1.0,1.0,1.0,1.0,1.0,1.0,1.0,0.0,0.0,0.0,0.0,0.0,19.0,0.0,0,False,0.0,0.0,False,1.0,0.023053999939293135,
tabular_tree_a-development-0127,tabular_tree_a,tabular,development,unknown_ambiguous,moderate,True,False,typed_route_without_cut,invalid,1.0,1.0,1.0,1.0,1.0,1.0,1.0,1.0,0.0,0.0,0.0,0.0,0.0,19.0,0.0,0,False,0.0,0.0,False,1.0,0.02343400001336704,
tabular_tree_a-development-0127,tabular_tree_a,tabular,development,unknown_ambiguous,moderate,True,False,full_h10,invalid,1.0,1.0,1.0,1.0,1.0,1.0,1.0,1.0,0.0,0.0,0.0,0.0,0.0,19.0,0.0,0,True,0.0,0.0,False,1.0,0.15535400007138378,518b6c9879574440c752acbf0964a115770cb0b9cb4eb3f7d990a667078cd7b1
tabular_tree_a-development-0128,tabular_tree_a,tabular,development,single,severe,False,False,independent_if_else,invalid,1.0,1.0,1.0,1.0,1.0,1.0,1.0,1.0,1.0,1.0,1.0,1.0,1.0,0.0,0.0,0,False,0.0,0.0,False,0.0,0.022932999854674563,
tabular_tree_a-development-0128,tabular_tree_a,tabular,development,single,severe,False,False,typed_route_without_cut,invalid,1.0,1.0,1.0,1.0,1.0,1.0,1.0,1.0,1.0,1.0,1.0,1.0,1.0,0.0,0.0,0,False,0.0,0.0,False,0.0,0.060014000155206304,
tabular_tree_a-development-0128,tabular_tree_a,tabular,development,single,severe,False,False,full_h10,invalid,1.0,1.0,1.0,1.0,1.0,1.0,1.0,1.0,1.0,1.0,1.0,1.0,1.0,0.0,0.0,0,True,0.0,0.0,False,0.0,0.16078499993454898,4a79f2fc3e2e5658c3c90488dba463a75f2b79bdfa3be994637cf1a2febe6d01
tabular_tree_a-development-0129,tabular_tree_a,tabular,development,composite,subtle,False,False,independent_if_else,invalid,1.0,1.0,1.0,1.0,1.0,1.0,1.0,1.0,0.6666666666666666,1.0,0.8,0.6666666666666666,0.0,4.0,0.0,0,False,0.0,0.0,False,0.0,0.028454000130295753,
tabular_tree_a-development-0129,tabular_tree_a,tabular,development,composite,subtle,False,False,typed_route_without_cut,invalid,1.0,1.0,1.0,1.0,1.0,1.0,1.0,1.0,0.6666666666666666,1.0,0.8,0.6666666666666666,0.0,4.0,0.0,0,False,0.0,0.0,False,0.0,0.06274899988056859,
tabular_tree_a-development-0129,tabular_tree_a,tabular,development,composite,subtle,False,False,full_h10,invalid,1.0,1.0,1.0,1.0,1.0,1.0,1.0,1.0,1.0,1.0,1.0,1.0,1.0,0.0,0.0,0,True,0.0,0.0,False,0.0,0.20066099978066632,ee88e34e5b55a1e50a267b15c1637a84fdcd4a41b21d792b6a94a3c5dbe6894e
tabular_tree_a-development-0130,tabular_tree_a,tabular,development,composite,moderate,False,False,independent_if_else,invalid,1.0,1.0,1.0,1.0,1.0,1.0,1.0,1.0,1.0,1.0,1.0,1.0,1.0,0.0,0.0,0,False,0.0,0.0,False,0.0,0.027221999971516198,
tabular_tree_a-development-0130,tabular_tree_a,tabular,development,composite,moderate,False,False,typed_route_without_cut,invalid,1.0,1.0,1.0,1.0,1.0,1.0,1.0,1.0,1.0,1.0,1.0,1.0,1.0,0.0,0.0,0,False,0.0,0.0,False,0.0,0.06837900036771316,
tabular_tree_a-development-0130,tabular_tree_a,tabular,development,composite,moderate,False,False,full_h10,invalid,1.0,1.0,1.0,1.0,1.0,1.0,1.0,1.0,1.0,1.0,1.0,1.0,1.0,0.0,0.0,0,True,0.0,0.0,False,0.0,0.2038570000877371,670290d92af99129812b881e5dc79f51894331d47bc4af3e34456056ba78cd4a
tabular_tree_a-development-0131,tabular_tree_a,tabular,development,composite,severe,False,False,independent_if_else,invalid,1.0,1.0,1.0,1.0,1.0,1.0,1.0,1.0,0.6666666666666666,1.0,0.8,0.6666666666666666,0.0,2.0,0.0,0,False,0.0,0.0,False,0.0,0.029245999940030742,
tabular_tree_a-development-0131,tabular_tree_a,tabular,development,composite,severe,False,False,typed_route_without_cut,invalid,1.0,1.0,1.0,1.0,1.0,1.0,1.0,1.0,0.6666666666666666,1.0,0.8,0.6666666666666666,0.0,2.0,0.0,0,False,0.0,0.0,False,0.0,0.06210799983819015,
tabular_tree_a-development-0131,tabular_tree_a,tabular,development,composite,severe,False,False,full_h10,invalid,1.0,1.0,1.0,1.0,1.0,1.0,1.0,1.0,1.0,1.0,1.0,1.0,1.0,0.0,0.0,0,True,0.0,0.0,False,0.0,0.18510199970478425,e6aaaab9087dadc8c7dae3785afbb46e3a07305e410b631d764cccdc75e8a8ff
tabular_tree_a-development-0132,tabular_tree_a,tabular,development,single,subtle,False,False,independent_if_else,invalid,1.0,1.0,1.0,1.0,1.0,1.0,1.0,1.0,1.0,1.0,1.0,1.0,1.0,0.0,0.0,0,False,0.0,0.0,False,0.0,0.023384000087389722,
tabular_tree_a-development-0132,tabular_tree_a,tabular,development,single,subtle,False,False,typed_route_without_cut,invalid,1.0,1.0,1.0,1.0,1.0,1.0,1.0,1.0,1.0,1.0,1.0,1.0,1.0,0.0,0.0,0,False,0.0,0.0,False,0.0,0.02261299960082397,
tabular_tree_a-development-0132,tabular_tree_a,tabular,development,single,subtle,False,False,full_h10,invalid,1.0,1.0,1.0,1.0,1.0,1.0,1.0,1.0,1.0,1.0,1.0,1.0,1.0,0.0,0.0,0,True,0.0,0.0,False,0.0,0.16017400002965587,fe4f724913b90957b0cdef19a816e586e90578d326e829b99ad6223d30707c00
tabular_tree_a-development-0133,tabular_tree_a,tabular,development,composite,moderate,False,False,independent_if_else,invalid,1.0,1.0,1.0,1.0,1.0,1.0,1.0,1.0,0.3333333333333333,1.0,0.5,0.3333333333333333,0.0,6.0,0.0,0,False,0.0,0.0,False,0.0,0.029225000162114156,
tabular_tree_a-development-0133,tabular_tree_a,tabular,development,composite,moderate,False,False,typed_route_without_cut,invalid,1.0,1.0,1.0,1.0,1.0,1.0,1.0,1.0,0.3333333333333333,1.0,0.5,0.3333333333333333,0.0,6.0,0.0,0,False,0.0,0.0,False,0.0,0.05930199995418661,
tabular_tree_a-development-0133,tabular_tree_a,tabular,development,composite,moderate,False,False,full_h10,invalid,1.0,1.0,1.0,1.0,1.0,1.0,1.0,1.0,1.0,1.0,1.0,1.0,1.0,0.0,0.0,0,True,0.0,0.0,False,0.0,0.17473099978815299,adc82c8888dff41bc2914e1f495f602089a617af60a14bcd8bb57beb291046e3
tabular_tree_a-development-0134,tabular_tree_a,tabular,development,unknown_ambiguous,severe,True,True,independent_if_else,insufficient_evidence,1.0,1.0,1.0,1.0,0.3333333333333333,1.0,0.5,0.3333333333333333,1.0,1.0,1.0,1.0,1.0,0.0,4.0,2,False,0.0,0.0,True,0.0,0.03008699968631845,
tabular_tree_a-development-0134,tabular_tree_a,tabular,development,unknown_ambiguous,severe,True,True,typed_route_without_cut,insufficient_evidence,1.0,1.0,1.0,1.0,0.3333333333333333,1.0,0.5,0.3333333333333333,1.0,1.0,1.0,1.0,1.0,0.0,4.0,2,False,0.0,0.0,True,0.0,0.054643999646941666,
tabular_tree_a-development-0134,tabular_tree_a,tabular,development,unknown_ambiguous,severe,True,True,full_h10,insufficient_evidence,1.0,1.0,1.0,1.0,0.3333333333333333,1.0,0.5,0.3333333333333333,1.0,1.0,1.0,1.0,1.0,0.0,4.0,2,True,0.0,0.0,True,0.0,0.1768759998412861,c54520b73f428186a04b77a648c35f61430391f6b5f4d7060d54eba5b9d729f9
tabular_tree_a-development-0135,tabular_tree_a,tabular,development,composite,subtle,False,False,independent_if_else,invalid,1.0,1.0,1.0,1.0,1.0,1.0,1.0,1.0,0.6666666666666666,1.0,0.8,0.6666666666666666,0.0,2.0,0.0,0,False,0.0,0.0,False,0.0,0.027221999971516198,
tabular_tree_a-development-0135,tabular_tree_a,tabular,development,composite,subtle,False,False,typed_route_without_cut,invalid,1.0,1.0,1.0,1.0,1.0,1.0,1.0,1.0,0.6666666666666666,1.0,0.8,0.6666666666666666,0.0,2.0,0.0,0,False,0.0,0.0,False,0.0,0.0693219999448047,
tabular_tree_a-development-0135,tabular_tree_a,tabular,development,composite,subtle,False,False,full_h10,invalid,1.0,1.0,1.0,1.0,1.0,1.0,1.0,1.0,1.0,1.0,1.0,1.0,1.0,0.0,0.0,0,True,0.0,0.0,False,0.0,0.1837889999478648,1a65feb7052c903fecf0b7fe0051694e93ad935b749e1dd334915976c378c192
tabular_tree_a-development-0136,tabular_tree_a,tabular,development,composite,moderate,False,False,independent_if_else,invalid,1.0,1.0,1.0,1.0,1.0,1.0,1.0,1.0,0.6666666666666666,1.0,0.8,0.6666666666666666,0.0,2.0,0.0,0,False,0.0,0.0,False,0.0,0.03478600001471932,
tabular_tree_a-development-0136,tabular_tree_a,tabular,development,composite,moderate,False,False,typed_route_without_cut,invalid,1.0,1.0,1.0,1.0,1.0,1.0,1.0,1.0,0.6666666666666666,1.0,0.8,0.6666666666666666,0.0,2.0,0.0,0,False,0.0,0.0,False,0.0,0.06240899983822601,
tabular_tree_a-development-0136,tabular_tree_a,tabular,development,composite,moderate,False,False,full_h10,invalid,1.0,1.0,1.0,1.0,1.0,1.0,1.0,1.0,1.0,1.0,1.0,1.0,1.0,0.0,0.0,0,True,0.0,0.0,False,0.0,0.19504000010783784,fc4fd6da06a9e43909e1050f7c0b22e0b52d5edb8d385d9d1f9203c1bdcab106
tabular_tree_a-development-0137,tabular_tree_a,tabular,development,unknown_ambiguous,severe,True,False,independent_if_else,invalid,1.0,1.0,1.0,1.0,1.0,1.0,1.0,1.0,0.0,0.0,0.0,0.0,0.0,19.0,0.0,0,False,0.0,0.0,False,1.0,0.034175000109826215,
tabular_tree_a-development-0137,tabular_tree_a,tabular,development,unknown_ambiguous,severe,True,False,typed_route_without_cut,invalid,1.0,1.0,1.0,1.0,1.0,1.0,1.0,1.0,0.0,0.0,0.0,0.0,0.0,19.0,0.0,0,False,0.0,0.0,False,1.0,0.03073799962294288,
tabular_tree_a-development-0137,tabular_tree_a,tabular,development,unknown_ambiguous,severe,True,False,full_h10,invalid,1.0,1.0,1.0,1.0,1.0,1.0,1.0,1.0,0.0,0.0,0.0,0.0,0.0,19.0,0.0,0,True,0.0,0.0,False,1.0,0.16327000003002468,29e295bae255501f106c7fc61b873678c02b34aa8c1f09415aa6dd51df6e8d2e
tabular_tree_a-development-0138,tabular_tree_a,tabular,development,clean,none,False,False,independent_if_else,valid,1.0,1.0,1.0,1.0,1.0,1.0,1.0,1.0,1.0,1.0,1.0,1.0,1.0,0.0,0.0,0,False,0.0,0.0,False,0.0,0.018154000372305745,
tabular_tree_a-development-0138,tabular_tree_a,tabular,development,clean,none,False,False,typed_route_without_cut,valid,1.0,1.0,1.0,1.0,1.0,1.0,1.0,1.0,1.0,1.0,1.0,1.0,1.0,0.0,0.0,0,False,0.0,0.0,False,0.0,0.019095999959972687,
tabular_tree_a-development-0138,tabular_tree_a,tabular,development,clean,none,False,False,full_h10,valid,1.0,1.0,1.0,1.0,1.0,1.0,1.0,1.0,1.0,1.0,1.0,1.0,1.0,0.0,0.0,0,True,0.0,0.0,False,0.0,0.023675000193179585,e614442351c5cf86df175c8509ee0e959afeb0afc92a3d7677aa4198f0e6e12e
tabular_tree_a-development-0139,tabular_tree_a,tabular,development,clean,none,False,False,independent_if_else,valid,1.0,1.0,1.0,1.0,1.0,1.0,1.0,1.0,1.0,1.0,1.0,1.0,1.0,0.0,0.0,0,False,0.0,0.0,False,0.0,0.020137999854341615,
tabular_tree_a-development-0139,tabular_tree_a,tabular,development,clean,none,False,False,typed_route_without_cut,valid,1.0,1.0,1.0,1.0,1.0,1.0,1.0,1.0,1.0,1.0,1.0,1.0,1.0,0.0,0.0,0,False,0.0,0.0,False,0.0,0.018615000044519547,
tabular_tree_a-development-0139,tabular_tree_a,tabular,development,clean,none,False,False,full_h10,valid,1.0,1.0,1.0,1.0,1.0,1.0,1.0,1.0,1.0,1.0,1.0,1.0,1.0,0.0,0.0,0,True,0.0,0.0,False,0.0,0.023074000182532473,9f00f51f7fd3a2b6ed3390f19bc565cf88657821b6d982a6fc2fd7caeab8fed3
tabular_tree_a-development-0140,tabular_tree_a,tabular,development,unknown_ambiguous,severe,True,True,independent_if_else,invalid,1.0,1.0,1.0,1.0,1.0,1.0,1.0,1.0,0.0,0.0,0.0,0.0,0.0,19.0,0.0,0,False,0.0,0.0,False,1.0,0.025778999770409428,
tabular_tree_a-development-0140,tabular_tree_a,tabular,development,unknown_ambiguous,severe,True,True,typed_route_without_cut,invalid,1.0,1.0,1.0,1.0,1.0,1.0,1.0,1.0,0.0,0.0,0.0,0.0,0.0,19.0,0.0,0,False,0.0,0.0,False,1.0,0.026681000235839747,
tabular_tree_a-development-0140,tabular_tree_a,tabular,development,unknown_ambiguous,severe,True,True,full_h10,invalid,1.0,1.0,1.0,1.0,1.0,1.0,1.0,1.0,0.0,0.0,0.0,0.0,0.0,19.0,0.0,0,True,0.0,0.0,False,1.0,0.19954800018240348,91cb2002726d216c5ca00d240c9ad40372cfd96f6bc2bb8a88a881294200d112
tabular_tree_a-development-0141,tabular_tree_a,tabular,development,composite,subtle,False,False,independent_if_else,invalid,1.0,1.0,1.0,1.0,1.0,1.0,1.0,1.0,1.0,1.0,1.0,1.0,1.0,0.0,0.0,0,False,0.0,0.0,False,0.0,0.02997699994011782,
tabular_tree_a-development-0141,tabular_tree_a,tabular,development,composite,subtle,False,False,typed_route_without_cut,invalid,1.0,1.0,1.0,1.0,1.0,1.0,1.0,1.0,1.0,1.0,1.0,1.0,1.0,0.0,0.0,0,False,0.0,0.0,False,0.0,0.05162800016478286,
tabular_tree_a-development-0141,tabular_tree_a,tabular,development,composite,subtle,False,False,full_h10,invalid,1.0,1.0,1.0,1.0,1.0,1.0,1.0,1.0,1.0,1.0,1.0,1.0,1.0,0.0,0.0,0,True,0.0,0.0,False,0.0,0.18592300011732732,2d6f38e0894600d66f43056e298694b335e29d4d43c567d8c1a65290eb64aa4b
tabular_tree_a-development-0142,tabular_tree_a,tabular,development,single,moderate,False,False,independent_if_else,invalid,1.0,1.0,1.0,1.0,1.0,1.0,1.0,1.0,0.3333333333333333,1.0,0.5,0.3333333333333333,0.0,2.0,0.0,0,False,0.0,0.0,False,0.0,0.03906400024789036,
tabular_tree_a-development-0142,tabular_tree_a,tabular,development,single,moderate,False,False,typed_route_without_cut,invalid,1.0,1.0,1.0,1.0,1.0,1.0,1.0,1.0,0.3333333333333333,1.0,0.5,0.3333333333333333,0.0,2.0,0.0,0,False,0.0,0.0,False,0.0,0.028182999812997878,
tabular_tree_a-development-0142,tabular_tree_a,tabular,development,single,moderate,False,False,full_h10,invalid,1.0,1.0,1.0,1.0,1.0,1.0,1.0,1.0,1.0,1.0,1.0,1.0,1.0,0.0,0.0,0,True,0.0,0.0,False,0.0,0.18894800041380222,845b42ea58aaae944eb27b7bd6ccd37f300ce3def3bbc04020b23746d0cac0f5
tabular_tree_a-development-0143,tabular_tree_a,tabular,development,clean,none,False,False,independent_if_else,valid,1.0,1.0,1.0,1.0,1.0,1.0,1.0,1.0,1.0,1.0,1.0,1.0,1.0,0.0,0.0,0,False,0.0,0.0,False,0.0,0.018063999959849752,
tabular_tree_a-development-0143,tabular_tree_a,tabular,development,clean,none,False,False,typed_route_without_cut,valid,1.0,1.0,1.0,1.0,1.0,1.0,1.0,1.0,1.0,1.0,1.0,1.0,1.0,0.0,0.0,0,False,0.0,0.0,False,0.0,0.018604999695526203,
tabular_tree_a-development-0143,tabular_tree_a,tabular,development,clean,none,False,False,full_h10,valid,1.0,1.0,1.0,1.0,1.0,1.0,1.0,1.0,1.0,1.0,1.0,1.0,1.0,0.0,0.0,0,True,0.0,0.0,False,0.0,0.020729999960167333,04d8ad789e0b9d45fc5bf0b48609917305c10d164f724b053eba57739d7cb1f8
tabular_tree_a-development-0144,tabular_tree_a,tabular,development,composite,subtle,False,False,independent_if_else,invalid,1.0,1.0,1.0,1.0,1.0,1.0,1.0,1.0,0.6666666666666666,1.0,0.8,0.6666666666666666,0.0,2.0,0.0,0,False,0.0,0.0,False,0.0,0.027672000214806758,
tabular_tree_a-development-0144,tabular_tree_a,tabular,development,composite,subtle,False,False,typed_route_without_cut,invalid,1.0,1.0,1.0,1.0,1.0,1.0,1.0,1.0,0.6666666666666666,1.0,0.8,0.6666666666666666,0.0,2.0,0.0,0,False,0.0,0.0,False,0.0,0.0687799997649563,
tabular_tree_a-development-0144,tabular_tree_a,tabular,development,composite,subtle,False,False,full_h10,invalid,1.0,1.0,1.0,1.0,1.0,1.0,1.0,1.0,1.0,1.0,1.0,1.0,1.0,0.0,0.0,0,True,0.0,0.0,False,0.0,0.18246600029669935,deda9eff7dceb8f5041c9fd6ef0aae6949c981b3eadc958dd4c63ae56a0f4870
tabular_tree_a-development-0145,tabular_tree_a,tabular,development,clean,none,False,False,independent_if_else,valid,1.0,1.0,1.0,1.0,1.0,1.0,1.0,1.0,1.0,1.0,1.0,1.0,1.0,0.0,0.0,0,False,0.0,0.0,False,0.0,0.017331999970338074,
tabular_tree_a-development-0145,tabular_tree_a,tabular,development,clean,none,False,False,typed_route_without_cut,valid,1.0,1.0,1.0,1.0,1.0,1.0,1.0,1.0,1.0,1.0,1.0,1.0,1.0,0.0,0.0,0,False,0.0,0.0,False,0.0,0.017593999928067205,
tabular_tree_a-development-0145,tabular_tree_a,tabular,development,clean,none,False,False,full_h10,valid,1.0,1.0,1.0,1.0,1.0,1.0,1.0,1.0,1.0,1.0,1.0,1.0,1.0,0.0,0.0,0,True,0.0,0.0,False,0.0,0.019537000298441853,468e85ea85fe3d0eb8a55289e58a42e6e19ad20bd25723e281a23238898c65b5
tabular_tree_a-development-0146,tabular_tree_a,tabular,development,unknown_ambiguous,severe,True,True,independent_if_else,invalid,1.0,1.0,1.0,1.0,1.0,1.0,1.0,1.0,0.25,0.5,0.3333333333333333,0.2,0.0,37.0,0.0,0,False,0.0,0.0,False,1.0,0.028564000331243733,
tabular_tree_a-development-0146,tabular_tree_a,tabular,development,unknown_ambiguous,severe,True,True,typed_route_without_cut,invalid,1.0,1.0,1.0,1.0,1.0,1.0,1.0,1.0,0.25,0.5,0.3333333333333333,0.2,0.0,37.0,0.0,0,False,0.0,0.0,False,1.0,0.0309389997710241,
tabular_tree_a-development-0146,tabular_tree_a,tabular,development,unknown_ambiguous,severe,True,True,full_h10,invalid,1.0,1.0,1.0,1.0,1.0,1.0,1.0,1.0,0.3333333333333333,0.5,0.4,0.25,0.0,36.0,0.0,0,True,0.0,0.0,False,1.0,0.1822959998207807,229d7146dc20b41bc03bb4e0f71fa440cc67a5fc1afc198ac11626edf11488b1
tabular_tree_a-development-0147,tabular_tree_a,tabular,development,clean,none,False,False,independent_if_else,valid,1.0,1.0,1.0,1.0,1.0,1.0,1.0,1.0,1.0,1.0,1.0,1.0,1.0,0.0,0.0,0,False,0.0,0.0,False,0.0,0.018726000234892126,
tabular_tree_a-development-0147,tabular_tree_a,tabular,development,clean,none,False,False,typed_route_without_cut,valid,1.0,1.0,1.0,1.0,1.0,1.0,1.0,1.0,1.0,1.0,1.0,1.0,1.0,0.0,0.0,0,False,0.0,0.0,False,0.0,0.017473000298195984,
tabular_tree_a-development-0147,tabular_tree_a,tabular,development,clean,none,False,False,full_h10,valid,1.0,1.0,1.0,1.0,1.0,1.0,1.0,1.0,1.0,1.0,1.0,1.0,1.0,0.0,0.0,0,True,0.0,0.0,False,0.0,0.0229540000873385,107a712450b237e919b6d35ae38a6cb9efd917dfbb1c6dbdfe231a2baba43e4f
tabular_tree_a-development-0148,tabular_tree_a,tabular,development,composite,moderate,False,False,independent_if_else,invalid,1.0,1.0,1.0,1.0,1.0,1.0,1.0,1.0,1.0,1.0,1.0,1.0,1.0,0.0,0.0,0,False,0.0,0.0,False,0.0,0.024967000172182452,
tabular_tree_a-development-0148,tabular_tree_a,tabular,development,composite,moderate,False,False,typed_route_without_cut,invalid,1.0,1.0,1.0,1.0,1.0,1.0,1.0,1.0,1.0,1.0,1.0,1.0,1.0,0.0,0.0,0,False,0.0,0.0,False,0.0,0.04930399973090971,
tabular_tree_a-development-0148,tabular_tree_a,tabular,development,composite,moderate,False,False,full_h10,invalid,1.0,1.0,1.0,1.0,1.0,1.0,1.0,1.0,1.0,1.0,1.0,1.0,1.0,0.0,0.0,0,True,0.0,0.0,False,0.0,0.1713750002636516,b7c4f5cba42b7b68938f0d27027f7a934095fa0039761e34d00d63138058e622
tabular_tree_a-development-0149,tabular_tree_a,tabular,development,composite,severe,False,False,independent_if_else,invalid,1.0,1.0,1.0,1.0,1.0,1.0,1.0,1.0,0.6666666666666666,1.0,0.8,0.6666666666666666,0.0,2.0,0.0,0,False,0.0,0.0,False,0.0,0.02878500026781694,
tabular_tree_a-development-0149,tabular_tree_a,tabular,development,composite,severe,False,False,typed_route_without_cut,invalid,1.0,1.0,1.0,1.0,1.0,1.0,1.0,1.0,0.6666666666666666,1.0,0.8,0.6666666666666666,0.0,2.0,0.0,0,False,0.0,0.0,False,0.0,0.05933300008109654,
tabular_tree_a-development-0149,tabular_tree_a,tabular,development,composite,severe,False,False,full_h10,invalid,1.0,1.0,1.0,1.0,1.0,1.0,1.0,1.0,1.0,1.0,1.0,1.0,1.0,0.0,0.0,0,True,0.0,0.0,False,0.0,0.19558100029826164,45ceb3a65fd67de68964f320f8fcca1b778145a8706b6da3c3502bb9306af2db
tabular_boost_b-development-0000,tabular_boost_b,tabular,development,composite,subtle,False,False,independent_if_else,invalid,1.0,1.0,1.0,1.0,1.0,1.0,1.0,1.0,0.6666666666666666,1.0,0.8,0.6666666666666666,0.0,2.0,0.0,0,False,0.0,0.0,False,0.0,0.03294199996162206,
tabular_boost_b-development-0000,tabular_boost_b,tabular,development,composite,subtle,False,False,typed_route_without_cut,invalid,1.0,1.0,1.0,1.0,1.0,1.0,1.0,1.0,0.6666666666666666,1.0,0.8,0.6666666666666666,0.0,2.0,0.0,0,False,0.0,0.0,False,0.0,0.0783190002948686,
tabular_boost_b-development-0000,tabular_boost_b,tabular,development,composite,subtle,False,False,full_h10,invalid,1.0,1.0,1.0,1.0,1.0,1.0,1.0,1.0,1.0,1.0,1.0,1.0,1.0,0.0,0.0,0,True,0.0,0.0,False,0.0,0.18940900008601602,0634e0cc07b5070c350cc7e66adcdf463087f1ad3afae6ce2a1dc7b452f8395c
tabular_boost_b-development-0001,tabular_boost_b,tabular,development,composite,moderate,False,False,independent_if_else,invalid,1.0,1.0,1.0,1.0,1.0,1.0,1.0,1.0,0.6666666666666666,1.0,0.8,0.6666666666666666,0.0,2.0,0.0,0,False,0.0,0.0,False,0.0,0.028854999982286245,
tabular_boost_b-development-0001,tabular_boost_b,tabular,development,composite,moderate,False,False,typed_route_without_cut,invalid,1.0,1.0,1.0,1.0,1.0,1.0,1.0,1.0,0.6666666666666666,1.0,0.8,0.6666666666666666,0.0,2.0,0.0,0,False,0.0,0.0,False,0.0,0.059001999943575356,
tabular_boost_b-development-0001,tabular_boost_b,tabular,development,composite,moderate,False,False,full_h10,invalid,1.0,1.0,1.0,1.0,1.0,1.0,1.0,1.0,1.0,1.0,1.0,1.0,1.0,0.0,0.0,0,True,0.0,0.0,False,0.0,0.17734599987306865,cb811009c7f6e40c2f4bd20fd8c425809f53be10ddbad632deedf6cae04b417c
tabular_boost_b-development-0002,tabular_boost_b,tabular,development,clean,none,False,False,independent_if_else,valid,1.0,1.0,1.0,1.0,1.0,1.0,1.0,1.0,1.0,1.0,1.0,1.0,1.0,0.0,0.0,0,False,0.0,0.0,False,0.0,0.01786399980119313,
tabular_boost_b-development-0002,tabular_boost_b,tabular,development,clean,none,False,False,typed_route_without_cut,valid,1.0,1.0,1.0,1.0,1.0,1.0,1.0,1.0,1.0,1.0,1.0,1.0,1.0,0.0,0.0,0,False,0.0,0.0,False,0.0,0.018404999991616933,
tabular_boost_b-development-0002,tabular_boost_b,tabular,development,clean,none,False,False,full_h10,valid,1.0,1.0,1.0,1.0,1.0,1.0,1.0,1.0,1.0,1.0,1.0,1.0,1.0,0.0,0.0,0,True,0.0,0.0,False,0.0,0.020328000118752243,0929fc4f2cbd71ba25c3474429a960f17244ed3556d10d20aeb8b4a83ddbfd80
tabular_boost_b-development-0003,tabular_boost_b,tabular,development,composite,subtle,False,False,independent_if_else,invalid,1.0,1.0,1.0,1.0,1.0,1.0,1.0,1.0,0.6666666666666666,1.0,0.8,0.6666666666666666,0.0,2.0,0.0,0,False,0.0,0.0,False,0.0,0.02788299980238662,
tabular_boost_b-development-0003,tabular_boost_b,tabular,development,composite,subtle,False,False,typed_route_without_cut,invalid,1.0,1.0,1.0,1.0,1.0,1.0,1.0,1.0,0.6666666666666666,1.0,0.8,0.6666666666666666,0.0,2.0,0.0,0,False,0.0,0.0,False,0.0,0.07121499993445468,
tabular_boost_b-development-0003,tabular_boost_b,tabular,development,composite,subtle,False,False,full_h10,invalid,1.0,1.0,1.0,1.0,1.0,1.0,1.0,1.0,1.0,1.0,1.0,1.0,1.0,0.0,0.0,0,True,0.0,0.0,False,0.0,0.17526299961900804,94c83c9d635d813d785f08c85068d0b75cb7ee3b356077887fcb85326773d0a1
tabular_boost_b-development-0004,tabular_boost_b,tabular,development,single,moderate,False,False,independent_if_else,invalid,1.0,1.0,1.0,1.0,1.0,1.0,1.0,1.0,1.0,1.0,1.0,1.0,1.0,0.0,0.0,0,False,0.0,0.0,False,0.0,0.02190200029872358,
tabular_boost_b-development-0004,tabular_boost_b,tabular,development,single,moderate,False,False,typed_route_without_cut,invalid,1.0,1.0,1.0,1.0,1.0,1.0,1.0,1.0,1.0,1.0,1.0,1.0,1.0,0.0,0.0,0,False,0.0,0.0,False,0.0,0.058800999795494135,
tabular_boost_b-development-0004,tabular_boost_b,tabular,development,single,moderate,False,False,full_h10,invalid,1.0,1.0,1.0,1.0,1.0,1.0,1.0,1.0,1.0,1.0,1.0,1.0,1.0,0.0,0.0,0,True,0.0,0.0,False,0.0,0.15768999992360477,f17600198fe801c908ea9bd785d419330dab1c60cbb4c03b9b20f23d833b0f4e
tabular_boost_b-development-0005,tabular_boost_b,tabular,development,clean,none,False,False,independent_if_else,valid,1.0,1.0,1.0,1.0,1.0,1.0,1.0,1.0,1.0,1.0,1.0,1.0,1.0,0.0,0.0,0,False,0.0,0.0,False,0.0,0.02043899985437747,
tabular_boost_b-development-0005,tabular_boost_b,tabular,development,clean,none,False,False,typed_route_without_cut,valid,1.0,1.0,1.0,1.0,1.0,1.0,1.0,1.0,1.0,1.0,1.0,1.0,1.0,0.0,0.0,0,False,0.0,0.0,False,0.0,0.020980000044801272,
tabular_boost_b-development-0005,tabular_boost_b,tabular,development,clean,none,False,False,full_h10,valid,1.0,1.0,1.0,1.0,1.0,1.0,1.0,1.0,1.0,1.0,1.0,1.0,1.0,0.0,0.0,0,True,0.0,0.0,False,0.0,0.023624999812454917,d245669afbaaafe77187e54de4e0087127bec206b57c5bcdfa00784b2ccbd24c
tabular_boost_b-development-0006,tabular_boost_b,tabular,development,unknown_ambiguous,subtle,True,True,independent_if_else,insufficient_evidence,1.0,1.0,1.0,1.0,0.8333333333333334,1.0,0.9090909090909091,0.8333333333333334,0.4,0.6666666666666666,0.5,0.3333333333333333,0.0,37.0,2.0,1,False,0.0,0.0,True,0.0,0.04075799961356097,
tabular_boost_b-development-0006,tabular_boost_b,tabular,development,unknown_ambiguous,subtle,True,True,typed_route_without_cut,insufficient_evidence,1.0,1.0,1.0,1.0,0.8333333333333334,1.0,0.9090909090909091,0.8333333333333334,0.4,0.6666666666666666,0.5,0.3333333333333333,0.0,37.0,2.0,1,False,0.0,0.0,True,0.0,0.0643619996480993,
tabular_boost_b-development-0006,tabular_boost_b,tabular,development,unknown_ambiguous,subtle,True,True,full_h10,insufficient_evidence,1.0,1.0,1.0,1.0,0.8333333333333334,1.0,0.9090909090909091,0.8333333333333334,0.5,0.6666666666666666,0.5714285714285715,0.4,0.0,36.0,2.0,1,True,0.0,0.0,True,0.0,0.20864599991909927,4742e0cb1fe4ce11eafa67d878f06a96d70e509be59b1196f92c46f5aab66fd2
tabular_boost_b-development-0007,tabular_boost_b,tabular,development,unknown_ambiguous,moderate,True,False,independent_if_else,invalid,1.0,1.0,1.0,1.0,1.0,1.0,1.0,1.0,0.5,1.0,0.6666666666666666,0.5,0.0,20.0,0.0,0,False,0.0,0.0,False,1.0,0.02513800018277834,
tabular_boost_b-development-0007,tabular_boost_b,tabular,development,unknown_ambiguous,moderate,True,False,typed_route_without_cut,invalid,1.0,1.0,1.0,1.0,1.0,1.0,1.0,1.0,0.5,1.0,0.6666666666666666,0.5,0.0,20.0,0.0,0,False,0.0,0.0,False,1.0,0.050876999921456445,
tabular_boost_b-development-0007,tabular_boost_b,tabular,development,unknown_ambiguous,moderate,True,False,full_h10,invalid,1.0,1.0,1.0,1.0,1.0,1.0,1.0,1.0,0.5,1.0,0.6666666666666666,0.5,0.0,20.0,0.0,0,True,0.0,0.0,False,1.0,0.16439199998785625,306663b5e41af5bfcf617c742f466d8620c4f42de4d5fc75133fe94ffaf75ed4
tabular_boost_b-development-0008,tabular_boost_b,tabular,development,clean,none,False,False,independent_if_else,valid,1.0,1.0,1.0,1.0,1.0,1.0,1.0,1.0,1.0,1.0,1.0,1.0,1.0,0.0,0.0,0,False,0.0,0.0,False,0.0,0.01723200011838344,
tabular_boost_b-development-0008,tabular_boost_b,tabular,development,clean,none,False,False,typed_route_without_cut,valid,1.0,1.0,1.0,1.0,1.0,1.0,1.0,1.0,1.0,1.0,1.0,1.0,1.0,0.0,0.0,0,False,0.0,0.0,False,0.0,0.01811499987525167,
tabular_boost_b-development-0008,tabular_boost_b,tabular,development,clean,none,False,False,full_h10,valid,1.0,1.0,1.0,1.0,1.0,1.0,1.0,1.0,1.0,1.0,1.0,1.0,1.0,0.0,0.0,0,True,0.0,0.0,False,0.0,0.020397999833221547,f2281c415d384d87502b9df92b2f83f9641a62e5c85d1d09501177dfa429aa3a
tabular_boost_b-development-0009,tabular_boost_b,tabular,development,single,subtle,False,False,independent_if_else,invalid,1.0,1.0,1.0,1.0,1.0,1.0,1.0,1.0,1.0,1.0,1.0,1.0,1.0,0.0,0.0,0,False,0.0,0.0,False,0.0,0.022371999875758775,
tabular_boost_b-development-0009,tabular_boost_b,tabular,development,single,subtle,False,False,typed_route_without_cut,invalid,1.0,1.0,1.0,1.0,1.0,1.0,1.0,1.0,1.0,1.0,1.0,1.0,1.0,0.0,0.0,0,False,0.0,0.0,False,0.0,0.04570700002659578,
tabular_boost_b-development-0009,tabular_boost_b,tabular,development,single,subtle,False,False,full_h10,invalid,1.0,1.0,1.0,1.0,1.0,1.0,1.0,1.0,1.0,1.0,1.0,1.0,1.0,0.0,0.0,0,True,0.0,0.0,False,0.0,0.17671500017968356,38ae3a269e4bc1c42edb5ff50d0380bd2e6988896d23becaacf709bf62382ecf
tabular_boost_b-development-0010,tabular_boost_b,tabular,development,composite,moderate,False,False,independent_if_else,invalid,1.0,1.0,1.0,1.0,1.0,1.0,1.0,1.0,0.5,1.0,0.6666666666666666,0.5,0.0,2.0,0.0,0,False,0.0,0.0,False,0.0,0.02773200003503007,
tabular_boost_b-development-0010,tabular_boost_b,tabular,development,composite,moderate,False,False,typed_route_without_cut,invalid,1.0,1.0,1.0,1.0,1.0,1.0,1.0,1.0,0.5,1.0,0.6666666666666666,0.5,0.0,2.0,0.0,0,False,0.0,0.0,False,0.0,0.053731999742012704,
tabular_boost_b-development-0010,tabular_boost_b,tabular,development,composite,moderate,False,False,full_h10,invalid,1.0,1.0,1.0,1.0,1.0,1.0,1.0,1.0,1.0,1.0,1.0,1.0,1.0,0.0,0.0,0,True,0.0,0.0,False,0.0,0.17177599966089474,04f456509f127a507ef77c40e348a9766997d064c65fbc56ecdfd77b9e5f4895
tabular_boost_b-development-0011,tabular_boost_b,tabular,development,composite,severe,False,False,independent_if_else,invalid,1.0,1.0,1.0,1.0,1.0,1.0,1.0,1.0,1.0,1.0,1.0,1.0,1.0,0.0,0.0,0,False,0.0,0.0,False,0.0,0.02597899992906605,
tabular_boost_b-development-0011,tabular_boost_b,tabular,development,composite,severe,False,False,typed_route_without_cut,invalid,1.0,1.0,1.0,1.0,1.0,1.0,1.0,1.0,1.0,1.0,1.0,1.0,1.0,0.0,0.0,0,False,0.0,0.0,False,0.0,0.06666700028290506,
tabular_boost_b-development-0011,tabular_boost_b,tabular,development,composite,severe,False,False,full_h10,invalid,1.0,1.0,1.0,1.0,1.0,1.0,1.0,1.0,1.0,1.0,1.0,1.0,1.0,0.0,0.0,0,True,0.0,0.0,False,0.0,0.16742800016800174,40489560bbbd5211823ea5e9778f4bc99fc8ae20d128f118bc1c260ef6e8e445
tabular_boost_b-development-0012,tabular_boost_b,tabular,development,single,subtle,False,False,independent_if_else,invalid,1.0,1.0,1.0,1.0,1.0,1.0,1.0,1.0,1.0,1.0,1.0,1.0,1.0,0.0,0.0,0,False,0.0,0.0,False,0.0,0.022231999992072815,
tabular_boost_b-development-0012,tabular_boost_b,tabular,development,single,subtle,False,False,typed_route_without_cut,invalid,1.0,1.0,1.0,1.0,1.0,1.0,1.0,1.0,1.0,1.0,1.0,1.0,1.0,0.0,0.0,0,False,0.0,0.0,False,0.0,0.05895200001759804,
tabular_boost_b-development-0012,tabular_boost_b,tabular,development,single,subtle,False,False,full_h10,invalid,1.0,1.0,1.0,1.0,1.0,1.0,1.0,1.0,1.0,1.0,1.0,1.0,1.0,0.0,0.0,0,True,0.0,0.0,False,0.0,0.15261899989127414,3cb9db69e1ba3d2d86288eaa2f102b30bb5d3749742e299a657ffd325b5bae34
tabular_boost_b-development-0013,tabular_boost_b,tabular,development,composite,moderate,False,False,independent_if_else,invalid,1.0,1.0,1.0,1.0,1.0,1.0,1.0,1.0,0.3333333333333333,1.0,0.5,0.3333333333333333,0.0,6.0,0.0,0,False,0.0,0.0,False,0.0,0.027321999823470833,
tabular_boost_b-development-0013,tabular_boost_b,tabular,development,composite,moderate,False,False,typed_route_without_cut,invalid,1.0,1.0,1.0,1.0,1.0,1.0,1.0,1.0,0.3333333333333333,1.0,0.5,0.3333333333333333,0.0,6.0,0.0,0,False,0.0,0.0,False,0.0,0.06881999979668763,
tabular_boost_b-development-0013,tabular_boost_b,tabular,development,composite,moderate,False,False,full_h10,invalid,1.0,1.0,1.0,1.0,1.0,1.0,1.0,1.0,1.0,1.0,1.0,1.0,1.0,0.0,0.0,0,True,0.0,0.0,False,0.0,0.17544299998917268,2c08202fc1c8d22a866c593ba1a452e290b0cd186c62bd82d53f32233e6aedda
tabular_boost_b-development-0014,tabular_boost_b,tabular,development,clean,none,False,False,independent_if_else,valid,1.0,1.0,1.0,1.0,1.0,1.0,1.0,1.0,1.0,1.0,1.0,1.0,1.0,0.0,0.0,0,False,0.0,0.0,False,0.0,0.018605000150273554,
tabular_boost_b-development-0014,tabular_boost_b,tabular,development,clean,none,False,False,typed_route_without_cut,valid,1.0,1.0,1.0,1.0,1.0,1.0,1.0,1.0,1.0,1.0,1.0,1.0,1.0,0.0,0.0,0,False,0.0,0.0,False,0.0,0.018494999949325575,
tabular_boost_b-development-0014,tabular_boost_b,tabular,development,clean,none,False,False,full_h10,valid,1.0,1.0,1.0,1.0,1.0,1.0,1.0,1.0,1.0,1.0,1.0,1.0,1.0,0.0,0.0,0,True,0.0,0.0,False,0.0,0.021701000150642358,44f27b7381a522b4b99e006d3960fb46fed68804c43c881d73521f9f6b8c5b81
tabular_boost_b-development-0015,tabular_boost_b,tabular,development,clean,none,False,False,independent_if_else,valid,1.0,1.0,1.0,1.0,1.0,1.0,1.0,1.0,1.0,1.0,1.0,1.0,1.0,0.0,0.0,0,False,0.0,0.0,False,0.0,0.016712000160623575,
tabular_boost_b-development-0015,tabular_boost_b,tabular,development,clean,none,False,False,typed_route_without_cut,valid,1.0,1.0,1.0,1.0,1.0,1.0,1.0,1.0,1.0,1.0,1.0,1.0,1.0,0.0,0.0,0,False,0.0,0.0,False,0.0,0.017444000150135253,
tabular_boost_b-development-0015,tabular_boost_b,tabular,development,clean,none,False,False,full_h10,valid,1.0,1.0,1.0,1.0,1.0,1.0,1.0,1.0,1.0,1.0,1.0,1.0,1.0,0.0,0.0,0,True,0.0,0.0,False,0.0,0.01910700029839063,b83ef743f744d2379d434254a56520a4c6e8494ddda8634cb056a57b2796dd02
tabular_boost_b-development-0016,tabular_boost_b,tabular,development,single,moderate,False,False,independent_if_else,invalid,1.0,1.0,1.0,1.0,1.0,1.0,1.0,1.0,1.0,1.0,1.0,1.0,1.0,0.0,0.0,0,False,0.0,0.0,False,0.0,0.022593000267079333,
tabular_boost_b-development-0016,tabular_boost_b,tabular,development,single,moderate,False,False,typed_route_without_cut,invalid,1.0,1.0,1.0,1.0,1.0,1.0,1.0,1.0,1.0,1.0,1.0,1.0,1.0,0.0,0.0,0,False,0.0,0.0,False,0.0,0.04915299996355316,
tabular_boost_b-development-0016,tabular_boost_b,tabular,development,single,moderate,False,False,full_h10,invalid,1.0,1.0,1.0,1.0,1.0,1.0,1.0,1.0,1.0,1.0,1.0,1.0,1.0,0.0,0.0,0,True,0.0,0.0,False,0.0,0.16341000036845799,f0e5523673ce59bdd96043fc25d6426ac6558c567ce5ef9906e1f62b96c50a38
tabular_boost_b-development-0017,tabular_boost_b,tabular,development,clean,none,False,False,independent_if_else,valid,1.0,1.0,1.0,1.0,1.0,1.0,1.0,1.0,1.0,1.0,1.0,1.0,1.0,0.0,0.0,0,False,0.0,0.0,False,0.0,0.01774299971657456,
tabular_boost_b-development-0017,tabular_boost_b,tabular,development,clean,none,False,False,typed_route_without_cut,valid,1.0,1.0,1.0,1.0,1.0,1.0,1.0,1.0,1.0,1.0,1.0,1.0,1.0,0.0,0.0,0,False,0.0,0.0,False,0.0,0.018294999790668953,
tabular_boost_b-development-0017,tabular_boost_b,tabular,development,clean,none,False,False,full_h10,valid,1.0,1.0,1.0,1.0,1.0,1.0,1.0,1.0,1.0,1.0,1.0,1.0,1.0,0.0,0.0,0,True,0.0,0.0,False,0.0,0.019166000129189342,532e70914e9aade712b05789ed29db1b71f095d50966b18af5f78dfb340a46d5
tabular_boost_b-development-0018,tabular_boost_b,tabular,development,composite,subtle,False,False,independent_if_else,invalid,1.0,1.0,1.0,1.0,1.0,1.0,1.0,1.0,0.5,1.0,0.6666666666666666,0.5,0.0,2.0,0.0,0,False,0.0,0.0,False,0.0,0.02453600018270663,
tabular_boost_b-development-0018,tabular_boost_b,tabular,development,composite,subtle,False,False,typed_route_without_cut,invalid,1.0,1.0,1.0,1.0,1.0,1.0,1.0,1.0,0.5,1.0,0.6666666666666666,0.5,0.0,2.0,0.0,0,False,0.0,0.0,False,0.0,0.04970400004822295,
tabular_boost_b-development-0018,tabular_boost_b,tabular,development,composite,subtle,False,False,full_h10,invalid,1.0,1.0,1.0,1.0,1.0,1.0,1.0,1.0,1.0,1.0,1.0,1.0,1.0,0.0,0.0,0,True,0.0,0.0,False,0.0,0.16463199972349685,9683e7398d4b8c8e022e41552b4893eb6e7f8c2c464b9565fd9a8bf2943cd01b
tabular_boost_b-development-0019,tabular_boost_b,tabular,development,clean,none,False,False,independent_if_else,valid,1.0,1.0,1.0,1.0,1.0,1.0,1.0,1.0,1.0,1.0,1.0,1.0,1.0,0.0,0.0,0,False,0.0,0.0,False,0.0,0.017443000160710653,
tabular_boost_b-development-0019,tabular_boost_b,tabular,development,clean,none,False,False,typed_route_without_cut,valid,1.0,1.0,1.0,1.0,1.0,1.0,1.0,1.0,1.0,1.0,1.0,1.0,1.0,0.0,0.0,0,False,0.0,0.0,False,0.0,0.01808399974834174,
tabular_boost_b-development-0019,tabular_boost_b,tabular,development,clean,none,False,False,full_h10,valid,1.0,1.0,1.0,1.0,1.0,1.0,1.0,1.0,1.0,1.0,1.0,1.0,1.0,0.0,0.0,0,True,0.0,0.0,False,0.0,0.020339000002422836,b2654e235f3979703f8617a8002ecd8bb20e233002dbc4114be11bc19af85cb2
tabular_boost_b-development-0020,tabular_boost_b,tabular,development,composite,severe,False,False,independent_if_else,invalid,1.0,1.0,1.0,1.0,1.0,1.0,1.0,1.0,0.6666666666666666,1.0,0.8,0.6666666666666666,0.0,1.0,0.0,0,False,0.0,0.0,False,0.0,0.02771300023596268,
tabular_boost_b-development-0020,tabular_boost_b,tabular,development,composite,severe,False,False,typed_route_without_cut,invalid,1.0,1.0,1.0,1.0,1.0,1.0,1.0,1.0,0.6666666666666666,1.0,0.8,0.6666666666666666,0.0,1.0,0.0,0,False,0.0,0.0,False,0.0,0.06825999980719644,
tabular_boost_b-development-0020,tabular_boost_b,tabular,development,composite,severe,False,False,full_h10,invalid,1.0,1.0,1.0,1.0,1.0,1.0,1.0,1.0,1.0,1.0,1.0,1.0,1.0,0.0,0.0,0,True,0.0,0.0,False,0.0,0.18408000005365466,b19339a8cf5c2cfda8a2a1d7ab80e2ef76ccfffbfe4d506a39e070c3ca0affca
tabular_boost_b-development-0021,tabular_boost_b,tabular,development,clean,none,False,False,independent_if_else,valid,1.0,1.0,1.0,1.0,1.0,1.0,1.0,1.0,1.0,1.0,1.0,1.0,1.0,0.0,0.0,0,False,0.0,0.0,False,0.0,0.01709199977995013,
tabular_boost_b-development-0021,tabular_boost_b,tabular,development,clean,none,False,False,typed_route_without_cut,valid,1.0,1.0,1.0,1.0,1.0,1.0,1.0,1.0,1.0,1.0,1.0,1.0,1.0,0.0,0.0,0,False,0.0,0.0,False,0.0,0.018355000065639615,
tabular_boost_b-development-0021,tabular_boost_b,tabular,development,clean,none,False,False,full_h10,valid,1.0,1.0,1.0,1.0,1.0,1.0,1.0,1.0,1.0,1.0,1.0,1.0,1.0,0.0,0.0,0,True,0.0,0.0,False,0.0,0.021180000203457894,3259cea0fd0baf74c0f34f4a909ca7287a0d6f1e35a94544f7cb9fa07b22eea4
tabular_boost_b-development-0022,tabular_boost_b,tabular,development,clean,none,False,False,independent_if_else,valid,1.0,1.0,1.0,1.0,1.0,1.0,1.0,1.0,1.0,1.0,1.0,1.0,1.0,0.0,0.0,0,False,0.0,0.0,False,0.0,0.02691100007723435,
tabular_boost_b-development-0022,tabular_boost_b,tabular,development,clean,none,False,False,typed_route_without_cut,valid,1.0,1.0,1.0,1.0,1.0,1.0,1.0,1.0,1.0,1.0,1.0,1.0,1.0,0.0,0.0,0,False,0.0,0.0,False,0.0,0.025207999897247646,
tabular_boost_b-development-0022,tabular_boost_b,tabular,development,clean,none,False,False,full_h10,valid,1.0,1.0,1.0,1.0,1.0,1.0,1.0,1.0,1.0,1.0,1.0,1.0,1.0,0.0,0.0,0,True,0.0,0.0,False,0.0,0.02470700019330252,ce6793451f4ea2f33bd0b5c0af23bd3259f4fa6715cc81ec7a8bed57ea36b98b
tabular_boost_b-development-0023,tabular_boost_b,tabular,development,single,severe,False,False,independent_if_else,invalid,1.0,1.0,1.0,1.0,1.0,1.0,1.0,1.0,1.0,1.0,1.0,1.0,1.0,0.0,0.0,0,False,0.0,0.0,False,0.0,0.022492999960377347,
tabular_boost_b-development-0023,tabular_boost_b,tabular,development,single,severe,False,False,typed_route_without_cut,invalid,1.0,1.0,1.0,1.0,1.0,1.0,1.0,1.0,1.0,1.0,1.0,1.0,1.0,0.0,0.0,0,False,0.0,0.0,False,0.0,0.046007000037207035,
tabular_boost_b-development-0023,tabular_boost_b,tabular,development,single,severe,False,False,full_h10,invalid,1.0,1.0,1.0,1.0,1.0,1.0,1.0,1.0,1.0,1.0,1.0,1.0,1.0,0.0,0.0,0,True,0.0,0.0,False,0.0,0.18001099988396163,b33ce605982746202ec8c454e01d142507ae03eb0729b70a8f362b30a6c2f5fe
tabular_boost_b-development-0024,tabular_boost_b,tabular,development,unknown_ambiguous,subtle,True,True,independent_if_else,insufficient_evidence,1.0,1.0,1.0,1.0,0.3333333333333333,1.0,0.5,0.3333333333333333,1.0,1.0,1.0,1.0,1.0,0.0,4.0,2,False,0.0,0.0,True,0.0,0.03554700015229173,
tabular_boost_b-development-0024,tabular_boost_b,tabular,development,unknown_ambiguous,subtle,True,True,typed_route_without_cut,insufficient_evidence,1.0,1.0,1.0,1.0,0.3333333333333333,1.0,0.5,0.3333333333333333,1.0,1.0,1.0,1.0,1.0,0.0,4.0,2,False,0.0,0.0,True,0.0,0.05515400016520289,
tabular_boost_b-development-0024,tabular_boost_b,tabular,development,unknown_ambiguous,subtle,True,True,full_h10,insufficient_evidence,1.0,1.0,1.0,1.0,0.3333333333333333,1.0,0.5,0.3333333333333333,1.0,1.0,1.0,1.0,1.0,0.0,4.0,2,True,0.0,0.0,True,0.0,0.18592200012790272,793d642fd60164ed6347e9f0e30a4a5a994a6828adaecc618cb98b40008411fd
tabular_boost_b-development-0025,tabular_boost_b,tabular,development,clean,none,False,False,independent_if_else,valid,1.0,1.0,1.0,1.0,1.0,1.0,1.0,1.0,1.0,1.0,1.0,1.0,1.0,0.0,0.0,0,False,0.0,0.0,False,0.0,0.018034000277111772,
tabular_boost_b-development-0025,tabular_boost_b,tabular,development,clean,none,False,False,typed_route_without_cut,valid,1.0,1.0,1.0,1.0,1.0,1.0,1.0,1.0,1.0,1.0,1.0,1.0,1.0,0.0,0.0,0,False,0.0,0.0,False,0.0,0.018434999674354913,
tabular_boost_b-development-0025,tabular_boost_b,tabular,development,clean,none,False,False,full_h10,valid,1.0,1.0,1.0,1.0,1.0,1.0,1.0,1.0,1.0,1.0,1.0,1.0,1.0,0.0,0.0,0,True,0.0,0.0,False,0.0,0.0203179997697589,5568b64dabdc84563d7a8f722421b1c661a83188e3f23e44e393e6a54a4d4e07
tabular_boost_b-development-0026,tabular_boost_b,tabular,development,unknown_ambiguous,severe,True,True,independent_if_else,insufficient_evidence,1.0,1.0,1.0,1.0,0.3333333333333333,1.0,0.5,0.3333333333333333,1.0,1.0,1.0,1.0,1.0,0.0,4.0,2,False,0.0,0.0,True,0.0,0.02762200028882944,
tabular_boost_b-development-0026,tabular_boost_b,tabular,development,unknown_ambiguous,severe,True,True,typed_route_without_cut,insufficient_evidence,1.0,1.0,1.0,1.0,0.3333333333333333,1.0,0.5,0.3333333333333333,1.0,1.0,1.0,1.0,1.0,0.0,4.0,2,False,0.0,0.0,True,0.0,0.052118999974481994,
tabular_boost_b-development-0026,tabular_boost_b,tabular,development,unknown_ambiguous,severe,True,True,full_h10,insufficient_evidence,1.0,1.0,1.0,1.0,0.3333333333333333,1.0,0.5,0.3333333333333333,1.0,1.0,1.0,1.0,1.0,0.0,4.0,2,True,0.0,0.0,True,0.0,0.16760800008341903,c6970c19f4ef1a7b5e8c8ac6372ba81c037fc6257906c527ebde0723fe0833fb
tabular_boost_b-development-0027,tabular_boost_b,tabular,development,clean,none,False,False,independent_if_else,valid,1.0,1.0,1.0,1.0,1.0,1.0,1.0,1.0,1.0,1.0,1.0,1.0,1.0,0.0,0.0,0,False,0.0,0.0,False,0.0,0.017533999653096544,
tabular_boost_b-development-0027,tabular_boost_b,tabular,development,clean,none,False,False,typed_route_without_cut,valid,1.0,1.0,1.0,1.0,1.0,1.0,1.0,1.0,1.0,1.0,1.0,1.0,1.0,0.0,0.0,0,False,0.0,0.0,False,0.0,0.018174000160797732,
tabular_boost_b-development-0027,tabular_boost_b,tabular,development,clean,none,False,False,full_h10,valid,1.0,1.0,1.0,1.0,1.0,1.0,1.0,1.0,1.0,1.0,1.0,1.0,1.0,0.0,0.0,0,True,0.0,0.0,False,0.0,0.019988000076409662,fa7928f0918cce4a6b8d5bf48afa9f680a9858141e16ac6f338c33365feb53d3
tabular_boost_b-development-0028,tabular_boost_b,tabular,development,composite,moderate,False,False,independent_if_else,invalid,1.0,1.0,1.0,1.0,1.0,1.0,1.0,1.0,1.0,1.0,1.0,1.0,1.0,0.0,0.0,0,False,0.0,0.0,False,0.0,0.02547799977037357,
tabular_boost_b-development-0028,tabular_boost_b,tabular,development,composite,moderate,False,False,typed_route_without_cut,invalid,1.0,1.0,1.0,1.0,1.0,1.0,1.0,1.0,1.0,1.0,1.0,1.0,1.0,0.0,0.0,0,False,0.0,0.0,False,0.0,0.05209900018599001,
tabular_boost_b-development-0028,tabular_boost_b,tabular,development,composite,moderate,False,False,full_h10,invalid,1.0,1.0,1.0,1.0,1.0,1.0,1.0,1.0,1.0,1.0,1.0,1.0,1.0,0.0,0.0,0,True,0.0,0.0,False,0.0,0.17430999969292316,5d95673d70e4428aff1ab7bc4397697b66bca88fa01b31c522bd22811a2a696e
tabular_boost_b-development-0029,tabular_boost_b,tabular,development,composite,severe,False,False,independent_if_else,invalid,1.0,1.0,1.0,1.0,1.0,1.0,1.0,1.0,0.6666666666666666,1.0,0.8,0.6666666666666666,0.0,2.0,0.0,0,False,0.0,0.0,False,0.0,0.029556000299635343,
tabular_boost_b-development-0029,tabular_boost_b,tabular,development,composite,severe,False,False,typed_route_without_cut,invalid,1.0,1.0,1.0,1.0,1.0,1.0,1.0,1.0,0.6666666666666666,1.0,0.8,0.6666666666666666,0.0,2.0,0.0,0,False,0.0,0.0,False,0.0,0.07226800016724155,
tabular_boost_b-development-0029,tabular_boost_b,tabular,development,composite,severe,False,False,full_h10,invalid,1.0,1.0,1.0,1.0,1.0,1.0,1.0,1.0,1.0,1.0,1.0,1.0,1.0,0.0,0.0,0,True,0.0,0.0,False,0.0,0.18480100015949574,68f71ca6f87140951db29f478bdd2b156e09c274dd978791922dbf2fc40c5281
tabular_boost_b-development-0030,tabular_boost_b,tabular,development,clean,none,False,False,independent_if_else,valid,1.0,1.0,1.0,1.0,1.0,1.0,1.0,1.0,1.0,1.0,1.0,1.0,1.0,0.0,0.0,0,False,0.0,0.0,False,0.0,0.01673199994911556,
tabular_boost_b-development-0030,tabular_boost_b,tabular,development,clean,none,False,False,typed_route_without_cut,valid,1.0,1.0,1.0,1.0,1.0,1.0,1.0,1.0,1.0,1.0,1.0,1.0,1.0,0.0,0.0,0,False,0.0,0.0,False,0.0,0.018153999917558394,
tabular_boost_b-development-0030,tabular_boost_b,tabular,development,clean,none,False,False,full_h10,valid,1.0,1.0,1.0,1.0,1.0,1.0,1.0,1.0,1.0,1.0,1.0,1.0,1.0,0.0,0.0,0,True,0.0,0.0,False,0.0,0.019846999748551752,a5004de98e7ffdb2c158f3727094fcbb9ccc7ff6d3f1bb6d630c41efcea280af
tabular_boost_b-development-0031,tabular_boost_b,tabular,development,composite,moderate,False,False,independent_if_else,invalid,1.0,1.0,1.0,1.0,1.0,1.0,1.0,1.0,1.0,1.0,1.0,1.0,1.0,0.0,0.0,0,False,0.0,0.0,False,0.0,0.02430600034131203,
tabular_boost_b-development-0031,tabular_boost_b,tabular,development,composite,moderate,False,False,typed_route_without_cut,invalid,1.0,1.0,1.0,1.0,1.0,1.0,1.0,1.0,1.0,1.0,1.0,1.0,1.0,0.0,0.0,0,False,0.0,0.0,False,0.0,0.06321999990177574,
tabular_boost_b-development-0031,tabular_boost_b,tabular,development,composite,moderate,False,False,full_h10,invalid,1.0,1.0,1.0,1.0,1.0,1.0,1.0,1.0,1.0,1.0,1.0,1.0,1.0,0.0,0.0,0,True,0.0,0.0,False,0.0,0.1627679998819076,a7396c9f896c72dcaab1eced55bede452b09ed4aef2404cdf64941230f9f59e7
tabular_boost_b-development-0032,tabular_boost_b,tabular,development,composite,severe,False,False,independent_if_else,invalid,1.0,1.0,1.0,1.0,1.0,1.0,1.0,1.0,0.6666666666666666,1.0,0.8,0.6666666666666666,0.0,2.0,0.0,0,False,0.0,0.0,False,0.0,0.026951000108965673,
tabular_boost_b-development-0032,tabular_boost_b,tabular,development,composite,severe,False,False,typed_route_without_cut,invalid,1.0,1.0,1.0,1.0,1.0,1.0,1.0,1.0,0.6666666666666666,1.0,0.8,0.6666666666666666,0.0,2.0,0.0,0,False,0.0,0.0,False,0.0,0.07593400005134754,
tabular_boost_b-development-0032,tabular_boost_b,tabular,development,composite,severe,False,False,full_h10,invalid,1.0,1.0,1.0,1.0,1.0,1.0,1.0,1.0,1.0,1.0,1.0,1.0,1.0,0.0,0.0,0,True,0.0,0.0,False,0.0,0.17342899991490413,dbb808063cf515929c8319a6fc8d2afa57619cdb4b54b368637dddc5c2102dbb
tabular_boost_b-development-0033,tabular_boost_b,tabular,development,unknown_ambiguous,subtle,True,False,independent_if_else,invalid,1.0,1.0,1.0,1.0,1.0,1.0,1.0,1.0,0.5,0.5,0.5,0.3333333333333333,0.0,19.0,0.0,0,False,0.0,0.0,False,1.0,0.024446000224997988,
tabular_boost_b-development-0033,tabular_boost_b,tabular,development,unknown_ambiguous,subtle,True,False,typed_route_without_cut,invalid,1.0,1.0,1.0,1.0,1.0,1.0,1.0,1.0,0.5,0.5,0.5,0.3333333333333333,0.0,19.0,0.0,0,False,0.0,0.0,False,1.0,0.02501700009815977,
tabular_boost_b-development-0033,tabular_boost_b,tabular,development,unknown_ambiguous,subtle,True,False,full_h10,invalid,1.0,1.0,1.0,1.0,1.0,1.0,1.0,1.0,0.5,0.5,0.5,0.3333333333333333,0.0,19.0,0.0,0,True,0.0,0.0,False,1.0,0.1597229997969407,744ad335d64a90266a70765236eb0ba2a15cc9dab0a9b7de84a9fda57db8b865
tabular_boost_b-development-0034,tabular_boost_b,tabular,development,single,moderate,False,False,independent_if_else,invalid,1.0,1.0,1.0,1.0,1.0,1.0,1.0,1.0,1.0,1.0,1.0,1.0,1.0,0.0,0.0,0,False,0.0,0.0,False,0.0,0.021279999600665178,
tabular_boost_b-development-0034,tabular_boost_b,tabular,development,single,moderate,False,False,typed_route_without_cut,invalid,1.0,1.0,1.0,1.0,1.0,1.0,1.0,1.0,1.0,1.0,1.0,1.0,1.0,0.0,0.0,0,False,0.0,0.0,False,0.0,0.03127899981336668,
tabular_boost_b-development-0034,tabular_boost_b,tabular,development,single,moderate,False,False,full_h10,invalid,1.0,1.0,1.0,1.0,1.0,1.0,1.0,1.0,1.0,1.0,1.0,1.0,1.0,0.0,0.0,0,True,0.0,0.0,False,0.0,0.14914299981683143,3f883ae2f123bab45f253cbf8c7a860cb6967cca4fa9b9d7d05223bf69bc04a6
tabular_boost_b-development-0035,tabular_boost_b,tabular,development,clean,none,False,False,independent_if_else,valid,1.0,1.0,1.0,1.0,1.0,1.0,1.0,1.0,1.0,1.0,1.0,1.0,1.0,0.0,0.0,0,False,0.0,0.0,False,0.0,0.017783999737730483,
tabular_boost_b-development-0035,tabular_boost_b,tabular,development,clean,none,False,False,typed_route_without_cut,valid,1.0,1.0,1.0,1.0,1.0,1.0,1.0,1.0,1.0,1.0,1.0,1.0,1.0,0.0,0.0,0,False,0.0,0.0,False,0.0,0.01738299988573999,
tabular_boost_b-development-0035,tabular_boost_b,tabular,development,clean,none,False,False,full_h10,valid,1.0,1.0,1.0,1.0,1.0,1.0,1.0,1.0,1.0,1.0,1.0,1.0,1.0,0.0,0.0,0,True,0.0,0.0,False,0.0,0.019848000192723703,74682392459e19493ee037d9dcceaf8f1a975101a6d75f8ba584d041f6cc3aa8
tabular_boost_b-development-0036,tabular_boost_b,tabular,development,single,subtle,False,False,independent_if_else,invalid,1.0,1.0,1.0,1.0,1.0,1.0,1.0,1.0,1.0,1.0,1.0,1.0,1.0,0.0,0.0,0,False,0.0,0.0,False,0.0,0.02031900021393085,
tabular_boost_b-development-0036,tabular_boost_b,tabular,development,single,subtle,False,False,typed_route_without_cut,invalid,1.0,1.0,1.0,1.0,1.0,1.0,1.0,1.0,1.0,1.0,1.0,1.0,1.0,0.0,0.0,0,False,0.0,0.0,False,0.0,0.045756999952573096,
tabular_boost_b-development-0036,tabular_boost_b,tabular,development,single,subtle,False,False,full_h10,invalid,1.0,1.0,1.0,1.0,1.0,1.0,1.0,1.0,1.0,1.0,1.0,1.0,1.0,0.0,0.0,0,True,0.0,0.0,False,0.0,0.14673799978481838,3f6330ae0755110a8506bcfb7a597d81254cf7761a06bf7882df1a178a2f9a87
tabular_boost_b-development-0037,tabular_boost_b,tabular,development,clean,none,False,False,independent_if_else,valid,1.0,1.0,1.0,1.0,1.0,1.0,1.0,1.0,1.0,1.0,1.0,1.0,1.0,0.0,0.0,0,False,0.0,0.0,False,0.0,0.016802000118332217,
tabular_boost_b-development-0037,tabular_boost_b,tabular,development,clean,none,False,False,typed_route_without_cut,valid,1.0,1.0,1.0,1.0,1.0,1.0,1.0,1.0,1.0,1.0,1.0,1.0,1.0,0.0,0.0,0,False,0.0,0.0,False,0.0,0.018163999811804388,
tabular_boost_b-development-0037,tabular_boost_b,tabular,development,clean,none,False,False,full_h10,valid,1.0,1.0,1.0,1.0,1.0,1.0,1.0,1.0,1.0,1.0,1.0,1.0,1.0,0.0,0.0,0,True,0.0,0.0,False,0.0,0.020869999843853293,56bd4fbab1836f982e509912b63789b55aff6284cdac2b21340673185d12486a
tabular_boost_b-development-0038,tabular_boost_b,tabular,development,unknown_ambiguous,severe,True,True,independent_if_else,insufficient_evidence,1.0,1.0,1.0,1.0,0.6666666666666666,1.0,0.8,0.6666666666666666,0.5,0.5,0.5,0.3333333333333333,0.0,19.0,2.0,1,False,0.0,0.0,True,0.0,0.026951000108965673,
tabular_boost_b-development-0038,tabular_boost_b,tabular,development,unknown_ambiguous,severe,True,True,typed_route_without_cut,insufficient_evidence,1.0,1.0,1.0,1.0,0.6666666666666666,1.0,0.8,0.6666666666666666,0.5,0.5,0.5,0.3333333333333333,0.0,19.0,2.0,1,False,0.0,0.0,True,0.0,0.050876999921456445,
tabular_boost_b-development-0038,tabular_boost_b,tabular,development,unknown_ambiguous,severe,True,True,full_h10,insufficient_evidence,1.0,1.0,1.0,1.0,0.6666666666666666,1.0,0.8,0.6666666666666666,0.5,0.5,0.5,0.3333333333333333,0.0,19.0,2.0,1,True,0.0,0.0,True,0.0,0.16953200019997894,429e5bd5e5feea1fb83dc07f1fd7c45d20a76fe4d17f365dba470482a0fc057f
tabular_boost_b-development-0039,tabular_boost_b,tabular,development,composite,subtle,False,False,independent_if_else,invalid,1.0,1.0,1.0,1.0,1.0,1.0,1.0,1.0,0.6666666666666666,1.0,0.8,0.6666666666666666,0.0,2.0,0.0,0,False,0.0,0.0,False,0.0,0.027322000278218184,
tabular_boost_b-development-0039,tabular_boost_b,tabular,development,composite,subtle,False,False,typed_route_without_cut,invalid,1.0,1.0,1.0,1.0,1.0,1.0,1.0,1.0,0.6666666666666666,1.0,0.8,0.6666666666666666,0.0,2.0,0.0,0,False,0.0,0.0,False,0.0,0.0693209999553801,
tabular_boost_b-development-0039,tabular_boost_b,tabular,development,composite,subtle,False,False,full_h10,invalid,1.0,1.0,1.0,1.0,1.0,1.0,1.0,1.0,1.0,1.0,1.0,1.0,1.0,0.0,0.0,0,True,0.0,0.0,False,0.0,0.17624499969315366,73cdf94a93578c6f77eb9ed1a96dce3f44c545c54f13e9f169508a9918d7b06e
tabular_boost_b-development-0040,tabular_boost_b,tabular,development,composite,moderate,False,False,independent_if_else,invalid,1.0,1.0,1.0,1.0,1.0,1.0,1.0,1.0,1.0,1.0,1.0,1.0,1.0,0.0,0.0,0,False,0.0,0.0,False,0.0,0.03685000001496519,
tabular_boost_b-development-0040,tabular_boost_b,tabular,development,composite,moderate,False,False,typed_route_without_cut,invalid,1.0,1.0,1.0,1.0,1.0,1.0,1.0,1.0,1.0,1.0,1.0,1.0,1.0,0.0,0.0,0,False,0.0,0.0,False,0.0,0.0670069998705003,
tabular_boost_b-development-0040,tabular_boost_b,tabular,development,composite,moderate,False,False,full_h10,invalid,1.0,1.0,1.0,1.0,1.0,1.0,1.0,1.0,1.0,1.0,1.0,1.0,1.0,0.0,0.0,0,True,0.0,0.0,False,0.0,0.17571400030647055,a66056c31f4e0d3443f9f8b835a23ae876c5d62c0f49eb4d8023705fc9f77bd0
tabular_boost_b-development-0041,tabular_boost_b,tabular,development,composite,severe,False,False,independent_if_else,invalid,1.0,1.0,1.0,1.0,1.0,1.0,1.0,1.0,0.6666666666666666,1.0,0.8,0.6666666666666666,0.0,2.0,0.0,0,False,0.0,0.0,False,0.0,0.029055000140942866,
tabular_boost_b-development-0041,tabular_boost_b,tabular,development,composite,severe,False,False,typed_route_without_cut,invalid,1.0,1.0,1.0,1.0,1.0,1.0,1.0,1.0,0.6666666666666666,1.0,0.8,0.6666666666666666,0.0,2.0,0.0,0,False,0.0,0.0,False,0.0,0.07104499991328339,
tabular_boost_b-development-0041,tabular_boost_b,tabular,development,composite,severe,False,False,full_h10,invalid,1.0,1.0,1.0,1.0,1.0,1.0,1.0,1.0,1.0,1.0,1.0,1.0,1.0,0.0,0.0,0,True,0.0,0.0,False,0.0,0.17126500006270362,cccd2c1ed386571a0fc9ead5217a66d2ab95bb44a413ddb13e551f9544f7157a
tabular_boost_b-development-0042,tabular_boost_b,tabular,development,clean,none,False,False,independent_if_else,valid,1.0,1.0,1.0,1.0,1.0,1.0,1.0,1.0,1.0,1.0,1.0,1.0,1.0,0.0,0.0,0,False,0.0,0.0,False,0.0,0.017844000012701144,
tabular_boost_b-development-0042,tabular_boost_b,tabular,development,clean,none,False,False,typed_route_without_cut,valid,1.0,1.0,1.0,1.0,1.0,1.0,1.0,1.0,1.0,1.0,1.0,1.0,1.0,0.0,0.0,0,False,0.0,0.0,False,0.0,0.01856500011854223,
tabular_boost_b-development-0042,tabular_boost_b,tabular,development,clean,none,False,False,full_h10,valid,1.0,1.0,1.0,1.0,1.0,1.0,1.0,1.0,1.0,1.0,1.0,1.0,1.0,0.0,0.0,0,True,0.0,0.0,False,0.0,0.02077999988614465,0a0ed1979d2105d86ec7c4cdfeaa264db75c99af6a8295950f51ce1898a6c748
tabular_boost_b-development-0043,tabular_boost_b,tabular,development,clean,none,False,False,independent_if_else,valid,1.0,1.0,1.0,1.0,1.0,1.0,1.0,1.0,1.0,1.0,1.0,1.0,1.0,0.0,0.0,0,False,0.0,0.0,False,0.0,0.0164409998433257,
tabular_boost_b-development-0043,tabular_boost_b,tabular,development,clean,none,False,False,typed_route_without_cut,valid,1.0,1.0,1.0,1.0,1.0,1.0,1.0,1.0,1.0,1.0,1.0,1.0,1.0,0.0,0.0,0,False,0.0,0.0,False,0.0,0.017703000139590586,
tabular_boost_b-development-0043,tabular_boost_b,tabular,development,clean,none,False,False,full_h10,valid,1.0,1.0,1.0,1.0,1.0,1.0,1.0,1.0,1.0,1.0,1.0,1.0,1.0,0.0,0.0,0,True,0.0,0.0,False,0.0,0.01845499991759425,b59939f2f8caec2f1b237b17f8b61b58c8d9ec849ee49794892eff6ef10366a9
tabular_boost_b-development-0044,tabular_boost_b,tabular,development,composite,severe,False,False,independent_if_else,invalid,1.0,1.0,1.0,1.0,1.0,1.0,1.0,1.0,0.6666666666666666,1.0,0.8,0.6666666666666666,0.0,2.0,0.0,0,False,0.0,0.0,False,0.0,0.027661999865813414,
tabular_boost_b-development-0044,tabular_boost_b,tabular,development,composite,severe,False,False,typed_route_without_cut,invalid,1.0,1.0,1.0,1.0,1.0,1.0,1.0,1.0,0.6666666666666666,1.0,0.8,0.6666666666666666,0.0,2.0,0.0,0,False,0.0,0.0,False,0.0,0.06982300010349718,
tabular_boost_b-development-0044,tabular_boost_b,tabular,development,composite,severe,False,False,full_h10,invalid,1.0,1.0,1.0,1.0,1.0,1.0,1.0,1.0,1.0,1.0,1.0,1.0,1.0,0.0,0.0,0,True,0.0,0.0,False,0.0,0.18347900004300755,8680054a029728b6bd5ee20c9b03f1a720a2de12ef3cd9b7a19ae50d37736132
tabular_boost_b-development-0045,tabular_boost_b,tabular,development,unknown_ambiguous,subtle,True,False,independent_if_else,invalid,1.0,1.0,1.0,1.0,1.0,1.0,1.0,1.0,0.2,0.5,0.28571428571428575,0.16666666666666666,0.0,39.0,0.0,0,False,0.0,0.0,False,1.0,0.035167000078217825,
tabular_boost_b-development-0045,tabular_boost_b,tabular,development,unknown_ambiguous,subtle,True,False,typed_route_without_cut,invalid,1.0,1.0,1.0,1.0,1.0,1.0,1.0,1.0,0.2,0.5,0.28571428571428575,0.16666666666666666,0.0,39.0,0.0,0,False,0.0,0.0,False,1.0,0.10692300020309631,
tabular_boost_b-development-0045,tabular_boost_b,tabular,development,unknown_ambiguous,subtle,True,False,full_h10,invalid,1.0,1.0,1.0,1.0,1.0,1.0,1.0,1.0,0.3333333333333333,0.5,0.4,0.25,0.0,36.0,0.0,0,True,0.0,0.0,False,1.0,0.30491899997286964,596d93c19fbd6d394e9c032e73901d37da1515fec37791eaf3a5920fb9818a3a
tabular_boost_b-development-0046,tabular_boost_b,tabular,development,composite,moderate,False,False,independent_if_else,invalid,1.0,1.0,1.0,1.0,1.0,1.0,1.0,1.0,1.0,1.0,1.0,1.0,1.0,0.0,0.0,0,False,0.0,0.0,False,0.0,0.05033599973103264,
tabular_boost_b-development-0046,tabular_boost_b,tabular,development,composite,moderate,False,False,typed_route_without_cut,invalid,1.0,1.0,1.0,1.0,1.0,1.0,1.0,1.0,1.0,1.0,1.0,1.0,1.0,0.0,0.0,0,False,0.0,0.0,False,0.0,0.07525299997723778,
tabular_boost_b-development-0046,tabular_boost_b,tabular,development,composite,moderate,False,False,full_h10,invalid,1.0,1.0,1.0,1.0,1.0,1.0,1.0,1.0,1.0,1.0,1.0,1.0,1.0,0.0,0.0,0,True,0.0,0.0,False,0.0,0.27883900020242436,dba3fce23a79b993ff6448f7e143240148ce1486058c31d12fa0ea76a46d3256
tabular_boost_b-development-0047,tabular_boost_b,tabular,development,composite,severe,False,False,independent_if_else,invalid,1.0,1.0,1.0,1.0,1.0,1.0,1.0,1.0,0.6666666666666666,1.0,0.8,0.6666666666666666,0.0,2.0,0.0,0,False,0.0,0.0,False,0.0,0.03395400017325301,
tabular_boost_b-development-0047,tabular_boost_b,tabular,development,composite,severe,False,False,typed_route_without_cut,invalid,1.0,1.0,1.0,1.0,1.0,1.0,1.0,1.0,0.6666666666666666,1.0,0.8,0.6666666666666666,0.0,2.0,0.0,0,False,0.0,0.0,False,0.0,0.06198699975357158,
tabular_boost_b-development-0047,tabular_boost_b,tabular,development,composite,severe,False,False,full_h10,invalid,1.0,1.0,1.0,1.0,1.0,1.0,1.0,1.0,1.0,1.0,1.0,1.0,1.0,0.0,0.0,0,True,0.0,0.0,False,0.0,0.19545099985407433,136203e7cb378a2a9b01f94f4d6647d19de71343d40b6b371e1b0b61659d9e49
tabular_boost_b-development-0048,tabular_boost_b,tabular,development,composite,subtle,False,False,independent_if_else,invalid,1.0,1.0,1.0,1.0,1.0,1.0,1.0,1.0,0.6666666666666666,1.0,0.8,0.6666666666666666,0.0,2.0,0.0,0,False,0.0,0.0,False,0.0,0.03219199970772024,
tabular_boost_b-development-0048,tabular_boost_b,tabular,development,composite,subtle,False,False,typed_route_without_cut,invalid,1.0,1.0,1.0,1.0,1.0,1.0,1.0,1.0,0.6666666666666666,1.0,0.8,0.6666666666666666,0.0,2.0,0.0,0,False,0.0,0.0,False,0.0,0.07253700005094288,
tabular_boost_b-development-0048,tabular_boost_b,tabular,development,composite,subtle,False,False,full_h10,invalid,1.0,1.0,1.0,1.0,1.0,1.0,1.0,1.0,1.0,1.0,1.0,1.0,1.0,0.0,0.0,0,True,0.0,0.0,False,0.0,0.1793510000425158,288fe7abb4dbbc6d30f3bcfc6d5ba114ff15ae1e12299275f1fd712f6274077f
tabular_boost_b-development-0049,tabular_boost_b,tabular,development,composite,moderate,False,False,independent_if_else,invalid,1.0,1.0,1.0,1.0,1.0,1.0,1.0,1.0,0.6666666666666666,1.0,0.8,0.6666666666666666,0.0,1.0,0.0,0,False,0.0,0.0,False,0.0,0.02929499987658346,
tabular_boost_b-development-0049,tabular_boost_b,tabular,development,composite,moderate,False,False,typed_route_without_cut,invalid,1.0,1.0,1.0,1.0,1.0,1.0,1.0,1.0,0.6666666666666666,1.0,0.8,0.6666666666666666,0.0,1.0,0.0,0,False,0.0,0.0,False,0.0,0.06861099973320961,
tabular_boost_b-development-0049,tabular_boost_b,tabular,development,composite,moderate,False,False,full_h10,invalid,1.0,1.0,1.0,1.0,1.0,1.0,1.0,1.0,1.0,1.0,1.0,1.0,1.0,0.0,0.0,0,True,0.0,0.0,False,0.0,0.17671500017968356,c1f50efc4f52eec39b4ecd0907d0f631b1fd6a79031fa290ac16f002f5388015
tabular_boost_b-development-0050,tabular_boost_b,tabular,development,composite,severe,False,False,independent_if_else,invalid,1.0,1.0,1.0,1.0,1.0,1.0,1.0,1.0,0.6666666666666666,1.0,0.8,0.6666666666666666,0.0,2.0,0.0,0,False,0.0,0.0,False,0.0,0.029025000003457535,
tabular_boost_b-development-0050,tabular_boost_b,tabular,development,composite,severe,False,False,typed_route_without_cut,invalid,1.0,1.0,1.0,1.0,1.0,1.0,1.0,1.0,0.6666666666666666,1.0,0.8,0.6666666666666666,0.0,2.0,0.0,0,False,0.0,0.0,False,0.0,0.07254799993461347,
tabular_boost_b-development-0050,tabular_boost_b,tabular,development,composite,severe,False,False,full_h10,invalid,1.0,1.0,1.0,1.0,1.0,1.0,1.0,1.0,1.0,1.0,1.0,1.0,1.0,0.0,0.0,0,True,0.0,0.0,False,0.0,0.18040199984170613,e540f1c4adc1d848e86ce374daa9cdf00ad6588cbb576245cc7de708ccf467d5
tabular_boost_b-development-0051,tabular_boost_b,tabular,development,single,subtle,False,False,independent_if_else,invalid,1.0,1.0,1.0,1.0,1.0,1.0,1.0,1.0,1.0,1.0,1.0,1.0,1.0,0.0,0.0,0,False,0.0,0.0,False,0.0,0.022343000182445394,
tabular_boost_b-development-0051,tabular_boost_b,tabular,development,single,subtle,False,False,typed_route_without_cut,invalid,1.0,1.0,1.0,1.0,1.0,1.0,1.0,1.0,1.0,1.0,1.0,1.0,1.0,0.0,0.0,0,False,0.0,0.0,False,0.0,0.04756999987876043,
tabular_boost_b-development-0051,tabular_boost_b,tabular,development,single,subtle,False,False,full_h10,invalid,1.0,1.0,1.0,1.0,1.0,1.0,1.0,1.0,1.0,1.0,1.0,1.0,1.0,0.0,0.0,0,True,0.0,0.0,False,0.0,0.1582810000400059,27d49a8730d8ee32c315d2cafdb9edc7210aedae57b440751c8cf54d99146416
tabular_boost_b-development-0052,tabular_boost_b,tabular,development,single,moderate,False,False,independent_if_else,invalid,1.0,1.0,1.0,1.0,1.0,1.0,1.0,1.0,0.3333333333333333,1.0,0.5,0.3333333333333333,0.0,3.0,0.0,0,False,0.0,0.0,False,0.0,0.03591799986679689,
tabular_boost_b-development-0052,tabular_boost_b,tabular,development,single,moderate,False,False,typed_route_without_cut,invalid,1.0,1.0,1.0,1.0,1.0,1.0,1.0,1.0,0.3333333333333333,1.0,0.5,0.3333333333333333,0.0,3.0,0.0,0,False,0.0,0.0,False,0.0,0.03708000031110714,
tabular_boost_b-development-0052,tabular_boost_b,tabular,development,single,moderate,False,False,full_h10,invalid,1.0,1.0,1.0,1.0,1.0,1.0,1.0,1.0,1.0,1.0,1.0,1.0,1.0,0.0,0.0,0,True,0.0,0.0,False,0.0,0.18910900007540477,05b2da5c6b035961d8f26f81946a6b391925bf4401af1fbada7f6e65d48aa483
tabular_boost_b-development-0053,tabular_boost_b,tabular,development,composite,severe,False,False,independent_if_else,invalid,1.0,1.0,1.0,1.0,1.0,1.0,1.0,1.0,0.3333333333333333,1.0,0.5,0.3333333333333333,0.0,6.0,0.0,0,False,0.0,0.0,False,0.0,0.029146000088076107,
tabular_boost_b-development-0053,tabular_boost_b,tabular,development,composite,severe,False,False,typed_route_without_cut,invalid,1.0,1.0,1.0,1.0,1.0,1.0,1.0,1.0,0.3333333333333333,1.0,0.5,0.3333333333333333,0.0,6.0,0.0,0,False,0.0,0.0,False,0.0,0.05876200020793476,
tabular_boost_b-development-0053,tabular_boost_b,tabular,development,composite,severe,False,False,full_h10,invalid,1.0,1.0,1.0,1.0,1.0,1.0,1.0,1.0,1.0,1.0,1.0,1.0,1.0,0.0,0.0,0,True,0.0,0.0,False,0.0,0.2013919997807534,173c09ee084f29eafc3564b9038af74abcf9958078531037e004e828e602f09a
tabular_boost_b-development-0054,tabular_boost_b,tabular,development,single,subtle,False,False,independent_if_else,invalid,1.0,1.0,1.0,1.0,1.0,1.0,1.0,1.0,1.0,1.0,1.0,1.0,1.0,0.0,0.0,0,False,0.0,0.0,False,0.0,0.023533999865321675,
tabular_boost_b-development-0054,tabular_boost_b,tabular,development,single,subtle,False,False,typed_route_without_cut,invalid,1.0,1.0,1.0,1.0,1.0,1.0,1.0,1.0,1.0,1.0,1.0,1.0,1.0,0.0,0.0,0,False,0.0,0.0,False,0.0,0.0414890000683954,
tabular_boost_b-development-0054,tabular_boost_b,tabular,development,single,subtle,False,False,full_h10,invalid,1.0,1.0,1.0,1.0,1.0,1.0,1.0,1.0,1.0,1.0,1.0,1.0,1.0,0.0,0.0,0,True,0.0,0.0,False,0.0,0.16118600024128682,59cfdbfd782c7014e48b7190ad584fd83f0278e7435777e077a22ab155fc7b05
tabular_boost_b-development-0055,tabular_boost_b,tabular,development,unknown_ambiguous,moderate,True,False,independent_if_else,invalid,1.0,1.0,1.0,1.0,1.0,1.0,1.0,1.0,0.5,0.5,0.5,0.3333333333333333,0.0,19.0,0.0,0,False,0.0,0.0,False,1.0,0.025879000077111414,
tabular_boost_b-development-0055,tabular_boost_b,tabular,development,unknown_ambiguous,moderate,True,False,typed_route_without_cut,invalid,1.0,1.0,1.0,1.0,1.0,1.0,1.0,1.0,0.5,0.5,0.5,0.3333333333333333,0.0,19.0,0.0,0,False,0.0,0.0,False,1.0,0.05057599992142059,
tabular_boost_b-development-0055,tabular_boost_b,tabular,development,unknown_ambiguous,moderate,True,False,full_h10,invalid,1.0,1.0,1.0,1.0,1.0,1.0,1.0,1.0,0.5,0.5,0.5,0.3333333333333333,0.0,19.0,0.0,0,True,0.0,0.0,False,1.0,0.165073000061966,83b8aa289a7e487f8bc3903721e8a1619237fa18a421fff2f214d198e6b870f6
tabular_boost_b-development-0056,tabular_boost_b,tabular,development,composite,severe,False,False,independent_if_else,invalid,1.0,1.0,1.0,1.0,1.0,1.0,1.0,1.0,0.5,1.0,0.6666666666666666,0.5,0.0,2.0,0.0,0,False,0.0,0.0,False,0.0,0.024695999854884576,
tabular_boost_b-development-0056,tabular_boost_b,tabular,development,composite,severe,False,False,typed_route_without_cut,invalid,1.0,1.0,1.0,1.0,1.0,1.0,1.0,1.0,0.5,1.0,0.6666666666666666,0.5,0.0,2.0,0.0,0,False,0.0,0.0,False,0.0,0.0506359997416439,
tabular_boost_b-development-0056,tabular_boost_b,tabular,development,composite,severe,False,False,full_h10,invalid,1.0,1.0,1.0,1.0,1.0,1.0,1.0,1.0,1.0,1.0,1.0,1.0,1.0,0.0,0.0,0,True,0.0,0.0,False,0.0,0.19792500006587943,0ca2b5d1fd3ac406a046c0ebc28dc47a2630b7c9c712e0b73bd41a950c226011
tabular_boost_b-development-0057,tabular_boost_b,tabular,development,single,subtle,False,False,independent_if_else,invalid,1.0,1.0,1.0,1.0,1.0,1.0,1.0,1.0,1.0,1.0,1.0,1.0,1.0,0.0,0.0,0,False,0.0,0.0,False,0.0,0.026028999855043367,
tabular_boost_b-development-0057,tabular_boost_b,tabular,development,single,subtle,False,False,typed_route_without_cut,invalid,1.0,1.0,1.0,1.0,1.0,1.0,1.0,1.0,1.0,1.0,1.0,1.0,1.0,0.0,0.0,0,False,0.0,0.0,False,0.0,0.0252780000664643,
tabular_boost_b-development-0057,tabular_boost_b,tabular,development,single,subtle,False,False,full_h10,invalid,1.0,1.0,1.0,1.0,1.0,1.0,1.0,1.0,1.0,1.0,1.0,1.0,1.0,0.0,0.0,0,True,0.0,0.0,False,0.0,0.15588499991281424,cb9d8f7bab04d86a47bee3068372cfbcde730793f1aecd065923f5eac76252a7
tabular_boost_b-development-0058,tabular_boost_b,tabular,development,unknown_ambiguous,moderate,True,True,independent_if_else,insufficient_evidence,1.0,1.0,1.0,1.0,0.7142857142857143,1.0,0.8333333333333333,0.7142857142857143,0.2,0.5,0.28571428571428575,0.16666666666666666,0.0,39.0,4.0,2,False,0.0,0.0,True,0.0,0.04137899986744742,
tabular_boost_b-development-0058,tabular_boost_b,tabular,development,unknown_ambiguous,moderate,True,True,typed_route_without_cut,insufficient_evidence,1.0,1.0,1.0,1.0,0.7142857142857143,1.0,0.8333333333333333,0.7142857142857143,0.2,0.5,0.28571428571428575,0.16666666666666666,0.0,39.0,4.0,2,False,0.0,0.0,True,0.0,0.08626400040157023,
tabular_boost_b-development-0058,tabular_boost_b,tabular,development,unknown_ambiguous,moderate,True,True,full_h10,insufficient_evidence,1.0,1.0,1.0,1.0,0.7142857142857143,1.0,0.8333333333333333,0.7142857142857143,0.3333333333333333,0.5,0.4,0.25,0.0,36.0,4.0,2,True,0.0,0.0,True,0.0,0.21756299975095317,9515bb8756406e0a00427bdcce6f61eeb7756c9a237b388425d7b640fb2c4516
tabular_boost_b-development-0059,tabular_boost_b,tabular,development,single,severe,False,False,independent_if_else,invalid,1.0,1.0,1.0,1.0,1.0,1.0,1.0,1.0,1.0,1.0,1.0,1.0,1.0,0.0,0.0,0,False,0.0,0.0,False,0.0,0.0247369998760405,
tabular_boost_b-development-0059,tabular_boost_b,tabular,development,single,severe,False,False,typed_route_without_cut,invalid,1.0,1.0,1.0,1.0,1.0,1.0,1.0,1.0,1.0,1.0,1.0,1.0,1.0,0.0,0.0,0,False,0.0,0.0,False,0.0,0.061267000091902446,
tabular_boost_b-development-0059,tabular_boost_b,tabular,development,single,severe,False,False,full_h10,invalid,1.0,1.0,1.0,1.0,1.0,1.0,1.0,1.0,1.0,1.0,1.0,1.0,1.0,0.0,0.0,0,True,0.0,0.0,False,0.0,0.15854100001888582,896ae3775ba1c89d5a62ac024f091aaf12c48a781e909d5d7a0e5dddaee877d5
tabular_boost_b-development-0060,tabular_boost_b,tabular,development,single,subtle,False,False,independent_if_else,invalid,1.0,1.0,1.0,1.0,1.0,1.0,1.0,1.0,1.0,1.0,1.0,1.0,1.0,0.0,0.0,0,False,0.0,0.0,False,0.0,0.025799000013648765,
tabular_boost_b-development-0060,tabular_boost_b,tabular,development,single,subtle,False,False,typed_route_without_cut,invalid,1.0,1.0,1.0,1.0,1.0,1.0,1.0,1.0,1.0,1.0,1.0,1.0,1.0,0.0,0.0,0,False,0.0,0.0,False,0.0,0.04294099971957621,
tabular_boost_b-development-0060,tabular_boost_b,tabular,development,single,subtle,False,False,full_h10,invalid,1.0,1.0,1.0,1.0,1.0,1.0,1.0,1.0,1.0,1.0,1.0,1.0,1.0,0.0,0.0,0,True,0.0,0.0,False,0.0,0.1689609998720698,fc4fa4bc803c45fb75b6e56d4dc121811a1a8a03a17fe25c76e1ed6c08470860
tabular_boost_b-development-0061,tabular_boost_b,tabular,development,clean,none,False,False,independent_if_else,valid,1.0,1.0,1.0,1.0,1.0,1.0,1.0,1.0,1.0,1.0,1.0,1.0,1.0,0.0,0.0,0,False,0.0,0.0,False,0.0,0.027462000161904143,
tabular_boost_b-development-0061,tabular_boost_b,tabular,development,clean,none,False,False,typed_route_without_cut,valid,1.0,1.0,1.0,1.0,1.0,1.0,1.0,1.0,1.0,1.0,1.0,1.0,1.0,0.0,0.0,0,False,0.0,0.0,False,0.0,0.028653999834205024,
tabular_boost_b-development-0061,tabular_boost_b,tabular,development,clean,none,False,False,full_h10,valid,1.0,1.0,1.0,1.0,1.0,1.0,1.0,1.0,1.0,1.0,1.0,1.0,1.0,0.0,0.0,0,True,0.0,0.0,False,0.0,0.034345000130997505,0143cd02acc4cfeebe91cc316aa0d95b4a585cb983de438fe1c5799fe474240f
tabular_boost_b-development-0062,tabular_boost_b,tabular,development,composite,severe,False,False,independent_if_else,invalid,1.0,1.0,1.0,1.0,1.0,1.0,1.0,1.0,1.0,1.0,1.0,1.0,1.0,0.0,0.0,0,False,0.0,0.0,False,0.0,0.035647999993670965,
tabular_boost_b-development-0062,tabular_boost_b,tabular,development,composite,severe,False,False,typed_route_without_cut,invalid,1.0,1.0,1.0,1.0,1.0,1.0,1.0,1.0,1.0,1.0,1.0,1.0,1.0,0.0,0.0,0,False,0.0,0.0,False,0.0,0.09651299978941097,
tabular_boost_b-development-0062,tabular_boost_b,tabular,development,composite,severe,False,False,full_h10,invalid,1.0,1.0,1.0,1.0,1.0,1.0,1.0,1.0,1.0,1.0,1.0,1.0,1.0,0.0,0.0,0,True,0.0,0.0,False,0.0,0.27193599999009166,8f44f0158e799a80d0695387071be8346b0c4e05d1085564ddb414675e887ff9
tabular_boost_b-development-0063,tabular_boost_b,tabular,development,clean,none,False,False,independent_if_else,valid,1.0,1.0,1.0,1.0,1.0,1.0,1.0,1.0,1.0,1.0,1.0,1.0,1.0,0.0,0.0,0,False,0.0,0.0,False,0.0,0.029676999929506565,
tabular_boost_b-development-0063,tabular_boost_b,tabular,development,clean,none,False,False,typed_route_without_cut,valid,1.0,1.0,1.0,1.0,1.0,1.0,1.0,1.0,1.0,1.0,1.0,1.0,1.0,0.0,0.0,0,False,0.0,0.0,False,0.0,0.031059000320965424,
tabular_boost_b-development-0063,tabular_boost_b,tabular,development,clean,none,False,False,full_h10,valid,1.0,1.0,1.0,1.0,1.0,1.0,1.0,1.0,1.0,1.0,1.0,1.0,1.0,0.0,0.0,0,True,0.0,0.0,False,0.0,0.03810199996223673,b7f28209f5c6553906d4c588c9b377725df00050afb3d2d8d2e374e62d5e8592
tabular_boost_b-development-0064,tabular_boost_b,tabular,development,unknown_ambiguous,moderate,True,True,independent_if_else,insufficient_evidence,1.0,1.0,1.0,1.0,0.5,1.0,0.6666666666666666,0.5,0.5,0.5,0.5,0.3333333333333333,0.0,19.0,4.0,2,False,0.0,0.0,True,0.0,0.03869300007863785,
tabular_boost_b-development-0064,tabular_boost_b,tabular,development,unknown_ambiguous,moderate,True,True,typed_route_without_cut,insufficient_evidence,1.0,1.0,1.0,1.0,0.5,1.0,0.6666666666666666,0.5,0.5,0.5,0.5,0.3333333333333333,0.0,19.0,4.0,2,False,0.0,0.0,True,0.0,0.059653999869624386,
tabular_boost_b-development-0064,tabular_boost_b,tabular,development,unknown_ambiguous,moderate,True,True,full_h10,insufficient_evidence,1.0,1.0,1.0,1.0,0.5,1.0,0.6666666666666666,0.5,0.5,0.5,0.5,0.3333333333333333,0.0,19.0,4.0,2,True,0.0,0.0,True,0.0,0.1961120001396921,b097d799f4deb21dc88fdbb62c6f1e0b0c2edd079b7751c2f035f418c1c69888
tabular_boost_b-development-0065,tabular_boost_b,tabular,development,clean,none,False,False,independent_if_else,valid,1.0,1.0,1.0,1.0,1.0,1.0,1.0,1.0,1.0,1.0,1.0,1.0,1.0,0.0,0.0,0,False,0.0,0.0,False,0.0,0.030547999813279603,
tabular_boost_b-development-0065,tabular_boost_b,tabular,development,clean,none,False,False,typed_route_without_cut,valid,1.0,1.0,1.0,1.0,1.0,1.0,1.0,1.0,1.0,1.0,1.0,1.0,1.0,0.0,0.0,0,False,0.0,0.0,False,0.0,0.019176000023435336,
tabular_boost_b-development-0065,tabular_boost_b,tabular,development,clean,none,False,False,full_h10,valid,1.0,1.0,1.0,1.0,1.0,1.0,1.0,1.0,1.0,1.0,1.0,1.0,1.0,0.0,0.0,0,True,0.0,0.0,False,0.0,0.022262000129558146,9bd7fc28b0f9d74163eef239badd7f459877bf8cd9cf5ecd65ba1d1aa2efd918
tabular_boost_b-development-0066,tabular_boost_b,tabular,development,unknown_ambiguous,subtle,True,True,independent_if_else,insufficient_evidence,1.0,1.0,1.0,1.0,0.3333333333333333,1.0,0.5,0.3333333333333333,1.0,1.0,1.0,1.0,1.0,0.0,4.0,2,False,0.0,0.0,True,0.0,0.030138000056467718,
tabular_boost_b-development-0066,tabular_boost_b,tabular,development,unknown_ambiguous,subtle,True,True,typed_route_without_cut,insufficient_evidence,1.0,1.0,1.0,1.0,0.3333333333333333,1.0,0.5,0.3333333333333333,1.0,1.0,1.0,1.0,1.0,0.0,4.0,2,False,0.0,0.0,True,0.0,0.053561000186164165,
tabular_boost_b-development-0066,tabular_boost_b,tabular,development,unknown_ambiguous,subtle,True,True,full_h10,insufficient_evidence,1.0,1.0,1.0,1.0,0.3333333333333333,1.0,0.5,0.3333333333333333,1.0,1.0,1.0,1.0,1.0,0.0,4.0,2,True,0.0,0.0,True,0.0,0.18751600009636604,b07712cd7f5d743cab99c3f4e353340c6181ccb165565fea4bba5cc01d6a9da1
tabular_boost_b-development-0067,tabular_boost_b,tabular,development,composite,moderate,False,False,independent_if_else,invalid,1.0,1.0,1.0,1.0,1.0,1.0,1.0,1.0,0.6666666666666666,1.0,0.8,0.6666666666666666,0.0,2.0,0.0,0,False,0.0,0.0,False,0.0,0.030959000014263438,
tabular_boost_b-development-0067,tabular_boost_b,tabular,development,composite,moderate,False,False,typed_route_without_cut,invalid,1.0,1.0,1.0,1.0,1.0,1.0,1.0,1.0,0.6666666666666666,1.0,0.8,0.6666666666666666,0.0,2.0,0.0,0,False,0.0,0.0,False,0.0,0.07082499996613478,
tabular_boost_b-development-0067,tabular_boost_b,tabular,development,composite,moderate,False,False,full_h10,invalid,1.0,1.0,1.0,1.0,1.0,1.0,1.0,1.0,1.0,1.0,1.0,1.0,1.0,0.0,0.0,0,True,0.0,0.0,False,0.0,0.18520100002206163,484869bea7560feb4bb553d26dcca5a0de562efa09a885be0fc6788b1df6e581
tabular_boost_b-development-0068,tabular_boost_b,tabular,development,single,severe,False,False,independent_if_else,invalid,1.0,1.0,1.0,1.0,1.0,1.0,1.0,1.0,1.0,1.0,1.0,1.0,1.0,0.0,0.0,0,False,0.0,0.0,False,0.0,0.0231839999287331,
tabular_boost_b-development-0068,tabular_boost_b,tabular,development,single,severe,False,False,typed_route_without_cut,invalid,1.0,1.0,1.0,1.0,1.0,1.0,1.0,1.0,1.0,1.0,1.0,1.0,1.0,0.0,0.0,0,False,0.0,0.0,False,0.0,0.05977399996481836,
tabular_boost_b-development-0068,tabular_boost_b,tabular,development,single,severe,False,False,full_h10,invalid,1.0,1.0,1.0,1.0,1.0,1.0,1.0,1.0,1.0,1.0,1.0,1.0,1.0,0.0,0.0,0,True,0.0,0.0,False,0.0,0.16420199972344562,92afc101bde2055ebaccb4b6967247a59ce936683d4bd10770e2a4cd6f62d7b3
tabular_boost_b-development-0069,tabular_boost_b,tabular,development,unknown_ambiguous,subtle,True,False,independent_if_else,invalid,1.0,1.0,1.0,1.0,1.0,1.0,1.0,1.0,0.0,0.0,0.0,0.0,0.0,19.0,0.0,0,False,0.0,0.0,False,1.0,0.021209999886195874,
tabular_boost_b-development-0069,tabular_boost_b,tabular,development,unknown_ambiguous,subtle,True,False,typed_route_without_cut,invalid,1.0,1.0,1.0,1.0,1.0,1.0,1.0,1.0,0.0,0.0,0.0,0.0,0.0,19.0,0.0,0,False,0.0,0.0,False,1.0,0.022491999970952747,
tabular_boost_b-development-0069,tabular_boost_b,tabular,development,unknown_ambiguous,subtle,True,False,full_h10,invalid,1.0,1.0,1.0,1.0,1.0,1.0,1.0,1.0,0.0,0.0,0.0,0.0,0.0,19.0,0.0,0,True,0.0,0.0,False,1.0,0.14603699992221664,443846aa72fba61e6a357cc3bdf4660e1ab695b16dce66359b06ba266cf5658b
tabular_boost_b-development-0070,tabular_boost_b,tabular,development,single,moderate,False,False,independent_if_else,invalid,1.0,1.0,1.0,1.0,1.0,1.0,1.0,1.0,1.0,1.0,1.0,1.0,1.0,0.0,0.0,0,False,0.0,0.0,False,0.0,0.020027999653393636,
tabular_boost_b-development-0070,tabular_boost_b,tabular,development,single,moderate,False,False,typed_route_without_cut,invalid,1.0,1.0,1.0,1.0,1.0,1.0,1.0,1.0,1.0,1.0,1.0,1.0,1.0,0.0,0.0,0,False,0.0,0.0,False,0.0,0.023394999971060315,
tabular_boost_b-development-0070,tabular_boost_b,tabular,development,single,moderate,False,False,full_h10,invalid,1.0,1.0,1.0,1.0,1.0,1.0,1.0,1.0,1.0,1.0,1.0,1.0,1.0,0.0,0.0,0,True,0.0,0.0,False,0.0,0.14171900011206162,5d0f86f460c7406e35c800f10c43bfd8a93f7434dcae7165cec12b42d0c36092
tabular_boost_b-development-0071,tabular_boost_b,tabular,development,single,severe,False,False,independent_if_else,invalid,1.0,1.0,1.0,1.0,1.0,1.0,1.0,1.0,1.0,1.0,1.0,1.0,1.0,0.0,0.0,0,False,0.0,0.0,False,0.0,0.020818999928451376,
tabular_boost_b-development-0071,tabular_boost_b,tabular,development,single,severe,False,False,typed_route_without_cut,invalid,1.0,1.0,1.0,1.0,1.0,1.0,1.0,1.0,1.0,1.0,1.0,1.0,1.0,0.0,0.0,0,False,0.0,0.0,False,0.0,0.05920300009165658,
tabular_boost_b-development-0071,tabular_boost_b,tabular,development,single,severe,False,False,full_h10,invalid,1.0,1.0,1.0,1.0,1.0,1.0,1.0,1.0,1.0,1.0,1.0,1.0,1.0,0.0,0.0,0,True,0.0,0.0,False,0.0,0.1486529999965569,d5739bd0394684d6d5dd745b6b06a26f6874a19f4319d0b134343469b9492dfd
tabular_boost_b-development-0072,tabular_boost_b,tabular,development,composite,subtle,False,False,independent_if_else,invalid,1.0,1.0,1.0,1.0,1.0,1.0,1.0,1.0,0.6666666666666666,1.0,0.8,0.6666666666666666,0.0,2.0,0.0,0,False,0.0,0.0,False,0.0,0.028513999950519064,
tabular_boost_b-development-0072,tabular_boost_b,tabular,development,composite,subtle,False,False,typed_route_without_cut,invalid,1.0,1.0,1.0,1.0,1.0,1.0,1.0,1.0,0.6666666666666666,1.0,0.8,0.6666666666666666,0.0,2.0,0.0,0,False,0.0,0.0,False,0.0,0.05724799984818674,
tabular_boost_b-development-0072,tabular_boost_b,tabular,development,composite,subtle,False,False,full_h10,invalid,1.0,1.0,1.0,1.0,1.0,1.0,1.0,1.0,1.0,1.0,1.0,1.0,1.0,0.0,0.0,0,True,0.0,0.0,False,0.0,0.17186600007335073,bccbc2a7b36ac5a3e3f401d994c329ef51ddd148d25a4445105dc8f12597fb79
tabular_boost_b-development-0073,tabular_boost_b,tabular,development,single,moderate,False,False,independent_if_else,invalid,1.0,1.0,1.0,1.0,1.0,1.0,1.0,1.0,1.0,1.0,1.0,1.0,1.0,0.0,0.0,0,False,0.0,0.0,False,0.0,0.022291999812296126,
tabular_boost_b-development-0073,tabular_boost_b,tabular,development,single,moderate,False,False,typed_route_without_cut,invalid,1.0,1.0,1.0,1.0,1.0,1.0,1.0,1.0,1.0,1.0,1.0,1.0,1.0,0.0,0.0,0,False,0.0,0.0,False,0.0,0.06070600011298666,
tabular_boost_b-development-0073,tabular_boost_b,tabular,development,single,moderate,False,False,full_h10,invalid,1.0,1.0,1.0,1.0,1.0,1.0,1.0,1.0,1.0,1.0,1.0,1.0,1.0,0.0,0.0,0,True,0.0,0.0,False,0.0,0.15742899995530024,ef2b22c78912b5355678f70d067df5589d2723af5943f5eb7538c786e2a6e372
tabular_boost_b-development-0074,tabular_boost_b,tabular,development,single,severe,False,False,independent_if_else,invalid,1.0,1.0,1.0,1.0,1.0,1.0,1.0,1.0,1.0,1.0,1.0,1.0,1.0,0.0,0.0,0,False,0.0,0.0,False,0.0,0.021361000108299777,
tabular_boost_b-development-0074,tabular_boost_b,tabular,development,single,severe,False,False,typed_route_without_cut,invalid,1.0,1.0,1.0,1.0,1.0,1.0,1.0,1.0,1.0,1.0,1.0,1.0,1.0,0.0,0.0,0,False,0.0,0.0,False,0.0,0.0418700001318939,
tabular_boost_b-development-0074,tabular_boost_b,tabular,development,single,severe,False,False,full_h10,invalid,1.0,1.0,1.0,1.0,1.0,1.0,1.0,1.0,1.0,1.0,1.0,1.0,1.0,0.0,0.0,0,True,0.0,0.0,False,0.0,0.1455560000067635,d78982f046c9d20b55c5c0673de7ff640dc9cf2067819b165153b0aaa0870dc6
tabular_boost_b-development-0075,tabular_boost_b,tabular,development,composite,subtle,False,False,independent_if_else,invalid,1.0,1.0,1.0,1.0,1.0,1.0,1.0,1.0,0.6666666666666666,1.0,0.8,0.6666666666666666,0.0,2.0,0.0,0,False,0.0,0.0,False,0.0,0.036268000258132815,
tabular_boost_b-development-0075,tabular_boost_b,tabular,development,composite,subtle,False,False,typed_route_without_cut,invalid,1.0,1.0,1.0,1.0,1.0,1.0,1.0,1.0,0.6666666666666666,1.0,0.8,0.6666666666666666,0.0,2.0,0.0,0,False,0.0,0.0,False,0.0,0.06964199974390795,
tabular_boost_b-development-0075,tabular_boost_b,tabular,development,composite,subtle,False,False,full_h10,invalid,1.0,1.0,1.0,1.0,1.0,1.0,1.0,1.0,1.0,1.0,1.0,1.0,1.0,0.0,0.0,0,True,0.0,0.0,False,0.0,0.1795210000636871,69b9a19b7ee1221fed0bf190e5e75bf59de8c7afdedadac38e94fde6c2ba3f25
tabular_boost_b-development-0076,tabular_boost_b,tabular,development,single,moderate,False,False,independent_if_else,invalid,1.0,1.0,1.0,1.0,1.0,1.0,1.0,1.0,1.0,1.0,1.0,1.0,1.0,0.0,0.0,0,False,0.0,0.0,False,0.0,0.02196200011894689,
tabular_boost_b-development-0076,tabular_boost_b,tabular,development,single,moderate,False,False,typed_route_without_cut,invalid,1.0,1.0,1.0,1.0,1.0,1.0,1.0,1.0,1.0,1.0,1.0,1.0,1.0,0.0,0.0,0,False,0.0,0.0,False,0.0,0.04705899982582196,
tabular_boost_b-development-0076,tabular_boost_b,tabular,development,single,moderate,False,False,full_h10,invalid,1.0,1.0,1.0,1.0,1.0,1.0,1.0,1.0,1.0,1.0,1.0,1.0,1.0,0.0,0.0,0,True,0.0,0.0,False,0.0,0.15025500033516437,7cd27648330324c4fee3f7418b973330dfdd77d61bbdd9c946fa5f80785b9a63
tabular_boost_b-development-0077,tabular_boost_b,tabular,development,composite,severe,False,False,independent_if_else,invalid,1.0,1.0,1.0,1.0,1.0,1.0,1.0,1.0,1.0,1.0,1.0,1.0,1.0,0.0,0.0,0,False,0.0,0.0,False,0.0,0.024416000087512657,
tabular_boost_b-development-0077,tabular_boost_b,tabular,development,composite,severe,False,False,typed_route_without_cut,invalid,1.0,1.0,1.0,1.0,1.0,1.0,1.0,1.0,1.0,1.0,1.0,1.0,1.0,0.0,0.0,0,False,0.0,0.0,False,0.0,0.04763000015373109,
tabular_boost_b-development-0077,tabular_boost_b,tabular,development,composite,severe,False,False,full_h10,invalid,1.0,1.0,1.0,1.0,1.0,1.0,1.0,1.0,1.0,1.0,1.0,1.0,1.0,0.0,0.0,0,True,0.0,0.0,False,0.0,0.15116600025066873,d546f49a2fd65aa7540eb5f4a6445673722b610a20603e91b3017dabb68b3ba7
tabular_boost_b-development-0078,tabular_boost_b,tabular,development,clean,none,False,False,independent_if_else,valid,1.0,1.0,1.0,1.0,1.0,1.0,1.0,1.0,1.0,1.0,1.0,1.0,1.0,0.0,0.0,0,False,0.0,0.0,False,0.0,0.01692200021352619,
tabular_boost_b-development-0078,tabular_boost_b,tabular,development,clean,none,False,False,typed_route_without_cut,valid,1.0,1.0,1.0,1.0,1.0,1.0,1.0,1.0,1.0,1.0,1.0,1.0,1.0,0.0,0.0,0,False,0.0,0.0,False,0.0,0.02273400014018989,
tabular_boost_b-development-0078,tabular_boost_b,tabular,development,clean,none,False,False,full_h10,valid,1.0,1.0,1.0,1.0,1.0,1.0,1.0,1.0,1.0,1.0,1.0,1.0,1.0,0.0,0.0,0,True,0.0,0.0,False,0.0,0.02031900021393085,8d2a149b845fd9570d6ccd389df40d0b9752aec67e629504fcfe774306960c52
tabular_boost_b-development-0079,tabular_boost_b,tabular,development,single,moderate,False,False,independent_if_else,invalid,1.0,1.0,1.0,1.0,1.0,1.0,1.0,1.0,1.0,1.0,1.0,1.0,1.0,0.0,0.0,0,False,0.0,0.0,False,0.0,0.030668000363220926,
tabular_boost_b-development-0079,tabular_boost_b,tabular,development,single,moderate,False,False,typed_route_without_cut,invalid,1.0,1.0,1.0,1.0,1.0,1.0,1.0,1.0,1.0,1.0,1.0,1.0,1.0,0.0,0.0,0,False,0.0,0.0,False,0.0,0.045666000005439855,
tabular_boost_b-development-0079,tabular_boost_b,tabular,development,single,moderate,False,False,full_h10,invalid,1.0,1.0,1.0,1.0,1.0,1.0,1.0,1.0,1.0,1.0,1.0,1.0,1.0,0.0,0.0,0,True,0.0,0.0,False,0.0,0.16023400030462653,b3d6882cc5930f858ad9162c900ebe6d56eb877831a066553bed48b2e3e3c817
tabular_boost_b-development-0080,tabular_boost_b,tabular,development,composite,severe,False,False,independent_if_else,invalid,1.0,1.0,1.0,1.0,1.0,1.0,1.0,1.0,0.6666666666666666,1.0,0.8,0.6666666666666666,0.0,2.0,0.0,0,False,0.0,0.0,False,0.0,0.028705000204354292,
tabular_boost_b-development-0080,tabular_boost_b,tabular,development,composite,severe,False,False,typed_route_without_cut,invalid,1.0,1.0,1.0,1.0,1.0,1.0,1.0,1.0,0.6666666666666666,1.0,0.8,0.6666666666666666,0.0,2.0,0.0,0,False,0.0,0.0,False,0.0,0.07130499989216332,
tabular_boost_b-development-0080,tabular_boost_b,tabular,development,composite,severe,False,False,full_h10,invalid,1.0,1.0,1.0,1.0,1.0,1.0,1.0,1.0,1.0,1.0,1.0,1.0,1.0,0.0,0.0,0,True,0.0,0.0,False,0.0,0.20954699994035764,65f43c34ce09bb3e2a723d9dac3502ce825267eb9266c00a2336d3265a5b9fec
tabular_boost_b-development-0081,tabular_boost_b,tabular,development,single,subtle,False,False,independent_if_else,invalid,1.0,1.0,1.0,1.0,1.0,1.0,1.0,1.0,1.0,1.0,1.0,1.0,1.0,0.0,0.0,0,False,0.0,0.0,False,0.0,0.03251199996157084,
tabular_boost_b-development-0081,tabular_boost_b,tabular,development,single,subtle,False,False,typed_route_without_cut,invalid,1.0,1.0,1.0,1.0,1.0,1.0,1.0,1.0,1.0,1.0,1.0,1.0,1.0,0.0,0.0,0,False,0.0,0.0,False,0.0,0.08641399972475483,
tabular_boost_b-development-0081,tabular_boost_b,tabular,development,single,subtle,False,False,full_h10,invalid,1.0,1.0,1.0,1.0,1.0,1.0,1.0,1.0,1.0,1.0,1.0,1.0,1.0,0.0,0.0,0,True,0.0,0.0,False,0.0,0.24724900004002848,a802a89043e2395ec91220777816ad2171e571cd87a93edee2c1aed6b5dc3b56
tabular_boost_b-development-0082,tabular_boost_b,tabular,development,clean,none,False,False,independent_if_else,valid,1.0,1.0,1.0,1.0,1.0,1.0,1.0,1.0,1.0,1.0,1.0,1.0,1.0,0.0,0.0,0,False,0.0,0.0,False,0.0,0.032391000331699615,
tabular_boost_b-development-0082,tabular_boost_b,tabular,development,clean,none,False,False,typed_route_without_cut,valid,1.0,1.0,1.0,1.0,1.0,1.0,1.0,1.0,1.0,1.0,1.0,1.0,1.0,0.0,0.0,0,False,0.0,0.0,False,0.0,0.027181999939784873,
tabular_boost_b-development-0082,tabular_boost_b,tabular,development,clean,none,False,False,full_h10,valid,1.0,1.0,1.0,1.0,1.0,1.0,1.0,1.0,1.0,1.0,1.0,1.0,1.0,0.0,0.0,0,True,0.0,0.0,False,0.0,0.037230000089039095,8f8ca216f555a489687a18cd5f067e73ae448215972eabdbf925283c281f6de4
tabular_boost_b-development-0083,tabular_boost_b,tabular,development,unknown_ambiguous,severe,True,False,independent_if_else,invalid,1.0,1.0,1.0,1.0,1.0,1.0,1.0,1.0,0.2,0.5,0.28571428571428575,0.16666666666666666,0.0,39.0,0.0,0,False,0.0,0.0,False,1.0,0.04845200010095141,
tabular_boost_b-development-0083,tabular_boost_b,tabular,development,unknown_ambiguous,severe,True,False,typed_route_without_cut,invalid,1.0,1.0,1.0,1.0,1.0,1.0,1.0,1.0,0.2,0.5,0.28571428571428575,0.16666666666666666,0.0,39.0,0.0,0,False,0.0,0.0,False,1.0,0.07596400018883287,
tabular_boost_b-development-0083,tabular_boost_b,tabular,development,unknown_ambiguous,severe,True,False,full_h10,invalid,1.0,1.0,1.0,1.0,1.0,1.0,1.0,1.0,0.3333333333333333,0.5,0.4,0.25,0.0,36.0,0.0,0,True,0.0,0.0,False,1.0,0.217192000036448,fc7b624bcc0a2822796fb060f7c6623e8179d6027258f8f11b5dccf5f07087c8
tabular_boost_b-development-0084,tabular_boost_b,tabular,development,single,subtle,False,False,independent_if_else,invalid,1.0,1.0,1.0,1.0,1.0,1.0,1.0,1.0,1.0,1.0,1.0,1.0,1.0,0.0,0.0,0,False,0.0,0.0,False,0.0,0.03078800000366755,
tabular_boost_b-development-0084,tabular_boost_b,tabular,development,single,subtle,False,False,typed_route_without_cut,invalid,1.0,1.0,1.0,1.0,1.0,1.0,1.0,1.0,1.0,1.0,1.0,1.0,1.0,0.0,0.0,0,False,0.0,0.0,False,0.0,0.04893300001640455,
tabular_boost_b-development-0084,tabular_boost_b,tabular,development,single,subtle,False,False,full_h10,invalid,1.0,1.0,1.0,1.0,1.0,1.0,1.0,1.0,1.0,1.0,1.0,1.0,1.0,0.0,0.0,0,True,0.0,0.0,False,0.0,0.16230799974437105,cd593bd9701431907281defa0983ba65917c1ed6d691a62da603fcc439b04013
tabular_boost_b-development-0085,tabular_boost_b,tabular,development,composite,moderate,False,False,independent_if_else,invalid,1.0,1.0,1.0,1.0,1.0,1.0,1.0,1.0,0.3333333333333333,1.0,0.5,0.3333333333333333,0.0,6.0,0.0,0,False,0.0,0.0,False,0.0,0.02940600006695604,
tabular_boost_b-development-0085,tabular_boost_b,tabular,development,composite,moderate,False,False,typed_route_without_cut,invalid,1.0,1.0,1.0,1.0,1.0,1.0,1.0,1.0,0.3333333333333333,1.0,0.5,0.3333333333333333,0.0,6.0,0.0,0,False,0.0,0.0,False,0.0,0.059091999901284,
tabular_boost_b-development-0085,tabular_boost_b,tabular,development,composite,moderate,False,False,full_h10,invalid,1.0,1.0,1.0,1.0,1.0,1.0,1.0,1.0,1.0,1.0,1.0,1.0,1.0,0.0,0.0,0,True,0.0,0.0,False,0.0,0.17599299962967052,0008358d1bd3bbd456a931b1f29253776ada2285f4ee463aa07d857391410d22
tabular_boost_b-development-0086,tabular_boost_b,tabular,development,composite,severe,False,False,independent_if_else,invalid,1.0,1.0,1.0,1.0,1.0,1.0,1.0,1.0,0.5,1.0,0.6666666666666666,0.5,0.0,2.0,0.0,0,False,0.0,0.0,False,0.0,0.02601000005597598,
tabular_boost_b-development-0086,tabular_boost_b,tabular,development,composite,severe,False,False,typed_route_without_cut,invalid,1.0,1.0,1.0,1.0,1.0,1.0,1.0,1.0,0.5,1.0,0.6666666666666666,0.5,0.0,2.0,0.0,0,False,0.0,0.0,False,0.0,0.05091699995318777,
tabular_boost_b-development-0086,tabular_boost_b,tabular,development,composite,severe,False,False,full_h10,invalid,1.0,1.0,1.0,1.0,1.0,1.0,1.0,1.0,1.0,1.0,1.0,1.0,1.0,0.0,0.0,0,True,0.0,0.0,False,0.0,0.17718699973556795,c2432491f34fdfe4b5d92e1eb8c3ca5e0594e34ec734025ae745710e5fa26cdd
tabular_boost_b-development-0087,tabular_boost_b,tabular,development,unknown_ambiguous,subtle,True,False,independent_if_else,invalid,1.0,1.0,1.0,1.0,1.0,1.0,1.0,1.0,0.5,1.0,0.6666666666666666,0.5,0.0,4.0,0.0,0,False,0.0,0.0,False,1.0,0.02991599967572256,
tabular_boost_b-development-0087,tabular_boost_b,tabular,development,unknown_ambiguous,subtle,True,False,typed_route_without_cut,invalid,1.0,1.0,1.0,1.0,1.0,1.0,1.0,1.0,0.5,1.0,0.6666666666666666,0.5,0.0,4.0,0.0,0,False,0.0,0.0,False,1.0,0.0542030002179672,
tabular_boost_b-development-0087,tabular_boost_b,tabular,development,unknown_ambiguous,subtle,True,False,full_h10,invalid,1.0,1.0,1.0,1.0,1.0,1.0,1.0,1.0,1.0,1.0,1.0,1.0,1.0,0.0,0.0,0,True,0.0,0.0,False,1.0,0.4470490002859151,751e67932060f2e2622ee0d0291aa633c6d66660f1dae0f5a5ae0837077ec994
tabular_boost_b-development-0088,tabular_boost_b,tabular,development,unknown_ambiguous,moderate,True,True,independent_if_else,insufficient_evidence,1.0,1.0,1.0,1.0,0.7142857142857143,1.0,0.8333333333333333,0.7142857142857143,0.4,0.6666666666666666,0.5,0.3333333333333333,0.0,37.0,4.0,2,False,0.0,0.0,True,0.0,0.041108000004896894,
tabular_boost_b-development-0088,tabular_boost_b,tabular,development,unknown_ambiguous,moderate,True,True,typed_route_without_cut,insufficient_evidence,1.0,1.0,1.0,1.0,0.7142857142857143,1.0,0.8333333333333333,0.7142857142857143,0.4,0.6666666666666666,0.5,0.3333333333333333,0.0,37.0,4.0,2,False,0.0,0.0,True,0.0,0.06723800015606685,
tabular_boost_b-development-0088,tabular_boost_b,tabular,development,unknown_ambiguous,moderate,True,True,full_h10,insufficient_evidence,1.0,1.0,1.0,1.0,0.7142857142857143,1.0,0.8333333333333333,0.7142857142857143,0.5,0.6666666666666666,0.5714285714285715,0.4,0.0,36.0,4.0,2,True,0.0,0.0,True,0.0,0.20554999991873046,16f012c1139317fb8e19018a664e6695abaa94c58f9925dfe8d202c1d7be72f3
tabular_boost_b-development-0089,tabular_boost_b,tabular,development,composite,severe,False,False,independent_if_else,invalid,1.0,1.0,1.0,1.0,1.0,1.0,1.0,1.0,0.6666666666666666,1.0,0.8,0.6666666666666666,0.0,2.0,0.0,0,False,0.0,0.0,False,0.0,0.028975000077480217,
tabular_boost_b-development-0089,tabular_boost_b,tabular,development,composite,severe,False,False,typed_route_without_cut,invalid,1.0,1.0,1.0,1.0,1.0,1.0,1.0,1.0,0.6666666666666666,1.0,0.8,0.6666666666666666,0.0,2.0,0.0,0,False,0.0,0.0,False,0.0,0.07325899969146121,
tabular_boost_b-development-0089,tabular_boost_b,tabular,development,composite,severe,False,False,full_h10,invalid,1.0,1.0,1.0,1.0,1.0,1.0,1.0,1.0,1.0,1.0,1.0,1.0,1.0,0.0,0.0,0,True,0.0,0.0,False,0.0,0.17651500002102694,65fa70533e658e2c2abf956e2b34d7d38350f63b0017539b8462db0cc6738844
tabular_boost_b-development-0090,tabular_boost_b,tabular,development,unknown_ambiguous,subtle,True,True,independent_if_else,insufficient_evidence,1.0,1.0,1.0,1.0,0.7142857142857143,1.0,0.8333333333333333,0.7142857142857143,0.2,0.5,0.28571428571428575,0.16666666666666666,0.0,39.0,4.0,2,False,0.0,0.0,True,0.0,0.03976600009991671,
tabular_boost_b-development-0090,tabular_boost_b,tabular,development,unknown_ambiguous,subtle,True,True,typed_route_without_cut,insufficient_evidence,1.0,1.0,1.0,1.0,0.7142857142857143,1.0,0.8333333333333333,0.7142857142857143,0.2,0.5,0.28571428571428575,0.16666666666666666,0.0,39.0,4.0,2,False,0.0,0.0,True,0.0,0.08321800032717874,
tabular_boost_b-development-0090,tabular_boost_b,tabular,development,unknown_ambiguous,subtle,True,True,full_h10,insufficient_evidence,1.0,1.0,1.0,1.0,0.7142857142857143,1.0,0.8333333333333333,0.7142857142857143,0.3333333333333333,0.5,0.4,0.25,0.0,36.0,4.0,2,True,0.0,0.0,True,0.0,0.19924800017179223,a0a2df3d6bb83fac826372779e222018025fd065963bfe75300b1100dc1815c8
tabular_boost_b-development-0091,tabular_boost_b,tabular,development,single,moderate,False,False,independent_if_else,invalid,1.0,1.0,1.0,1.0,1.0,1.0,1.0,1.0,1.0,1.0,1.0,1.0,1.0,0.0,0.0,0,False,0.0,0.0,False,0.0,0.02182100024583633,
tabular_boost_b-development-0091,tabular_boost_b,tabular,development,single,moderate,False,False,typed_route_without_cut,invalid,1.0,1.0,1.0,1.0,1.0,1.0,1.0,1.0,1.0,1.0,1.0,1.0,1.0,0.0,0.0,0,False,0.0,0.0,False,0.0,0.04547600019577658,
tabular_boost_b-development-0091,tabular_boost_b,tabular,development,single,moderate,False,False,full_h10,invalid,1.0,1.0,1.0,1.0,1.0,1.0,1.0,1.0,1.0,1.0,1.0,1.0,1.0,0.0,0.0,0,True,0.0,0.0,False,0.0,0.15373199994428433,f0c6b92167ae8149c8e720e2fc3280a28dc51222b3d8ce13e38e44edba96b065
tabular_boost_b-development-0092,tabular_boost_b,tabular,development,composite,severe,False,False,independent_if_else,invalid,1.0,1.0,1.0,1.0,1.0,1.0,1.0,1.0,0.6666666666666666,1.0,0.8,0.6666666666666666,0.0,2.0,0.0,0,False,0.0,0.0,False,0.0,0.027150999812874943,
tabular_boost_b-development-0092,tabular_boost_b,tabular,development,composite,severe,False,False,typed_route_without_cut,invalid,1.0,1.0,1.0,1.0,1.0,1.0,1.0,1.0,0.6666666666666666,1.0,0.8,0.6666666666666666,0.0,2.0,0.0,0,False,0.0,0.0,False,0.0,0.06938099977560341,
tabular_boost_b-development-0092,tabular_boost_b,tabular,development,composite,severe,False,False,full_h10,invalid,1.0,1.0,1.0,1.0,1.0,1.0,1.0,1.0,1.0,1.0,1.0,1.0,1.0,0.0,0.0,0,True,0.0,0.0,False,0.0,0.16976200004137354,18a5730620ff4e9f0aabd1e85c8c9fc379deb55f5a032f896c1727b58946cf1a
tabular_boost_b-development-0093,tabular_boost_b,tabular,development,unknown_ambiguous,subtle,True,False,independent_if_else,invalid,1.0,1.0,1.0,1.0,1.0,1.0,1.0,1.0,1.0,1.0,1.0,1.0,1.0,0.0,0.0,0,False,0.0,0.0,False,1.0,0.021330999970814446,
tabular_boost_b-development-0093,tabular_boost_b,tabular,development,unknown_ambiguous,subtle,True,False,typed_route_without_cut,invalid,1.0,1.0,1.0,1.0,1.0,1.0,1.0,1.0,1.0,1.0,1.0,1.0,1.0,0.0,0.0,0,False,0.0,0.0,False,1.0,0.04238099973008502,
tabular_boost_b-development-0093,tabular_boost_b,tabular,development,unknown_ambiguous,subtle,True,False,full_h10,invalid,1.0,1.0,1.0,1.0,1.0,1.0,1.0,1.0,1.0,1.0,1.0,1.0,1.0,0.0,0.0,0,True,0.0,0.0,False,1.0,0.14758999986952404,b517b6ed0b1f2ae25d05b2ddcb929ab28e8d2a8b1703989c266a65d4c931f738
tabular_boost_b-development-0094,tabular_boost_b,tabular,development,unknown_ambiguous,moderate,True,True,independent_if_else,invalid,1.0,1.0,1.0,1.0,1.0,1.0,1.0,1.0,0.0,0.0,0.0,0.0,0.0,19.0,0.0,0,False,0.0,0.0,False,1.0,0.02116999985446455,
tabular_boost_b-development-0094,tabular_boost_b,tabular,development,unknown_ambiguous,moderate,True,True,typed_route_without_cut,invalid,1.0,1.0,1.0,1.0,1.0,1.0,1.0,1.0,0.0,0.0,0.0,0.0,0.0,19.0,0.0,0,False,0.0,0.0,False,1.0,0.022712999907525955,
tabular_boost_b-development-0094,tabular_boost_b,tabular,development,unknown_ambiguous,moderate,True,True,full_h10,invalid,1.0,1.0,1.0,1.0,1.0,1.0,1.0,1.0,0.0,0.0,0.0,0.0,0.0,19.0,0.0,0,True,0.0,0.0,False,1.0,0.15084599999681814,e1d4f9ca5ee621598fab243ab1016286d9ac5f8ac877d473ff22e94b793b89ea
tabular_boost_b-development-0095,tabular_boost_b,tabular,development,composite,severe,False,False,independent_if_else,invalid,1.0,1.0,1.0,1.0,1.0,1.0,1.0,1.0,0.5,1.0,0.6666666666666666,0.5,0.0,1.0,0.0,0,False,0.0,0.0,False,0.0,0.025037999876076356,
tabular_boost_b-development-0095,tabular_boost_b,tabular,development,composite,severe,False,False,typed_route_without_cut,invalid,1.0,1.0,1.0,1.0,1.0,1.0,1.0,1.0,0.5,1.0,0.6666666666666666,0.5,0.0,1.0,0.0,0,False,0.0,0.0,False,0.0,0.06322999979602173,
tabular_boost_b-development-0095,tabular_boost_b,tabular,development,composite,severe,False,False,full_h10,invalid,1.0,1.0,1.0,1.0,1.0,1.0,1.0,1.0,1.0,1.0,1.0,1.0,1.0,0.0,0.0,0,True,0.0,0.0,False,0.0,0.1589519997651223,7f64a4c1ee786b1ee3cd538182f640cb9a12f06c4d678eb5b5762f116b99c341
tabular_boost_b-development-0096,tabular_boost_b,tabular,development,composite,subtle,False,False,independent_if_else,invalid,1.0,1.0,1.0,1.0,1.0,1.0,1.0,1.0,1.0,1.0,1.0,1.0,1.0,0.0,0.0,0,False,0.0,0.0,False,0.0,0.02572899984443211,
tabular_boost_b-development-0096,tabular_boost_b,tabular,development,composite,subtle,False,False,typed_route_without_cut,invalid,1.0,1.0,1.0,1.0,1.0,1.0,1.0,1.0,1.0,1.0,1.0,1.0,1.0,0.0,0.0,0,False,0.0,0.0,False,0.0,0.06485299991254578,
tabular_boost_b-development-0096,tabular_boost_b,tabular,development,composite,subtle,False,False,full_h10,invalid,1.0,1.0,1.0,1.0,1.0,1.0,1.0,1.0,1.0,1.0,1.0,1.0,1.0,0.0,0.0,0,True,0.0,0.0,False,0.0,0.20103199994991883,b2728c257090e1c7a20672533792babaf10d1219fe8e338d996a5b0f9fd52962
tabular_boost_b-development-0097,tabular_boost_b,tabular,development,unknown_ambiguous,moderate,True,False,independent_if_else,invalid,1.0,1.0,1.0,1.0,1.0,1.0,1.0,1.0,0.25,0.5,0.3333333333333333,0.2,0.0,37.0,0.0,0,False,0.0,0.0,False,1.0,0.04386300042824587,
tabular_boost_b-development-0097,tabular_boost_b,tabular,development,unknown_ambiguous,moderate,True,False,typed_route_without_cut,invalid,1.0,1.0,1.0,1.0,1.0,1.0,1.0,1.0,0.25,0.5,0.3333333333333333,0.2,0.0,37.0,0.0,0,False,0.0,0.0,False,1.0,0.0484619999951974,
tabular_boost_b-development-0097,tabular_boost_b,tabular,development,unknown_ambiguous,moderate,True,False,full_h10,invalid,1.0,1.0,1.0,1.0,1.0,1.0,1.0,1.0,0.3333333333333333,0.5,0.4,0.25,0.0,36.0,0.0,0,True,0.0,0.0,False,1.0,0.28655300002355943,4731b5a6759fb2535fa25388c4955e6fc1d30dfaededf7ab4e41caed1fb9acd1
tabular_boost_b-development-0098,tabular_boost_b,tabular,development,unknown_ambiguous,severe,True,True,independent_if_else,invalid,1.0,1.0,1.0,1.0,1.0,1.0,1.0,1.0,0.0,0.0,0.0,0.0,0.0,19.0,0.0,0,False,0.0,0.0,False,1.0,0.03747099981410429,
tabular_boost_b-development-0098,tabular_boost_b,tabular,development,unknown_ambiguous,severe,True,True,typed_route_without_cut,invalid,1.0,1.0,1.0,1.0,1.0,1.0,1.0,1.0,0.0,0.0,0.0,0.0,0.0,19.0,0.0,0,False,0.0,0.0,False,1.0,0.03348299969729851,
tabular_boost_b-development-0098,tabular_boost_b,tabular,development,unknown_ambiguous,severe,True,True,full_h10,invalid,1.0,1.0,1.0,1.0,1.0,1.0,1.0,1.0,0.0,0.0,0.0,0.0,0.0,19.0,0.0,0,True,0.0,0.0,False,1.0,0.20360600001367857,885802ad4ef320f9edf795fe8612649142172d03f7ae63786cda9e253de7e836
tabular_boost_b-development-0099,tabular_boost_b,tabular,development,composite,subtle,False,False,independent_if_else,invalid,1.0,1.0,1.0,1.0,1.0,1.0,1.0,1.0,1.0,1.0,1.0,1.0,1.0,0.0,0.0,0,False,0.0,0.0,False,0.0,0.028204000045661815,
tabular_boost_b-development-0099,tabular_boost_b,tabular,development,composite,subtle,False,False,typed_route_without_cut,invalid,1.0,1.0,1.0,1.0,1.0,1.0,1.0,1.0,1.0,1.0,1.0,1.0,1.0,0.0,0.0,0,False,0.0,0.0,False,0.0,0.050535999889689265,
tabular_boost_b-development-0099,tabular_boost_b,tabular,development,composite,subtle,False,False,full_h10,invalid,1.0,1.0,1.0,1.0,1.0,1.0,1.0,1.0,1.0,1.0,1.0,1.0,1.0,0.0,0.0,0,True,0.0,0.0,False,0.0,0.1829870002438838,9c4713d797891f4b19183c4f05b5197671f306743e544484b8dea0bd9bccf0fe
tabular_boost_b-development-0100,tabular_boost_b,tabular,development,clean,none,False,False,independent_if_else,valid,1.0,1.0,1.0,1.0,1.0,1.0,1.0,1.0,1.0,1.0,1.0,1.0,1.0,0.0,0.0,0,False,0.0,0.0,False,0.0,0.018464999811840244,
tabular_boost_b-development-0100,tabular_boost_b,tabular,development,clean,none,False,False,typed_route_without_cut,valid,1.0,1.0,1.0,1.0,1.0,1.0,1.0,1.0,1.0,1.0,1.0,1.0,1.0,0.0,0.0,0,False,0.0,0.0,False,0.0,0.01887600001282408,
tabular_boost_b-development-0100,tabular_boost_b,tabular,development,clean,none,False,False,full_h10,valid,1.0,1.0,1.0,1.0,1.0,1.0,1.0,1.0,1.0,1.0,1.0,1.0,1.0,0.0,0.0,0,True,0.0,0.0,False,0.0,0.02102899998135399,30bb7ee5a5cae285a092b87c018ca50cb2463c20304b172b51e1bbed9bd5c56d
tabular_boost_b-development-0101,tabular_boost_b,tabular,development,composite,severe,False,False,independent_if_else,invalid,1.0,1.0,1.0,1.0,1.0,1.0,1.0,1.0,0.6666666666666666,1.0,0.8,0.6666666666666666,0.0,2.0,0.0,0,False,0.0,0.0,False,0.0,0.027411999781179475,
tabular_boost_b-development-0101,tabular_boost_b,tabular,development,composite,severe,False,False,typed_route_without_cut,invalid,1.0,1.0,1.0,1.0,1.0,1.0,1.0,1.0,0.6666666666666666,1.0,0.8,0.6666666666666666,0.0,2.0,0.0,0,False,0.0,0.0,False,0.0,0.06922200009285007,
tabular_boost_b-development-0101,tabular_boost_b,tabular,development,composite,severe,False,False,full_h10,invalid,1.0,1.0,1.0,1.0,1.0,1.0,1.0,1.0,1.0,1.0,1.0,1.0,1.0,0.0,0.0,0,True,0.0,0.0,False,0.0,0.1828569997996965,567da91eb7ae1a573fe54667493aadca5fc4b08f840201f5236b784e70ab0d02
tabular_boost_b-development-0102,tabular_boost_b,tabular,development,composite,subtle,False,False,independent_if_else,invalid,1.0,1.0,1.0,1.0,1.0,1.0,1.0,1.0,0.3333333333333333,1.0,0.5,0.3333333333333333,0.0,5.0,0.0,0,False,0.0,0.0,False,0.0,0.027571999908104772,
tabular_boost_b-development-0102,tabular_boost_b,tabular,development,composite,subtle,False,False,typed_route_without_cut,invalid,1.0,1.0,1.0,1.0,1.0,1.0,1.0,1.0,0.3333333333333333,1.0,0.5,0.3333333333333333,0.0,5.0,0.0,0,False,0.0,0.0,False,0.0,0.05490500006999355,
tabular_boost_b-development-0102,tabular_boost_b,tabular,development,composite,subtle,False,False,full_h10,invalid,1.0,1.0,1.0,1.0,1.0,1.0,1.0,1.0,1.0,1.0,1.0,1.0,1.0,0.0,0.0,0,True,0.0,0.0,False,0.0,0.17058299999916926,d5cda2bdc9502d9fc33f1b1cda188dfc166adbb6ebecdc0aa9cb23358ded064f
tabular_boost_b-development-0103,tabular_boost_b,tabular,development,clean,none,False,False,independent_if_else,valid,1.0,1.0,1.0,1.0,1.0,1.0,1.0,1.0,1.0,1.0,1.0,1.0,1.0,0.0,0.0,0,False,0.0,0.0,False,0.0,0.01757300015015062,
tabular_boost_b-development-0103,tabular_boost_b,tabular,development,clean,none,False,False,typed_route_without_cut,valid,1.0,1.0,1.0,1.0,1.0,1.0,1.0,1.0,1.0,1.0,1.0,1.0,1.0,0.0,0.0,0,False,0.0,0.0,False,0.0,0.02419600014036405,
tabular_boost_b-development-0103,tabular_boost_b,tabular,development,clean,none,False,False,full_h10,valid,1.0,1.0,1.0,1.0,1.0,1.0,1.0,1.0,1.0,1.0,1.0,1.0,1.0,0.0,0.0,0,True,0.0,0.0,False,0.0,0.019988000076409662,e66a455f62b1661a2e5fdf2ee46ff8ec25eadf7d4605357e6b655d820db0c2f9
tabular_boost_b-development-0104,tabular_boost_b,tabular,development,single,severe,False,False,independent_if_else,invalid,1.0,1.0,1.0,1.0,1.0,1.0,1.0,1.0,1.0,1.0,1.0,1.0,1.0,0.0,0.0,0,False,0.0,0.0,False,0.0,0.021752000066044275,
tabular_boost_b-development-0104,tabular_boost_b,tabular,development,single,severe,False,False,typed_route_without_cut,invalid,1.0,1.0,1.0,1.0,1.0,1.0,1.0,1.0,1.0,1.0,1.0,1.0,1.0,0.0,0.0,0,False,0.0,0.0,False,0.0,0.043402000301284716,
tabular_boost_b-development-0104,tabular_boost_b,tabular,development,single,severe,False,False,full_h10,invalid,1.0,1.0,1.0,1.0,1.0,1.0,1.0,1.0,1.0,1.0,1.0,1.0,1.0,0.0,0.0,0,True,0.0,0.0,False,0.0,0.15163700027187588,eff110ab455d69e34fc76e0b0b188eef4a88c0d02eb42fd51f739a178a319d54
tabular_boost_b-development-0105,tabular_boost_b,tabular,development,unknown_ambiguous,subtle,True,False,independent_if_else,invalid,1.0,1.0,1.0,1.0,1.0,1.0,1.0,1.0,0.4,0.6666666666666666,0.5,0.3333333333333333,0.0,37.0,0.0,0,False,0.0,0.0,False,1.0,0.033973999961744994,
tabular_boost_b-development-0105,tabular_boost_b,tabular,development,unknown_ambiguous,subtle,True,False,typed_route_without_cut,invalid,1.0,1.0,1.0,1.0,1.0,1.0,1.0,1.0,0.4,0.6666666666666666,0.5,0.3333333333333333,0.0,37.0,0.0,0,False,0.0,0.0,False,1.0,0.05601699967883178,
tabular_boost_b-development-0105,tabular_boost_b,tabular,development,unknown_ambiguous,subtle,True,False,full_h10,invalid,1.0,1.0,1.0,1.0,1.0,1.0,1.0,1.0,0.5,0.6666666666666666,0.5714285714285715,0.4,0.0,36.0,0.0,0,True,0.0,0.0,False,1.0,0.19771500001297682,75ae34e73a1c509bfca3fb7f95c368f4432ef0cfbe43ea88dcda6fd9cf9e00b5
tabular_boost_b-development-0106,tabular_boost_b,tabular,development,composite,moderate,False,False,independent_if_else,invalid,1.0,1.0,1.0,1.0,1.0,1.0,1.0,1.0,0.6666666666666666,1.0,0.8,0.6666666666666666,0.0,2.0,0.0,0,False,0.0,0.0,False,0.0,0.02818300026774523,
tabular_boost_b-development-0106,tabular_boost_b,tabular,development,composite,moderate,False,False,typed_route_without_cut,invalid,1.0,1.0,1.0,1.0,1.0,1.0,1.0,1.0,0.6666666666666666,1.0,0.8,0.6666666666666666,0.0,2.0,0.0,0,False,0.0,0.0,False,0.0,0.0685400000293157,
tabular_boost_b-development-0106,tabular_boost_b,tabular,development,composite,moderate,False,False,full_h10,invalid,1.0,1.0,1.0,1.0,1.0,1.0,1.0,1.0,1.0,1.0,1.0,1.0,1.0,0.0,0.0,0,True,0.0,0.0,False,0.0,0.17738599990479997,c27db2706a0e828c62d6fba2d33306c7e47850ed16ceebf671facf4838df2678
tabular_boost_b-development-0107,tabular_boost_b,tabular,development,composite,severe,False,False,independent_if_else,invalid,1.0,1.0,1.0,1.0,1.0,1.0,1.0,1.0,0.6666666666666666,1.0,0.8,0.6666666666666666,0.0,2.0,0.0,0,False,0.0,0.0,False,0.0,0.027521999982127454,
tabular_boost_b-development-0107,tabular_boost_b,tabular,development,composite,severe,False,False,typed_route_without_cut,invalid,1.0,1.0,1.0,1.0,1.0,1.0,1.0,1.0,0.6666666666666666,1.0,0.8,0.6666666666666666,0.0,2.0,0.0,0,False,0.0,0.0,False,0.0,0.06987299957472715,
tabular_boost_b-development-0107,tabular_boost_b,tabular,development,composite,severe,False,False,full_h10,invalid,1.0,1.0,1.0,1.0,1.0,1.0,1.0,1.0,1.0,1.0,1.0,1.0,1.0,0.0,0.0,0,True,0.0,0.0,False,0.0,0.17113500007326365,48ae7c2f652c8eae0456287d021bb81bc916649a5cd6e4e37a10b4cae22092d5
tabular_boost_b-development-0108,tabular_boost_b,tabular,development,unknown_ambiguous,subtle,True,True,independent_if_else,insufficient_evidence,1.0,1.0,1.0,1.0,0.3333333333333333,1.0,0.5,0.3333333333333333,1.0,1.0,1.0,1.0,1.0,0.0,4.0,2,False,0.0,0.0,True,0.0,0.028042999929311918,
tabular_boost_b-development-0108,tabular_boost_b,tabular,development,unknown_ambiguous,subtle,True,True,typed_route_without_cut,insufficient_evidence,1.0,1.0,1.0,1.0,0.3333333333333333,1.0,0.5,0.3333333333333333,1.0,1.0,1.0,1.0,1.0,0.0,4.0,2,False,0.0,0.0,True,0.0,0.05338099981599953,
tabular_boost_b-development-0108,tabular_boost_b,tabular,development,unknown_ambiguous,subtle,True,True,full_h10,insufficient_evidence,1.0,1.0,1.0,1.0,0.3333333333333333,1.0,0.5,0.3333333333333333,1.0,1.0,1.0,1.0,1.0,0.0,4.0,2,True,0.0,0.0,True,0.0,0.16703700021025725,9979d973c711182f592c641de52f3a005c95d0e725506bc1ecdb4fbc5bdef52f
tabular_boost_b-development-0109,tabular_boost_b,tabular,development,unknown_ambiguous,moderate,True,False,independent_if_else,invalid,1.0,1.0,1.0,1.0,1.0,1.0,1.0,1.0,0.5,0.5,0.5,0.3333333333333333,0.0,19.0,0.0,0,False,0.0,0.0,False,1.0,0.024756999664532486,
tabular_boost_b-development-0109,tabular_boost_b,tabular,development,unknown_ambiguous,moderate,True,False,typed_route_without_cut,invalid,1.0,1.0,1.0,1.0,1.0,1.0,1.0,1.0,0.5,0.5,0.5,0.3333333333333333,0.0,19.0,0.0,0,False,0.0,0.0,False,1.0,0.027152000257046893,
tabular_boost_b-development-0109,tabular_boost_b,tabular,development,unknown_ambiguous,moderate,True,False,full_h10,invalid,1.0,1.0,1.0,1.0,1.0,1.0,1.0,1.0,0.5,0.5,0.5,0.3333333333333333,0.0,19.0,0.0,0,True,0.0,0.0,False,1.0,0.17157499996756087,060b60e4c3658229b0384c8a5acee7f257178865ab2b9b6bc08bf57e0965002d
tabular_boost_b-development-0110,tabular_boost_b,tabular,development,unknown_ambiguous,severe,True,True,independent_if_else,invalid,1.0,1.0,1.0,1.0,1.0,1.0,1.0,1.0,0.25,0.5,0.3333333333333333,0.2,0.0,37.0,0.0,0,False,0.0,0.0,False,1.0,0.03011699982380378,
tabular_boost_b-development-0110,tabular_boost_b,tabular,development,unknown_ambiguous,severe,True,True,typed_route_without_cut,invalid,1.0,1.0,1.0,1.0,1.0,1.0,1.0,1.0,0.25,0.5,0.3333333333333333,0.2,0.0,37.0,0.0,0,False,0.0,0.0,False,1.0,0.03156000002491055,
tabular_boost_b-development-0110,tabular_boost_b,tabular,development,unknown_ambiguous,severe,True,True,full_h10,invalid,1.0,1.0,1.0,1.0,1.0,1.0,1.0,1.0,0.3333333333333333,0.5,0.4,0.25,0.0,36.0,0.0,0,True,0.0,0.0,False,1.0,0.17546299977766466,fd75bfb1e71b4eb3b38414e4f20d0eb8fcbe6d4812e0934011a2bc86fc1e2a14
tabular_boost_b-development-0111,tabular_boost_b,tabular,development,clean,none,False,False,independent_if_else,valid,1.0,1.0,1.0,1.0,1.0,1.0,1.0,1.0,1.0,1.0,1.0,1.0,1.0,0.0,0.0,0,False,0.0,0.0,False,0.0,0.018404999991616933,
tabular_boost_b-development-0111,tabular_boost_b,tabular,development,clean,none,False,False,typed_route_without_cut,valid,1.0,1.0,1.0,1.0,1.0,1.0,1.0,1.0,1.0,1.0,1.0,1.0,1.0,0.0,0.0,0,False,0.0,0.0,False,0.0,0.01822400008677505,
tabular_boost_b-development-0111,tabular_boost_b,tabular,development,clean,none,False,False,full_h10,valid,1.0,1.0,1.0,1.0,1.0,1.0,1.0,1.0,1.0,1.0,1.0,1.0,1.0,0.0,0.0,0,True,0.0,0.0,False,0.0,0.02058000018223538,a2c3822d2975511c08e5cbe83f5e84697301e3da3153132a3a25c2444a12438e
tabular_boost_b-development-0112,tabular_boost_b,tabular,development,unknown_ambiguous,moderate,True,True,independent_if_else,insufficient_evidence,1.0,1.0,1.0,1.0,0.5,1.0,0.6666666666666666,0.5,0.5,1.0,0.6666666666666666,0.5,0.0,2.0,4.0,2,False,0.0,0.0,True,0.0,0.0300870001410658,
tabular_boost_b-development-0112,tabular_boost_b,tabular,development,unknown_ambiguous,moderate,True,True,typed_route_without_cut,insufficient_evidence,1.0,1.0,1.0,1.0,0.5,1.0,0.6666666666666666,0.5,0.5,1.0,0.6666666666666666,0.5,0.0,2.0,4.0,2,False,0.0,0.0,True,0.0,0.058399999943503644,
tabular_boost_b-development-0112,tabular_boost_b,tabular,development,unknown_ambiguous,moderate,True,True,full_h10,insufficient_evidence,1.0,1.0,1.0,1.0,0.5,1.0,0.6666666666666666,0.5,1.0,1.0,1.0,1.0,1.0,0.0,4.0,2,True,0.0,0.0,True,0.0,0.17009300017889473,83ff41aba7a152a711b8948f7355d1d07bd8135f5798281c25af7e7bc1a5d047
tabular_boost_b-development-0113,tabular_boost_b,tabular,development,composite,severe,False,False,independent_if_else,invalid,1.0,1.0,1.0,1.0,1.0,1.0,1.0,1.0,0.5,1.0,0.6666666666666666,0.5,0.0,1.0,0.0,0,False,0.0,0.0,False,0.0,0.025026999992405763,
tabular_boost_b-development-0113,tabular_boost_b,tabular,development,composite,severe,False,False,typed_route_without_cut,invalid,1.0,1.0,1.0,1.0,1.0,1.0,1.0,1.0,0.5,1.0,0.6666666666666666,0.5,0.0,1.0,0.0,0,False,0.0,0.0,False,0.0,0.06597600031454931,
tabular_boost_b-development-0113,tabular_boost_b,tabular,development,composite,severe,False,False,full_h10,invalid,1.0,1.0,1.0,1.0,1.0,1.0,1.0,1.0,1.0,1.0,1.0,1.0,1.0,0.0,0.0,0,True,0.0,0.0,False,0.0,0.16185699996640324,18d524a2682098cd2b079a380abc2e283797cd023e0ed086d19db644f0a18a77
tabular_boost_b-development-0114,tabular_boost_b,tabular,development,composite,subtle,False,False,independent_if_else,invalid,1.0,1.0,1.0,1.0,1.0,1.0,1.0,1.0,0.6666666666666666,1.0,0.8,0.6666666666666666,0.0,2.0,0.0,0,False,0.0,0.0,False,0.0,0.027181999939784873,
tabular_boost_b-development-0114,tabular_boost_b,tabular,development,composite,subtle,False,False,typed_route_without_cut,invalid,1.0,1.0,1.0,1.0,1.0,1.0,1.0,1.0,0.6666666666666666,1.0,0.8,0.6666666666666666,0.0,2.0,0.0,0,False,0.0,0.0,False,0.0,0.0698020003255806,
tabular_boost_b-development-0114,tabular_boost_b,tabular,development,composite,subtle,False,False,full_h10,invalid,1.0,1.0,1.0,1.0,1.0,1.0,1.0,1.0,1.0,1.0,1.0,1.0,1.0,0.0,0.0,0,True,0.0,0.0,False,0.0,0.17446099991502706,10af5002db86d64824dbaa796cbd4f1d948c37690be96727ac3a81ea3a336eb4
tabular_boost_b-development-0115,tabular_boost_b,tabular,development,single,moderate,False,False,independent_if_else,invalid,1.0,1.0,1.0,1.0,1.0,1.0,1.0,1.0,1.0,1.0,1.0,1.0,1.0,0.0,0.0,0,False,0.0,0.0,False,0.0,0.02808399995046784,
tabular_boost_b-development-0115,tabular_boost_b,tabular,development,single,moderate,False,False,typed_route_without_cut,invalid,1.0,1.0,1.0,1.0,1.0,1.0,1.0,1.0,1.0,1.0,1.0,1.0,1.0,0.0,0.0,0,False,0.0,0.0,False,0.0,0.08653400027469615,
tabular_boost_b-development-0115,tabular_boost_b,tabular,development,single,moderate,False,False,full_h10,invalid,1.0,1.0,1.0,1.0,1.0,1.0,1.0,1.0,1.0,1.0,1.0,1.0,1.0,0.0,0.0,0,True,0.0,0.0,False,0.0,0.24423299964837497,2bcff71ff36f408524499d184e692deedb0e1a7a5d4ce670b80200e1348c7ff3
tabular_boost_b-development-0116,tabular_boost_b,tabular,development,composite,severe,False,False,independent_if_else,invalid,1.0,1.0,1.0,1.0,1.0,1.0,1.0,1.0,1.0,1.0,1.0,1.0,1.0,0.0,0.0,0,False,0.0,0.0,False,0.0,0.042810999730136245,
tabular_boost_b-development-0116,tabular_boost_b,tabular,development,composite,severe,False,False,typed_route_without_cut,invalid,1.0,1.0,1.0,1.0,1.0,1.0,1.0,1.0,1.0,1.0,1.0,1.0,1.0,0.0,0.0,0,False,0.0,0.0,False,0.0,0.05692799959433614,
tabular_boost_b-development-0116,tabular_boost_b,tabular,development,composite,severe,False,False,full_h10,invalid,1.0,1.0,1.0,1.0,1.0,1.0,1.0,1.0,1.0,1.0,1.0,1.0,1.0,0.0,0.0,0,True,0.0,0.0,False,0.0,0.26574399998935405,13a3d86b80fe683b1740981d8e2fdc594f0f81019c89ee1bae4171a155f1df48
tabular_boost_b-development-0117,tabular_boost_b,tabular,development,composite,subtle,False,False,independent_if_else,invalid,1.0,1.0,1.0,1.0,1.0,1.0,1.0,1.0,1.0,1.0,1.0,1.0,1.0,0.0,0.0,0,False,0.0,0.0,False,0.0,0.045607000174641144,
tabular_boost_b-development-0117,tabular_boost_b,tabular,development,composite,subtle,False,False,typed_route_without_cut,invalid,1.0,1.0,1.0,1.0,1.0,1.0,1.0,1.0,1.0,1.0,1.0,1.0,1.0,0.0,0.0,0,False,0.0,0.0,False,0.0,0.08970099997895886,
tabular_boost_b-development-0117,tabular_boost_b,tabular,development,composite,subtle,False,False,full_h10,invalid,1.0,1.0,1.0,1.0,1.0,1.0,1.0,1.0,1.0,1.0,1.0,1.0,1.0,0.0,0.0,0,True,0.0,0.0,False,0.0,0.2613960000417137,6f825396732c12cc865172fbf9deece4d7c839b472ba6d742e263adca5424bb8
tabular_boost_b-development-0118,tabular_boost_b,tabular,development,composite,moderate,False,False,independent_if_else,invalid,1.0,1.0,1.0,1.0,1.0,1.0,1.0,1.0,0.5,1.0,0.6666666666666666,0.5,0.0,2.0,0.0,0,False,0.0,0.0,False,0.0,0.039925999772094656,
tabular_boost_b-development-0118,tabular_boost_b,tabular,development,composite,moderate,False,False,typed_route_without_cut,invalid,1.0,1.0,1.0,1.0,1.0,1.0,1.0,1.0,0.5,1.0,0.6666666666666666,0.5,0.0,2.0,0.0,0,False,0.0,0.0,False,0.0,0.07786700007272884,
tabular_boost_b-development-0118,tabular_boost_b,tabular,development,composite,moderate,False,False,full_h10,invalid,1.0,1.0,1.0,1.0,1.0,1.0,1.0,1.0,1.0,1.0,1.0,1.0,1.0,0.0,0.0,0,True,0.0,0.0,False,0.0,0.25209899968103855,8f39d9d6dbf01ac27f81e25e2bd2074bf26d116549572614b5b4ceb50df0c3d2
tabular_boost_b-development-0119,tabular_boost_b,tabular,development,composite,severe,False,False,independent_if_else,invalid,1.0,1.0,1.0,1.0,1.0,1.0,1.0,1.0,0.6666666666666666,1.0,0.8,0.6666666666666666,0.0,2.0,0.0,0,False,0.0,0.0,False,0.0,0.06183799996506423,
tabular_boost_b-development-0119,tabular_boost_b,tabular,development,composite,severe,False,False,typed_route_without_cut,invalid,1.0,1.0,1.0,1.0,1.0,1.0,1.0,1.0,0.6666666666666666,1.0,0.8,0.6666666666666666,0.0,2.0,0.0,0,False,0.0,0.0,False,0.0,0.08635399990453152,
tabular_boost_b-development-0119,tabular_boost_b,tabular,development,composite,severe,False,False,full_h10,invalid,1.0,1.0,1.0,1.0,1.0,1.0,1.0,1.0,1.0,1.0,1.0,1.0,1.0,0.0,0.0,0,True,0.0,0.0,False,0.0,0.30128199978207704,b9d6bb2e13964137950082a5fed99a6864f7fbf0dd13afb02d3a6ba6f3383586
tabular_boost_b-development-0120,tabular_boost_b,tabular,development,single,subtle,False,False,independent_if_else,invalid,1.0,1.0,1.0,1.0,1.0,1.0,1.0,1.0,1.0,1.0,1.0,1.0,1.0,0.0,0.0,0,False,0.0,0.0,False,0.0,0.03288200014139875,
tabular_boost_b-development-0120,tabular_boost_b,tabular,development,single,subtle,False,False,typed_route_without_cut,invalid,1.0,1.0,1.0,1.0,1.0,1.0,1.0,1.0,1.0,1.0,1.0,1.0,1.0,0.0,0.0,0,False,0.0,0.0,False,0.0,0.052800000048591755,
tabular_boost_b-development-0120,tabular_boost_b,tabular,development,single,subtle,False,False,full_h10,invalid,1.0,1.0,1.0,1.0,1.0,1.0,1.0,1.0,1.0,1.0,1.0,1.0,1.0,0.0,0.0,0,True,0.0,0.0,False,0.0,0.19686299992827117,aea8593b3d6c83f0fcf0cfed6aff0bddab4ba7d50c0a80b5ab279d8ffdf86008
tabular_boost_b-development-0121,tabular_boost_b,tabular,development,unknown_ambiguous,moderate,True,False,independent_if_else,invalid,1.0,1.0,1.0,1.0,1.0,1.0,1.0,1.0,0.25,0.5,0.3333333333333333,0.2,0.0,37.0,0.0,0,False,0.0,0.0,False,1.0,0.054303000069921836,
tabular_boost_b-development-0121,tabular_boost_b,tabular,development,unknown_ambiguous,moderate,True,False,typed_route_without_cut,invalid,1.0,1.0,1.0,1.0,1.0,1.0,1.0,1.0,0.25,0.5,0.3333333333333333,0.2,0.0,37.0,0.0,0,False,0.0,0.0,False,1.0,0.041308999698230764,
tabular_boost_b-development-0121,tabular_boost_b,tabular,development,unknown_ambiguous,moderate,True,False,full_h10,invalid,1.0,1.0,1.0,1.0,1.0,1.0,1.0,1.0,0.3333333333333333,0.5,0.4,0.25,0.0,36.0,0.0,0,True,0.0,0.0,False,1.0,0.20090099997105426,3fa92705bcef9d8c1777f352bb9ef0d29b448841711c74525afed9b2fa9216bf
tabular_boost_b-development-0122,tabular_boost_b,tabular,development,unknown_ambiguous,severe,True,True,independent_if_else,insufficient_evidence,1.0,1.0,1.0,1.0,0.6666666666666666,1.0,0.8,0.6666666666666666,1.0,1.0,1.0,1.0,1.0,0.0,1.0,1,False,0.0,0.0,True,0.0,0.034115000289602904,
tabular_boost_b-development-0122,tabular_boost_b,tabular,development,unknown_ambiguous,severe,True,True,typed_route_without_cut,insufficient_evidence,1.0,1.0,1.0,1.0,0.6666666666666666,1.0,0.8,0.6666666666666666,1.0,1.0,1.0,1.0,1.0,0.0,1.0,1,False,0.0,0.0,True,0.0,0.058150999848294305,
tabular_boost_b-development-0122,tabular_boost_b,tabular,development,unknown_ambiguous,severe,True,True,full_h10,insufficient_evidence,1.0,1.0,1.0,1.0,0.6666666666666666,1.0,0.8,0.6666666666666666,1.0,1.0,1.0,1.0,1.0,0.0,1.0,1,True,0.0,0.0,True,0.0,0.2003899999181158,2a36f22a7bb51d44d7c8fd59f4c24828c1cab6c2712758dc595744878690b9fe
tabular_boost_b-development-0123,tabular_boost_b,tabular,development,composite,subtle,False,False,independent_if_else,invalid,1.0,1.0,1.0,1.0,1.0,1.0,1.0,1.0,0.3333333333333333,1.0,0.5,0.3333333333333333,0.0,6.0,0.0,0,False,0.0,0.0,False,0.0,0.04739899986816454,
tabular_boost_b-development-0123,tabular_boost_b,tabular,development,composite,subtle,False,False,typed_route_without_cut,invalid,1.0,1.0,1.0,1.0,1.0,1.0,1.0,1.0,0.3333333333333333,1.0,0.5,0.3333333333333333,0.0,6.0,0.0,0,False,0.0,0.0,False,0.0,0.06184799985931022,
tabular_boost_b-development-0123,tabular_boost_b,tabular,development,composite,subtle,False,False,full_h10,invalid,1.0,1.0,1.0,1.0,1.0,1.0,1.0,1.0,1.0,1.0,1.0,1.0,1.0,0.0,0.0,0,True,0.0,0.0,False,0.0,0.2280629996675998,9c7750489667bce80f6ba0894bc465e48b7751e0d32566263767a876a93857ee
tabular_boost_b-development-0124,tabular_boost_b,tabular,development,composite,moderate,False,False,independent_if_else,invalid,1.0,1.0,1.0,1.0,1.0,1.0,1.0,1.0,1.0,1.0,1.0,1.0,1.0,0.0,0.0,0,False,0.0,0.0,False,0.0,0.028113000098528573,
tabular_boost_b-development-0124,tabular_boost_b,tabular,development,composite,moderate,False,False,typed_route_without_cut,invalid,1.0,1.0,1.0,1.0,1.0,1.0,1.0,1.0,1.0,1.0,1.0,1.0,1.0,0.0,0.0,0,False,0.0,0.0,False,0.0,0.07758699985060957,
tabular_boost_b-development-0124,tabular_boost_b,tabular,development,composite,moderate,False,False,full_h10,invalid,1.0,1.0,1.0,1.0,1.0,1.0,1.0,1.0,1.0,1.0,1.0,1.0,1.0,0.0,0.0,0,True,0.0,0.0,False,0.0,0.21726200020566466,a8dde8e2a75b429db81b14679db62064cbe8d90622792c872f63a1b97e9e187c
tabular_boost_b-development-0125,tabular_boost_b,tabular,development,composite,severe,False,False,independent_if_else,invalid,1.0,1.0,1.0,1.0,1.0,1.0,1.0,1.0,0.6666666666666666,1.0,0.8,0.6666666666666666,0.0,2.0,0.0,0,False,0.0,0.0,False,0.0,0.030898999739292776,
tabular_boost_b-development-0125,tabular_boost_b,tabular,development,composite,severe,False,False,typed_route_without_cut,invalid,1.0,1.0,1.0,1.0,1.0,1.0,1.0,1.0,0.6666666666666666,1.0,0.8,0.6666666666666666,0.0,2.0,0.0,0,False,0.0,0.0,False,0.0,0.10098200027641724,
tabular_boost_b-development-0125,tabular_boost_b,tabular,development,composite,severe,False,False,full_h10,invalid,1.0,1.0,1.0,1.0,1.0,1.0,1.0,1.0,1.0,1.0,1.0,1.0,1.0,0.0,0.0,0,True,0.0,0.0,False,0.0,0.26572400020086206,10b6a79cb7166abe88796619c1d6291e6293752fa586f13cbd67f29d91118aae
tabular_boost_b-development-0126,tabular_boost_b,tabular,development,composite,subtle,False,False,independent_if_else,invalid,1.0,1.0,1.0,1.0,1.0,1.0,1.0,1.0,0.5,1.0,0.6666666666666666,0.5,0.0,1.0,0.0,0,False,0.0,0.0,False,0.0,0.02816300002450589,
tabular_boost_b-development-0126,tabular_boost_b,tabular,development,composite,subtle,False,False,typed_route_without_cut,invalid,1.0,1.0,1.0,1.0,1.0,1.0,1.0,1.0,0.5,1.0,0.6666666666666666,0.5,0.0,1.0,0.0,0,False,0.0,0.0,False,0.0,0.08664500001032138,
tabular_boost_b-development-0126,tabular_boost_b,tabular,development,composite,subtle,False,False,full_h10,invalid,1.0,1.0,1.0,1.0,1.0,1.0,1.0,1.0,1.0,1.0,1.0,1.0,1.0,0.0,0.0,0,True,0.0,0.0,False,0.0,0.18789700015986455,300af754fce6a1bdcfe620769f33021dc582e1b3eb2b987e36dbe4f8311807fe
tabular_boost_b-development-0127,tabular_boost_b,tabular,development,composite,moderate,False,False,independent_if_else,invalid,1.0,1.0,1.0,1.0,1.0,1.0,1.0,1.0,0.5,1.0,0.6666666666666666,0.5,0.0,1.0,0.0,0,False,0.0,0.0,False,0.0,0.02728199979173951,
tabular_boost_b-development-0127,tabular_boost_b,tabular,development,composite,moderate,False,False,typed_route_without_cut,invalid,1.0,1.0,1.0,1.0,1.0,1.0,1.0,1.0,0.5,1.0,0.6666666666666666,0.5,0.0,1.0,0.0,0,False,0.0,0.0,False,0.0,0.06563400029335753,
tabular_boost_b-development-0127,tabular_boost_b,tabular,development,composite,moderate,False,False,full_h10,invalid,1.0,1.0,1.0,1.0,1.0,1.0,1.0,1.0,1.0,1.0,1.0,1.0,1.0,0.0,0.0,0,True,0.0,0.0,False,0.0,0.2306380001755315,95e3fb63b7187aad6151739c8887e002df3c797625bf496323c1f022cc24634e
tabular_boost_b-development-0128,tabular_boost_b,tabular,development,clean,none,False,False,independent_if_else,valid,1.0,1.0,1.0,1.0,1.0,1.0,1.0,1.0,1.0,1.0,1.0,1.0,1.0,0.0,0.0,0,False,0.0,0.0,False,0.0,0.019777000034082448,
tabular_boost_b-development-0128,tabular_boost_b,tabular,development,clean,none,False,False,typed_route_without_cut,valid,1.0,1.0,1.0,1.0,1.0,1.0,1.0,1.0,1.0,1.0,1.0,1.0,1.0,0.0,0.0,0,False,0.0,0.0,False,0.0,0.031289999697037274,
tabular_boost_b-development-0128,tabular_boost_b,tabular,development,clean,none,False,False,full_h10,valid,1.0,1.0,1.0,1.0,1.0,1.0,1.0,1.0,1.0,1.0,1.0,1.0,1.0,0.0,0.0,0,True,0.0,0.0,False,0.0,0.03673899982459261,a16d56f627cd2c39facdce36008cbf68765d6e16032304cd8b6e42b304d388b2
tabular_boost_b-development-0129,tabular_boost_b,tabular,development,composite,subtle,False,False,independent_if_else,invalid,1.0,1.0,1.0,1.0,1.0,1.0,1.0,1.0,0.6666666666666666,1.0,0.8,0.6666666666666666,0.0,2.0,0.0,0,False,0.0,0.0,False,0.0,0.036890000046696514,
tabular_boost_b-development-0129,tabular_boost_b,tabular,development,composite,subtle,False,False,typed_route_without_cut,invalid,1.0,1.0,1.0,1.0,1.0,1.0,1.0,1.0,0.6666666666666666,1.0,0.8,0.6666666666666666,0.0,2.0,0.0,0,False,0.0,0.0,False,0.0,0.07409099998767488,
tabular_boost_b-development-0129,tabular_boost_b,tabular,development,composite,subtle,False,False,full_h10,invalid,1.0,1.0,1.0,1.0,1.0,1.0,1.0,1.0,1.0,1.0,1.0,1.0,1.0,0.0,0.0,0,True,0.0,0.0,False,0.0,0.22719099979440216,33fb0cfa35ddfa0af120b45886fb28e16c25079ffddd9bef7e63217cd0022449
tabular_boost_b-development-0130,tabular_boost_b,tabular,development,unknown_ambiguous,moderate,True,True,independent_if_else,insufficient_evidence,1.0,1.0,1.0,1.0,0.5,1.0,0.6666666666666666,0.5,0.5,0.5,0.5,0.3333333333333333,0.0,19.0,4.0,2,False,0.0,0.0,True,0.0,0.03416499976083287,
tabular_boost_b-development-0130,tabular_boost_b,tabular,development,unknown_ambiguous,moderate,True,True,typed_route_without_cut,insufficient_evidence,1.0,1.0,1.0,1.0,0.5,1.0,0.6666666666666666,0.5,0.5,0.5,0.5,0.3333333333333333,0.0,19.0,4.0,2,False,0.0,0.0,True,0.0,0.05796000004920643,
tabular_boost_b-development-0130,tabular_boost_b,tabular,development,unknown_ambiguous,moderate,True,True,full_h10,insufficient_evidence,1.0,1.0,1.0,1.0,0.5,1.0,0.6666666666666666,0.5,0.5,0.5,0.5,0.3333333333333333,0.0,19.0,4.0,2,True,0.0,0.0,True,0.0,0.18806700018103584,6f33b8e16ed51af4b1383772cf801ba2d6acce7fad68121edf97922d22bd6fd8
tabular_boost_b-development-0131,tabular_boost_b,tabular,development,clean,none,False,False,independent_if_else,valid,1.0,1.0,1.0,1.0,1.0,1.0,1.0,1.0,1.0,1.0,1.0,1.0,1.0,0.0,0.0,0,False,0.0,0.0,False,0.0,0.026930999865726335,
tabular_boost_b-development-0131,tabular_boost_b,tabular,development,clean,none,False,False,typed_route_without_cut,valid,1.0,1.0,1.0,1.0,1.0,1.0,1.0,1.0,1.0,1.0,1.0,1.0,1.0,0.0,0.0,0,False,0.0,0.0,False,0.0,0.019086000065726694,
tabular_boost_b-development-0131,tabular_boost_b,tabular,development,clean,none,False,False,full_h10,valid,1.0,1.0,1.0,1.0,1.0,1.0,1.0,1.0,1.0,1.0,1.0,1.0,1.0,0.0,0.0,0,True,0.0,0.0,False,0.0,0.02151100034097908,b53c023b9645970062df24a5da74388a05bc25a3bc1fb5abca4fa31bb431581a
tabular_boost_b-development-0132,tabular_boost_b,tabular,development,single,subtle,False,False,independent_if_else,invalid,1.0,1.0,1.0,1.0,1.0,1.0,1.0,1.0,0.3333333333333333,1.0,0.5,0.3333333333333333,0.0,2.0,0.0,0,False,0.0,0.0,False,0.0,0.03432499988775817,
tabular_boost_b-development-0132,tabular_boost_b,tabular,development,single,subtle,False,False,typed_route_without_cut,invalid,1.0,1.0,1.0,1.0,1.0,1.0,1.0,1.0,0.3333333333333333,1.0,0.5,0.3333333333333333,0.0,2.0,0.0,0,False,0.0,0.0,False,0.0,0.026559999696473824,
tabular_boost_b-development-0132,tabular_boost_b,tabular,development,single,subtle,False,False,full_h10,invalid,1.0,1.0,1.0,1.0,1.0,1.0,1.0,1.0,1.0,1.0,1.0,1.0,1.0,0.0,0.0,0,True,0.0,0.0,False,0.0,0.19094200024483143,eb15a250c2c0aea6a20e8a6a53db7d791df0c1ace2c75ca9671098a70f346d56
tabular_boost_b-development-0133,tabular_boost_b,tabular,development,composite,moderate,False,False,independent_if_else,invalid,1.0,1.0,1.0,1.0,1.0,1.0,1.0,1.0,0.5,1.0,0.6666666666666666,0.5,0.0,2.0,0.0,0,False,0.0,0.0,False,0.0,0.025238000034732977,
tabular_boost_b-development-0133,tabular_boost_b,tabular,development,composite,moderate,False,False,typed_route_without_cut,invalid,1.0,1.0,1.0,1.0,1.0,1.0,1.0,1.0,0.5,1.0,0.6666666666666666,0.5,0.0,2.0,0.0,0,False,0.0,0.0,False,0.0,0.05246899991107057,
tabular_boost_b-development-0133,tabular_boost_b,tabular,development,composite,moderate,False,False,full_h10,invalid,1.0,1.0,1.0,1.0,1.0,1.0,1.0,1.0,1.0,1.0,1.0,1.0,1.0,0.0,0.0,0,True,0.0,0.0,False,0.0,0.16389999973398517,4a7d5dc828af16ca1ab3c793cd52680abdd58107d180205aa69c45c304f68f39
tabular_boost_b-development-0134,tabular_boost_b,tabular,development,single,severe,False,False,independent_if_else,invalid,1.0,1.0,1.0,1.0,1.0,1.0,1.0,1.0,1.0,1.0,1.0,1.0,1.0,0.0,0.0,0,False,0.0,0.0,False,0.0,0.021831000140082324,
tabular_boost_b-development-0134,tabular_boost_b,tabular,development,single,severe,False,False,typed_route_without_cut,invalid,1.0,1.0,1.0,1.0,1.0,1.0,1.0,1.0,1.0,1.0,1.0,1.0,1.0,0.0,0.0,0,False,0.0,0.0,False,0.0,0.041928999962692615,
tabular_boost_b-development-0134,tabular_boost_b,tabular,development,single,severe,False,False,full_h10,invalid,1.0,1.0,1.0,1.0,1.0,1.0,1.0,1.0,1.0,1.0,1.0,1.0,1.0,0.0,0.0,0,True,0.0,0.0,False,0.0,0.15698800007157843,962f80930d16be4dc3a38f1fb133a089d6a8ed9203f7177113c875eba62ae4d9
tabular_boost_b-development-0135,tabular_boost_b,tabular,development,composite,subtle,False,False,independent_if_else,invalid,1.0,1.0,1.0,1.0,1.0,1.0,1.0,1.0,0.6666666666666666,1.0,0.8,0.6666666666666666,0.0,2.0,0.0,0,False,0.0,0.0,False,0.0,0.02748199995039613,
tabular_boost_b-development-0135,tabular_boost_b,tabular,development,composite,subtle,False,False,typed_route_without_cut,invalid,1.0,1.0,1.0,1.0,1.0,1.0,1.0,1.0,0.6666666666666666,1.0,0.8,0.6666666666666666,0.0,2.0,0.0,0,False,0.0,0.0,False,0.0,0.07177599991337047,
tabular_boost_b-development-0135,tabular_boost_b,tabular,development,composite,subtle,False,False,full_h10,invalid,1.0,1.0,1.0,1.0,1.0,1.0,1.0,1.0,1.0,1.0,1.0,1.0,1.0,0.0,0.0,0,True,0.0,0.0,False,0.0,0.17907899973579333,e9345ab27bf8e536e01d2bbe118d72187dccfeda0dc13dccd0acef16f9092657
tabular_boost_b-development-0136,tabular_boost_b,tabular,development,clean,none,False,False,independent_if_else,valid,1.0,1.0,1.0,1.0,1.0,1.0,1.0,1.0,1.0,1.0,1.0,1.0,1.0,0.0,0.0,0,False,0.0,0.0,False,0.0,0.018384999748377595,
tabular_boost_b-development-0136,tabular_boost_b,tabular,development,clean,none,False,False,typed_route_without_cut,valid,1.0,1.0,1.0,1.0,1.0,1.0,1.0,1.0,1.0,1.0,1.0,1.0,1.0,0.0,0.0,0,False,0.0,0.0,False,0.0,0.018134000129066408,
tabular_boost_b-development-0136,tabular_boost_b,tabular,development,clean,none,False,False,full_h10,valid,1.0,1.0,1.0,1.0,1.0,1.0,1.0,1.0,1.0,1.0,1.0,1.0,1.0,0.0,0.0,0,True,0.0,0.0,False,0.0,0.021180000203457894,8a355a36bc4f06b595f006d6ebe1090fc4afde10ade4a87cc52684d8411cb43b
tabular_boost_b-development-0137,tabular_boost_b,tabular,development,composite,severe,False,False,independent_if_else,invalid,1.0,1.0,1.0,1.0,1.0,1.0,1.0,1.0,1.0,1.0,1.0,1.0,1.0,0.0,0.0,0,False,0.0,0.0,False,0.0,0.02476700001352583,
tabular_boost_b-development-0137,tabular_boost_b,tabular,development,composite,severe,False,False,typed_route_without_cut,invalid,1.0,1.0,1.0,1.0,1.0,1.0,1.0,1.0,1.0,1.0,1.0,1.0,1.0,0.0,0.0,0,False,0.0,0.0,False,0.0,0.063510000018141,
tabular_boost_b-development-0137,tabular_boost_b,tabular,development,composite,severe,False,False,full_h10,invalid,1.0,1.0,1.0,1.0,1.0,1.0,1.0,1.0,1.0,1.0,1.0,1.0,1.0,0.0,0.0,0,True,0.0,0.0,False,0.0,0.16286900017803418,9aec948d21e6592e698b6c5362a0ce90503a16cb09b31b5e8f186e47e675fc3b
tabular_boost_b-development-0138,tabular_boost_b,tabular,development,composite,subtle,False,False,independent_if_else,invalid,1.0,1.0,1.0,1.0,1.0,1.0,1.0,1.0,0.6666666666666666,1.0,0.8,0.6666666666666666,0.0,2.0,0.0,0,False,0.0,0.0,False,0.0,0.02689099983399501,
tabular_boost_b-development-0138,tabular_boost_b,tabular,development,composite,subtle,False,False,typed_route_without_cut,invalid,1.0,1.0,1.0,1.0,1.0,1.0,1.0,1.0,0.6666666666666666,1.0,0.8,0.6666666666666666,0.0,2.0,0.0,0,False,0.0,0.0,False,0.0,0.07531299979746109,
tabular_boost_b-development-0138,tabular_boost_b,tabular,development,composite,subtle,False,False,full_h10,invalid,1.0,1.0,1.0,1.0,1.0,1.0,1.0,1.0,1.0,1.0,1.0,1.0,1.0,0.0,0.0,0,True,0.0,0.0,False,0.0,0.17124499981946428,c1ed77a93a6f9b84877b06d69b5f7e3574e87321a5c44e8ac3858ba410370900
tabular_boost_b-development-0139,tabular_boost_b,tabular,development,clean,none,False,False,independent_if_else,valid,1.0,1.0,1.0,1.0,1.0,1.0,1.0,1.0,1.0,1.0,1.0,1.0,1.0,0.0,0.0,0,False,0.0,0.0,False,0.0,0.016832000255817547,
tabular_boost_b-development-0139,tabular_boost_b,tabular,development,clean,none,False,False,typed_route_without_cut,valid,1.0,1.0,1.0,1.0,1.0,1.0,1.0,1.0,1.0,1.0,1.0,1.0,1.0,0.0,0.0,0,False,0.0,0.0,False,0.0,0.018103999991581077,
tabular_boost_b-development-0139,tabular_boost_b,tabular,development,clean,none,False,False,full_h10,valid,1.0,1.0,1.0,1.0,1.0,1.0,1.0,1.0,1.0,1.0,1.0,1.0,1.0,0.0,0.0,0,True,0.0,0.0,False,0.0,0.02028800008702092,27423f2fa0469197e868b2265c2bb3b55d5bc70080bc502bd6735dd65a101700
tabular_boost_b-development-0140,tabular_boost_b,tabular,development,single,severe,False,False,independent_if_else,invalid,1.0,1.0,1.0,1.0,1.0,1.0,1.0,1.0,0.3333333333333333,1.0,0.5,0.3333333333333333,0.0,3.0,0.0,0,False,0.0,0.0,False,0.0,0.033272999644395895,
tabular_boost_b-development-0140,tabular_boost_b,tabular,development,single,severe,False,False,typed_route_without_cut,invalid,1.0,1.0,1.0,1.0,1.0,1.0,1.0,1.0,0.3333333333333333,1.0,0.5,0.3333333333333333,0.0,3.0,0.0,0,False,0.0,0.0,False,0.0,0.034795999908965314,
tabular_boost_b-development-0140,tabular_boost_b,tabular,development,single,severe,False,False,full_h10,invalid,1.0,1.0,1.0,1.0,1.0,1.0,1.0,1.0,1.0,1.0,1.0,1.0,1.0,0.0,0.0,0,True,0.0,0.0,False,0.0,0.17538300016894937,18da967e329085245ddaa55e5d332bd10418aad93d95467e127d25c79e8bc88e
tabular_boost_b-development-0141,tabular_boost_b,tabular,development,composite,subtle,False,False,independent_if_else,invalid,1.0,1.0,1.0,1.0,1.0,1.0,1.0,1.0,0.5,1.0,0.6666666666666666,0.5,0.0,1.0,0.0,0,False,0.0,0.0,False,0.0,0.025618000108806882,
tabular_boost_b-development-0141,tabular_boost_b,tabular,development,composite,subtle,False,False,typed_route_without_cut,invalid,1.0,1.0,1.0,1.0,1.0,1.0,1.0,1.0,0.5,1.0,0.6666666666666666,0.5,0.0,1.0,0.0,0,False,0.0,0.0,False,0.0,0.06272899963732925,
tabular_boost_b-development-0141,tabular_boost_b,tabular,development,composite,subtle,False,False,full_h10,invalid,1.0,1.0,1.0,1.0,1.0,1.0,1.0,1.0,1.0,1.0,1.0,1.0,1.0,0.0,0.0,0,True,0.0,0.0,False,0.0,0.18365799996900023,e5bb452c8608d5ef04e7abe60ec0f22d90b0d67664ced78b1b32a19adf42195b
tabular_boost_b-development-0142,tabular_boost_b,tabular,development,unknown_ambiguous,moderate,True,True,independent_if_else,invalid,1.0,1.0,1.0,1.0,1.0,1.0,1.0,1.0,0.25,0.5,0.3333333333333333,0.2,0.0,37.0,0.0,0,False,0.0,0.0,False,1.0,0.03025700016223709,
tabular_boost_b-development-0142,tabular_boost_b,tabular,development,unknown_ambiguous,moderate,True,True,typed_route_without_cut,invalid,1.0,1.0,1.0,1.0,1.0,1.0,1.0,1.0,0.25,0.5,0.3333333333333333,0.2,0.0,37.0,0.0,0,False,0.0,0.0,False,1.0,0.03336300005685189,
tabular_boost_b-development-0142,tabular_boost_b,tabular,development,unknown_ambiguous,moderate,True,True,full_h10,invalid,1.0,1.0,1.0,1.0,1.0,1.0,1.0,1.0,0.3333333333333333,0.5,0.4,0.25,0.0,36.0,0.0,0,True,0.0,0.0,False,1.0,0.18357899989496218,6f1a8657d62079281f5697de65ef98f20f6288e66ae47a3f3ab2def97aa561d0
tabular_boost_b-development-0143,tabular_boost_b,tabular,development,composite,severe,False,False,independent_if_else,invalid,1.0,1.0,1.0,1.0,1.0,1.0,1.0,1.0,0.6666666666666666,1.0,0.8,0.6666666666666666,0.0,2.0,0.0,0,False,0.0,0.0,False,0.0,0.03045799985557096,
tabular_boost_b-development-0143,tabular_boost_b,tabular,development,composite,severe,False,False,typed_route_without_cut,invalid,1.0,1.0,1.0,1.0,1.0,1.0,1.0,1.0,0.6666666666666666,1.0,0.8,0.6666666666666666,0.0,2.0,0.0,0,False,0.0,0.0,False,0.0,0.07233700034703361,
tabular_boost_b-development-0143,tabular_boost_b,tabular,development,composite,severe,False,False,full_h10,invalid,1.0,1.0,1.0,1.0,1.0,1.0,1.0,1.0,1.0,1.0,1.0,1.0,1.0,0.0,0.0,0,True,0.0,0.0,False,0.0,0.17524299983051606,ff3ef0e81a4679463c44e1cc4b662c84a72afbc72218a898a5f5e83e42e5c5e4
tabular_boost_b-development-0144,tabular_boost_b,tabular,development,clean,none,False,False,independent_if_else,valid,1.0,1.0,1.0,1.0,1.0,1.0,1.0,1.0,1.0,1.0,1.0,1.0,1.0,0.0,0.0,0,False,0.0,0.0,False,0.0,0.017704000129015185,
tabular_boost_b-development-0144,tabular_boost_b,tabular,development,clean,none,False,False,typed_route_without_cut,valid,1.0,1.0,1.0,1.0,1.0,1.0,1.0,1.0,1.0,1.0,1.0,1.0,1.0,0.0,0.0,0,False,0.0,0.0,False,0.0,0.018445000023348257,
tabular_boost_b-development-0144,tabular_boost_b,tabular,development,clean,none,False,False,full_h10,valid,1.0,1.0,1.0,1.0,1.0,1.0,1.0,1.0,1.0,1.0,1.0,1.0,1.0,0.0,0.0,0,True,0.0,0.0,False,0.0,0.020568999843817437,97c91fc7b52711c37b1767e18211b955d3371c0f056721bdcaa7a7ee18cb0559
tabular_boost_b-development-0145,tabular_boost_b,tabular,development,single,moderate,False,False,independent_if_else,invalid,1.0,1.0,1.0,1.0,1.0,1.0,1.0,1.0,1.0,1.0,1.0,1.0,1.0,0.0,0.0,0,False,0.0,0.0,False,0.0,0.02126100025634514,
tabular_boost_b-development-0145,tabular_boost_b,tabular,development,single,moderate,False,False,typed_route_without_cut,invalid,1.0,1.0,1.0,1.0,1.0,1.0,1.0,1.0,1.0,1.0,1.0,1.0,1.0,0.0,0.0,0,False,0.0,0.0,False,0.0,0.056847999985620845,
tabular_boost_b-development-0145,tabular_boost_b,tabular,development,single,moderate,False,False,full_h10,invalid,1.0,1.0,1.0,1.0,1.0,1.0,1.0,1.0,1.0,1.0,1.0,1.0,1.0,0.0,0.0,0,True,0.0,0.0,False,0.0,0.15357199981735903,a4d0744b8e08e426df43995ddf0eb571140a75ecbbcf87025271a26f356ee583
tabular_boost_b-development-0146,tabular_boost_b,tabular,development,composite,severe,False,False,independent_if_else,invalid,1.0,1.0,1.0,1.0,1.0,1.0,1.0,1.0,1.0,1.0,1.0,1.0,1.0,0.0,0.0,0,False,0.0,0.0,False,0.0,0.024125999971147394,
tabular_boost_b-development-0146,tabular_boost_b,tabular,development,composite,severe,False,False,typed_route_without_cut,invalid,1.0,1.0,1.0,1.0,1.0,1.0,1.0,1.0,1.0,1.0,1.0,1.0,1.0,0.0,0.0,0,False,0.0,0.0,False,0.0,0.04677900005845004,
tabular_boost_b-development-0146,tabular_boost_b,tabular,development,composite,severe,False,False,full_h10,invalid,1.0,1.0,1.0,1.0,1.0,1.0,1.0,1.0,1.0,1.0,1.0,1.0,1.0,0.0,0.0,0,True,0.0,0.0,False,0.0,0.15377199997601565,6ca77562f8596653e7054cceed0b725bb884d0a1c24aebf3d68e5b771d6bbe5f
tabular_boost_b-development-0147,tabular_boost_b,tabular,development,unknown_ambiguous,subtle,True,False,independent_if_else,invalid,1.0,1.0,1.0,1.0,1.0,1.0,1.0,1.0,1.0,1.0,1.0,1.0,1.0,0.0,0.0,0,False,0.0,0.0,False,1.0,0.02227200002380414,
tabular_boost_b-development-0147,tabular_boost_b,tabular,development,unknown_ambiguous,subtle,True,False,typed_route_without_cut,invalid,1.0,1.0,1.0,1.0,1.0,1.0,1.0,1.0,1.0,1.0,1.0,1.0,1.0,0.0,0.0,0,False,0.0,0.0,False,1.0,0.04191000016362523,
tabular_boost_b-development-0147,tabular_boost_b,tabular,development,unknown_ambiguous,subtle,True,False,full_h10,invalid,1.0,1.0,1.0,1.0,1.0,1.0,1.0,1.0,1.0,1.0,1.0,1.0,1.0,0.0,0.0,0,True,0.0,0.0,False,1.0,0.15452400020876667,a0a0f56cc05550925df898a66a6b238e4ac28e2892e1c3f2d8e1be107ec2c632
tabular_boost_b-development-0148,tabular_boost_b,tabular,development,clean,none,False,False,independent_if_else,valid,1.0,1.0,1.0,1.0,1.0,1.0,1.0,1.0,1.0,1.0,1.0,1.0,1.0,0.0,0.0,0,False,0.0,0.0,False,0.0,0.017272000150114764,
tabular_boost_b-development-0148,tabular_boost_b,tabular,development,clean,none,False,False,typed_route_without_cut,valid,1.0,1.0,1.0,1.0,1.0,1.0,1.0,1.0,1.0,1.0,1.0,1.0,1.0,0.0,0.0,0,False,0.0,0.0,False,0.0,0.018234999970445642,
tabular_boost_b-development-0148,tabular_boost_b,tabular,development,clean,none,False,False,full_h10,valid,1.0,1.0,1.0,1.0,1.0,1.0,1.0,1.0,1.0,1.0,1.0,1.0,1.0,0.0,0.0,0,True,0.0,0.0,False,0.0,0.01972799964278238,c96bab650dfe06ec2772bcd555ab61fc16c04269d8d90256a3e622d35d9b0ea5
tabular_boost_b-development-0149,tabular_boost_b,tabular,development,composite,severe,False,False,independent_if_else,invalid,1.0,1.0,1.0,1.0,1.0,1.0,1.0,1.0,0.6666666666666666,1.0,0.8,0.6666666666666666,0.0,2.0,0.0,0,False,0.0,0.0,False,0.0,0.027782999950431986,
tabular_boost_b-development-0149,tabular_boost_b,tabular,development,composite,severe,False,False,typed_route_without_cut,invalid,1.0,1.0,1.0,1.0,1.0,1.0,1.0,1.0,0.6666666666666666,1.0,0.8,0.6666666666666666,0.0,2.0,0.0,0,False,0.0,0.0,False,0.0,0.07054300021991367,
tabular_boost_b-development-0149,tabular_boost_b,tabular,development,composite,severe,False,False,full_h10,invalid,1.0,1.0,1.0,1.0,1.0,1.0,1.0,1.0,1.0,1.0,1.0,1.0,1.0,0.0,0.0,0,True,0.0,0.0,False,0.0,0.1783679999789456,28c013de16bce5b7caa29664c678246f6b15be3729380670b461c5a899d8f4ba
text_transformer_a-development-0000,text_transformer_a,text,development,composite,subtle,False,False,independent_if_else,invalid,1.0,1.0,1.0,1.0,1.0,1.0,1.0,1.0,0.6666666666666666,1.0,0.8,0.6666666666666666,0.0,2.0,0.0,0,False,0.0,0.0,False,0.0,0.028012999791826587,
text_transformer_a-development-0000,text_transformer_a,text,development,composite,subtle,False,False,typed_route_without_cut,invalid,1.0,1.0,1.0,1.0,1.0,1.0,1.0,1.0,0.6666666666666666,1.0,0.8,0.6666666666666666,0.0,2.0,0.0,0,False,0.0,0.0,False,0.0,0.07090500002959743,
text_transformer_a-development-0000,text_transformer_a,text,development,composite,subtle,False,False,full_h10,invalid,1.0,1.0,1.0,1.0,1.0,1.0,1.0,1.0,1.0,1.0,1.0,1.0,1.0,0.0,0.0,0,True,0.0,0.0,False,0.0,0.22171000000525964,bb6ddb9a2e6f2ec890b8579aeb6c2cf289cac6d9729713cd01ad527b1e8270a4
text_transformer_a-development-0001,text_transformer_a,text,development,single,moderate,False,False,independent_if_else,invalid,1.0,1.0,1.0,1.0,1.0,1.0,1.0,1.0,1.0,1.0,1.0,1.0,1.0,0.0,0.0,0,False,0.0,0.0,False,0.0,0.03462599988779402,
text_transformer_a-development-0001,text_transformer_a,text,development,single,moderate,False,False,typed_route_without_cut,invalid,1.0,1.0,1.0,1.0,1.0,1.0,1.0,1.0,1.0,1.0,1.0,1.0,1.0,0.0,0.0,0,False,0.0,0.0,False,0.0,0.04506599998421734,
text_transformer_a-development-0001,text_transformer_a,text,development,single,moderate,False,False,full_h10,invalid,1.0,1.0,1.0,1.0,1.0,1.0,1.0,1.0,1.0,1.0,1.0,1.0,1.0,0.0,0.0,0,True,0.0,0.0,False,0.0,0.1936369999384624,0a294ebcd435e285b73d83f50c24a8fe397a1382c72f4dbe5dcef1ff46e9a5f0
text_transformer_a-development-0002,text_transformer_a,text,development,composite,severe,False,False,independent_if_else,invalid,1.0,1.0,1.0,1.0,1.0,1.0,1.0,1.0,0.6666666666666666,1.0,0.8,0.6666666666666666,0.0,2.0,0.0,0,False,0.0,0.0,False,0.0,0.029446000098687364,
text_transformer_a-development-0002,text_transformer_a,text,development,composite,severe,False,False,typed_route_without_cut,invalid,1.0,1.0,1.0,1.0,1.0,1.0,1.0,1.0,0.6666666666666666,1.0,0.8,0.6666666666666666,0.0,2.0,0.0,0,False,0.0,0.0,False,0.0,0.0806430002739944,
text_transformer_a-development-0002,text_transformer_a,text,development,composite,severe,False,False,full_h10,invalid,1.0,1.0,1.0,1.0,1.0,1.0,1.0,1.0,1.0,1.0,1.0,1.0,1.0,0.0,0.0,0,True,0.0,0.0,False,0.0,0.2094579999720736,89c355f83164daa0cbdafeeddeb790d1bbf54d30e1df7433ce20370967542cea
text_transformer_a-development-0003,text_transformer_a,text,development,clean,none,False,False,independent_if_else,valid,1.0,1.0,1.0,1.0,1.0,1.0,1.0,1.0,1.0,1.0,1.0,1.0,1.0,0.0,0.0,0,False,0.0,0.0,False,0.0,0.017893999938678462,
text_transformer_a-development-0003,text_transformer_a,text,development,clean,none,False,False,typed_route_without_cut,valid,1.0,1.0,1.0,1.0,1.0,1.0,1.0,1.0,1.0,1.0,1.0,1.0,1.0,0.0,0.0,0,False,0.0,0.0,False,0.0,0.018294999790668953,
text_transformer_a-development-0003,text_transformer_a,text,development,clean,none,False,False,full_h10,valid,1.0,1.0,1.0,1.0,1.0,1.0,1.0,1.0,1.0,1.0,1.0,1.0,1.0,0.0,0.0,0,True,0.0,0.0,False,0.0,0.02048899978035479,a5259d9558be882d8ee13da5c6e16139d4143ff2682eca6647b376df42c896d0
text_transformer_a-development-0004,text_transformer_a,text,development,composite,moderate,False,False,independent_if_else,invalid,1.0,1.0,1.0,1.0,1.0,1.0,1.0,1.0,0.6666666666666666,1.0,0.8,0.6666666666666666,0.0,2.0,0.0,0,False,0.0,0.0,False,0.0,0.043712999740819214,
text_transformer_a-development-0004,text_transformer_a,text,development,composite,moderate,False,False,typed_route_without_cut,invalid,1.0,1.0,1.0,1.0,1.0,1.0,1.0,1.0,0.6666666666666666,1.0,0.8,0.6666666666666666,0.0,2.0,0.0,0,False,0.0,0.0,False,0.0,0.06478299974332913,
text_transformer_a-development-0004,text_transformer_a,text,development,composite,moderate,False,False,full_h10,invalid,1.0,1.0,1.0,1.0,1.0,1.0,1.0,1.0,1.0,1.0,1.0,1.0,1.0,0.0,0.0,0,True,0.0,0.0,False,0.0,0.2117710000675288,da3e65d5745314351ee62020b999ef362c6b466345510396d137b8bb175ee961
text_transformer_a-development-0005,text_transformer_a,text,development,clean,none,False,False,independent_if_else,valid,1.0,1.0,1.0,1.0,1.0,1.0,1.0,1.0,1.0,1.0,1.0,1.0,1.0,0.0,0.0,0,False,0.0,0.0,False,0.0,0.019427000097493874,
text_transformer_a-development-0005,text_transformer_a,text,development,clean,none,False,False,typed_route_without_cut,valid,1.0,1.0,1.0,1.0,1.0,1.0,1.0,1.0,1.0,1.0,1.0,1.0,1.0,0.0,0.0,0,False,0.0,0.0,False,0.0,0.01924699972732924,
text_transformer_a-development-0005,text_transformer_a,text,development,clean,none,False,False,full_h10,valid,1.0,1.0,1.0,1.0,1.0,1.0,1.0,1.0,1.0,1.0,1.0,1.0,1.0,0.0,0.0,0,True,0.0,0.0,False,0.0,0.022392000118998112,fba5b32e50371b03be4a082d2271b6be0e9cf7b6c1c8480a85021606fc68a50e
text_transformer_a-development-0006,text_transformer_a,text,development,single,subtle,False,False,independent_if_else,invalid,1.0,1.0,1.0,1.0,1.0,1.0,1.0,1.0,1.0,1.0,1.0,1.0,1.0,0.0,0.0,0,False,0.0,0.0,False,0.0,0.02770200035229209,
text_transformer_a-development-0006,text_transformer_a,text,development,single,subtle,False,False,typed_route_without_cut,invalid,1.0,1.0,1.0,1.0,1.0,1.0,1.0,1.0,1.0,1.0,1.0,1.0,1.0,0.0,0.0,0,False,0.0,0.0,False,0.0,0.07632500000909204,
text_transformer_a-development-0006,text_transformer_a,text,development,single,subtle,False,False,full_h10,invalid,1.0,1.0,1.0,1.0,1.0,1.0,1.0,1.0,1.0,1.0,1.0,1.0,1.0,0.0,0.0,0,True,0.0,0.0,False,0.0,0.18360799958827556,fce07e16882aa2f54f912268164da4505314350cb840133b81c29288c5f18954
text_transformer_a-development-0007,text_transformer_a,text,development,composite,moderate,False,False,independent_if_else,invalid,1.0,1.0,1.0,1.0,1.0,1.0,1.0,1.0,0.6666666666666666,1.0,0.8,0.6666666666666666,0.0,2.0,0.0,0,False,0.0,0.0,False,0.0,0.028835000193794258,
text_transformer_a-development-0007,text_transformer_a,text,development,composite,moderate,False,False,typed_route_without_cut,invalid,1.0,1.0,1.0,1.0,1.0,1.0,1.0,1.0,0.6666666666666666,1.0,0.8,0.6666666666666666,0.0,2.0,0.0,0,False,0.0,0.0,False,0.0,0.07099399999788147,
text_transformer_a-development-0007,text_transformer_a,text,development,composite,moderate,False,False,full_h10,invalid,1.0,1.0,1.0,1.0,1.0,1.0,1.0,1.0,1.0,1.0,1.0,1.0,1.0,0.0,0.0,0,True,0.0,0.0,False,0.0,0.2181429999836837,18a534a032552f57311e49427f70ddec4d8f77fbcf09815aafc43b97b07f6700
text_transformer_a-development-0008,text_transformer_a,text,development,unknown_ambiguous,severe,True,True,independent_if_else,insufficient_evidence,1.0,1.0,1.0,1.0,0.7142857142857143,1.0,0.8333333333333333,0.7142857142857143,0.2,0.5,0.28571428571428575,0.16666666666666666,0.0,39.0,4.0,2,False,0.0,0.0,True,0.0,0.041307999708806165,
text_transformer_a-development-0008,text_transformer_a,text,development,unknown_ambiguous,severe,True,True,typed_route_without_cut,insufficient_evidence,1.0,1.0,1.0,1.0,0.7142857142857143,1.0,0.8333333333333333,0.7142857142857143,0.2,0.5,0.28571428571428575,0.16666666666666666,0.0,39.0,4.0,2,False,0.0,0.0,True,0.0,0.08767600002101972,
text_transformer_a-development-0008,text_transformer_a,text,development,unknown_ambiguous,severe,True,True,full_h10,insufficient_evidence,1.0,1.0,1.0,1.0,0.7142857142857143,1.0,0.8333333333333333,0.7142857142857143,0.3333333333333333,0.5,0.4,0.25,0.0,36.0,4.0,2,True,0.0,0.0,True,0.0,0.2542219999668305,26bb9f70ce9e6a28018a1822085b1c50936d7dd68cde0e44430d830ea1962cb8
text_transformer_a-development-0009,text_transformer_a,text,development,composite,subtle,False,False,independent_if_else,invalid,1.0,1.0,1.0,1.0,1.0,1.0,1.0,1.0,1.0,1.0,1.0,1.0,1.0,0.0,0.0,0,False,0.0,0.0,False,0.0,0.040547000025981106,
text_transformer_a-development-0009,text_transformer_a,text,development,composite,subtle,False,False,typed_route_without_cut,invalid,1.0,1.0,1.0,1.0,1.0,1.0,1.0,1.0,1.0,1.0,1.0,1.0,1.0,0.0,0.0,0,False,0.0,0.0,False,0.0,0.05409200002759462,
text_transformer_a-development-0009,text_transformer_a,text,development,composite,subtle,False,False,full_h10,invalid,1.0,1.0,1.0,1.0,1.0,1.0,1.0,1.0,1.0,1.0,1.0,1.0,1.0,0.0,0.0,0,True,0.0,0.0,False,0.0,0.20520999987638788,b0ef37fc6e2364660deed3f38bab5efb791789731e6c72b1caea57560b3ac0e8
text_transformer_a-development-0010,text_transformer_a,text,development,single,moderate,False,False,independent_if_else,invalid,1.0,1.0,1.0,1.0,1.0,1.0,1.0,1.0,1.0,1.0,1.0,1.0,1.0,0.0,0.0,0,False,0.0,0.0,False,0.0,0.023454999791283626,
text_transformer_a-development-0010,text_transformer_a,text,development,single,moderate,False,False,typed_route_without_cut,invalid,1.0,1.0,1.0,1.0,1.0,1.0,1.0,1.0,1.0,1.0,1.0,1.0,1.0,0.0,0.0,0,False,0.0,0.0,False,0.0,0.0652140001875523,
text_transformer_a-development-0010,text_transformer_a,text,development,single,moderate,False,False,full_h10,invalid,1.0,1.0,1.0,1.0,1.0,1.0,1.0,1.0,1.0,1.0,1.0,1.0,1.0,0.0,0.0,0,True,0.0,0.0,False,0.0,0.21453699991980102,9f241f1e249bef8eb20d8722cdde2ccc14e835a9559f2ebfb57c5f0a02d83326
text_transformer_a-development-0011,text_transformer_a,text,development,single,severe,False,False,independent_if_else,invalid,1.0,1.0,1.0,1.0,1.0,1.0,1.0,1.0,1.0,1.0,1.0,1.0,1.0,0.0,0.0,0,False,0.0,0.0,False,0.0,0.022593000267079333,
text_transformer_a-development-0011,text_transformer_a,text,development,single,severe,False,False,typed_route_without_cut,invalid,1.0,1.0,1.0,1.0,1.0,1.0,1.0,1.0,1.0,1.0,1.0,1.0,1.0,0.0,0.0,0,False,0.0,0.0,False,0.0,0.044053000237909146,
text_transformer_a-development-0011,text_transformer_a,text,development,single,severe,False,False,full_h10,invalid,1.0,1.0,1.0,1.0,1.0,1.0,1.0,1.0,1.0,1.0,1.0,1.0,1.0,0.0,0.0,0,True,0.0,0.0,False,0.0,0.15208800004984369,c3b08c546f32fe9b63b40cecd197206708631c6d077e8bc2f185cad69d99e595
text_transformer_a-development-0012,text_transformer_a,text,development,unknown_ambiguous,subtle,True,True,independent_if_else,insufficient_evidence,1.0,1.0,1.0,1.0,0.6666666666666666,1.0,0.8,0.6666666666666666,0.5,1.0,0.6666666666666666,0.5,0.0,4.0,4.0,1,False,0.0,0.0,True,0.0,0.028854999982286245,
text_transformer_a-development-0012,text_transformer_a,text,development,unknown_ambiguous,subtle,True,True,typed_route_without_cut,insufficient_evidence,1.0,1.0,1.0,1.0,0.6666666666666666,1.0,0.8,0.6666666666666666,0.5,1.0,0.6666666666666666,0.5,0.0,4.0,4.0,1,False,0.0,0.0,True,0.0,0.061998000091989525,
text_transformer_a-development-0012,text_transformer_a,text,development,unknown_ambiguous,subtle,True,True,full_h10,insufficient_evidence,1.0,1.0,1.0,1.0,0.6666666666666666,1.0,0.8,0.6666666666666666,1.0,1.0,1.0,1.0,1.0,0.0,4.0,1,True,0.0,0.0,True,0.0,0.17574399998920853,9dc740e46c55d686c6f93df450123fe20babffe08b8fb715e142b400cbe9dd95
text_transformer_a-development-0013,text_transformer_a,text,development,unknown_ambiguous,moderate,True,False,independent_if_else,invalid,1.0,1.0,1.0,1.0,1.0,1.0,1.0,1.0,0.5,0.5,0.5,0.3333333333333333,0.0,19.0,0.0,0,False,0.0,0.0,False,1.0,0.025489000108791515,
text_transformer_a-development-0013,text_transformer_a,text,development,unknown_ambiguous,moderate,True,False,typed_route_without_cut,invalid,1.0,1.0,1.0,1.0,1.0,1.0,1.0,1.0,0.5,0.5,0.5,0.3333333333333333,0.0,19.0,0.0,0,False,0.0,0.0,False,1.0,0.05139799986864091,
text_transformer_a-development-0013,text_transformer_a,text,development,unknown_ambiguous,moderate,True,False,full_h10,invalid,1.0,1.0,1.0,1.0,1.0,1.0,1.0,1.0,0.5,0.5,0.5,0.3333333333333333,0.0,19.0,0.0,0,True,0.0,0.0,False,1.0,0.16595499982940964,a99bbc4d0eb43da2375f675de89fd133091b06d4961f727671c47d9dcddd1d63
text_transformer_a-development-0014,text_transformer_a,text,development,unknown_ambiguous,severe,True,True,independent_if_else,invalid,1.0,1.0,1.0,1.0,1.0,1.0,1.0,1.0,0.0,0.0,0.0,0.0,0.0,19.0,0.0,0,False,0.0,0.0,False,1.0,0.020679000044765417,
text_transformer_a-development-0014,text_transformer_a,text,development,unknown_ambiguous,severe,True,True,typed_route_without_cut,invalid,1.0,1.0,1.0,1.0,1.0,1.0,1.0,1.0,0.0,0.0,0.0,0.0,0.0,19.0,0.0,0,False,0.0,0.0,False,1.0,0.022723999791196547,
text_transformer_a-development-0014,text_transformer_a,text,development,unknown_ambiguous,severe,True,True,full_h10,invalid,1.0,1.0,1.0,1.0,1.0,1.0,1.0,1.0,0.0,0.0,0.0,0.0,0.0,19.0,0.0,0,True,0.0,0.0,False,1.0,0.1565769998705946,29dc70f7cef5ee6ced2aad7cc1deec2889ff0d168f25f6cb9cee13e0491024e5
text_transformer_a-development-0015,text_transformer_a,text,development,composite,subtle,False,False,independent_if_else,invalid,1.0,1.0,1.0,1.0,1.0,1.0,1.0,1.0,0.5,1.0,0.6666666666666666,0.5,0.0,1.0,0.0,0,False,0.0,0.0,False,0.0,0.02643999960127985,
text_transformer_a-development-0015,text_transformer_a,text,development,composite,subtle,False,False,typed_route_without_cut,invalid,1.0,1.0,1.0,1.0,1.0,1.0,1.0,1.0,0.5,1.0,0.6666666666666666,0.5,0.0,1.0,0.0,0,False,0.0,0.0,False,0.0,0.07058400024106959,
text_transformer_a-development-0015,text_transformer_a,text,development,composite,subtle,False,False,full_h10,invalid,1.0,1.0,1.0,1.0,1.0,1.0,1.0,1.0,1.0,1.0,1.0,1.0,1.0,0.0,0.0,0,True,0.0,0.0,False,0.0,0.23630799978491268,b0dd1ebc20ebb7b9283f7c34678bd442f4fd9d8b6a7e1ed0045b7f6a6d4e6e01
text_transformer_a-development-0016,text_transformer_a,text,development,single,moderate,False,False,independent_if_else,invalid,1.0,1.0,1.0,1.0,1.0,1.0,1.0,1.0,1.0,1.0,1.0,1.0,1.0,0.0,0.0,0,False,0.0,0.0,False,0.0,0.035676999686984345,
text_transformer_a-development-0016,text_transformer_a,text,development,single,moderate,False,False,typed_route_without_cut,invalid,1.0,1.0,1.0,1.0,1.0,1.0,1.0,1.0,1.0,1.0,1.0,1.0,1.0,0.0,0.0,0,False,0.0,0.0,False,0.0,0.04944400006934302,
text_transformer_a-development-0016,text_transformer_a,text,development,single,moderate,False,False,full_h10,invalid,1.0,1.0,1.0,1.0,1.0,1.0,1.0,1.0,1.0,1.0,1.0,1.0,1.0,0.0,0.0,0,True,0.0,0.0,False,0.0,0.17197599981955136,e6b789cc43c86877641eddf73ccff30ad1df770b616e0ed56f35dd36a86cd795
text_transformer_a-development-0017,text_transformer_a,text,development,clean,none,False,False,independent_if_else,valid,1.0,1.0,1.0,1.0,1.0,1.0,1.0,1.0,1.0,1.0,1.0,1.0,1.0,0.0,0.0,0,False,0.0,0.0,False,0.0,0.019608000002335757,
text_transformer_a-development-0017,text_transformer_a,text,development,clean,none,False,False,typed_route_without_cut,valid,1.0,1.0,1.0,1.0,1.0,1.0,1.0,1.0,1.0,1.0,1.0,1.0,1.0,0.0,0.0,0,False,0.0,0.0,False,0.0,0.01983800029847771,
text_transformer_a-development-0017,text_transformer_a,text,development,clean,none,False,False,full_h10,valid,1.0,1.0,1.0,1.0,1.0,1.0,1.0,1.0,1.0,1.0,1.0,1.0,1.0,0.0,0.0,0,True,0.0,0.0,False,0.0,0.03269199987698812,6e28b56e567d891ff6cf4d7159bb31a640e5254b3aabc541fce651f7d54ef5d6
text_transformer_a-development-0018,text_transformer_a,text,development,composite,subtle,False,False,independent_if_else,invalid,1.0,1.0,1.0,1.0,1.0,1.0,1.0,1.0,1.0,1.0,1.0,1.0,1.0,0.0,0.0,0,False,0.0,0.0,False,0.0,0.026901000182988355,
text_transformer_a-development-0018,text_transformer_a,text,development,composite,subtle,False,False,typed_route_without_cut,invalid,1.0,1.0,1.0,1.0,1.0,1.0,1.0,1.0,1.0,1.0,1.0,1.0,1.0,0.0,0.0,0,False,0.0,0.0,False,0.0,0.059141999827261316,
text_transformer_a-development-0018,text_transformer_a,text,development,composite,subtle,False,False,full_h10,invalid,1.0,1.0,1.0,1.0,1.0,1.0,1.0,1.0,1.0,1.0,1.0,1.0,1.0,0.0,0.0,0,True,0.0,0.0,False,0.0,0.17787700016924646,da6cf4140abb45d747e6c385b988126fd1157ece40e4e5d0f47f3b8bd7435ac5
text_transformer_a-development-0019,text_transformer_a,text,development,clean,none,False,False,independent_if_else,valid,1.0,1.0,1.0,1.0,1.0,1.0,1.0,1.0,1.0,1.0,1.0,1.0,1.0,0.0,0.0,0,False,0.0,0.0,False,0.0,0.02804400037348387,
text_transformer_a-development-0019,text_transformer_a,text,development,clean,none,False,False,typed_route_without_cut,valid,1.0,1.0,1.0,1.0,1.0,1.0,1.0,1.0,1.0,1.0,1.0,1.0,1.0,0.0,0.0,0,False,0.0,0.0,False,0.0,0.030036999760341132,
text_transformer_a-development-0019,text_transformer_a,text,development,clean,none,False,False,full_h10,valid,1.0,1.0,1.0,1.0,1.0,1.0,1.0,1.0,1.0,1.0,1.0,1.0,1.0,0.0,0.0,0,True,0.0,0.0,False,0.0,0.03263200005676481,58224dd9f6486aa3e099055182d8981c8d04ee6ec993fad08f376083bc7fe82a
text_transformer_a-development-0020,text_transformer_a,text,development,composite,severe,False,False,independent_if_else,invalid,1.0,1.0,1.0,1.0,1.0,1.0,1.0,1.0,1.0,1.0,1.0,1.0,1.0,0.0,0.0,0,False,0.0,0.0,False,0.0,0.039124000068113673,
text_transformer_a-development-0020,text_transformer_a,text,development,composite,severe,False,False,typed_route_without_cut,invalid,1.0,1.0,1.0,1.0,1.0,1.0,1.0,1.0,1.0,1.0,1.0,1.0,1.0,0.0,0.0,0,False,0.0,0.0,False,0.0,0.08546199978809454,
text_transformer_a-development-0020,text_transformer_a,text,development,composite,severe,False,False,full_h10,invalid,1.0,1.0,1.0,1.0,1.0,1.0,1.0,1.0,1.0,1.0,1.0,1.0,1.0,0.0,0.0,0,True,0.0,0.0,False,0.0,0.2343250002923014,20c26a613cc13eabf46d84d03f4dc5f7b1a6996c5b567a1b211cf90910b58384
text_transformer_a-development-0021,text_transformer_a,text,development,composite,subtle,False,False,independent_if_else,invalid,1.0,1.0,1.0,1.0,1.0,1.0,1.0,1.0,1.0,1.0,1.0,1.0,1.0,0.0,0.0,0,False,0.0,0.0,False,0.0,0.0268310000137717,
text_transformer_a-development-0021,text_transformer_a,text,development,composite,subtle,False,False,typed_route_without_cut,invalid,1.0,1.0,1.0,1.0,1.0,1.0,1.0,1.0,1.0,1.0,1.0,1.0,1.0,0.0,0.0,0,False,0.0,0.0,False,0.0,0.05279000015434576,
text_transformer_a-development-0021,text_transformer_a,text,development,composite,subtle,False,False,full_h10,invalid,1.0,1.0,1.0,1.0,1.0,1.0,1.0,1.0,1.0,1.0,1.0,1.0,1.0,0.0,0.0,0,True,0.0,0.0,False,0.0,0.22260300011112122,671f8ae60808d98815f23fc3ffea406aa2ea91bf510cde41f41650b2dbebfe18
text_transformer_a-development-0022,text_transformer_a,text,development,composite,moderate,False,False,independent_if_else,invalid,1.0,1.0,1.0,1.0,1.0,1.0,1.0,1.0,0.3333333333333333,1.0,0.5,0.3333333333333333,0.0,6.0,0.0,0,False,0.0,0.0,False,0.0,0.043402000301284716,
text_transformer_a-development-0022,text_transformer_a,text,development,composite,moderate,False,False,typed_route_without_cut,invalid,1.0,1.0,1.0,1.0,1.0,1.0,1.0,1.0,0.3333333333333333,1.0,0.5,0.3333333333333333,0.0,6.0,0.0,0,False,0.0,0.0,False,0.0,0.06398100003934815,
text_transformer_a-development-0022,text_transformer_a,text,development,composite,moderate,False,False,full_h10,invalid,1.0,1.0,1.0,1.0,1.0,1.0,1.0,1.0,1.0,1.0,1.0,1.0,1.0,0.0,0.0,0,True,0.0,0.0,False,0.0,0.2572079997662513,c34ea3cec4f2ef137218f8d3e123cb704a8d02ecd043c4514a0f0d1a7c313570
text_transformer_a-development-0023,text_transformer_a,text,development,composite,severe,False,False,independent_if_else,invalid,1.0,1.0,1.0,1.0,1.0,1.0,1.0,1.0,0.6666666666666666,1.0,0.8,0.6666666666666666,0.0,4.0,0.0,0,False,0.0,0.0,False,0.0,0.031239000236382708,
text_transformer_a-development-0023,text_transformer_a,text,development,composite,severe,False,False,typed_route_without_cut,invalid,1.0,1.0,1.0,1.0,1.0,1.0,1.0,1.0,0.6666666666666666,1.0,0.8,0.6666666666666666,0.0,4.0,0.0,0,False,0.0,0.0,False,0.0,0.08741500005271519,
text_transformer_a-development-0023,text_transformer_a,text,development,composite,severe,False,False,full_h10,invalid,1.0,1.0,1.0,1.0,1.0,1.0,1.0,1.0,1.0,1.0,1.0,1.0,1.0,0.0,0.0,0,True,0.0,0.0,False,0.0,0.1895890000014333,9f15a70e2460530ab83ea1046cb5106235a1cac6cf070a44edfb8b269dc1cf66
text_transformer_a-development-0024,text_transformer_a,text,development,composite,subtle,False,False,independent_if_else,invalid,1.0,1.0,1.0,1.0,1.0,1.0,1.0,1.0,1.0,1.0,1.0,1.0,1.0,0.0,0.0,0,False,0.0,0.0,False,0.0,0.025026999992405763,
text_transformer_a-development-0024,text_transformer_a,text,development,composite,subtle,False,False,typed_route_without_cut,invalid,1.0,1.0,1.0,1.0,1.0,1.0,1.0,1.0,1.0,1.0,1.0,1.0,1.0,0.0,0.0,0,False,0.0,0.0,False,0.0,0.048011000217229594,
text_transformer_a-development-0024,text_transformer_a,text,development,composite,subtle,False,False,full_h10,invalid,1.0,1.0,1.0,1.0,1.0,1.0,1.0,1.0,1.0,1.0,1.0,1.0,1.0,0.0,0.0,0,True,0.0,0.0,False,0.0,0.15310000026147463,559f2cc89b799ebc020dbf23aee63496a05302809bc05e91784ef2380dacee3c
text_transformer_a-development-0025,text_transformer_a,text,development,clean,none,False,False,independent_if_else,valid,1.0,1.0,1.0,1.0,1.0,1.0,1.0,1.0,1.0,1.0,1.0,1.0,1.0,0.0,0.0,0,False,0.0,0.0,False,0.0,0.023865000002842862,
text_transformer_a-development-0025,text_transformer_a,text,development,clean,none,False,False,typed_route_without_cut,valid,1.0,1.0,1.0,1.0,1.0,1.0,1.0,1.0,1.0,1.0,1.0,1.0,1.0,0.0,0.0,0,False,0.0,0.0,False,0.0,0.01788400004443247,
text_transformer_a-development-0025,text_transformer_a,text,development,clean,none,False,False,full_h10,valid,1.0,1.0,1.0,1.0,1.0,1.0,1.0,1.0,1.0,1.0,1.0,1.0,1.0,0.0,0.0,0,True,0.0,0.0,False,0.0,0.021079999896755908,311d7ca6fc320aa4bc019476fa38b3d611e79e428385e3cb1d9ff2a0fb3df6a6
text_transformer_a-development-0026,text_transformer_a,text,development,composite,severe,False,False,independent_if_else,invalid,1.0,1.0,1.0,1.0,1.0,1.0,1.0,1.0,0.6666666666666666,1.0,0.8,0.6666666666666666,0.0,1.0,0.0,0,False,0.0,0.0,False,0.0,0.027391999992687488,
text_transformer_a-development-0026,text_transformer_a,text,development,composite,severe,False,False,typed_route_without_cut,invalid,1.0,1.0,1.0,1.0,1.0,1.0,1.0,1.0,0.6666666666666666,1.0,0.8,0.6666666666666666,0.0,1.0,0.0,0,False,0.0,0.0,False,0.0,0.07866899977670982,
text_transformer_a-development-0026,text_transformer_a,text,development,composite,severe,False,False,full_h10,invalid,1.0,1.0,1.0,1.0,1.0,1.0,1.0,1.0,1.0,1.0,1.0,1.0,1.0,0.0,0.0,0,True,0.0,0.0,False,0.0,0.20520999987638788,1546e4b82d5cd8ec33dfc0317f4adda910347b163640cf105322d030627af5eb
text_transformer_a-development-0027,text_transformer_a,text,development,clean,none,False,False,independent_if_else,valid,1.0,1.0,1.0,1.0,1.0,1.0,1.0,1.0,1.0,1.0,1.0,1.0,1.0,0.0,0.0,0,False,0.0,0.0,False,0.0,0.018133999674319057,
text_transformer_a-development-0027,text_transformer_a,text,development,clean,none,False,False,typed_route_without_cut,valid,1.0,1.0,1.0,1.0,1.0,1.0,1.0,1.0,1.0,1.0,1.0,1.0,1.0,0.0,0.0,0,False,0.0,0.0,False,0.0,0.01839500009737094,
text_transformer_a-development-0027,text_transformer_a,text,development,clean,none,False,False,full_h10,valid,1.0,1.0,1.0,1.0,1.0,1.0,1.0,1.0,1.0,1.0,1.0,1.0,1.0,0.0,0.0,0,True,0.0,0.0,False,0.0,0.020258999938960187,8397a90cbca2c1232e33026824203f43bcd575225fd188b08798da2be1dbbd40
text_transformer_a-development-0028,text_transformer_a,text,development,clean,none,False,False,independent_if_else,valid,1.0,1.0,1.0,1.0,1.0,1.0,1.0,1.0,1.0,1.0,1.0,1.0,1.0,0.0,0.0,0,False,0.0,0.0,False,0.0,0.01653199979045894,
text_transformer_a-development-0028,text_transformer_a,text,development,clean,none,False,False,typed_route_without_cut,valid,1.0,1.0,1.0,1.0,1.0,1.0,1.0,1.0,1.0,1.0,1.0,1.0,1.0,0.0,0.0,0,False,0.0,0.0,False,0.0,0.017243000002054032,
text_transformer_a-development-0028,text_transformer_a,text,development,clean,none,False,False,full_h10,valid,1.0,1.0,1.0,1.0,1.0,1.0,1.0,1.0,1.0,1.0,1.0,1.0,1.0,0.0,0.0,0,True,0.0,0.0,False,0.0,0.017964000107895117,7d255a3cce85a3bee0ef06b91c91cff7ee255541c8df23e241c92c0f1b10c0f3
text_transformer_a-development-0029,text_transformer_a,text,development,clean,none,False,False,independent_if_else,valid,1.0,1.0,1.0,1.0,1.0,1.0,1.0,1.0,1.0,1.0,1.0,1.0,1.0,0.0,0.0,0,False,0.0,0.0,False,0.0,0.016311000308633083,
text_transformer_a-development-0029,text_transformer_a,text,development,clean,none,False,False,typed_route_without_cut,valid,1.0,1.0,1.0,1.0,1.0,1.0,1.0,1.0,1.0,1.0,1.0,1.0,1.0,0.0,0.0,0,False,0.0,0.0,False,0.0,0.017141999705927446,
text_transformer_a-development-0029,text_transformer_a,text,development,clean,none,False,False,full_h10,valid,1.0,1.0,1.0,1.0,1.0,1.0,1.0,1.0,1.0,1.0,1.0,1.0,1.0,0.0,0.0,0,True,0.0,0.0,False,0.0,0.01822500007619965,614f1ce18411230e10fe2225f9760c8764b7724d7707f8d136edce151d9ab5c0
text_transformer_a-development-0030,text_transformer_a,text,development,composite,subtle,False,False,independent_if_else,invalid,1.0,1.0,1.0,1.0,1.0,1.0,1.0,1.0,0.6666666666666666,1.0,0.8,0.6666666666666666,0.0,4.0,0.0,0,False,0.0,0.0,False,0.0,0.026810999770532362,
text_transformer_a-development-0030,text_transformer_a,text,development,composite,subtle,False,False,typed_route_without_cut,invalid,1.0,1.0,1.0,1.0,1.0,1.0,1.0,1.0,0.6666666666666666,1.0,0.8,0.6666666666666666,0.0,4.0,0.0,0,False,0.0,0.0,False,0.0,0.055544999668200035,
text_transformer_a-development-0030,text_transformer_a,text,development,composite,subtle,False,False,full_h10,invalid,1.0,1.0,1.0,1.0,1.0,1.0,1.0,1.0,1.0,1.0,1.0,1.0,1.0,0.0,0.0,0,True,0.0,0.0,False,0.0,0.19111200026600272,8a73c73a22c01e8e827bbe705b9bfeb9cf36d60bcfd9bedb0ddfd118a0d7824b
text_transformer_a-development-0031,text_transformer_a,text,development,composite,moderate,False,False,independent_if_else,invalid,1.0,1.0,1.0,1.0,1.0,1.0,1.0,1.0,0.6666666666666666,1.0,0.8,0.6666666666666666,0.0,4.0,0.0,0,False,0.0,0.0,False,0.0,0.042500999825278996,
text_transformer_a-development-0031,text_transformer_a,text,development,composite,moderate,False,False,typed_route_without_cut,invalid,1.0,1.0,1.0,1.0,1.0,1.0,1.0,1.0,0.6666666666666666,1.0,0.8,0.6666666666666666,0.0,4.0,0.0,0,False,0.0,0.0,False,0.0,0.058911999985866714,
text_transformer_a-development-0031,text_transformer_a,text,development,composite,moderate,False,False,full_h10,invalid,1.0,1.0,1.0,1.0,1.0,1.0,1.0,1.0,1.0,1.0,1.0,1.0,1.0,0.0,0.0,0,True,0.0,0.0,False,0.0,0.22415500006900402,4511160447dc197c3f9a092136522c0ad391a4b33b1653d12fa309d7325dd5c4
text_transformer_a-development-0032,text_transformer_a,text,development,single,severe,False,False,independent_if_else,invalid,1.0,1.0,1.0,1.0,1.0,1.0,1.0,1.0,1.0,1.0,1.0,1.0,1.0,0.0,0.0,0,False,0.0,0.0,False,0.0,0.02230200016128947,
text_transformer_a-development-0032,text_transformer_a,text,development,single,severe,False,False,typed_route_without_cut,invalid,1.0,1.0,1.0,1.0,1.0,1.0,1.0,1.0,1.0,1.0,1.0,1.0,1.0,0.0,0.0,0,False,0.0,0.0,False,0.0,0.061716999880445655,
text_transformer_a-development-0032,text_transformer_a,text,development,single,severe,False,False,full_h10,invalid,1.0,1.0,1.0,1.0,1.0,1.0,1.0,1.0,1.0,1.0,1.0,1.0,1.0,0.0,0.0,0,True,0.0,0.0,False,0.0,0.16089600012492156,2909d037661e93d36b04834bb889cec1f9406f87a5fd2d6e34c836f997a75bb3
text_transformer_a-development-0033,text_transformer_a,text,development,clean,none,False,False,independent_if_else,valid,1.0,1.0,1.0,1.0,1.0,1.0,1.0,1.0,1.0,1.0,1.0,1.0,1.0,0.0,0.0,0,False,0.0,0.0,False,0.0,0.01771400002326118,
text_transformer_a-development-0033,text_transformer_a,text,development,clean,none,False,False,typed_route_without_cut,valid,1.0,1.0,1.0,1.0,1.0,1.0,1.0,1.0,1.0,1.0,1.0,1.0,1.0,0.0,0.0,0,False,0.0,0.0,False,0.0,0.01859499980128021,
text_transformer_a-development-0033,text_transformer_a,text,development,clean,none,False,False,full_h10,valid,1.0,1.0,1.0,1.0,1.0,1.0,1.0,1.0,1.0,1.0,1.0,1.0,1.0,0.0,0.0,0,True,0.0,0.0,False,0.0,0.020710000171675347,aa0084e4e9f447148f2ad41f97711dd3b8ac7a5859e549dd57e32fda8d00c0c9
text_transformer_a-development-0034,text_transformer_a,text,development,composite,moderate,False,False,independent_if_else,invalid,1.0,1.0,1.0,1.0,1.0,1.0,1.0,1.0,1.0,1.0,1.0,1.0,1.0,0.0,0.0,0,False,0.0,0.0,False,0.0,0.024036000013438752,
text_transformer_a-development-0034,text_transformer_a,text,development,composite,moderate,False,False,typed_route_without_cut,invalid,1.0,1.0,1.0,1.0,1.0,1.0,1.0,1.0,1.0,1.0,1.0,1.0,1.0,0.0,0.0,0,False,0.0,0.0,False,0.0,0.063500000123895,
text_transformer_a-development-0034,text_transformer_a,text,development,composite,moderate,False,False,full_h10,invalid,1.0,1.0,1.0,1.0,1.0,1.0,1.0,1.0,1.0,1.0,1.0,1.0,1.0,0.0,0.0,0,True,0.0,0.0,False,0.0,0.1665760000832961,7d20f8860ef80aa7cee2e1c073ae72917b4d00a6aa2befc9fc758a96fc21afdf
text_transformer_a-development-0035,text_transformer_a,text,development,unknown_ambiguous,severe,True,False,independent_if_else,invalid,1.0,1.0,1.0,1.0,1.0,1.0,1.0,1.0,1.0,1.0,1.0,1.0,1.0,0.0,0.0,0,False,0.0,0.0,False,1.0,0.020799999674636638,
text_transformer_a-development-0035,text_transformer_a,text,development,unknown_ambiguous,severe,True,False,typed_route_without_cut,invalid,1.0,1.0,1.0,1.0,1.0,1.0,1.0,1.0,1.0,1.0,1.0,1.0,1.0,0.0,0.0,0,False,0.0,0.0,False,1.0,0.0421089998781099,
text_transformer_a-development-0035,text_transformer_a,text,development,unknown_ambiguous,severe,True,False,full_h10,invalid,1.0,1.0,1.0,1.0,1.0,1.0,1.0,1.0,1.0,1.0,1.0,1.0,1.0,0.0,0.0,0,True,0.0,0.0,False,1.0,0.14893300021867617,573405c613012aca6982cacd8780bbb0696bae977d3a3f4be5029351821fd356
text_transformer_a-development-0036,text_transformer_a,text,development,clean,none,False,False,independent_if_else,valid,1.0,1.0,1.0,1.0,1.0,1.0,1.0,1.0,1.0,1.0,1.0,1.0,1.0,0.0,0.0,0,False,0.0,0.0,False,0.0,0.018685000213736203,
text_transformer_a-development-0036,text_transformer_a,text,development,clean,none,False,False,typed_route_without_cut,valid,1.0,1.0,1.0,1.0,1.0,1.0,1.0,1.0,1.0,1.0,1.0,1.0,1.0,0.0,0.0,0,False,0.0,0.0,False,0.0,0.017482999737694627,
text_transformer_a-development-0036,text_transformer_a,text,development,clean,none,False,False,full_h10,valid,1.0,1.0,1.0,1.0,1.0,1.0,1.0,1.0,1.0,1.0,1.0,1.0,1.0,0.0,0.0,0,True,0.0,0.0,False,0.0,0.018754999928205507,b39d4420161009a0b7a25cd1c42e6212ab402d032b1f518ab0ce280c471c5cc1
text_transformer_a-development-0037,text_transformer_a,text,development,clean,none,False,False,independent_if_else,valid,1.0,1.0,1.0,1.0,1.0,1.0,1.0,1.0,1.0,1.0,1.0,1.0,1.0,0.0,0.0,0,False,0.0,0.0,False,0.0,0.016901999970286852,
text_transformer_a-development-0037,text_transformer_a,text,development,clean,none,False,False,typed_route_without_cut,valid,1.0,1.0,1.0,1.0,1.0,1.0,1.0,1.0,1.0,1.0,1.0,1.0,1.0,0.0,0.0,0,False,0.0,0.0,False,0.0,0.017132999801106052,
text_transformer_a-development-0037,text_transformer_a,text,development,clean,none,False,False,full_h10,valid,1.0,1.0,1.0,1.0,1.0,1.0,1.0,1.0,1.0,1.0,1.0,1.0,1.0,0.0,0.0,0,True,0.0,0.0,False,0.0,0.02054900005532545,2ab2accc082efbb6f7faefc94669e0979fb8b537b3e8d081691d77a48ff87f2b
text_transformer_a-development-0038,text_transformer_a,text,development,unknown_ambiguous,severe,True,True,independent_if_else,invalid,1.0,1.0,1.0,1.0,1.0,1.0,1.0,1.0,0.0,0.0,0.0,0.0,0.0,19.0,0.0,0,False,0.0,0.0,False,1.0,0.02099999983329326,
text_transformer_a-development-0038,text_transformer_a,text,development,unknown_ambiguous,severe,True,True,typed_route_without_cut,invalid,1.0,1.0,1.0,1.0,1.0,1.0,1.0,1.0,0.0,0.0,0.0,0.0,0.0,19.0,0.0,0,False,0.0,0.0,False,1.0,0.02145100006600842,
text_transformer_a-development-0038,text_transformer_a,text,development,unknown_ambiguous,severe,True,True,full_h10,invalid,1.0,1.0,1.0,1.0,1.0,1.0,1.0,1.0,0.0,0.0,0.0,0.0,0.0,19.0,0.0,0,True,0.0,0.0,False,1.0,0.15651700005037128,71a27afd5a015241103df932b1219e006156d21d12d6ee3bd605a04e28f4b80b
text_transformer_a-development-0039,text_transformer_a,text,development,composite,subtle,False,False,independent_if_else,invalid,1.0,1.0,1.0,1.0,1.0,1.0,1.0,1.0,0.6666666666666666,1.0,0.8,0.6666666666666666,0.0,2.0,0.0,0,False,0.0,0.0,False,0.0,0.028123999982199166,
text_transformer_a-development-0039,text_transformer_a,text,development,composite,subtle,False,False,typed_route_without_cut,invalid,1.0,1.0,1.0,1.0,1.0,1.0,1.0,1.0,0.6666666666666666,1.0,0.8,0.6666666666666666,0.0,2.0,0.0,0,False,0.0,0.0,False,0.0,0.07074400036799489,
text_transformer_a-development-0039,text_transformer_a,text,development,composite,subtle,False,False,full_h10,invalid,1.0,1.0,1.0,1.0,1.0,1.0,1.0,1.0,1.0,1.0,1.0,1.0,1.0,0.0,0.0,0,True,0.0,0.0,False,0.0,0.1763349996508623,337064b683739efe6714a4e48fc7694007deebf3b8cc652a2d36882f495e246b
text_transformer_a-development-0040,text_transformer_a,text,development,unknown_ambiguous,moderate,True,True,independent_if_else,invalid,1.0,1.0,1.0,1.0,1.0,1.0,1.0,1.0,0.25,0.5,0.3333333333333333,0.2,0.0,37.0,0.0,0,False,0.0,0.0,False,1.0,0.0300870001410658,
text_transformer_a-development-0040,text_transformer_a,text,development,unknown_ambiguous,moderate,True,True,typed_route_without_cut,invalid,1.0,1.0,1.0,1.0,1.0,1.0,1.0,1.0,0.25,0.5,0.3333333333333333,0.2,0.0,37.0,0.0,0,False,0.0,0.0,False,1.0,0.03255199999330216,
text_transformer_a-development-0040,text_transformer_a,text,development,unknown_ambiguous,moderate,True,True,full_h10,invalid,1.0,1.0,1.0,1.0,1.0,1.0,1.0,1.0,0.3333333333333333,0.5,0.4,0.25,0.0,36.0,0.0,0,True,0.0,0.0,False,1.0,0.1851809997788223,d4b694d93a18fbb418df7b4b78551d5f003b4cbcd4066e88d4ecaab81c0d2bf1
text_transformer_a-development-0041,text_transformer_a,text,development,single,severe,False,False,independent_if_else,invalid,1.0,1.0,1.0,1.0,1.0,1.0,1.0,1.0,1.0,1.0,1.0,1.0,1.0,0.0,0.0,0,False,0.0,0.0,False,0.0,0.020870000298600644,
text_transformer_a-development-0041,text_transformer_a,text,development,single,severe,False,False,typed_route_without_cut,invalid,1.0,1.0,1.0,1.0,1.0,1.0,1.0,1.0,1.0,1.0,1.0,1.0,1.0,0.0,0.0,0,False,0.0,0.0,False,0.0,0.024066000150924083,
text_transformer_a-development-0041,text_transformer_a,text,development,single,severe,False,False,full_h10,invalid,1.0,1.0,1.0,1.0,1.0,1.0,1.0,1.0,1.0,1.0,1.0,1.0,1.0,0.0,0.0,0,True,0.0,0.0,False,0.0,0.14681799984828103,7edf99d86cc21096a5dcc14df76d5f36d8d697a559ad572954905d08d0cba8ad
text_transformer_a-development-0042,text_transformer_a,text,development,composite,subtle,False,False,independent_if_else,invalid,1.0,1.0,1.0,1.0,1.0,1.0,1.0,1.0,0.6666666666666666,1.0,0.8,0.6666666666666666,0.0,2.0,0.0,0,False,0.0,0.0,False,0.0,0.02777299960143864,
text_transformer_a-development-0042,text_transformer_a,text,development,composite,subtle,False,False,typed_route_without_cut,invalid,1.0,1.0,1.0,1.0,1.0,1.0,1.0,1.0,0.6666666666666666,1.0,0.8,0.6666666666666666,0.0,2.0,0.0,0,False,0.0,0.0,False,0.0,0.058741000430018175,
text_transformer_a-development-0042,text_transformer_a,text,development,composite,subtle,False,False,full_h10,invalid,1.0,1.0,1.0,1.0,1.0,1.0,1.0,1.0,1.0,1.0,1.0,1.0,1.0,0.0,0.0,0,True,0.0,0.0,False,0.0,0.17103499976656167,4dc334ee3b30dbbd6d549b6f9458ef65eed57679744e09be2df876471b623f0d
text_transformer_a-development-0043,text_transformer_a,text,development,composite,moderate,False,False,independent_if_else,invalid,1.0,1.0,1.0,1.0,1.0,1.0,1.0,1.0,1.0,1.0,1.0,1.0,1.0,0.0,0.0,0,False,0.0,0.0,False,0.0,0.02524699993955437,
text_transformer_a-development-0043,text_transformer_a,text,development,composite,moderate,False,False,typed_route_without_cut,invalid,1.0,1.0,1.0,1.0,1.0,1.0,1.0,1.0,1.0,1.0,1.0,1.0,1.0,0.0,0.0,0,False,0.0,0.0,False,0.0,0.06743799985997612,
text_transformer_a-development-0043,text_transformer_a,text,development,composite,moderate,False,False,full_h10,invalid,1.0,1.0,1.0,1.0,1.0,1.0,1.0,1.0,1.0,1.0,1.0,1.0,1.0,0.0,0.0,0,True,0.0,0.0,False,0.0,0.18398900010652142,79e89c336804044c2b2fd37b2576235db47f821d7a139708eaeef83b5ff61c7e
text_transformer_a-development-0044,text_transformer_a,text,development,composite,severe,False,False,independent_if_else,invalid,1.0,1.0,1.0,1.0,1.0,1.0,1.0,1.0,0.5,1.0,0.6666666666666666,0.5,0.0,1.0,0.0,0,False,0.0,0.0,False,0.0,0.026220000108878594,
text_transformer_a-development-0044,text_transformer_a,text,development,composite,severe,False,False,typed_route_without_cut,invalid,1.0,1.0,1.0,1.0,1.0,1.0,1.0,1.0,0.5,1.0,0.6666666666666666,0.5,0.0,1.0,0.0,0,False,0.0,0.0,False,0.0,0.062447999880532734,
text_transformer_a-development-0044,text_transformer_a,text,development,composite,severe,False,False,full_h10,invalid,1.0,1.0,1.0,1.0,1.0,1.0,1.0,1.0,1.0,1.0,1.0,1.0,1.0,0.0,0.0,0,True,0.0,0.0,False,0.0,0.16550400005144184,9b0ea73c55e24aeca9d79a3feb85286ccd69aa832e51bb5ddf194243e728f4dc
text_transformer_a-development-0045,text_transformer_a,text,development,composite,subtle,False,False,independent_if_else,invalid,1.0,1.0,1.0,1.0,1.0,1.0,1.0,1.0,1.0,1.0,1.0,1.0,1.0,0.0,0.0,0,False,0.0,0.0,False,0.0,0.025768999876163434,
text_transformer_a-development-0045,text_transformer_a,text,development,composite,subtle,False,False,typed_route_without_cut,invalid,1.0,1.0,1.0,1.0,1.0,1.0,1.0,1.0,1.0,1.0,1.0,1.0,1.0,0.0,0.0,0,False,0.0,0.0,False,0.0,0.047420000100828474,
text_transformer_a-development-0045,text_transformer_a,text,development,composite,subtle,False,False,full_h10,invalid,1.0,1.0,1.0,1.0,1.0,1.0,1.0,1.0,1.0,1.0,1.0,1.0,1.0,0.0,0.0,0,True,0.0,0.0,False,0.0,0.16141600008268142,43e3a988b2e730e010a7b44486f113767d8ebc79c5a0f06d0f9cab2b5f06841f
text_transformer_a-development-0046,text_transformer_a,text,development,composite,moderate,False,False,independent_if_else,invalid,1.0,1.0,1.0,1.0,1.0,1.0,1.0,1.0,0.6666666666666666,1.0,0.8,0.6666666666666666,0.0,4.0,0.0,0,False,0.0,0.0,False,0.0,0.031569999919156544,
text_transformer_a-development-0046,text_transformer_a,text,development,composite,moderate,False,False,typed_route_without_cut,invalid,1.0,1.0,1.0,1.0,1.0,1.0,1.0,1.0,0.6666666666666666,1.0,0.8,0.6666666666666666,0.0,4.0,0.0,0,False,0.0,0.0,False,0.0,0.06000400026096031,
text_transformer_a-development-0046,text_transformer_a,text,development,composite,moderate,False,False,full_h10,invalid,1.0,1.0,1.0,1.0,1.0,1.0,1.0,1.0,1.0,1.0,1.0,1.0,1.0,0.0,0.0,0,True,0.0,0.0,False,0.0,0.1791999998204119,d745df4ac657bb24600eeaf2b7f8c4c45d214386d1b2c622df3cc26bc9ba8f51
text_transformer_a-development-0047,text_transformer_a,text,development,clean,none,False,False,independent_if_else,valid,1.0,1.0,1.0,1.0,1.0,1.0,1.0,1.0,1.0,1.0,1.0,1.0,1.0,0.0,0.0,0,False,0.0,0.0,False,0.0,0.018034000277111772,
text_transformer_a-development-0047,text_transformer_a,text,development,clean,none,False,False,typed_route_without_cut,valid,1.0,1.0,1.0,1.0,1.0,1.0,1.0,1.0,1.0,1.0,1.0,1.0,1.0,0.0,0.0,0,False,0.0,0.0,False,0.0,0.018123999780073063,
text_transformer_a-development-0047,text_transformer_a,text,development,clean,none,False,False,full_h10,valid,1.0,1.0,1.0,1.0,1.0,1.0,1.0,1.0,1.0,1.0,1.0,1.0,1.0,0.0,0.0,0,True,0.0,0.0,False,0.0,0.020329000108176842,ee2bc5eca40312cfb64258c2acafb7936aa700bfba256560763615be79ec2974
text_transformer_a-development-0048,text_transformer_a,text,development,composite,subtle,False,False,independent_if_else,invalid,1.0,1.0,1.0,1.0,1.0,1.0,1.0,1.0,1.0,1.0,1.0,1.0,1.0,0.0,0.0,0,False,0.0,0.0,False,0.0,0.02346400015085237,
text_transformer_a-development-0048,text_transformer_a,text,development,composite,subtle,False,False,typed_route_without_cut,invalid,1.0,1.0,1.0,1.0,1.0,1.0,1.0,1.0,1.0,1.0,1.0,1.0,1.0,0.0,0.0,0,False,0.0,0.0,False,0.0,0.047108999751799274,
text_transformer_a-development-0048,text_transformer_a,text,development,composite,subtle,False,False,full_h10,invalid,1.0,1.0,1.0,1.0,1.0,1.0,1.0,1.0,1.0,1.0,1.0,1.0,1.0,0.0,0.0,0,True,0.0,0.0,False,0.0,0.15759899997647153,9fa88319f1922051f3188a1e96eabe40ae8aa66d27b1198c5b14e4b27c593561
text_transformer_a-development-0049,text_transformer_a,text,development,single,moderate,False,False,independent_if_else,invalid,1.0,1.0,1.0,1.0,1.0,1.0,1.0,1.0,1.0,1.0,1.0,1.0,1.0,0.0,0.0,0,False,0.0,0.0,False,0.0,0.021090000245749252,
text_transformer_a-development-0049,text_transformer_a,text,development,single,moderate,False,False,typed_route_without_cut,invalid,1.0,1.0,1.0,1.0,1.0,1.0,1.0,1.0,1.0,1.0,1.0,1.0,1.0,0.0,0.0,0,False,0.0,0.0,False,0.0,0.033865000204968965,
text_transformer_a-development-0049,text_transformer_a,text,development,single,moderate,False,False,full_h10,invalid,1.0,1.0,1.0,1.0,1.0,1.0,1.0,1.0,1.0,1.0,1.0,1.0,1.0,0.0,0.0,0,True,0.0,0.0,False,0.0,0.15247900000758818,99895715a6ac98910b04f5396c21ef510a226470f11a4e7fcb34f771a7b9fd0e
text_transformer_a-development-0050,text_transformer_a,text,development,composite,severe,False,False,independent_if_else,invalid,1.0,1.0,1.0,1.0,1.0,1.0,1.0,1.0,0.3333333333333333,1.0,0.5,0.3333333333333333,0.0,6.0,0.0,0,False,0.0,0.0,False,0.0,0.03203999995093909,
text_transformer_a-development-0050,text_transformer_a,text,development,composite,severe,False,False,typed_route_without_cut,invalid,1.0,1.0,1.0,1.0,1.0,1.0,1.0,1.0,0.3333333333333333,1.0,0.5,0.3333333333333333,0.0,6.0,0.0,0,False,0.0,0.0,False,0.0,0.05881200013391208,
text_transformer_a-development-0050,text_transformer_a,text,development,composite,severe,False,False,full_h10,invalid,1.0,1.0,1.0,1.0,1.0,1.0,1.0,1.0,1.0,1.0,1.0,1.0,1.0,0.0,0.0,0,True,0.0,0.0,False,0.0,0.17682599991530878,26503a5527054783551d33359b278bb76d4204525bbf33fa9319834942ad7814
text_transformer_a-development-0051,text_transformer_a,text,development,composite,subtle,False,False,independent_if_else,invalid,1.0,1.0,1.0,1.0,1.0,1.0,1.0,1.0,0.6666666666666666,1.0,0.8,0.6666666666666666,0.0,2.0,0.0,0,False,0.0,0.0,False,0.0,0.032622000162518816,
text_transformer_a-development-0051,text_transformer_a,text,development,composite,subtle,False,False,typed_route_without_cut,invalid,1.0,1.0,1.0,1.0,1.0,1.0,1.0,1.0,0.6666666666666666,1.0,0.8,0.6666666666666666,0.0,2.0,0.0,0,False,0.0,0.0,False,0.0,0.09974999966289033,
text_transformer_a-development-0051,text_transformer_a,text,development,composite,subtle,False,False,full_h10,invalid,1.0,1.0,1.0,1.0,1.0,1.0,1.0,1.0,1.0,1.0,1.0,1.0,1.0,0.0,0.0,0,True,0.0,0.0,False,0.0,0.25605600012568175,991333e53740444459677a68996e76d647b8433859d6fc33352834c7f255db19
text_transformer_a-development-0052,text_transformer_a,text,development,unknown_ambiguous,moderate,True,True,independent_if_else,invalid,1.0,1.0,1.0,1.0,1.0,1.0,1.0,1.0,0.0,0.0,0.0,0.0,0.0,19.0,0.0,0,False,0.0,0.0,False,1.0,0.036609999824577244,
text_transformer_a-development-0052,text_transformer_a,text,development,unknown_ambiguous,moderate,True,True,typed_route_without_cut,invalid,1.0,1.0,1.0,1.0,1.0,1.0,1.0,1.0,0.0,0.0,0.0,0.0,0.0,19.0,0.0,0,False,0.0,0.0,False,1.0,0.03742099988812697,
text_transformer_a-development-0052,text_transformer_a,text,development,unknown_ambiguous,moderate,True,True,full_h10,invalid,1.0,1.0,1.0,1.0,1.0,1.0,1.0,1.0,0.0,0.0,0.0,0.0,0.0,19.0,0.0,0,True,0.0,0.0,False,1.0,0.16124600006151013,c971f250234bb1072d64e1a9d21d13ad33ba91912044e45894ab3731fb426659
text_transformer_a-development-0053,text_transformer_a,text,development,composite,severe,False,False,independent_if_else,invalid,1.0,1.0,1.0,1.0,1.0,1.0,1.0,1.0,1.0,1.0,1.0,1.0,1.0,0.0,0.0,0,False,0.0,0.0,False,0.0,0.02558799997132155,
text_transformer_a-development-0053,text_transformer_a,text,development,composite,severe,False,False,typed_route_without_cut,invalid,1.0,1.0,1.0,1.0,1.0,1.0,1.0,1.0,1.0,1.0,1.0,1.0,1.0,0.0,0.0,0,False,0.0,0.0,False,0.0,0.04863300000579329,
text_transformer_a-development-0053,text_transformer_a,text,development,composite,severe,False,False,full_h10,invalid,1.0,1.0,1.0,1.0,1.0,1.0,1.0,1.0,1.0,1.0,1.0,1.0,1.0,0.0,0.0,0,True,0.0,0.0,False,0.0,0.18157400018026237,1bdbb4c26534341f10455132aa58517788c98deae8c9e8780543c9c8dcd4d935
text_transformer_a-development-0054,text_transformer_a,text,development,composite,subtle,False,False,independent_if_else,invalid,1.0,1.0,1.0,1.0,1.0,1.0,1.0,1.0,1.0,1.0,1.0,1.0,1.0,0.0,0.0,0,False,0.0,0.0,False,0.0,0.025349000225105556,
text_transformer_a-development-0054,text_transformer_a,text,development,composite,subtle,False,False,typed_route_without_cut,invalid,1.0,1.0,1.0,1.0,1.0,1.0,1.0,1.0,1.0,1.0,1.0,1.0,1.0,0.0,0.0,0,False,0.0,0.0,False,0.0,0.048040999899967574,
text_transformer_a-development-0054,text_transformer_a,text,development,composite,subtle,False,False,full_h10,invalid,1.0,1.0,1.0,1.0,1.0,1.0,1.0,1.0,1.0,1.0,1.0,1.0,1.0,0.0,0.0,0,True,0.0,0.0,False,0.0,0.1612060000297788,4feaea3c481478b1dbcf5adde3431b6cd1a25ae893da268a4c30bf4f84fb3053
text_transformer_a-development-0055,text_transformer_a,text,development,composite,moderate,False,False,independent_if_else,invalid,1.0,1.0,1.0,1.0,1.0,1.0,1.0,1.0,0.6666666666666666,1.0,0.8,0.6666666666666666,0.0,2.0,0.0,0,False,0.0,0.0,False,0.0,0.027551999664865434,
text_transformer_a-development-0055,text_transformer_a,text,development,composite,moderate,False,False,typed_route_without_cut,invalid,1.0,1.0,1.0,1.0,1.0,1.0,1.0,1.0,0.6666666666666666,1.0,0.8,0.6666666666666666,0.0,2.0,0.0,0,False,0.0,0.0,False,0.0,0.060243999996600905,
text_transformer_a-development-0055,text_transformer_a,text,development,composite,moderate,False,False,full_h10,invalid,1.0,1.0,1.0,1.0,1.0,1.0,1.0,1.0,1.0,1.0,1.0,1.0,1.0,0.0,0.0,0,True,0.0,0.0,False,0.0,0.16972200000964222,71adeb5bb2e112e657b9000b3d93b3da3a556744b16fdc9c4a6e637d1ea384c7
text_transformer_a-development-0056,text_transformer_a,text,development,single,severe,False,False,independent_if_else,invalid,1.0,1.0,1.0,1.0,1.0,1.0,1.0,1.0,1.0,1.0,1.0,1.0,1.0,0.0,0.0,0,False,0.0,0.0,False,0.0,0.020928999674652005,
text_transformer_a-development-0056,text_transformer_a,text,development,single,severe,False,False,typed_route_without_cut,invalid,1.0,1.0,1.0,1.0,1.0,1.0,1.0,1.0,1.0,1.0,1.0,1.0,1.0,0.0,0.0,0,False,0.0,0.0,False,0.0,0.03166999977111118,
text_transformer_a-development-0056,text_transformer_a,text,development,single,severe,False,False,full_h10,invalid,1.0,1.0,1.0,1.0,1.0,1.0,1.0,1.0,1.0,1.0,1.0,1.0,1.0,0.0,0.0,0,True,0.0,0.0,False,0.0,0.18479100026524975,ca29f79d0f37db797f58017a38e14435d6bded34f9a5863cfb7ae6419f4c37c2
text_transformer_a-development-0057,text_transformer_a,text,development,single,subtle,False,False,independent_if_else,invalid,1.0,1.0,1.0,1.0,1.0,1.0,1.0,1.0,1.0,1.0,1.0,1.0,1.0,0.0,0.0,0,False,0.0,0.0,False,0.0,0.03127899981336668,
text_transformer_a-development-0057,text_transformer_a,text,development,single,subtle,False,False,typed_route_without_cut,invalid,1.0,1.0,1.0,1.0,1.0,1.0,1.0,1.0,1.0,1.0,1.0,1.0,1.0,0.0,0.0,0,False,0.0,0.0,False,0.0,0.04786100043929764,
text_transformer_a-development-0057,text_transformer_a,text,development,single,subtle,False,False,full_h10,invalid,1.0,1.0,1.0,1.0,1.0,1.0,1.0,1.0,1.0,1.0,1.0,1.0,1.0,0.0,0.0,0,True,0.0,0.0,False,0.0,0.17845899992607883,4028d87d615235ba46e30705fe0689dd4e044f1aff50ac946de2466d70a2474a
text_transformer_a-development-0058,text_transformer_a,text,development,composite,moderate,False,False,independent_if_else,invalid,1.0,1.0,1.0,1.0,1.0,1.0,1.0,1.0,1.0,1.0,1.0,1.0,1.0,0.0,0.0,0,False,0.0,0.0,False,0.0,0.028284000109124463,
text_transformer_a-development-0058,text_transformer_a,text,development,composite,moderate,False,False,typed_route_without_cut,invalid,1.0,1.0,1.0,1.0,1.0,1.0,1.0,1.0,1.0,1.0,1.0,1.0,1.0,0.0,0.0,0,False,0.0,0.0,False,0.0,0.06940200000826735,
text_transformer_a-development-0058,text_transformer_a,text,development,composite,moderate,False,False,full_h10,invalid,1.0,1.0,1.0,1.0,1.0,1.0,1.0,1.0,1.0,1.0,1.0,1.0,1.0,0.0,0.0,0,True,0.0,0.0,False,0.0,0.1706929997453699,76b6fa17e769d063664b37b92639c17aac13124033e9e97aee03155c939332bc
text_transformer_a-development-0059,text_transformer_a,text,development,unknown_ambiguous,severe,True,False,independent_if_else,invalid,1.0,1.0,1.0,1.0,1.0,1.0,1.0,1.0,1.0,1.0,1.0,1.0,1.0,0.0,0.0,0,False,0.0,0.0,False,1.0,0.026359999992564553,
text_transformer_a-development-0059,text_transformer_a,text,development,unknown_ambiguous,severe,True,False,typed_route_without_cut,invalid,1.0,1.0,1.0,1.0,1.0,1.0,1.0,1.0,1.0,1.0,1.0,1.0,1.0,0.0,0.0,0,False,0.0,0.0,False,1.0,0.0487730003442266,
text_transformer_a-development-0059,text_transformer_a,text,development,unknown_ambiguous,severe,True,False,full_h10,invalid,1.0,1.0,1.0,1.0,1.0,1.0,1.0,1.0,1.0,1.0,1.0,1.0,1.0,0.0,0.0,0,True,0.0,0.0,False,1.0,0.16135599980771076,6986a01ed68c87f610fb833da96f9094f5c399c4baa1c6953c68233727d7bd9e
text_transformer_a-development-0060,text_transformer_a,text,development,composite,subtle,False,False,independent_if_else,invalid,1.0,1.0,1.0,1.0,1.0,1.0,1.0,1.0,0.5,1.0,0.6666666666666666,0.5,0.0,1.0,0.0,0,False,0.0,0.0,False,0.0,0.02433600002405001,
text_transformer_a-development-0060,text_transformer_a,text,development,composite,subtle,False,False,typed_route_without_cut,invalid,1.0,1.0,1.0,1.0,1.0,1.0,1.0,1.0,0.5,1.0,0.6666666666666666,0.5,0.0,1.0,0.0,0,False,0.0,0.0,False,0.0,0.06186700011312496,
text_transformer_a-development-0060,text_transformer_a,text,development,composite,subtle,False,False,full_h10,invalid,1.0,1.0,1.0,1.0,1.0,1.0,1.0,1.0,1.0,1.0,1.0,1.0,1.0,0.0,0.0,0,True,0.0,0.0,False,0.0,0.16129599998748745,dbc855cc90a3c774a19af03a814947a9d296cfb9157631f1b1bef8bd77e94923
text_transformer_a-development-0061,text_transformer_a,text,development,unknown_ambiguous,moderate,True,False,independent_if_else,invalid,1.0,1.0,1.0,1.0,1.0,1.0,1.0,1.0,0.2,0.5,0.28571428571428575,0.16666666666666666,0.0,38.0,0.0,0,False,0.0,0.0,False,1.0,0.03401499998290092,
text_transformer_a-development-0061,text_transformer_a,text,development,unknown_ambiguous,moderate,True,False,typed_route_without_cut,invalid,1.0,1.0,1.0,1.0,1.0,1.0,1.0,1.0,0.2,0.5,0.28571428571428575,0.16666666666666666,0.0,38.0,0.0,0,False,0.0,0.0,False,1.0,0.04777100002684165,
text_transformer_a-development-0061,text_transformer_a,text,development,unknown_ambiguous,moderate,True,False,full_h10,invalid,1.0,1.0,1.0,1.0,1.0,1.0,1.0,1.0,0.3333333333333333,0.5,0.4,0.25,0.0,36.0,0.0,0,True,0.0,0.0,False,1.0,0.1936170001499704,a4486af623d9c7556526ff5174e5ab45e68865a0b044ae7326a744382cc42269
text_transformer_a-development-0062,text_transformer_a,text,development,composite,severe,False,False,independent_if_else,invalid,1.0,1.0,1.0,1.0,1.0,1.0,1.0,1.0,0.6666666666666666,1.0,0.8,0.6666666666666666,0.0,1.0,0.0,0,False,0.0,0.0,False,0.0,0.029505999918910675,
text_transformer_a-development-0062,text_transformer_a,text,development,composite,severe,False,False,typed_route_without_cut,invalid,1.0,1.0,1.0,1.0,1.0,1.0,1.0,1.0,0.6666666666666666,1.0,0.8,0.6666666666666666,0.0,1.0,0.0,0,False,0.0,0.0,False,0.0,0.07487199991373927,
text_transformer_a-development-0062,text_transformer_a,text,development,composite,severe,False,False,full_h10,invalid,1.0,1.0,1.0,1.0,1.0,1.0,1.0,1.0,1.0,1.0,1.0,1.0,1.0,0.0,0.0,0,True,0.0,0.0,False,0.0,0.1830679998420237,d362cc22c7ae72abd51e41a3291339467aefb65dd0d8e0be85c20ed9be6fd55b
text_transformer_a-development-0063,text_transformer_a,text,development,single,subtle,False,False,independent_if_else,invalid,1.0,1.0,1.0,1.0,1.0,1.0,1.0,1.0,1.0,1.0,1.0,1.0,1.0,0.0,0.0,0,False,0.0,0.0,False,0.0,0.02281299975948059,
text_transformer_a-development-0063,text_transformer_a,text,development,single,subtle,False,False,typed_route_without_cut,invalid,1.0,1.0,1.0,1.0,1.0,1.0,1.0,1.0,1.0,1.0,1.0,1.0,1.0,0.0,0.0,0,False,0.0,0.0,False,0.0,0.06073499980630004,
text_transformer_a-development-0063,text_transformer_a,text,development,single,subtle,False,False,full_h10,invalid,1.0,1.0,1.0,1.0,1.0,1.0,1.0,1.0,1.0,1.0,1.0,1.0,1.0,0.0,0.0,0,True,0.0,0.0,False,0.0,0.15490300029341597,ccd4be16678388602f03e6ed90d5e85a50ba281061993bb226f2e9896e37cdd4
text_transformer_a-development-0064,text_transformer_a,text,development,single,moderate,False,False,independent_if_else,invalid,1.0,1.0,1.0,1.0,1.0,1.0,1.0,1.0,1.0,1.0,1.0,1.0,1.0,0.0,0.0,0,False,0.0,0.0,False,0.0,0.02116999985446455,
text_transformer_a-development-0064,text_transformer_a,text,development,single,moderate,False,False,typed_route_without_cut,invalid,1.0,1.0,1.0,1.0,1.0,1.0,1.0,1.0,1.0,1.0,1.0,1.0,1.0,0.0,0.0,0,False,0.0,0.0,False,0.0,0.05952300034550717,
text_transformer_a-development-0064,text_transformer_a,text,development,single,moderate,False,False,full_h10,invalid,1.0,1.0,1.0,1.0,1.0,1.0,1.0,1.0,1.0,1.0,1.0,1.0,1.0,0.0,0.0,0,True,0.0,0.0,False,0.0,0.1530899999124813,41875c88d1326ee1ea8495f9091f29ccb44d17e2b9edde6de957737be0ac95df
text_transformer_a-development-0065,text_transformer_a,text,development,clean,none,False,False,independent_if_else,valid,1.0,1.0,1.0,1.0,1.0,1.0,1.0,1.0,1.0,1.0,1.0,1.0,1.0,0.0,0.0,0,False,0.0,0.0,False,0.0,0.01754300001266529,
text_transformer_a-development-0065,text_transformer_a,text,development,clean,none,False,False,typed_route_without_cut,valid,1.0,1.0,1.0,1.0,1.0,1.0,1.0,1.0,1.0,1.0,1.0,1.0,1.0,0.0,0.0,0,False,0.0,0.0,False,0.0,0.01870599999165279,
text_transformer_a-development-0065,text_transformer_a,text,development,clean,none,False,False,full_h10,valid,1.0,1.0,1.0,1.0,1.0,1.0,1.0,1.0,1.0,1.0,1.0,1.0,1.0,0.0,0.0,0,True,0.0,0.0,False,0.0,0.02270300001327996,32aa321ff2257aae5b63b199a923911389b79be36bbacaff9ac8cd6958b47f24
text_transformer_a-development-0066,text_transformer_a,text,development,clean,none,False,False,independent_if_else,valid,1.0,1.0,1.0,1.0,1.0,1.0,1.0,1.0,1.0,1.0,1.0,1.0,1.0,0.0,0.0,0,False,0.0,0.0,False,0.0,0.017684000340523198,
text_transformer_a-development-0066,text_transformer_a,text,development,clean,none,False,False,typed_route_without_cut,valid,1.0,1.0,1.0,1.0,1.0,1.0,1.0,1.0,1.0,1.0,1.0,1.0,1.0,0.0,0.0,0,False,0.0,0.0,False,0.0,0.017332999959762674,
text_transformer_a-development-0066,text_transformer_a,text,development,clean,none,False,False,full_h10,valid,1.0,1.0,1.0,1.0,1.0,1.0,1.0,1.0,1.0,1.0,1.0,1.0,1.0,0.0,0.0,0,True,0.0,0.0,False,0.0,0.019176999558112584,a6ece97d631fa7321b0fca7e2ae98c73f7502779be450f108d755ff2edd29600
text_transformer_a-development-0067,text_transformer_a,text,development,unknown_ambiguous,moderate,True,False,independent_if_else,invalid,1.0,1.0,1.0,1.0,1.0,1.0,1.0,1.0,0.0,0.0,0.0,0.0,0.0,19.0,0.0,0,False,0.0,0.0,False,1.0,0.022201999854587484,
text_transformer_a-development-0067,text_transformer_a,text,development,unknown_ambiguous,moderate,True,False,typed_route_without_cut,invalid,1.0,1.0,1.0,1.0,1.0,1.0,1.0,1.0,0.0,0.0,0.0,0.0,0.0,19.0,0.0,0,False,0.0,0.0,False,1.0,0.022432999685406685,
text_transformer_a-development-0067,text_transformer_a,text,development,unknown_ambiguous,moderate,True,False,full_h10,invalid,1.0,1.0,1.0,1.0,1.0,1.0,1.0,1.0,0.0,0.0,0.0,0.0,0.0,19.0,0.0,0,True,0.0,0.0,False,1.0,0.16216799986068509,8f88bd32b503c8830c1c6a6482d6c97374a8cbff6df18d3d4d7cbf3e25a0530b
text_transformer_a-development-0068,text_transformer_a,text,development,single,severe,False,False,independent_if_else,invalid,1.0,1.0,1.0,1.0,1.0,1.0,1.0,1.0,1.0,1.0,1.0,1.0,1.0,0.0,0.0,0,False,0.0,0.0,False,0.0,0.04041700003654114,
text_transformer_a-development-0068,text_transformer_a,text,development,single,severe,False,False,typed_route_without_cut,invalid,1.0,1.0,1.0,1.0,1.0,1.0,1.0,1.0,1.0,1.0,1.0,1.0,1.0,0.0,0.0,0,False,0.0,0.0,False,0.0,0.044194000111019704,
text_transformer_a-development-0068,text_transformer_a,text,development,single,severe,False,False,full_h10,invalid,1.0,1.0,1.0,1.0,1.0,1.0,1.0,1.0,1.0,1.0,1.0,1.0,1.0,0.0,0.0,0,True,0.0,0.0,False,0.0,0.1683689997662441,c7374eb20ee9fc7bba4614a41e2fb33d27863062e6b68f2320c3a9bffb607ef7
text_transformer_a-development-0069,text_transformer_a,text,development,clean,none,False,False,independent_if_else,valid,1.0,1.0,1.0,1.0,1.0,1.0,1.0,1.0,1.0,1.0,1.0,1.0,1.0,0.0,0.0,0,False,0.0,0.0,False,0.0,0.022142000034364173,
text_transformer_a-development-0069,text_transformer_a,text,development,clean,none,False,False,typed_route_without_cut,valid,1.0,1.0,1.0,1.0,1.0,1.0,1.0,1.0,1.0,1.0,1.0,1.0,1.0,0.0,0.0,0,False,0.0,0.0,False,0.0,0.019687000076373806,
text_transformer_a-development-0069,text_transformer_a,text,development,clean,none,False,False,full_h10,valid,1.0,1.0,1.0,1.0,1.0,1.0,1.0,1.0,1.0,1.0,1.0,1.0,1.0,0.0,0.0,0,True,0.0,0.0,False,0.0,0.02128100004483713,a2c1203ba7a99eae466f8ea28c3d205e758bfbd2806bb754034284c3dfc902ed
text_transformer_a-development-0070,text_transformer_a,text,development,single,moderate,False,False,independent_if_else,invalid,1.0,1.0,1.0,1.0,1.0,1.0,1.0,1.0,1.0,1.0,1.0,1.0,1.0,0.0,0.0,0,False,0.0,0.0,False,0.0,0.022792999970988603,
text_transformer_a-development-0070,text_transformer_a,text,development,single,moderate,False,False,typed_route_without_cut,invalid,1.0,1.0,1.0,1.0,1.0,1.0,1.0,1.0,1.0,1.0,1.0,1.0,1.0,0.0,0.0,0,False,0.0,0.0,False,0.0,0.03206099972885568,
text_transformer_a-development-0070,text_transformer_a,text,development,single,moderate,False,False,full_h10,invalid,1.0,1.0,1.0,1.0,1.0,1.0,1.0,1.0,1.0,1.0,1.0,1.0,1.0,0.0,0.0,0,True,0.0,0.0,False,0.0,0.15398200002891826,4c8d82782a02399283a03810602541967715ae83c7b24dc9ee27acf34f2b0f15
text_transformer_a-development-0071,text_transformer_a,text,development,clean,none,False,False,independent_if_else,valid,1.0,1.0,1.0,1.0,1.0,1.0,1.0,1.0,1.0,1.0,1.0,1.0,1.0,0.0,0.0,0,False,0.0,0.0,False,0.0,0.01755399989633588,
text_transformer_a-development-0071,text_transformer_a,text,development,clean,none,False,False,typed_route_without_cut,valid,1.0,1.0,1.0,1.0,1.0,1.0,1.0,1.0,1.0,1.0,1.0,1.0,1.0,0.0,0.0,0,False,0.0,0.0,False,0.0,0.017844000012701144,
text_transformer_a-development-0071,text_transformer_a,text,development,clean,none,False,False,full_h10,valid,1.0,1.0,1.0,1.0,1.0,1.0,1.0,1.0,1.0,1.0,1.0,1.0,1.0,0.0,0.0,0,True,0.0,0.0,False,0.0,0.019907000023522414,68ffc2fd11de44f7d25f994b29be9c95e875f5813e61e34ff3bd7bc68a9beb09
text_transformer_a-development-0072,text_transformer_a,text,development,single,subtle,False,False,independent_if_else,invalid,1.0,1.0,1.0,1.0,1.0,1.0,1.0,1.0,1.0,1.0,1.0,1.0,1.0,0.0,0.0,0,False,0.0,0.0,False,0.0,0.026740999601315707,
text_transformer_a-development-0072,text_transformer_a,text,development,single,subtle,False,False,typed_route_without_cut,invalid,1.0,1.0,1.0,1.0,1.0,1.0,1.0,1.0,1.0,1.0,1.0,1.0,1.0,0.0,0.0,0,False,0.0,0.0,False,0.0,0.045727000269835116,
text_transformer_a-development-0072,text_transformer_a,text,development,single,subtle,False,False,full_h10,invalid,1.0,1.0,1.0,1.0,1.0,1.0,1.0,1.0,1.0,1.0,1.0,1.0,1.0,0.0,0.0,0,True,0.0,0.0,False,0.0,0.15645600024072337,b032e2fa3d405e5265df44034542c9231288763f6faabb43c0ed13f1e4f56605
text_transformer_a-development-0073,text_transformer_a,text,development,unknown_ambiguous,moderate,True,False,independent_if_else,invalid,1.0,1.0,1.0,1.0,1.0,1.0,1.0,1.0,1.0,1.0,1.0,1.0,1.0,0.0,0.0,0,False,0.0,0.0,False,1.0,0.022873000034451252,
text_transformer_a-development-0073,text_transformer_a,text,development,unknown_ambiguous,moderate,True,False,typed_route_without_cut,invalid,1.0,1.0,1.0,1.0,1.0,1.0,1.0,1.0,1.0,1.0,1.0,1.0,1.0,0.0,0.0,0,False,0.0,0.0,False,1.0,0.04475500008993549,
text_transformer_a-development-0073,text_transformer_a,text,development,unknown_ambiguous,moderate,True,False,full_h10,invalid,1.0,1.0,1.0,1.0,1.0,1.0,1.0,1.0,1.0,1.0,1.0,1.0,1.0,0.0,0.0,0,True,0.0,0.0,False,1.0,0.1510770002823847,0f1913b2828203200ee1c2bf9632e0104325bd91a69e985a2e99fa7a2fb8d456
text_transformer_a-development-0074,text_transformer_a,text,development,unknown_ambiguous,severe,True,True,independent_if_else,invalid,1.0,1.0,1.0,1.0,1.0,1.0,1.0,1.0,0.25,0.5,0.3333333333333333,0.2,0.0,37.0,0.0,0,False,0.0,0.0,False,1.0,0.0310190002892341,
text_transformer_a-development-0074,text_transformer_a,text,development,unknown_ambiguous,severe,True,True,typed_route_without_cut,invalid,1.0,1.0,1.0,1.0,1.0,1.0,1.0,1.0,0.25,0.5,0.3333333333333333,0.2,0.0,37.0,0.0,0,False,0.0,0.0,False,1.0,0.033242999961657915,
text_transformer_a-development-0074,text_transformer_a,text,development,unknown_ambiguous,severe,True,True,full_h10,invalid,1.0,1.0,1.0,1.0,1.0,1.0,1.0,1.0,0.3333333333333333,0.5,0.4,0.25,0.0,36.0,0.0,0,True,0.0,0.0,False,1.0,0.18568299992693937,5b524484025f7c1e0faa3608e3f01b3856ec1911820ad910bfc8e795a7ee5a05
text_transformer_a-development-0075,text_transformer_a,text,development,composite,subtle,False,False,independent_if_else,invalid,1.0,1.0,1.0,1.0,1.0,1.0,1.0,1.0,0.6666666666666666,1.0,0.8,0.6666666666666666,0.0,2.0,0.0,0,False,0.0,0.0,False,0.0,0.030649000109406188,
text_transformer_a-development-0075,text_transformer_a,text,development,composite,subtle,False,False,typed_route_without_cut,invalid,1.0,1.0,1.0,1.0,1.0,1.0,1.0,1.0,0.6666666666666666,1.0,0.8,0.6666666666666666,0.0,2.0,0.0,0,False,0.0,0.0,False,0.0,0.060585000028368086,
text_transformer_a-development-0075,text_transformer_a,text,development,composite,subtle,False,False,full_h10,invalid,1.0,1.0,1.0,1.0,1.0,1.0,1.0,1.0,1.0,1.0,1.0,1.0,1.0,0.0,0.0,0,True,0.0,0.0,False,0.0,0.22759200010114,2de5f5ba6b5cd59c40c59025accd1cf94ca21f54a1e5f47245afdb8320f39dd2
text_transformer_a-development-0076,text_transformer_a,text,development,clean,none,False,False,independent_if_else,valid,1.0,1.0,1.0,1.0,1.0,1.0,1.0,1.0,1.0,1.0,1.0,1.0,1.0,0.0,0.0,0,False,0.0,0.0,False,0.0,0.020028000108140986,
text_transformer_a-development-0076,text_transformer_a,text,development,clean,none,False,False,typed_route_without_cut,valid,1.0,1.0,1.0,1.0,1.0,1.0,1.0,1.0,1.0,1.0,1.0,1.0,1.0,0.0,0.0,0,False,0.0,0.0,False,0.0,0.019457000234979205,
text_transformer_a-development-0076,text_transformer_a,text,development,clean,none,False,False,full_h10,valid,1.0,1.0,1.0,1.0,1.0,1.0,1.0,1.0,1.0,1.0,1.0,1.0,1.0,0.0,0.0,0,True,0.0,0.0,False,0.0,0.023004000013315817,d775e49f66b08b709e0899fc6b429857c9a5960ae3d6768be9ab6c84d115e58c
text_transformer_a-development-0077,text_transformer_a,text,development,unknown_ambiguous,severe,True,False,independent_if_else,invalid,1.0,1.0,1.0,1.0,1.0,1.0,1.0,1.0,0.2,0.5,0.28571428571428575,0.16666666666666666,0.0,38.0,0.0,0,False,0.0,0.0,False,1.0,0.035396999919612426,
text_transformer_a-development-0077,text_transformer_a,text,development,unknown_ambiguous,severe,True,False,typed_route_without_cut,invalid,1.0,1.0,1.0,1.0,1.0,1.0,1.0,1.0,0.2,0.5,0.28571428571428575,0.16666666666666666,0.0,38.0,0.0,0,False,0.0,0.0,False,1.0,0.04711899964604527,
text_transformer_a-development-0077,text_transformer_a,text,development,unknown_ambiguous,severe,True,False,full_h10,invalid,1.0,1.0,1.0,1.0,1.0,1.0,1.0,1.0,0.3333333333333333,0.5,0.4,0.25,0.0,36.0,0.0,0,True,0.0,0.0,False,1.0,0.20651199974963674,70be56435138c34bfe37051c18b77d0cb0a17a5ed401a96c9ed8f21cea2f2177
text_transformer_a-development-0078,text_transformer_a,text,development,composite,subtle,False,False,independent_if_else,invalid,1.0,1.0,1.0,1.0,1.0,1.0,1.0,1.0,0.6666666666666666,1.0,0.8,0.6666666666666666,0.0,2.0,0.0,0,False,0.0,0.0,False,0.0,0.030036999760341132,
text_transformer_a-development-0078,text_transformer_a,text,development,composite,subtle,False,False,typed_route_without_cut,invalid,1.0,1.0,1.0,1.0,1.0,1.0,1.0,1.0,0.6666666666666666,1.0,0.8,0.6666666666666666,0.0,2.0,0.0,0,False,0.0,0.0,False,0.0,0.08067299995673238,
text_transformer_a-development-0078,text_transformer_a,text,development,composite,subtle,False,False,full_h10,invalid,1.0,1.0,1.0,1.0,1.0,1.0,1.0,1.0,1.0,1.0,1.0,1.0,1.0,0.0,0.0,0,True,0.0,0.0,False,0.0,0.185101000170107,5f0f348e3f52ee8a8db1cbdced55cb96833661814d35c7856045b9b5d22b396c
text_transformer_a-development-0079,text_transformer_a,text,development,composite,moderate,False,False,independent_if_else,invalid,1.0,1.0,1.0,1.0,1.0,1.0,1.0,1.0,0.6666666666666666,1.0,0.8,0.6666666666666666,0.0,4.0,0.0,0,False,0.0,0.0,False,0.0,0.029114999961166177,
text_transformer_a-development-0079,text_transformer_a,text,development,composite,moderate,False,False,typed_route_without_cut,invalid,1.0,1.0,1.0,1.0,1.0,1.0,1.0,1.0,0.6666666666666666,1.0,0.8,0.6666666666666666,0.0,4.0,0.0,0,False,0.0,0.0,False,0.0,0.06049499961591209,
text_transformer_a-development-0079,text_transformer_a,text,development,composite,moderate,False,False,full_h10,invalid,1.0,1.0,1.0,1.0,1.0,1.0,1.0,1.0,1.0,1.0,1.0,1.0,1.0,0.0,0.0,0,True,0.0,0.0,False,0.0,0.1768649999576155,da1505bd7156f3218333d2bfede94fa63b2f2570704321dd9eb935f6f33cc310
text_transformer_a-development-0080,text_transformer_a,text,development,composite,severe,False,False,independent_if_else,invalid,1.0,1.0,1.0,1.0,1.0,1.0,1.0,1.0,0.6666666666666666,1.0,0.8,0.6666666666666666,0.0,2.0,0.0,0,False,0.0,0.0,False,0.0,0.029426000310195377,
text_transformer_a-development-0080,text_transformer_a,text,development,composite,severe,False,False,typed_route_without_cut,invalid,1.0,1.0,1.0,1.0,1.0,1.0,1.0,1.0,0.6666666666666666,1.0,0.8,0.6666666666666666,0.0,2.0,0.0,0,False,0.0,0.0,False,0.0,0.060415000007196795,
text_transformer_a-development-0080,text_transformer_a,text,development,composite,severe,False,False,full_h10,invalid,1.0,1.0,1.0,1.0,1.0,1.0,1.0,1.0,1.0,1.0,1.0,1.0,1.0,0.0,0.0,0,True,0.0,0.0,False,0.0,0.17428000001018518,432ed5179aeb5913f1904347dca1f25fd27c1d3e10f433f17e5a3aee848477b1
text_transformer_a-development-0081,text_transformer_a,text,development,composite,subtle,False,False,independent_if_else,invalid,1.0,1.0,1.0,1.0,1.0,1.0,1.0,1.0,0.5,1.0,0.6666666666666666,0.5,0.0,1.0,0.0,0,False,0.0,0.0,False,0.0,0.0279930000033346,
text_transformer_a-development-0081,text_transformer_a,text,development,composite,subtle,False,False,typed_route_without_cut,invalid,1.0,1.0,1.0,1.0,1.0,1.0,1.0,1.0,0.5,1.0,0.6666666666666666,0.5,0.0,1.0,0.0,0,False,0.0,0.0,False,0.0,0.07323899990296923,
text_transformer_a-development-0081,text_transformer_a,text,development,composite,subtle,False,False,full_h10,invalid,1.0,1.0,1.0,1.0,1.0,1.0,1.0,1.0,1.0,1.0,1.0,1.0,1.0,0.0,0.0,0,True,0.0,0.0,False,0.0,0.17116399976657704,b063e59ed5bd154608ddcf011059e8ba60602ba046836e91b238c308818e1ab3
text_transformer_a-development-0082,text_transformer_a,text,development,composite,moderate,False,False,independent_if_else,invalid,1.0,1.0,1.0,1.0,1.0,1.0,1.0,1.0,0.5,1.0,0.6666666666666666,0.5,0.0,1.0,0.0,0,False,0.0,0.0,False,0.0,0.02518700011933106,
text_transformer_a-development-0082,text_transformer_a,text,development,composite,moderate,False,False,typed_route_without_cut,invalid,1.0,1.0,1.0,1.0,1.0,1.0,1.0,1.0,0.5,1.0,0.6666666666666666,0.5,0.0,1.0,0.0,0,False,0.0,0.0,False,0.0,0.10244399982184405,
text_transformer_a-development-0082,text_transformer_a,text,development,composite,moderate,False,False,full_h10,invalid,1.0,1.0,1.0,1.0,1.0,1.0,1.0,1.0,1.0,1.0,1.0,1.0,1.0,0.0,0.0,0,True,0.0,0.0,False,0.0,0.20039999981236178,4d21d0a7d81235e1f132407d065d3be7855a8469519e600596e5ac58b58fb130
text_transformer_a-development-0083,text_transformer_a,text,development,single,severe,False,False,independent_if_else,invalid,1.0,1.0,1.0,1.0,1.0,1.0,1.0,1.0,0.3333333333333333,1.0,0.5,0.3333333333333333,0.0,3.0,0.0,0,False,0.0,0.0,False,0.0,0.04002600007879664,
text_transformer_a-development-0083,text_transformer_a,text,development,single,severe,False,False,typed_route_without_cut,invalid,1.0,1.0,1.0,1.0,1.0,1.0,1.0,1.0,0.3333333333333333,1.0,0.5,0.3333333333333333,0.0,3.0,0.0,0,False,0.0,0.0,False,0.0,0.03981600002589403,
text_transformer_a-development-0083,text_transformer_a,text,development,single,severe,False,False,full_h10,invalid,1.0,1.0,1.0,1.0,1.0,1.0,1.0,1.0,1.0,1.0,1.0,1.0,1.0,0.0,0.0,0,True,0.0,0.0,False,0.0,0.2083049998873321,6df706eb930091cf46a6e531f5cd12bc42dc66dae294f4fa8825642ea94ae245
text_transformer_a-development-0084,text_transformer_a,text,development,single,subtle,False,False,independent_if_else,invalid,1.0,1.0,1.0,1.0,1.0,1.0,1.0,1.0,1.0,1.0,1.0,1.0,1.0,0.0,0.0,0,False,0.0,0.0,False,0.0,0.023874999897088856,
text_transformer_a-development-0084,text_transformer_a,text,development,single,subtle,False,False,typed_route_without_cut,invalid,1.0,1.0,1.0,1.0,1.0,1.0,1.0,1.0,1.0,1.0,1.0,1.0,1.0,0.0,0.0,0,False,0.0,0.0,False,0.0,0.02185199991799891,
text_transformer_a-development-0084,text_transformer_a,text,development,single,subtle,False,False,full_h10,invalid,1.0,1.0,1.0,1.0,1.0,1.0,1.0,1.0,1.0,1.0,1.0,1.0,1.0,0.0,0.0,0,True,0.0,0.0,False,0.0,0.15417199983858154,0f759579c8d3d0269aef922ee000af4a05cdf7a3717690abb8e24a26e4268241
text_transformer_a-development-0085,text_transformer_a,text,development,composite,moderate,False,False,independent_if_else,invalid,1.0,1.0,1.0,1.0,1.0,1.0,1.0,1.0,0.6666666666666666,1.0,0.8,0.6666666666666666,0.0,2.0,0.0,0,False,0.0,0.0,False,0.0,0.029877000088163186,
text_transformer_a-development-0085,text_transformer_a,text,development,composite,moderate,False,False,typed_route_without_cut,invalid,1.0,1.0,1.0,1.0,1.0,1.0,1.0,1.0,0.6666666666666666,1.0,0.8,0.6666666666666666,0.0,2.0,0.0,0,False,0.0,0.0,False,0.0,0.07811799969204003,
text_transformer_a-development-0085,text_transformer_a,text,development,composite,moderate,False,False,full_h10,invalid,1.0,1.0,1.0,1.0,1.0,1.0,1.0,1.0,1.0,1.0,1.0,1.0,1.0,0.0,0.0,0,True,0.0,0.0,False,0.0,0.1815339996937837,b972bc881a4d05275681d57efa1bd6a5577a6dffae9bad0628961bd9d60d84fa
text_transformer_a-development-0086,text_transformer_a,text,development,composite,severe,False,False,independent_if_else,invalid,1.0,1.0,1.0,1.0,1.0,1.0,1.0,1.0,0.5,1.0,0.6666666666666666,0.5,0.0,1.0,0.0,0,False,0.0,0.0,False,0.0,0.02728100025706226,
text_transformer_a-development-0086,text_transformer_a,text,development,composite,severe,False,False,typed_route_without_cut,invalid,1.0,1.0,1.0,1.0,1.0,1.0,1.0,1.0,0.5,1.0,0.6666666666666666,0.5,0.0,1.0,0.0,0,False,0.0,0.0,False,0.0,0.0856930000736611,
text_transformer_a-development-0086,text_transformer_a,text,development,composite,severe,False,False,full_h10,invalid,1.0,1.0,1.0,1.0,1.0,1.0,1.0,1.0,1.0,1.0,1.0,1.0,1.0,0.0,0.0,0,True,0.0,0.0,False,0.0,0.19661299984363723,04de935f17432f972027e12aeb28bb2a0bd16d1b97798dbc0322132e238651f2
text_transformer_a-development-0087,text_transformer_a,text,development,single,subtle,False,False,independent_if_else,invalid,1.0,1.0,1.0,1.0,1.0,1.0,1.0,1.0,1.0,1.0,1.0,1.0,1.0,0.0,0.0,0,False,0.0,0.0,False,0.0,0.023483999939344358,
text_transformer_a-development-0087,text_transformer_a,text,development,single,subtle,False,False,typed_route_without_cut,invalid,1.0,1.0,1.0,1.0,1.0,1.0,1.0,1.0,1.0,1.0,1.0,1.0,1.0,0.0,0.0,0,False,0.0,0.0,False,0.0,0.06039400022928021,
text_transformer_a-development-0087,text_transformer_a,text,development,single,subtle,False,False,full_h10,invalid,1.0,1.0,1.0,1.0,1.0,1.0,1.0,1.0,1.0,1.0,1.0,1.0,1.0,0.0,0.0,0,True,0.0,0.0,False,0.0,0.16360000017812126,ac82986f187fb4e12479f269a2b7fd73cf00ca463cd2746d81899f9fa3a82fb0
text_transformer_a-development-0088,text_transformer_a,text,development,unknown_ambiguous,moderate,True,True,independent_if_else,insufficient_evidence,1.0,1.0,1.0,1.0,0.6666666666666666,1.0,0.8,0.6666666666666666,0.5,1.0,0.6666666666666666,0.5,0.0,4.0,4.0,1,False,0.0,0.0,True,0.0,0.03042800017283298,
text_transformer_a-development-0088,text_transformer_a,text,development,unknown_ambiguous,moderate,True,True,typed_route_without_cut,insufficient_evidence,1.0,1.0,1.0,1.0,0.6666666666666666,1.0,0.8,0.6666666666666666,0.5,1.0,0.6666666666666666,0.5,0.0,4.0,4.0,1,False,0.0,0.0,True,0.0,0.06081499986976269,
text_transformer_a-development-0088,text_transformer_a,text,development,unknown_ambiguous,moderate,True,True,full_h10,insufficient_evidence,1.0,1.0,1.0,1.0,0.6666666666666666,1.0,0.8,0.6666666666666666,1.0,1.0,1.0,1.0,1.0,0.0,4.0,1,True,0.0,0.0,True,0.0,0.19916800010832958,d89e2a8e63351ec751c32683d7eca34c4fd02d13e77a4981998bae7789e57924
text_transformer_a-development-0089,text_transformer_a,text,development,unknown_ambiguous,severe,True,False,independent_if_else,invalid,1.0,1.0,1.0,1.0,1.0,1.0,1.0,1.0,0.5,0.5,0.5,0.3333333333333333,0.0,19.0,0.0,0,False,0.0,0.0,False,1.0,0.02768200010905275,
text_transformer_a-development-0089,text_transformer_a,text,development,unknown_ambiguous,severe,True,False,typed_route_without_cut,invalid,1.0,1.0,1.0,1.0,1.0,1.0,1.0,1.0,0.5,0.5,0.5,0.3333333333333333,0.0,19.0,0.0,0,False,0.0,0.0,False,1.0,0.048612000227876706,
text_transformer_a-development-0089,text_transformer_a,text,development,unknown_ambiguous,severe,True,False,full_h10,invalid,1.0,1.0,1.0,1.0,1.0,1.0,1.0,1.0,0.5,0.5,0.5,0.3333333333333333,0.0,19.0,0.0,0,True,0.0,0.0,False,1.0,0.17086399975596578,bcab64681b251bc20c0730afc12aca24c08281cc5268137e106c106817edb6d0
text_transformer_a-development-0090,text_transformer_a,text,development,clean,none,False,False,independent_if_else,valid,1.0,1.0,1.0,1.0,1.0,1.0,1.0,1.0,1.0,1.0,1.0,1.0,1.0,0.0,0.0,0,False,0.0,0.0,False,0.0,0.018014000033872435,
text_transformer_a-development-0090,text_transformer_a,text,development,clean,none,False,False,typed_route_without_cut,valid,1.0,1.0,1.0,1.0,1.0,1.0,1.0,1.0,1.0,1.0,1.0,1.0,1.0,0.0,0.0,0,False,0.0,0.0,False,0.0,0.018956000076286728,
text_transformer_a-development-0090,text_transformer_a,text,development,clean,none,False,False,full_h10,valid,1.0,1.0,1.0,1.0,1.0,1.0,1.0,1.0,1.0,1.0,1.0,1.0,1.0,0.0,0.0,0,True,0.0,0.0,False,0.0,0.02157100016120239,918d21b89e9146f09313c5f0c38b8a4b0a1436bd8d93403c4ce47246b2495af1
text_transformer_a-development-0091,text_transformer_a,text,development,clean,none,False,False,independent_if_else,valid,1.0,1.0,1.0,1.0,1.0,1.0,1.0,1.0,1.0,1.0,1.0,1.0,1.0,0.0,0.0,0,False,0.0,0.0,False,0.0,0.01763399995979853,
text_transformer_a-development-0091,text_transformer_a,text,development,clean,none,False,False,typed_route_without_cut,valid,1.0,1.0,1.0,1.0,1.0,1.0,1.0,1.0,1.0,1.0,1.0,1.0,1.0,0.0,0.0,0,False,0.0,0.0,False,0.0,0.018885999907070072,
text_transformer_a-development-0091,text_transformer_a,text,development,clean,none,False,False,full_h10,valid,1.0,1.0,1.0,1.0,1.0,1.0,1.0,1.0,1.0,1.0,1.0,1.0,1.0,0.0,0.0,0,True,0.0,0.0,False,0.0,0.02099999983329326,407a15b03bebd26722916e50631524bcd0519f9a9c18dd534f9ba9d74a86531e
text_transformer_a-development-0092,text_transformer_a,text,development,single,severe,False,False,independent_if_else,invalid,1.0,1.0,1.0,1.0,1.0,1.0,1.0,1.0,1.0,1.0,1.0,1.0,1.0,0.0,0.0,0,False,0.0,0.0,False,0.0,0.021099999685247894,
text_transformer_a-development-0092,text_transformer_a,text,development,single,severe,False,False,typed_route_without_cut,invalid,1.0,1.0,1.0,1.0,1.0,1.0,1.0,1.0,1.0,1.0,1.0,1.0,1.0,0.0,0.0,0,False,0.0,0.0,False,0.0,0.043912999899475835,
text_transformer_a-development-0092,text_transformer_a,text,development,single,severe,False,False,full_h10,invalid,1.0,1.0,1.0,1.0,1.0,1.0,1.0,1.0,1.0,1.0,1.0,1.0,1.0,0.0,0.0,0,True,0.0,0.0,False,0.0,0.15774899975440348,6812ea89d0d336aeb7aed0bf91fcdaacab2856e33bdd973b4a510a8e8d30dbe1
text_transformer_a-development-0093,text_transformer_a,text,development,unknown_ambiguous,subtle,True,False,independent_if_else,invalid,1.0,1.0,1.0,1.0,1.0,1.0,1.0,1.0,0.0,0.0,0.0,0.0,0.0,19.0,0.0,0,False,0.0,0.0,False,1.0,0.022563000129594002,
text_transformer_a-development-0093,text_transformer_a,text,development,unknown_ambiguous,subtle,True,False,typed_route_without_cut,invalid,1.0,1.0,1.0,1.0,1.0,1.0,1.0,1.0,0.0,0.0,0.0,0.0,0.0,19.0,0.0,0,False,0.0,0.0,False,1.0,0.029304999770829454,
text_transformer_a-development-0093,text_transformer_a,text,development,unknown_ambiguous,subtle,True,False,full_h10,invalid,1.0,1.0,1.0,1.0,1.0,1.0,1.0,1.0,0.0,0.0,0.0,0.0,0.0,19.0,0.0,0,True,0.0,0.0,False,1.0,0.22299300007944112,40e2786fe63a0cb597a22ccb2759a25e08df8c50a6d9f2be5cb87c519c5ec547
text_transformer_a-development-0094,text_transformer_a,text,development,composite,moderate,False,False,independent_if_else,invalid,1.0,1.0,1.0,1.0,1.0,1.0,1.0,1.0,0.5,1.0,0.6666666666666666,0.5,0.0,1.0,0.0,0,False,0.0,0.0,False,0.0,0.03137900012006867,
text_transformer_a-development-0094,text_transformer_a,text,development,composite,moderate,False,False,typed_route_without_cut,invalid,1.0,1.0,1.0,1.0,1.0,1.0,1.0,1.0,0.5,1.0,0.6666666666666666,0.5,0.0,1.0,0.0,0,False,0.0,0.0,False,0.0,0.0675480000609241,
text_transformer_a-development-0094,text_transformer_a,text,development,composite,moderate,False,False,full_h10,invalid,1.0,1.0,1.0,1.0,1.0,1.0,1.0,1.0,1.0,1.0,1.0,1.0,1.0,0.0,0.0,0,True,0.0,0.0,False,0.0,0.18020200013779686,5ace6e3a5b3f4786bd389a5c2d43affcbaaba2f53182791470b95241b115d72e
text_transformer_a-development-0095,text_transformer_a,text,development,composite,severe,False,False,independent_if_else,invalid,1.0,1.0,1.0,1.0,1.0,1.0,1.0,1.0,0.6666666666666666,1.0,0.8,0.6666666666666666,0.0,2.0,0.0,0,False,0.0,0.0,False,0.0,0.0317099998028425,
text_transformer_a-development-0095,text_transformer_a,text,development,composite,severe,False,False,typed_route_without_cut,invalid,1.0,1.0,1.0,1.0,1.0,1.0,1.0,1.0,0.6666666666666666,1.0,0.8,0.6666666666666666,0.0,2.0,0.0,0,False,0.0,0.0,False,0.0,0.07548299981863238,
text_transformer_a-development-0095,text_transformer_a,text,development,composite,severe,False,False,full_h10,invalid,1.0,1.0,1.0,1.0,1.0,1.0,1.0,1.0,1.0,1.0,1.0,1.0,1.0,0.0,0.0,0,True,0.0,0.0,False,0.0,0.19645299971671193,abb066a64f46bb27fe3d27d6254fef947d2950237e0d8662b603c920e4b9bbe9
text_transformer_a-development-0096,text_transformer_a,text,development,composite,subtle,False,False,independent_if_else,invalid,1.0,1.0,1.0,1.0,1.0,1.0,1.0,1.0,0.6666666666666666,1.0,0.8,0.6666666666666666,0.0,2.0,0.0,0,False,0.0,0.0,False,0.0,0.0312500001200533,
text_transformer_a-development-0096,text_transformer_a,text,development,composite,subtle,False,False,typed_route_without_cut,invalid,1.0,1.0,1.0,1.0,1.0,1.0,1.0,1.0,0.6666666666666666,1.0,0.8,0.6666666666666666,0.0,2.0,0.0,0,False,0.0,0.0,False,0.0,0.060044000292691635,
text_transformer_a-development-0096,text_transformer_a,text,development,composite,subtle,False,False,full_h10,invalid,1.0,1.0,1.0,1.0,1.0,1.0,1.0,1.0,1.0,1.0,1.0,1.0,1.0,0.0,0.0,0,True,0.0,0.0,False,0.0,0.1761950002219237,5cbe4922aa2d7bafdb2454ecdc96b7125657c82cc3b313717722f61bb517d5fd
text_transformer_a-development-0097,text_transformer_a,text,development,composite,moderate,False,False,independent_if_else,invalid,1.0,1.0,1.0,1.0,1.0,1.0,1.0,1.0,0.6666666666666666,1.0,0.8,0.6666666666666666,0.0,2.0,0.0,0,False,0.0,0.0,False,0.0,0.029446000098687364,
text_transformer_a-development-0097,text_transformer_a,text,development,composite,moderate,False,False,typed_route_without_cut,invalid,1.0,1.0,1.0,1.0,1.0,1.0,1.0,1.0,0.6666666666666666,1.0,0.8,0.6666666666666666,0.0,2.0,0.0,0,False,0.0,0.0,False,0.0,0.0596330000917078,
text_transformer_a-development-0097,text_transformer_a,text,development,composite,moderate,False,False,full_h10,invalid,1.0,1.0,1.0,1.0,1.0,1.0,1.0,1.0,1.0,1.0,1.0,1.0,1.0,0.0,0.0,0,True,0.0,0.0,False,0.0,0.1687499998297426,b30a1e64dd9493841ac96592149f7ac982a961df74c6301bad74dfee27387895
text_transformer_a-development-0098,text_transformer_a,text,development,composite,severe,False,False,independent_if_else,invalid,1.0,1.0,1.0,1.0,1.0,1.0,1.0,1.0,0.6666666666666666,1.0,0.8,0.6666666666666666,0.0,4.0,0.0,0,False,0.0,0.0,False,0.0,0.02912499985541217,
text_transformer_a-development-0098,text_transformer_a,text,development,composite,severe,False,False,typed_route_without_cut,invalid,1.0,1.0,1.0,1.0,1.0,1.0,1.0,1.0,0.6666666666666666,1.0,0.8,0.6666666666666666,0.0,4.0,0.0,0,False,0.0,0.0,False,0.0,0.0583109999752196,
text_transformer_a-development-0098,text_transformer_a,text,development,composite,severe,False,False,full_h10,invalid,1.0,1.0,1.0,1.0,1.0,1.0,1.0,1.0,1.0,1.0,1.0,1.0,1.0,0.0,0.0,0,True,0.0,0.0,False,0.0,0.18697399991651764,4a189e7e26e1cbbbfa885f14fb0b00e3706786a5b1b716bf554b86e794e82512
text_transformer_a-development-0099,text_transformer_a,text,development,unknown_ambiguous,subtle,True,False,independent_if_else,invalid,1.0,1.0,1.0,1.0,1.0,1.0,1.0,1.0,1.0,1.0,1.0,1.0,1.0,0.0,0.0,0,False,0.0,0.0,False,1.0,0.023344999590335647,
text_transformer_a-development-0099,text_transformer_a,text,development,unknown_ambiguous,subtle,True,False,typed_route_without_cut,invalid,1.0,1.0,1.0,1.0,1.0,1.0,1.0,1.0,1.0,1.0,1.0,1.0,1.0,0.0,0.0,0,False,0.0,0.0,False,1.0,0.04393300014271517,
text_transformer_a-development-0099,text_transformer_a,text,development,unknown_ambiguous,subtle,True,False,full_h10,invalid,1.0,1.0,1.0,1.0,1.0,1.0,1.0,1.0,1.0,1.0,1.0,1.0,1.0,0.0,0.0,0,True,0.0,0.0,False,1.0,0.15349199975389638,a5680bdd2997e4822b1695659d1d7c2e97cbce02c6b1586ff67e46472a1609df
text_transformer_a-development-0100,text_transformer_a,text,development,composite,moderate,False,False,independent_if_else,invalid,1.0,1.0,1.0,1.0,1.0,1.0,1.0,1.0,0.5,1.0,0.6666666666666666,0.5,0.0,1.0,0.0,0,False,0.0,0.0,False,0.0,0.025687999823276186,
text_transformer_a-development-0100,text_transformer_a,text,development,composite,moderate,False,False,typed_route_without_cut,invalid,1.0,1.0,1.0,1.0,1.0,1.0,1.0,1.0,0.5,1.0,0.6666666666666666,0.5,0.0,1.0,0.0,0,False,0.0,0.0,False,0.0,0.06276899966906058,
text_transformer_a-development-0100,text_transformer_a,text,development,composite,moderate,False,False,full_h10,invalid,1.0,1.0,1.0,1.0,1.0,1.0,1.0,1.0,1.0,1.0,1.0,1.0,1.0,0.0,0.0,0,True,0.0,0.0,False,0.0,0.16467199975522817,5ed36844fb3a4d66e4d27f343394465c442a9b8d0999596c4dc7fa8812f52c93
text_transformer_a-development-0101,text_transformer_a,text,development,composite,severe,False,False,independent_if_else,invalid,1.0,1.0,1.0,1.0,1.0,1.0,1.0,1.0,0.5,1.0,0.6666666666666666,0.5,0.0,2.0,0.0,0,False,0.0,0.0,False,0.0,0.026310000066587236,
text_transformer_a-development-0101,text_transformer_a,text,development,composite,severe,False,False,typed_route_without_cut,invalid,1.0,1.0,1.0,1.0,1.0,1.0,1.0,1.0,0.5,1.0,0.6666666666666666,0.5,0.0,2.0,0.0,0,False,0.0,0.0,False,0.0,0.05185800000617746,
text_transformer_a-development-0101,text_transformer_a,text,development,composite,severe,False,False,full_h10,invalid,1.0,1.0,1.0,1.0,1.0,1.0,1.0,1.0,1.0,1.0,1.0,1.0,1.0,0.0,0.0,0,True,0.0,0.0,False,0.0,0.1710839997031144,4afe23f897042f1107a19418ac4477bdaa8eecd3be86039dd24fa4fd1ced07e4
text_transformer_a-development-0102,text_transformer_a,text,development,single,subtle,False,False,independent_if_else,invalid,1.0,1.0,1.0,1.0,1.0,1.0,1.0,1.0,1.0,1.0,1.0,1.0,1.0,0.0,0.0,0,False,0.0,0.0,False,0.0,0.02295399963259115,
text_transformer_a-development-0102,text_transformer_a,text,development,single,subtle,False,False,typed_route_without_cut,invalid,1.0,1.0,1.0,1.0,1.0,1.0,1.0,1.0,1.0,1.0,1.0,1.0,1.0,0.0,0.0,0,False,0.0,0.0,False,0.0,0.032140999792318325,
text_transformer_a-development-0102,text_transformer_a,text,development,single,subtle,False,False,full_h10,invalid,1.0,1.0,1.0,1.0,1.0,1.0,1.0,1.0,1.0,1.0,1.0,1.0,1.0,0.0,0.0,0,True,0.0,0.0,False,0.0,0.15314000029320596,dc4834c69e175e300c282c631c43ce73064e6e799bef14db370cee5fd5cddefa
text_transformer_a-development-0103,text_transformer_a,text,development,single,moderate,False,False,independent_if_else,invalid,1.0,1.0,1.0,1.0,1.0,1.0,1.0,1.0,1.0,1.0,1.0,1.0,1.0,0.0,0.0,0,False,0.0,0.0,False,0.0,0.021410000044852495,
text_transformer_a-development-0103,text_transformer_a,text,development,single,moderate,False,False,typed_route_without_cut,invalid,1.0,1.0,1.0,1.0,1.0,1.0,1.0,1.0,1.0,1.0,1.0,1.0,1.0,0.0,0.0,0,False,0.0,0.0,False,0.0,0.032331000056728953,
text_transformer_a-development-0103,text_transformer_a,text,development,single,moderate,False,False,full_h10,invalid,1.0,1.0,1.0,1.0,1.0,1.0,1.0,1.0,1.0,1.0,1.0,1.0,1.0,0.0,0.0,0,True,0.0,0.0,False,0.0,0.1519279999229184,bbd693e5fce1c1f533a752dac58ec096cfd8770c8112dcaa1c18874e2ed05b47
text_transformer_a-development-0104,text_transformer_a,text,development,composite,severe,False,False,independent_if_else,invalid,1.0,1.0,1.0,1.0,1.0,1.0,1.0,1.0,0.5,1.0,0.6666666666666666,0.5,0.0,1.0,0.0,0,False,0.0,0.0,False,0.0,0.024956999823189108,
text_transformer_a-development-0104,text_transformer_a,text,development,composite,severe,False,False,typed_route_without_cut,invalid,1.0,1.0,1.0,1.0,1.0,1.0,1.0,1.0,0.5,1.0,0.6666666666666666,0.5,0.0,1.0,0.0,0,False,0.0,0.0,False,0.0,0.06316999997579842,
text_transformer_a-development-0104,text_transformer_a,text,development,composite,severe,False,False,full_h10,invalid,1.0,1.0,1.0,1.0,1.0,1.0,1.0,1.0,1.0,1.0,1.0,1.0,1.0,0.0,0.0,0,True,0.0,0.0,False,0.0,0.17008300028464873,5b062376678898e86f128a69173ad331fb905f890a91a6fc96e5078a0c472869
text_transformer_a-development-0105,text_transformer_a,text,development,composite,subtle,False,False,independent_if_else,invalid,1.0,1.0,1.0,1.0,1.0,1.0,1.0,1.0,0.6666666666666666,1.0,0.8,0.6666666666666666,0.0,2.0,0.0,0,False,0.0,0.0,False,0.0,0.03206100018360303,
text_transformer_a-development-0105,text_transformer_a,text,development,composite,subtle,False,False,typed_route_without_cut,invalid,1.0,1.0,1.0,1.0,1.0,1.0,1.0,1.0,0.6666666666666666,1.0,0.8,0.6666666666666666,0.0,2.0,0.0,0,False,0.0,0.0,False,0.0,0.05998400001772097,
text_transformer_a-development-0105,text_transformer_a,text,development,composite,subtle,False,False,full_h10,invalid,1.0,1.0,1.0,1.0,1.0,1.0,1.0,1.0,1.0,1.0,1.0,1.0,1.0,0.0,0.0,0,True,0.0,0.0,False,0.0,0.18064300002151867,dac6a4befb86a5332a2d24324e13420388fa5d16ac7b4ee70d156546d872197b
text_transformer_a-development-0106,text_transformer_a,text,development,composite,moderate,False,False,independent_if_else,invalid,1.0,1.0,1.0,1.0,1.0,1.0,1.0,1.0,1.0,1.0,1.0,1.0,1.0,0.0,0.0,0,False,0.0,0.0,False,0.0,0.02518800010875566,
text_transformer_a-development-0106,text_transformer_a,text,development,composite,moderate,False,False,typed_route_without_cut,invalid,1.0,1.0,1.0,1.0,1.0,1.0,1.0,1.0,1.0,1.0,1.0,1.0,1.0,0.0,0.0,0,False,0.0,0.0,False,0.0,0.04760100000567036,
text_transformer_a-development-0106,text_transformer_a,text,development,composite,moderate,False,False,full_h10,invalid,1.0,1.0,1.0,1.0,1.0,1.0,1.0,1.0,1.0,1.0,1.0,1.0,1.0,0.0,0.0,0,True,0.0,0.0,False,0.0,0.16140599973368808,ea6cd88a2c1393c4e053759f7120f7b0bf58e3f7536447d7ffa04ef102fb3495
text_transformer_a-development-0107,text_transformer_a,text,development,clean,none,False,False,independent_if_else,valid,1.0,1.0,1.0,1.0,1.0,1.0,1.0,1.0,1.0,1.0,1.0,1.0,1.0,0.0,0.0,0,False,0.0,0.0,False,0.0,0.017171999843412777,
text_transformer_a-development-0107,text_transformer_a,text,development,clean,none,False,False,typed_route_without_cut,valid,1.0,1.0,1.0,1.0,1.0,1.0,1.0,1.0,1.0,1.0,1.0,1.0,1.0,0.0,0.0,0,False,0.0,0.0,False,0.0,0.01873499968496617,
text_transformer_a-development-0107,text_transformer_a,text,development,clean,none,False,False,full_h10,valid,1.0,1.0,1.0,1.0,1.0,1.0,1.0,1.0,1.0,1.0,1.0,1.0,1.0,0.0,0.0,0,True,0.0,0.0,False,0.0,0.021661000118911033,0d10d534e1035f42dc630d314779a48ed92c6215cd758de6cffc95fcda44416e
text_transformer_a-development-0108,text_transformer_a,text,development,single,subtle,False,False,independent_if_else,invalid,1.0,1.0,1.0,1.0,1.0,1.0,1.0,1.0,1.0,1.0,1.0,1.0,1.0,0.0,0.0,0,False,0.0,0.0,False,0.0,0.022491999970952747,
text_transformer_a-development-0108,text_transformer_a,text,development,single,subtle,False,False,typed_route_without_cut,invalid,1.0,1.0,1.0,1.0,1.0,1.0,1.0,1.0,1.0,1.0,1.0,1.0,1.0,0.0,0.0,0,False,0.0,0.0,False,0.0,0.020297999981266912,
text_transformer_a-development-0108,text_transformer_a,text,development,single,subtle,False,False,full_h10,invalid,1.0,1.0,1.0,1.0,1.0,1.0,1.0,1.0,1.0,1.0,1.0,1.0,1.0,0.0,0.0,0,True,0.0,0.0,False,0.0,0.17792700009522378,baaeafc4bce4a9ab800d985add8536446f90a9674bbfebd1a7b51fe2a27760e0
text_transformer_a-development-0109,text_transformer_a,text,development,clean,none,False,False,independent_if_else,valid,1.0,1.0,1.0,1.0,1.0,1.0,1.0,1.0,1.0,1.0,1.0,1.0,1.0,0.0,0.0,0,False,0.0,0.0,False,0.0,0.019547000192687847,
text_transformer_a-development-0109,text_transformer_a,text,development,clean,none,False,False,typed_route_without_cut,valid,1.0,1.0,1.0,1.0,1.0,1.0,1.0,1.0,1.0,1.0,1.0,1.0,1.0,0.0,0.0,0,False,0.0,0.0,False,0.0,0.018895999801316066,
text_transformer_a-development-0109,text_transformer_a,text,development,clean,none,False,False,full_h10,valid,1.0,1.0,1.0,1.0,1.0,1.0,1.0,1.0,1.0,1.0,1.0,1.0,1.0,0.0,0.0,0,True,0.0,0.0,False,0.0,0.02074899975923472,8ecb5385f371a450ccee7e4af8220202523d63e1eb6e9b4bfe93cc724e251014
text_transformer_a-development-0110,text_transformer_a,text,development,single,severe,False,False,independent_if_else,invalid,1.0,1.0,1.0,1.0,1.0,1.0,1.0,1.0,1.0,1.0,1.0,1.0,1.0,0.0,0.0,0,False,0.0,0.0,False,0.0,0.021129999822733225,
text_transformer_a-development-0110,text_transformer_a,text,development,single,severe,False,False,typed_route_without_cut,invalid,1.0,1.0,1.0,1.0,1.0,1.0,1.0,1.0,1.0,1.0,1.0,1.0,1.0,0.0,0.0,0,False,0.0,0.0,False,0.0,0.021070000002509914,
text_transformer_a-development-0110,text_transformer_a,text,development,single,severe,False,False,full_h10,invalid,1.0,1.0,1.0,1.0,1.0,1.0,1.0,1.0,1.0,1.0,1.0,1.0,1.0,0.0,0.0,0,True,0.0,0.0,False,0.0,0.15218899989122292,f4b5a4a6237cbe60b4a57997dae17719d90645e62cefacf5ae8b83b19fedd641
text_transformer_a-development-0111,text_transformer_a,text,development,composite,subtle,False,False,independent_if_else,invalid,1.0,1.0,1.0,1.0,1.0,1.0,1.0,1.0,0.3333333333333333,1.0,0.5,0.3333333333333333,0.0,5.0,0.0,0,False,0.0,0.0,False,0.0,0.029025000003457535,
text_transformer_a-development-0111,text_transformer_a,text,development,composite,subtle,False,False,typed_route_without_cut,invalid,1.0,1.0,1.0,1.0,1.0,1.0,1.0,1.0,0.3333333333333333,1.0,0.5,0.3333333333333333,0.0,5.0,0.0,0,False,0.0,0.0,False,0.0,0.05648699971061433,
text_transformer_a-development-0111,text_transformer_a,text,development,composite,subtle,False,False,full_h10,invalid,1.0,1.0,1.0,1.0,1.0,1.0,1.0,1.0,1.0,1.0,1.0,1.0,1.0,0.0,0.0,0,True,0.0,0.0,False,0.0,0.18278699963047984,b93d7552ff27b37c0f8e4afb7f590ff5d043fbcce98fceff6981c3fcbc7b8afc
text_transformer_a-development-0112,text_transformer_a,text,development,composite,moderate,False,False,independent_if_else,invalid,1.0,1.0,1.0,1.0,1.0,1.0,1.0,1.0,0.5,1.0,0.6666666666666666,0.5,0.0,1.0,0.0,0,False,0.0,0.0,False,0.0,0.026961000003211666,
text_transformer_a-development-0112,text_transformer_a,text,development,composite,moderate,False,False,typed_route_without_cut,invalid,1.0,1.0,1.0,1.0,1.0,1.0,1.0,1.0,0.5,1.0,0.6666666666666666,0.5,0.0,1.0,0.0,0,False,0.0,0.0,False,0.0,0.09202499995808466,
text_transformer_a-development-0112,text_transformer_a,text,development,composite,moderate,False,False,full_h10,invalid,1.0,1.0,1.0,1.0,1.0,1.0,1.0,1.0,1.0,1.0,1.0,1.0,1.0,0.0,0.0,0,True,0.0,0.0,False,0.0,0.2135649997399014,c1be669ee6523a3a145fd70b779422d52eeacf9a2004de5ef007bc740e6a887f
text_transformer_a-development-0113,text_transformer_a,text,development,single,severe,False,False,independent_if_else,invalid,1.0,1.0,1.0,1.0,1.0,1.0,1.0,1.0,1.0,1.0,1.0,1.0,1.0,0.0,0.0,0,False,0.0,0.0,False,0.0,0.028013000246573938,
text_transformer_a-development-0113,text_transformer_a,text,development,single,severe,False,False,typed_route_without_cut,invalid,1.0,1.0,1.0,1.0,1.0,1.0,1.0,1.0,1.0,1.0,1.0,1.0,1.0,0.0,0.0,0,False,0.0,0.0,False,0.0,0.04738000006909715,
text_transformer_a-development-0113,text_transformer_a,text,development,single,severe,False,False,full_h10,invalid,1.0,1.0,1.0,1.0,1.0,1.0,1.0,1.0,1.0,1.0,1.0,1.0,1.0,0.0,0.0,0,True,0.0,0.0,False,0.0,0.1691200000095705,faf8c555d010627ff9acb4ace905b3d7eba860a8c3f01a39424f554785df07c0
text_transformer_a-development-0114,text_transformer_a,text,development,clean,none,False,False,independent_if_else,valid,1.0,1.0,1.0,1.0,1.0,1.0,1.0,1.0,1.0,1.0,1.0,1.0,1.0,0.0,0.0,0,False,0.0,0.0,False,0.0,0.018926000393548748,
text_transformer_a-development-0114,text_transformer_a,text,development,clean,none,False,False,typed_route_without_cut,valid,1.0,1.0,1.0,1.0,1.0,1.0,1.0,1.0,1.0,1.0,1.0,1.0,1.0,0.0,0.0,0,False,0.0,0.0,False,0.0,0.019146000340697356,
text_transformer_a-development-0114,text_transformer_a,text,development,clean,none,False,False,full_h10,valid,1.0,1.0,1.0,1.0,1.0,1.0,1.0,1.0,1.0,1.0,1.0,1.0,1.0,0.0,0.0,0,True,0.0,0.0,False,0.0,0.023895000140328193,5095919b9a72a2246847615b0165b93df929aef1873a07947bc5569b324e35ec
text_transformer_a-development-0115,text_transformer_a,text,development,composite,moderate,False,False,independent_if_else,invalid,1.0,1.0,1.0,1.0,1.0,1.0,1.0,1.0,0.3333333333333333,1.0,0.5,0.3333333333333333,0.0,6.0,0.0,0,False,0.0,0.0,False,0.0,0.03101899983448675,
text_transformer_a-development-0115,text_transformer_a,text,development,composite,moderate,False,False,typed_route_without_cut,invalid,1.0,1.0,1.0,1.0,1.0,1.0,1.0,1.0,0.3333333333333333,1.0,0.5,0.3333333333333333,0.0,6.0,0.0,0,False,0.0,0.0,False,0.0,0.06263900013436796,
text_transformer_a-development-0115,text_transformer_a,text,development,composite,moderate,False,False,full_h10,invalid,1.0,1.0,1.0,1.0,1.0,1.0,1.0,1.0,1.0,1.0,1.0,1.0,1.0,0.0,0.0,0,True,0.0,0.0,False,0.0,0.19639199990706402,78dc6ebd246ffd3a9aaf9ff8fec7d86f30d5d0dac937e4a874dad48da9b337ad
text_transformer_a-development-0116,text_transformer_a,text,development,composite,severe,False,False,independent_if_else,invalid,1.0,1.0,1.0,1.0,1.0,1.0,1.0,1.0,0.6666666666666666,1.0,0.8,0.6666666666666666,0.0,2.0,0.0,0,False,0.0,0.0,False,0.0,0.03078800000366755,
text_transformer_a-development-0116,text_transformer_a,text,development,composite,severe,False,False,typed_route_without_cut,invalid,1.0,1.0,1.0,1.0,1.0,1.0,1.0,1.0,0.6666666666666666,1.0,0.8,0.6666666666666666,0.0,2.0,0.0,0,False,0.0,0.0,False,0.0,0.07382000012512435,
text_transformer_a-development-0116,text_transformer_a,text,development,composite,severe,False,False,full_h10,invalid,1.0,1.0,1.0,1.0,1.0,1.0,1.0,1.0,1.0,1.0,1.0,1.0,1.0,0.0,0.0,0,True,0.0,0.0,False,0.0,0.1804420003281848,09f1efed8eb5c27bcf1dad8c6871dc64cde7ec812a7786964109a2c3e1096c12
text_transformer_a-development-0117,text_transformer_a,text,development,clean,none,False,False,independent_if_else,valid,1.0,1.0,1.0,1.0,1.0,1.0,1.0,1.0,1.0,1.0,1.0,1.0,1.0,0.0,0.0,0,False,0.0,0.0,False,0.0,0.018775000171444844,
text_transformer_a-development-0117,text_transformer_a,text,development,clean,none,False,False,typed_route_without_cut,valid,1.0,1.0,1.0,1.0,1.0,1.0,1.0,1.0,1.0,1.0,1.0,1.0,1.0,0.0,0.0,0,False,0.0,0.0,False,0.0,0.01966700028788182,
text_transformer_a-development-0117,text_transformer_a,text,development,clean,none,False,False,full_h10,valid,1.0,1.0,1.0,1.0,1.0,1.0,1.0,1.0,1.0,1.0,1.0,1.0,1.0,0.0,0.0,0,True,0.0,0.0,False,0.0,0.02289300027769059,b4cf1df692ffa4dcc99a00af1e9badd1c6cfa4f90c088b893a245e437bc7fd79
text_transformer_a-development-0118,text_transformer_a,text,development,unknown_ambiguous,moderate,True,True,independent_if_else,invalid,1.0,1.0,1.0,1.0,1.0,1.0,1.0,1.0,0.0,0.0,0.0,0.0,0.0,19.0,0.0,0,False,0.0,0.0,False,1.0,0.021330000436137198,
text_transformer_a-development-0118,text_transformer_a,text,development,unknown_ambiguous,moderate,True,True,typed_route_without_cut,invalid,1.0,1.0,1.0,1.0,1.0,1.0,1.0,1.0,0.0,0.0,0.0,0.0,0.0,19.0,0.0,0,False,0.0,0.0,False,1.0,0.023364999833574984,
text_transformer_a-development-0118,text_transformer_a,text,development,unknown_ambiguous,moderate,True,True,full_h10,invalid,1.0,1.0,1.0,1.0,1.0,1.0,1.0,1.0,0.0,0.0,0.0,0.0,0.0,19.0,0.0,0,True,0.0,0.0,False,1.0,0.16374999995605322,86c66e0dcbd829b3161d6d14b28f02435f2991c2d54df64fb864600a1bfc77dc
text_transformer_a-development-0119,text_transformer_a,text,development,unknown_ambiguous,severe,True,False,independent_if_else,invalid,1.0,1.0,1.0,1.0,1.0,1.0,1.0,1.0,0.0,0.0,0.0,0.0,0.0,19.0,0.0,0,False,0.0,0.0,False,1.0,0.022281999918050133,
text_transformer_a-development-0119,text_transformer_a,text,development,unknown_ambiguous,severe,True,False,typed_route_without_cut,invalid,1.0,1.0,1.0,1.0,1.0,1.0,1.0,1.0,0.0,0.0,0.0,0.0,0.0,19.0,0.0,0,False,0.0,0.0,False,1.0,0.02388499979133485,
text_transformer_a-development-0119,text_transformer_a,text,development,unknown_ambiguous,severe,True,False,full_h10,invalid,1.0,1.0,1.0,1.0,1.0,1.0,1.0,1.0,0.0,0.0,0.0,0.0,0.0,19.0,0.0,0,True,0.0,0.0,False,1.0,0.15962299994498608,85288d13dc95412217db8ecf5c513137bd342efffcb6f49d6a62a40c63e1fce0
text_transformer_a-development-0120,text_transformer_a,text,development,single,subtle,False,False,independent_if_else,invalid,1.0,1.0,1.0,1.0,1.0,1.0,1.0,1.0,1.0,1.0,1.0,1.0,1.0,0.0,0.0,0,False,0.0,0.0,False,0.0,0.022602000171900727,
text_transformer_a-development-0120,text_transformer_a,text,development,single,subtle,False,False,typed_route_without_cut,invalid,1.0,1.0,1.0,1.0,1.0,1.0,1.0,1.0,1.0,1.0,1.0,1.0,1.0,0.0,0.0,0,False,0.0,0.0,False,0.0,0.05030600004829466,
text_transformer_a-development-0120,text_transformer_a,text,development,single,subtle,False,False,full_h10,invalid,1.0,1.0,1.0,1.0,1.0,1.0,1.0,1.0,1.0,1.0,1.0,1.0,1.0,0.0,0.0,0,True,0.0,0.0,False,0.0,0.15713799984951038,2963860fb6d430212c04c16b4c0219e05d9c06fc788bc3ef371d77ff74c51ea7
text_transformer_a-development-0121,text_transformer_a,text,development,single,moderate,False,False,independent_if_else,invalid,1.0,1.0,1.0,1.0,1.0,1.0,1.0,1.0,1.0,1.0,1.0,1.0,1.0,0.0,0.0,0,False,0.0,0.0,False,0.0,0.023244000203703763,
text_transformer_a-development-0121,text_transformer_a,text,development,single,moderate,False,False,typed_route_without_cut,invalid,1.0,1.0,1.0,1.0,1.0,1.0,1.0,1.0,1.0,1.0,1.0,1.0,1.0,0.0,0.0,0,False,0.0,0.0,False,0.0,0.047280000217142515,
text_transformer_a-development-0121,text_transformer_a,text,development,single,moderate,False,False,full_h10,invalid,1.0,1.0,1.0,1.0,1.0,1.0,1.0,1.0,1.0,1.0,1.0,1.0,1.0,0.0,0.0,0,True,0.0,0.0,False,0.0,0.1552539997646818,72649a1da070806f1d838057b629c2d4e87c455b6f23433357957da91adf2aaf
text_transformer_a-development-0122,text_transformer_a,text,development,composite,severe,False,False,independent_if_else,invalid,1.0,1.0,1.0,1.0,1.0,1.0,1.0,1.0,0.6666666666666666,1.0,0.8,0.6666666666666666,0.0,1.0,0.0,0,False,0.0,0.0,False,0.0,0.03732000004674774,
text_transformer_a-development-0122,text_transformer_a,text,development,composite,severe,False,False,typed_route_without_cut,invalid,1.0,1.0,1.0,1.0,1.0,1.0,1.0,1.0,0.6666666666666666,1.0,0.8,0.6666666666666666,0.0,1.0,0.0,0,False,0.0,0.0,False,0.0,0.07005299994489178,
text_transformer_a-development-0122,text_transformer_a,text,development,composite,severe,False,False,full_h10,invalid,1.0,1.0,1.0,1.0,1.0,1.0,1.0,1.0,1.0,1.0,1.0,1.0,1.0,0.0,0.0,0,True,0.0,0.0,False,0.0,0.18193500000052154,cc0704e1bbdeed5f157f606fea6ef474cac3c7aa7096dc97dfd64ac051136fb8
text_transformer_a-development-0123,text_transformer_a,text,development,unknown_ambiguous,subtle,True,False,independent_if_else,invalid,1.0,1.0,1.0,1.0,1.0,1.0,1.0,1.0,1.0,1.0,1.0,1.0,1.0,0.0,0.0,0,False,0.0,0.0,False,1.0,0.025538000045344234,
text_transformer_a-development-0123,text_transformer_a,text,development,unknown_ambiguous,subtle,True,False,typed_route_without_cut,invalid,1.0,1.0,1.0,1.0,1.0,1.0,1.0,1.0,1.0,1.0,1.0,1.0,1.0,0.0,0.0,0,False,0.0,0.0,False,1.0,0.0486220001221227,
text_transformer_a-development-0123,text_transformer_a,text,development,unknown_ambiguous,subtle,True,False,full_h10,invalid,1.0,1.0,1.0,1.0,1.0,1.0,1.0,1.0,1.0,1.0,1.0,1.0,1.0,0.0,0.0,0,True,0.0,0.0,False,1.0,0.16560400035814382,61f006dbd0470b6346506d1a77f69d2950c897706f7d820e7a7d8de8ae3c2f31
text_transformer_a-development-0124,text_transformer_a,text,development,unknown_ambiguous,moderate,True,True,independent_if_else,insufficient_evidence,1.0,1.0,1.0,1.0,0.6666666666666666,1.0,0.8,0.6666666666666666,0.5,0.5,0.5,0.3333333333333333,0.0,19.0,2.0,1,False,0.0,0.0,True,0.0,0.029756000003544614,
text_transformer_a-development-0124,text_transformer_a,text,development,unknown_ambiguous,moderate,True,True,typed_route_without_cut,insufficient_evidence,1.0,1.0,1.0,1.0,0.6666666666666666,1.0,0.8,0.6666666666666666,0.5,0.5,0.5,0.3333333333333333,0.0,19.0,2.0,1,False,0.0,0.0,True,0.0,0.0535009999111935,
text_transformer_a-development-0124,text_transformer_a,text,development,unknown_ambiguous,moderate,True,True,full_h10,insufficient_evidence,1.0,1.0,1.0,1.0,0.6666666666666666,1.0,0.8,0.6666666666666666,0.5,0.5,0.5,0.3333333333333333,0.0,19.0,2.0,1,True,0.0,0.0,True,0.0,0.17414100011592382,f1fd3d0b0b93987286c32821f3fd4746b8be8963a78cca9cb9427ab4665d9949
text_transformer_a-development-0125,text_transformer_a,text,development,clean,none,False,False,independent_if_else,valid,1.0,1.0,1.0,1.0,1.0,1.0,1.0,1.0,1.0,1.0,1.0,1.0,1.0,0.0,0.0,0,False,0.0,0.0,False,0.0,0.01868599974841345,
text_transformer_a-development-0125,text_transformer_a,text,development,clean,none,False,False,typed_route_without_cut,valid,1.0,1.0,1.0,1.0,1.0,1.0,1.0,1.0,1.0,1.0,1.0,1.0,1.0,0.0,0.0,0,False,0.0,0.0,False,0.0,0.0188460003300861,
text_transformer_a-development-0125,text_transformer_a,text,development,clean,none,False,False,full_h10,valid,1.0,1.0,1.0,1.0,1.0,1.0,1.0,1.0,1.0,1.0,1.0,1.0,1.0,0.0,0.0,0,True,0.0,0.0,False,0.0,0.02199099981226027,6ff6dca6b120aa8b75dd9f4603acb0fbaf90432927d55bc1eb2a3bd2a4446fa1
text_transformer_a-development-0126,text_transformer_a,text,development,clean,none,False,False,independent_if_else,valid,1.0,1.0,1.0,1.0,1.0,1.0,1.0,1.0,1.0,1.0,1.0,1.0,1.0,0.0,0.0,0,False,0.0,0.0,False,0.0,0.017372999991493998,
text_transformer_a-development-0126,text_transformer_a,text,development,clean,none,False,False,typed_route_without_cut,valid,1.0,1.0,1.0,1.0,1.0,1.0,1.0,1.0,1.0,1.0,1.0,1.0,1.0,0.0,0.0,0,False,0.0,0.0,False,0.0,0.018686000203160802,
text_transformer_a-development-0126,text_transformer_a,text,development,clean,none,False,False,full_h10,valid,1.0,1.0,1.0,1.0,1.0,1.0,1.0,1.0,1.0,1.0,1.0,1.0,1.0,0.0,0.0,0,True,0.0,0.0,False,0.0,0.02089000008709263,d9d1e07719ccf804c0040ab3402185d01d9d31fca14e07565acf8f644cd7918e
text_transformer_a-development-0127,text_transformer_a,text,development,composite,moderate,False,False,independent_if_else,invalid,1.0,1.0,1.0,1.0,1.0,1.0,1.0,1.0,0.6666666666666666,1.0,0.8,0.6666666666666666,0.0,2.0,0.0,0,False,0.0,0.0,False,0.0,0.03153999978167121,
text_transformer_a-development-0127,text_transformer_a,text,development,composite,moderate,False,False,typed_route_without_cut,invalid,1.0,1.0,1.0,1.0,1.0,1.0,1.0,1.0,0.6666666666666666,1.0,0.8,0.6666666666666666,0.0,2.0,0.0,0,False,0.0,0.0,False,0.0,0.07598499996674946,
text_transformer_a-development-0127,text_transformer_a,text,development,composite,moderate,False,False,full_h10,invalid,1.0,1.0,1.0,1.0,1.0,1.0,1.0,1.0,1.0,1.0,1.0,1.0,1.0,0.0,0.0,0,True,0.0,0.0,False,0.0,0.201382999875932,1c977de5c70706a2e6e3a8383f72072df9953d7e50dcbc381b2f4a7fd4efc82a
text_transformer_a-development-0128,text_transformer_a,text,development,clean,none,False,False,independent_if_else,valid,1.0,1.0,1.0,1.0,1.0,1.0,1.0,1.0,1.0,1.0,1.0,1.0,1.0,0.0,0.0,0,False,0.0,0.0,False,0.0,0.01972800009752973,
text_transformer_a-development-0128,text_transformer_a,text,development,clean,none,False,False,typed_route_without_cut,valid,1.0,1.0,1.0,1.0,1.0,1.0,1.0,1.0,1.0,1.0,1.0,1.0,1.0,0.0,0.0,0,False,0.0,0.0,False,0.0,0.020087999928364297,
text_transformer_a-development-0128,text_transformer_a,text,development,clean,none,False,False,full_h10,valid,1.0,1.0,1.0,1.0,1.0,1.0,1.0,1.0,1.0,1.0,1.0,1.0,1.0,0.0,0.0,0,True,0.0,0.0,False,0.0,0.023313999918173067,537904cc06b1bada2d155e468309efcba6a8bd0ea777343a26b5971e4a483a0e
text_transformer_a-development-0129,text_transformer_a,text,development,single,subtle,False,False,independent_if_else,invalid,1.0,1.0,1.0,1.0,1.0,1.0,1.0,1.0,0.3333333333333333,1.0,0.5,0.3333333333333333,0.0,2.0,0.0,0,False,0.0,0.0,False,0.0,0.03565799988791696,
text_transformer_a-development-0129,text_transformer_a,text,development,single,subtle,False,False,typed_route_without_cut,invalid,1.0,1.0,1.0,1.0,1.0,1.0,1.0,1.0,0.3333333333333333,1.0,0.5,0.3333333333333333,0.0,2.0,0.0,0,False,0.0,0.0,False,0.0,0.027241000225330936,
text_transformer_a-development-0129,text_transformer_a,text,development,single,subtle,False,False,full_h10,invalid,1.0,1.0,1.0,1.0,1.0,1.0,1.0,1.0,1.0,1.0,1.0,1.0,1.0,0.0,0.0,0,True,0.0,0.0,False,0.0,0.20045000019308645,b2fa9270ae3116a74cb142d6df282a8d76fee415ff67eceb370f8b59563202ef
text_transformer_a-development-0130,text_transformer_a,text,development,unknown_ambiguous,moderate,True,True,independent_if_else,invalid,1.0,1.0,1.0,1.0,1.0,1.0,1.0,1.0,0.0,0.0,0.0,0.0,0.0,19.0,0.0,0,False,0.0,0.0,False,1.0,0.025507999907858903,
text_transformer_a-development-0130,text_transformer_a,text,development,unknown_ambiguous,moderate,True,True,typed_route_without_cut,invalid,1.0,1.0,1.0,1.0,1.0,1.0,1.0,1.0,0.0,0.0,0.0,0.0,0.0,19.0,0.0,0,False,0.0,0.0,False,1.0,0.023704999875917565,
text_transformer_a-development-0130,text_transformer_a,text,development,unknown_ambiguous,moderate,True,True,full_h10,invalid,1.0,1.0,1.0,1.0,1.0,1.0,1.0,1.0,0.0,0.0,0.0,0.0,0.0,19.0,0.0,0,True,0.0,0.0,False,1.0,0.1542429999972228,d3e046139e3b248a72686305301475db07dafab5a9c15c4081431bcab0f50d90
text_transformer_a-development-0131,text_transformer_a,text,development,single,severe,False,False,independent_if_else,invalid,1.0,1.0,1.0,1.0,1.0,1.0,1.0,1.0,1.0,1.0,1.0,1.0,1.0,0.0,0.0,0,False,0.0,0.0,False,0.0,0.022934000298846513,
text_transformer_a-development-0131,text_transformer_a,text,development,single,severe,False,False,typed_route_without_cut,invalid,1.0,1.0,1.0,1.0,1.0,1.0,1.0,1.0,1.0,1.0,1.0,1.0,1.0,0.0,0.0,0,False,0.0,0.0,False,0.0,0.048210999921138864,
text_transformer_a-development-0131,text_transformer_a,text,development,single,severe,False,False,full_h10,invalid,1.0,1.0,1.0,1.0,1.0,1.0,1.0,1.0,1.0,1.0,1.0,1.0,1.0,0.0,0.0,0,True,0.0,0.0,False,0.0,0.15871100004005712,de10dd96afe267e2a7615b176e78d587e59a1dc466505b695888b3b89a2db9f9
text_transformer_a-development-0132,text_transformer_a,text,development,composite,subtle,False,False,independent_if_else,invalid,1.0,1.0,1.0,1.0,1.0,1.0,1.0,1.0,0.6666666666666666,1.0,0.8,0.6666666666666666,0.0,2.0,0.0,0,False,0.0,0.0,False,0.0,0.028935000045748893,
text_transformer_a-development-0132,text_transformer_a,text,development,composite,subtle,False,False,typed_route_without_cut,invalid,1.0,1.0,1.0,1.0,1.0,1.0,1.0,1.0,0.6666666666666666,1.0,0.8,0.6666666666666666,0.0,2.0,0.0,0,False,0.0,0.0,False,0.0,0.07167600006141583,
text_transformer_a-development-0132,text_transformer_a,text,development,composite,subtle,False,False,full_h10,invalid,1.0,1.0,1.0,1.0,1.0,1.0,1.0,1.0,1.0,1.0,1.0,1.0,1.0,0.0,0.0,0,True,0.0,0.0,False,0.0,0.18392899983155075,8780720860e38f00536c74caeb646aab5eeec27b8d810eebfae05e22f81ea3c7
text_transformer_a-development-0133,text_transformer_a,text,development,unknown_ambiguous,moderate,True,False,independent_if_else,invalid,1.0,1.0,1.0,1.0,1.0,1.0,1.0,1.0,0.25,0.5,0.3333333333333333,0.2,0.0,37.0,0.0,0,False,0.0,0.0,False,1.0,0.029977000394865172,
text_transformer_a-development-0133,text_transformer_a,text,development,unknown_ambiguous,moderate,True,False,typed_route_without_cut,invalid,1.0,1.0,1.0,1.0,1.0,1.0,1.0,1.0,0.25,0.5,0.3333333333333333,0.2,0.0,37.0,0.0,0,False,0.0,0.0,False,1.0,0.04021600034320727,
text_transformer_a-development-0133,text_transformer_a,text,development,unknown_ambiguous,moderate,True,False,full_h10,invalid,1.0,1.0,1.0,1.0,1.0,1.0,1.0,1.0,0.3333333333333333,0.5,0.4,0.25,0.0,36.0,0.0,0,True,0.0,0.0,False,1.0,0.18552199981058948,5f4c960e86788a1dd31c3d14fa1267621673083396de1cd35db6e121c93db6f0
text_transformer_a-development-0134,text_transformer_a,text,development,composite,severe,False,False,independent_if_else,invalid,1.0,1.0,1.0,1.0,1.0,1.0,1.0,1.0,0.5,1.0,0.6666666666666666,0.5,0.0,1.0,0.0,0,False,0.0,0.0,False,0.0,0.027020999823434977,
text_transformer_a-development-0134,text_transformer_a,text,development,composite,severe,False,False,typed_route_without_cut,invalid,1.0,1.0,1.0,1.0,1.0,1.0,1.0,1.0,0.5,1.0,0.6666666666666666,0.5,0.0,1.0,0.0,0,False,0.0,0.0,False,0.0,0.0649129997327691,
text_transformer_a-development-0134,text_transformer_a,text,development,composite,severe,False,False,full_h10,invalid,1.0,1.0,1.0,1.0,1.0,1.0,1.0,1.0,1.0,1.0,1.0,1.0,1.0,0.0,0.0,0,True,0.0,0.0,False,0.0,0.17854799989436287,26b90bca583a39a83b970ece7e4c3677dfe9862713ff09b59eec39953d15a0c1
text_transformer_a-development-0135,text_transformer_a,text,development,unknown_ambiguous,subtle,True,False,independent_if_else,invalid,1.0,1.0,1.0,1.0,1.0,1.0,1.0,1.0,1.0,1.0,1.0,1.0,1.0,0.0,0.0,0,False,0.0,0.0,False,1.0,0.023084000076778466,
text_transformer_a-development-0135,text_transformer_a,text,development,unknown_ambiguous,subtle,True,False,typed_route_without_cut,invalid,1.0,1.0,1.0,1.0,1.0,1.0,1.0,1.0,1.0,1.0,1.0,1.0,1.0,0.0,0.0,0,False,0.0,0.0,False,1.0,0.04355200007921667,
text_transformer_a-development-0135,text_transformer_a,text,development,unknown_ambiguous,subtle,True,False,full_h10,invalid,1.0,1.0,1.0,1.0,1.0,1.0,1.0,1.0,1.0,1.0,1.0,1.0,1.0,0.0,0.0,0,True,0.0,0.0,False,1.0,0.1567770000292512,8bd2d16231898bb683b24d6dd188d1f860e4cc7f013b84485fe898ac02c4b758
text_transformer_a-development-0136,text_transformer_a,text,development,clean,none,False,False,independent_if_else,valid,1.0,1.0,1.0,1.0,1.0,1.0,1.0,1.0,1.0,1.0,1.0,1.0,1.0,0.0,0.0,0,False,0.0,0.0,False,0.0,0.017903999832924455,
text_transformer_a-development-0136,text_transformer_a,text,development,clean,none,False,False,typed_route_without_cut,valid,1.0,1.0,1.0,1.0,1.0,1.0,1.0,1.0,1.0,1.0,1.0,1.0,1.0,0.0,0.0,0,False,0.0,0.0,False,0.0,0.017953999758901773,
text_transformer_a-development-0136,text_transformer_a,text,development,clean,none,False,False,full_h10,valid,1.0,1.0,1.0,1.0,1.0,1.0,1.0,1.0,1.0,1.0,1.0,1.0,1.0,0.0,0.0,0,True,0.0,0.0,False,0.0,0.01952700040419586,5e7b14eca78d3ce7408320121cbebf2eb1c66d28c13c0998ef682945606ce035
text_transformer_a-development-0137,text_transformer_a,text,development,single,severe,False,False,independent_if_else,invalid,1.0,1.0,1.0,1.0,1.0,1.0,1.0,1.0,1.0,1.0,1.0,1.0,1.0,0.0,0.0,0,False,0.0,0.0,False,0.0,0.020499000129348133,
text_transformer_a-development-0137,text_transformer_a,text,development,single,severe,False,False,typed_route_without_cut,invalid,1.0,1.0,1.0,1.0,1.0,1.0,1.0,1.0,1.0,1.0,1.0,1.0,1.0,0.0,0.0,0,False,0.0,0.0,False,0.0,0.046378000206459546,
text_transformer_a-development-0137,text_transformer_a,text,development,single,severe,False,False,full_h10,invalid,1.0,1.0,1.0,1.0,1.0,1.0,1.0,1.0,1.0,1.0,1.0,1.0,1.0,0.0,0.0,0,True,0.0,0.0,False,0.0,0.15343100039899582,b42ac09b000a999c93765d9a0f7699f67ae62c6f7f780629b76792d9845d4b9c
text_transformer_a-development-0138,text_transformer_a,text,development,unknown_ambiguous,subtle,True,True,independent_if_else,invalid,1.0,1.0,1.0,1.0,1.0,1.0,1.0,1.0,0.25,0.5,0.3333333333333333,0.2,0.0,37.0,0.0,0,False,0.0,0.0,False,1.0,0.029084999823680846,
text_transformer_a-development-0138,text_transformer_a,text,development,unknown_ambiguous,subtle,True,True,typed_route_without_cut,invalid,1.0,1.0,1.0,1.0,1.0,1.0,1.0,1.0,0.25,0.5,0.3333333333333333,0.2,0.0,37.0,0.0,0,False,0.0,0.0,False,1.0,0.03325299985590391,
text_transformer_a-development-0138,text_transformer_a,text,development,unknown_ambiguous,subtle,True,True,full_h10,invalid,1.0,1.0,1.0,1.0,1.0,1.0,1.0,1.0,0.3333333333333333,0.5,0.4,0.25,0.0,36.0,0.0,0,True,0.0,0.0,False,1.0,0.17853899998954148,ac1a6e3ba3c0ea7744bf851a8b0d77a6a74d6a1ffb5045af682a2477470ffb09
text_transformer_a-development-0139,text_transformer_a,text,development,clean,none,False,False,independent_if_else,valid,1.0,1.0,1.0,1.0,1.0,1.0,1.0,1.0,1.0,1.0,1.0,1.0,1.0,0.0,0.0,0,False,0.0,0.0,False,0.0,0.0178339996637078,
text_transformer_a-development-0139,text_transformer_a,text,development,clean,none,False,False,typed_route_without_cut,valid,1.0,1.0,1.0,1.0,1.0,1.0,1.0,1.0,1.0,1.0,1.0,1.0,1.0,0.0,0.0,0,False,0.0,0.0,False,0.0,0.02386599999226746,
text_transformer_a-development-0139,text_transformer_a,text,development,clean,none,False,False,full_h10,valid,1.0,1.0,1.0,1.0,1.0,1.0,1.0,1.0,1.0,1.0,1.0,1.0,1.0,0.0,0.0,0,True,0.0,0.0,False,0.0,0.02048900023510214,43b759fcb4cb94f3ee79b3e65d9199efe441e663f33f1c5f45afa21110d48ef3
text_transformer_a-development-0140,text_transformer_a,text,development,composite,severe,False,False,independent_if_else,invalid,1.0,1.0,1.0,1.0,1.0,1.0,1.0,1.0,0.6666666666666666,1.0,0.8,0.6666666666666666,0.0,2.0,0.0,0,False,0.0,0.0,False,0.0,0.028624000151467044,
text_transformer_a-development-0140,text_transformer_a,text,development,composite,severe,False,False,typed_route_without_cut,invalid,1.0,1.0,1.0,1.0,1.0,1.0,1.0,1.0,0.6666666666666666,1.0,0.8,0.6666666666666666,0.0,2.0,0.0,0,False,0.0,0.0,False,0.0,0.05845099985890556,
text_transformer_a-development-0140,text_transformer_a,text,development,composite,severe,False,False,full_h10,invalid,1.0,1.0,1.0,1.0,1.0,1.0,1.0,1.0,1.0,1.0,1.0,1.0,1.0,0.0,0.0,0,True,0.0,0.0,False,0.0,0.1767860003383248,ca3546aa23b918033448a78d30d959199c4ab87626d3503834c32faa60b32d51
text_transformer_a-development-0141,text_transformer_a,text,development,unknown_ambiguous,subtle,True,False,independent_if_else,invalid,1.0,1.0,1.0,1.0,1.0,1.0,1.0,1.0,0.5,0.5,0.5,0.3333333333333333,0.0,19.0,0.0,0,False,0.0,0.0,False,1.0,0.025198000003001653,
text_transformer_a-development-0141,text_transformer_a,text,development,unknown_ambiguous,subtle,True,False,typed_route_without_cut,invalid,1.0,1.0,1.0,1.0,1.0,1.0,1.0,1.0,0.5,0.5,0.5,0.3333333333333333,0.0,19.0,0.0,0,False,0.0,0.0,False,1.0,0.06332000020847772,
text_transformer_a-development-0141,text_transformer_a,text,development,unknown_ambiguous,subtle,True,False,full_h10,invalid,1.0,1.0,1.0,1.0,1.0,1.0,1.0,1.0,0.5,0.5,0.5,0.3333333333333333,0.0,19.0,0.0,0,True,0.0,0.0,False,1.0,0.167747999967105,c732f6406f7cf5a3d80f7c2f85163abcf32e4af628e33c7beec5d3b4f289762c
text_transformer_a-development-0142,text_transformer_a,text,development,unknown_ambiguous,moderate,True,True,independent_if_else,insufficient_evidence,1.0,1.0,1.0,1.0,0.7142857142857143,1.0,0.8333333333333333,0.7142857142857143,0.4,0.6666666666666666,0.5,0.3333333333333333,0.0,37.0,4.0,2,False,0.0,0.0,True,0.0,0.03906400024789036,
text_transformer_a-development-0142,text_transformer_a,text,development,unknown_ambiguous,moderate,True,True,typed_route_without_cut,insufficient_evidence,1.0,1.0,1.0,1.0,0.7142857142857143,1.0,0.8333333333333333,0.7142857142857143,0.4,0.6666666666666666,0.5,0.3333333333333333,0.0,37.0,4.0,2,False,0.0,0.0,True,0.0,0.0684800002090924,
text_transformer_a-development-0142,text_transformer_a,text,development,unknown_ambiguous,moderate,True,True,full_h10,insufficient_evidence,1.0,1.0,1.0,1.0,0.7142857142857143,1.0,0.8333333333333333,0.7142857142857143,0.5,0.6666666666666666,0.5714285714285715,0.4,0.0,36.0,4.0,2,True,0.0,0.0,True,0.0,0.20872599998256192,0ac8466433521c5e8780007ad8a190dcfb55ca9a231fbb235668228a9a123396
text_transformer_a-development-0143,text_transformer_a,text,development,clean,none,False,False,independent_if_else,valid,1.0,1.0,1.0,1.0,1.0,1.0,1.0,1.0,1.0,1.0,1.0,1.0,1.0,0.0,0.0,0,False,0.0,0.0,False,0.0,0.01839500009737094,
text_transformer_a-development-0143,text_transformer_a,text,development,clean,none,False,False,typed_route_without_cut,valid,1.0,1.0,1.0,1.0,1.0,1.0,1.0,1.0,1.0,1.0,1.0,1.0,1.0,0.0,0.0,0,False,0.0,0.0,False,0.0,0.01876600026662345,
text_transformer_a-development-0143,text_transformer_a,text,development,clean,none,False,False,full_h10,valid,1.0,1.0,1.0,1.0,1.0,1.0,1.0,1.0,1.0,1.0,1.0,1.0,1.0,0.0,0.0,0,True,0.0,0.0,False,0.0,0.020790000235137995,b2326975854736f168ba93fa6cde75d3859b667547ef657f14f496f40be96b83
text_transformer_a-development-0144,text_transformer_a,text,development,composite,subtle,False,False,independent_if_else,invalid,1.0,1.0,1.0,1.0,1.0,1.0,1.0,1.0,0.6666666666666666,1.0,0.8,0.6666666666666666,0.0,2.0,0.0,0,False,0.0,0.0,False,0.0,0.02836400017258711,
text_transformer_a-development-0144,text_transformer_a,text,development,composite,subtle,False,False,typed_route_without_cut,invalid,1.0,1.0,1.0,1.0,1.0,1.0,1.0,1.0,0.6666666666666666,1.0,0.8,0.6666666666666666,0.0,2.0,0.0,0,False,0.0,0.0,False,0.0,0.07216699987111497,
text_transformer_a-development-0144,text_transformer_a,text,development,composite,subtle,False,False,full_h10,invalid,1.0,1.0,1.0,1.0,1.0,1.0,1.0,1.0,1.0,1.0,1.0,1.0,1.0,0.0,0.0,0,True,0.0,0.0,False,0.0,0.17241700015802053,b2177d810c0e12357dcd0bce5477dbaa5accb39e2f1b97551b5128cf523a8074
text_transformer_a-development-0145,text_transformer_a,text,development,unknown_ambiguous,moderate,True,False,independent_if_else,invalid,1.0,1.0,1.0,1.0,1.0,1.0,1.0,1.0,0.2,0.5,0.28571428571428575,0.16666666666666666,0.0,39.0,0.0,0,False,0.0,0.0,False,1.0,0.033803999940573703,
text_transformer_a-development-0145,text_transformer_a,text,development,unknown_ambiguous,moderate,True,False,typed_route_without_cut,invalid,1.0,1.0,1.0,1.0,1.0,1.0,1.0,1.0,0.2,0.5,0.28571428571428575,0.16666666666666666,0.0,39.0,0.0,0,False,0.0,0.0,False,1.0,0.07182699982877239,
text_transformer_a-development-0145,text_transformer_a,text,development,unknown_ambiguous,moderate,True,False,full_h10,invalid,1.0,1.0,1.0,1.0,1.0,1.0,1.0,1.0,0.3333333333333333,0.5,0.4,0.25,0.0,36.0,0.0,0,True,0.0,0.0,False,1.0,0.19521099966368638,87a34626537d2c24b0034cba915ba39800d62b589ce00f564b7adc080faba119
text_transformer_a-development-0146,text_transformer_a,text,development,composite,severe,False,False,independent_if_else,invalid,1.0,1.0,1.0,1.0,1.0,1.0,1.0,1.0,1.0,1.0,1.0,1.0,1.0,0.0,0.0,0,False,0.0,0.0,False,0.0,0.026140000045415945,
text_transformer_a-development-0146,text_transformer_a,text,development,composite,severe,False,False,typed_route_without_cut,invalid,1.0,1.0,1.0,1.0,1.0,1.0,1.0,1.0,1.0,1.0,1.0,1.0,1.0,0.0,0.0,0,False,0.0,0.0,False,0.0,0.04902299997411319,
text_transformer_a-development-0146,text_transformer_a,text,development,composite,severe,False,False,full_h10,invalid,1.0,1.0,1.0,1.0,1.0,1.0,1.0,1.0,1.0,1.0,1.0,1.0,1.0,0.0,0.0,0,True,0.0,0.0,False,0.0,0.16397099989262642,05378b4c8db2d8a2c02894720fccb4993f8154a7c372c58cd91f2de5bb771b70
text_transformer_a-development-0147,text_transformer_a,text,development,clean,none,False,False,independent_if_else,valid,1.0,1.0,1.0,1.0,1.0,1.0,1.0,1.0,1.0,1.0,1.0,1.0,1.0,0.0,0.0,0,False,0.0,0.0,False,0.0,0.01873600012913812,
text_transformer_a-development-0147,text_transformer_a,text,development,clean,none,False,False,typed_route_without_cut,valid,1.0,1.0,1.0,1.0,1.0,1.0,1.0,1.0,1.0,1.0,1.0,1.0,1.0,0.0,0.0,0,False,0.0,0.0,False,0.0,0.017893999938678462,
text_transformer_a-development-0147,text_transformer_a,text,development,clean,none,False,False,full_h10,valid,1.0,1.0,1.0,1.0,1.0,1.0,1.0,1.0,1.0,1.0,1.0,1.0,1.0,0.0,0.0,0,True,0.0,0.0,False,0.0,0.021601000298687723,0949911426e294005a04ceafa75fdb4f0d2ff212ebdb03f66f7ffd97829170fe
text_transformer_a-development-0148,text_transformer_a,text,development,unknown_ambiguous,moderate,True,True,independent_if_else,insufficient_evidence,1.0,1.0,1.0,1.0,0.3333333333333333,1.0,0.5,0.3333333333333333,1.0,1.0,1.0,1.0,1.0,0.0,4.0,2,False,0.0,0.0,True,0.0,0.028012999791826587,
text_transformer_a-development-0148,text_transformer_a,text,development,unknown_ambiguous,moderate,True,True,typed_route_without_cut,insufficient_evidence,1.0,1.0,1.0,1.0,0.3333333333333333,1.0,0.5,0.3333333333333333,1.0,1.0,1.0,1.0,1.0,0.0,4.0,2,False,0.0,0.0,True,0.0,0.07047400004012161,
text_transformer_a-development-0148,text_transformer_a,text,development,unknown_ambiguous,moderate,True,True,full_h10,insufficient_evidence,1.0,1.0,1.0,1.0,0.3333333333333333,1.0,0.5,0.3333333333333333,1.0,1.0,1.0,1.0,1.0,0.0,4.0,2,True,0.0,0.0,True,0.0,0.17552300005263533,84983d282884e04c9f9c379245f06fcd28dabde54b9c513c61440c4b4df70d19
text_transformer_a-development-0149,text_transformer_a,text,development,single,severe,False,False,independent_if_else,invalid,1.0,1.0,1.0,1.0,1.0,1.0,1.0,1.0,1.0,1.0,1.0,1.0,1.0,0.0,0.0,0,False,0.0,0.0,False,0.0,0.023134000002755783,
text_transformer_a-development-0149,text_transformer_a,text,development,single,severe,False,False,typed_route_without_cut,invalid,1.0,1.0,1.0,1.0,1.0,1.0,1.0,1.0,1.0,1.0,1.0,1.0,1.0,0.0,0.0,0,False,0.0,0.0,False,0.0,0.06208800004969817,
text_transformer_a-development-0149,text_transformer_a,text,development,single,severe,False,False,full_h10,invalid,1.0,1.0,1.0,1.0,1.0,1.0,1.0,1.0,1.0,1.0,1.0,1.0,1.0,0.0,0.0,0,True,0.0,0.0,False,0.0,0.16506299971297267,78a464dc6d2ab4a497ca4177cbb2f3ed356b0ee2faba6f7c06209a0576114575
text_encoder_b-development-0000,text_encoder_b,text,development,clean,none,False,False,independent_if_else,valid,1.0,1.0,1.0,1.0,1.0,1.0,1.0,1.0,1.0,1.0,1.0,1.0,1.0,0.0,0.0,0,False,0.0,0.0,False,0.0,0.01777399984348449,
text_encoder_b-development-0000,text_encoder_b,text,development,clean,none,False,False,typed_route_without_cut,valid,1.0,1.0,1.0,1.0,1.0,1.0,1.0,1.0,1.0,1.0,1.0,1.0,1.0,0.0,0.0,0,False,0.0,0.0,False,0.0,0.018224999621452298,
text_encoder_b-development-0000,text_encoder_b,text,development,clean,none,False,False,full_h10,valid,1.0,1.0,1.0,1.0,1.0,1.0,1.0,1.0,1.0,1.0,1.0,1.0,1.0,0.0,0.0,0,True,0.0,0.0,False,0.0,0.020058000245626317,73ca602ee4d89ea305ebf0760eb6abacd25b5725c4ad33df7e42a7568d29751f
text_encoder_b-development-0001,text_encoder_b,text,development,clean,none,False,False,independent_if_else,valid,1.0,1.0,1.0,1.0,1.0,1.0,1.0,1.0,1.0,1.0,1.0,1.0,1.0,0.0,0.0,0,False,0.0,0.0,False,0.0,0.01684200015006354,
text_encoder_b-development-0001,text_encoder_b,text,development,clean,none,False,False,typed_route_without_cut,valid,1.0,1.0,1.0,1.0,1.0,1.0,1.0,1.0,1.0,1.0,1.0,1.0,1.0,0.0,0.0,0,False,0.0,0.0,False,0.0,0.01803399982236442,
text_encoder_b-development-0001,text_encoder_b,text,development,clean,none,False,False,full_h10,valid,1.0,1.0,1.0,1.0,1.0,1.0,1.0,1.0,1.0,1.0,1.0,1.0,1.0,0.0,0.0,0,True,0.0,0.0,False,0.0,0.018725000245467527,c346ba412e9de2991df49ac4c39df654449dbf981d9d1d7be60126fdefe39c22
text_encoder_b-development-0002,text_encoder_b,text,development,unknown_ambiguous,severe,True,True,independent_if_else,invalid,1.0,1.0,1.0,1.0,1.0,1.0,1.0,1.0,0.0,0.0,0.0,0.0,0.0,19.0,0.0,0,False,0.0,0.0,False,1.0,0.019917999907193007,
text_encoder_b-development-0002,text_encoder_b,text,development,unknown_ambiguous,severe,True,True,typed_route_without_cut,invalid,1.0,1.0,1.0,1.0,1.0,1.0,1.0,1.0,0.0,0.0,0.0,0.0,0.0,19.0,0.0,0,False,0.0,0.0,False,1.0,0.022071999865147518,
text_encoder_b-development-0002,text_encoder_b,text,development,unknown_ambiguous,severe,True,True,full_h10,invalid,1.0,1.0,1.0,1.0,1.0,1.0,1.0,1.0,0.0,0.0,0.0,0.0,0.0,19.0,0.0,0,True,0.0,0.0,False,1.0,0.15326099992307718,b6ccd31599906558431b97de161e81469c8f22216795cf74ce7c10d85c11bdde
text_encoder_b-development-0003,text_encoder_b,text,development,single,subtle,False,False,independent_if_else,invalid,1.0,1.0,1.0,1.0,1.0,1.0,1.0,1.0,1.0,1.0,1.0,1.0,1.0,0.0,0.0,0,False,0.0,0.0,False,0.0,0.023244000203703763,
text_encoder_b-development-0003,text_encoder_b,text,development,single,subtle,False,False,typed_route_without_cut,invalid,1.0,1.0,1.0,1.0,1.0,1.0,1.0,1.0,1.0,1.0,1.0,1.0,1.0,0.0,0.0,0,False,0.0,0.0,False,0.0,0.049574000058782985,
text_encoder_b-development-0003,text_encoder_b,text,development,single,subtle,False,False,full_h10,invalid,1.0,1.0,1.0,1.0,1.0,1.0,1.0,1.0,1.0,1.0,1.0,1.0,1.0,0.0,0.0,0,True,0.0,0.0,False,0.0,0.16526400031580124,8f070da8478f6d51f386f9b7c6c68f9a54025bfb842a2a683f184f10e194943c
text_encoder_b-development-0004,text_encoder_b,text,development,clean,none,False,False,independent_if_else,valid,1.0,1.0,1.0,1.0,1.0,1.0,1.0,1.0,1.0,1.0,1.0,1.0,1.0,0.0,0.0,0,False,0.0,0.0,False,0.0,0.01794400031940313,
text_encoder_b-development-0004,text_encoder_b,text,development,clean,none,False,False,typed_route_without_cut,valid,1.0,1.0,1.0,1.0,1.0,1.0,1.0,1.0,1.0,1.0,1.0,1.0,1.0,0.0,0.0,0,False,0.0,0.0,False,0.0,0.01817500015022233,
text_encoder_b-development-0004,text_encoder_b,text,development,clean,none,False,False,full_h10,valid,1.0,1.0,1.0,1.0,1.0,1.0,1.0,1.0,1.0,1.0,1.0,1.0,1.0,0.0,0.0,0,True,0.0,0.0,False,0.0,0.020568999843817437,c5f19cdb9ee113b86f43f03ffc54c0458ceb06431c1e32637edb128bde4d83ad
text_encoder_b-development-0005,text_encoder_b,text,development,composite,severe,False,False,independent_if_else,invalid,1.0,1.0,1.0,1.0,1.0,1.0,1.0,1.0,1.0,1.0,1.0,1.0,1.0,0.0,0.0,0,False,0.0,0.0,False,0.0,0.023794999833626207,
text_encoder_b-development-0005,text_encoder_b,text,development,composite,severe,False,False,typed_route_without_cut,invalid,1.0,1.0,1.0,1.0,1.0,1.0,1.0,1.0,1.0,1.0,1.0,1.0,1.0,0.0,0.0,0,False,0.0,0.0,False,0.0,0.06484300001829979,
text_encoder_b-development-0005,text_encoder_b,text,development,composite,severe,False,False,full_h10,invalid,1.0,1.0,1.0,1.0,1.0,1.0,1.0,1.0,1.0,1.0,1.0,1.0,1.0,0.0,0.0,0,True,0.0,0.0,False,0.0,0.1683589998719981,30053145bced2f5a984ba51fba7e5b568e66e75b88469370dffb148656e4739d
text_encoder_b-development-0006,text_encoder_b,text,development,composite,subtle,False,False,independent_if_else,invalid,1.0,1.0,1.0,1.0,1.0,1.0,1.0,1.0,1.0,1.0,1.0,1.0,1.0,0.0,0.0,0,False,0.0,0.0,False,0.0,0.02445700010866858,
text_encoder_b-development-0006,text_encoder_b,text,development,composite,subtle,False,False,typed_route_without_cut,invalid,1.0,1.0,1.0,1.0,1.0,1.0,1.0,1.0,1.0,1.0,1.0,1.0,1.0,0.0,0.0,0,False,0.0,0.0,False,0.0,0.06420099998649675,
text_encoder_b-development-0006,text_encoder_b,text,development,composite,subtle,False,False,full_h10,invalid,1.0,1.0,1.0,1.0,1.0,1.0,1.0,1.0,1.0,1.0,1.0,1.0,1.0,0.0,0.0,0,True,0.0,0.0,False,0.0,0.15786999983902206,6f2b77d7c5bb1a64e143f99beb4d13f87ad89b0bf97fa4cf27ceab77fd7cc32a
text_encoder_b-development-0007,text_encoder_b,text,development,unknown_ambiguous,moderate,True,False,independent_if_else,invalid,1.0,1.0,1.0,1.0,1.0,1.0,1.0,1.0,0.25,0.5,0.3333333333333333,0.2,0.0,37.0,0.0,0,False,0.0,0.0,False,1.0,0.02909500017267419,
text_encoder_b-development-0007,text_encoder_b,text,development,unknown_ambiguous,moderate,True,False,typed_route_without_cut,invalid,1.0,1.0,1.0,1.0,1.0,1.0,1.0,1.0,0.25,0.5,0.3333333333333333,0.2,0.0,37.0,0.0,0,False,0.0,0.0,False,1.0,0.03263200005676481,
text_encoder_b-development-0007,text_encoder_b,text,development,unknown_ambiguous,moderate,True,False,full_h10,invalid,1.0,1.0,1.0,1.0,1.0,1.0,1.0,1.0,0.3333333333333333,0.5,0.4,0.25,0.0,36.0,0.0,0,True,0.0,0.0,False,1.0,0.18564299989520805,68200fe76f65e481cf0f47cb988581a8806067b075897510dd8391ba391c3228
text_encoder_b-development-0008,text_encoder_b,text,development,clean,none,False,False,independent_if_else,valid,1.0,1.0,1.0,1.0,1.0,1.0,1.0,1.0,1.0,1.0,1.0,1.0,1.0,0.0,0.0,0,False,0.0,0.0,False,0.0,0.017653999748290516,
text_encoder_b-development-0008,text_encoder_b,text,development,clean,none,False,False,typed_route_without_cut,valid,1.0,1.0,1.0,1.0,1.0,1.0,1.0,1.0,1.0,1.0,1.0,1.0,1.0,0.0,0.0,0,False,0.0,0.0,False,0.0,0.01825399976951303,
text_encoder_b-development-0008,text_encoder_b,text,development,clean,none,False,False,full_h10,valid,1.0,1.0,1.0,1.0,1.0,1.0,1.0,1.0,1.0,1.0,1.0,1.0,1.0,0.0,0.0,0,True,0.0,0.0,False,0.0,0.02000799986490165,b7cc8751924614ae5189460a12718e7bfbd99bb7998afa28c441a3505980db59
text_encoder_b-development-0009,text_encoder_b,text,development,single,subtle,False,False,independent_if_else,invalid,1.0,1.0,1.0,1.0,1.0,1.0,1.0,1.0,1.0,1.0,1.0,1.0,1.0,0.0,0.0,0,False,0.0,0.0,False,0.0,0.021720999939134344,
text_encoder_b-development-0009,text_encoder_b,text,development,single,subtle,False,False,typed_route_without_cut,invalid,1.0,1.0,1.0,1.0,1.0,1.0,1.0,1.0,1.0,1.0,1.0,1.0,1.0,0.0,0.0,0,False,0.0,0.0,False,0.0,0.04643800002668286,
text_encoder_b-development-0009,text_encoder_b,text,development,single,subtle,False,False,full_h10,invalid,1.0,1.0,1.0,1.0,1.0,1.0,1.0,1.0,1.0,1.0,1.0,1.0,1.0,0.0,0.0,0,True,0.0,0.0,False,0.0,0.15438299988090876,93ae997732bcd8199aeb7a0bde200fc234ac35757508eed9d074d1c99fc73fae
text_encoder_b-development-0010,text_encoder_b,text,development,unknown_ambiguous,moderate,True,True,independent_if_else,insufficient_evidence,1.0,1.0,1.0,1.0,0.3333333333333333,1.0,0.5,0.3333333333333333,1.0,1.0,1.0,1.0,1.0,0.0,4.0,2,False,0.0,0.0,True,0.0,0.028143000236013904,
text_encoder_b-development-0010,text_encoder_b,text,development,unknown_ambiguous,moderate,True,True,typed_route_without_cut,insufficient_evidence,1.0,1.0,1.0,1.0,0.3333333333333333,1.0,0.5,0.3333333333333333,1.0,1.0,1.0,1.0,1.0,0.0,4.0,2,False,0.0,0.0,True,0.0,0.05349200000637211,
text_encoder_b-development-0010,text_encoder_b,text,development,unknown_ambiguous,moderate,True,True,full_h10,insufficient_evidence,1.0,1.0,1.0,1.0,0.3333333333333333,1.0,0.5,0.3333333333333333,1.0,1.0,1.0,1.0,1.0,0.0,4.0,2,True,0.0,0.0,True,0.0,0.16335999998773332,832c20a8203c0551fda25119a857fa83ce45eb7fb78f2737a610dbe452ecd3ff
text_encoder_b-development-0011,text_encoder_b,text,development,unknown_ambiguous,severe,True,False,independent_if_else,invalid,1.0,1.0,1.0,1.0,1.0,1.0,1.0,1.0,0.0,0.0,0.0,0.0,0.0,19.0,0.0,0,False,0.0,0.0,False,1.0,0.02134099986506044,
text_encoder_b-development-0011,text_encoder_b,text,development,unknown_ambiguous,severe,True,False,typed_route_without_cut,invalid,1.0,1.0,1.0,1.0,1.0,1.0,1.0,1.0,0.0,0.0,0.0,0.0,0.0,19.0,0.0,0,False,0.0,0.0,False,1.0,0.022512000214192085,
text_encoder_b-development-0011,text_encoder_b,text,development,unknown_ambiguous,severe,True,False,full_h10,invalid,1.0,1.0,1.0,1.0,1.0,1.0,1.0,1.0,0.0,0.0,0.0,0.0,0.0,19.0,0.0,0,True,0.0,0.0,False,1.0,0.1546939997751906,d0b64097926d4fac3ab14dc60225da54515f333f0f1e4ac69f50c1e13e2ac615
text_encoder_b-development-0012,text_encoder_b,text,development,single,subtle,False,False,independent_if_else,invalid,1.0,1.0,1.0,1.0,1.0,1.0,1.0,1.0,1.0,1.0,1.0,1.0,1.0,0.0,0.0,0,False,0.0,0.0,False,0.0,0.022231999992072815,
text_encoder_b-development-0012,text_encoder_b,text,development,single,subtle,False,False,typed_route_without_cut,invalid,1.0,1.0,1.0,1.0,1.0,1.0,1.0,1.0,1.0,1.0,1.0,1.0,1.0,0.0,0.0,0,False,0.0,0.0,False,0.0,0.06719699968016357,
text_encoder_b-development-0012,text_encoder_b,text,development,single,subtle,False,False,full_h10,invalid,1.0,1.0,1.0,1.0,1.0,1.0,1.0,1.0,1.0,1.0,1.0,1.0,1.0,0.0,0.0,0,True,0.0,0.0,False,0.0,0.15819999998711864,17a5cf280e37d930dabcf469ea1d33f6ac2e2e444188f599fafa595b16709b27
text_encoder_b-development-0013,text_encoder_b,text,development,single,moderate,False,False,independent_if_else,invalid,1.0,1.0,1.0,1.0,1.0,1.0,1.0,1.0,1.0,1.0,1.0,1.0,1.0,0.0,0.0,0,False,0.0,0.0,False,0.0,0.021289999949658522,
text_encoder_b-development-0013,text_encoder_b,text,development,single,moderate,False,False,typed_route_without_cut,invalid,1.0,1.0,1.0,1.0,1.0,1.0,1.0,1.0,1.0,1.0,1.0,1.0,1.0,0.0,0.0,0,False,0.0,0.0,False,0.0,0.0227230002565193,
text_encoder_b-development-0013,text_encoder_b,text,development,single,moderate,False,False,full_h10,invalid,1.0,1.0,1.0,1.0,1.0,1.0,1.0,1.0,1.0,1.0,1.0,1.0,1.0,0.0,0.0,0,True,0.0,0.0,False,0.0,0.14869200003886363,cf98b0d849089ead2c3847394b2056d985397d6c01e466fa3349940114e5cd49
text_encoder_b-development-0014,text_encoder_b,text,development,unknown_ambiguous,severe,True,True,independent_if_else,insufficient_evidence,1.0,1.0,1.0,1.0,0.3333333333333333,1.0,0.5,0.3333333333333333,1.0,1.0,1.0,1.0,1.0,0.0,4.0,2,False,0.0,0.0,True,0.0,0.027862000024470035,
text_encoder_b-development-0014,text_encoder_b,text,development,unknown_ambiguous,severe,True,True,typed_route_without_cut,insufficient_evidence,1.0,1.0,1.0,1.0,0.3333333333333333,1.0,0.5,0.3333333333333333,1.0,1.0,1.0,1.0,1.0,0.0,4.0,2,False,0.0,0.0,True,0.0,0.053511999794864096,
text_encoder_b-development-0014,text_encoder_b,text,development,unknown_ambiguous,severe,True,True,full_h10,insufficient_evidence,1.0,1.0,1.0,1.0,0.3333333333333333,1.0,0.5,0.3333333333333333,1.0,1.0,1.0,1.0,1.0,0.0,4.0,2,True,0.0,0.0,True,0.0,0.17217699996763258,e67219e28a9ac5602846cc68c9eb986005f6fdb723bd64c4692b3e445e5ec805
text_encoder_b-development-0015,text_encoder_b,text,development,clean,none,False,False,independent_if_else,valid,1.0,1.0,1.0,1.0,1.0,1.0,1.0,1.0,1.0,1.0,1.0,1.0,1.0,0.0,0.0,0,False,0.0,0.0,False,0.0,0.017963999653147766,
text_encoder_b-development-0015,text_encoder_b,text,development,clean,none,False,False,typed_route_without_cut,valid,1.0,1.0,1.0,1.0,1.0,1.0,1.0,1.0,1.0,1.0,1.0,1.0,1.0,0.0,0.0,0,False,0.0,0.0,False,0.0,0.018614999589772196,
text_encoder_b-development-0015,text_encoder_b,text,development,clean,none,False,False,full_h10,valid,1.0,1.0,1.0,1.0,1.0,1.0,1.0,1.0,1.0,1.0,1.0,1.0,1.0,0.0,0.0,0,True,0.0,0.0,False,0.0,0.020989999939047266,89b3628d7ac45bfcb6315dae2b5d5e73846dc076c0afb2b89f1b8971275a9ed1
text_encoder_b-development-0016,text_encoder_b,text,development,composite,moderate,False,False,independent_if_else,invalid,1.0,1.0,1.0,1.0,1.0,1.0,1.0,1.0,1.0,1.0,1.0,1.0,1.0,0.0,0.0,0,False,0.0,0.0,False,0.0,0.025007999738591025,
text_encoder_b-development-0016,text_encoder_b,text,development,composite,moderate,False,False,typed_route_without_cut,invalid,1.0,1.0,1.0,1.0,1.0,1.0,1.0,1.0,1.0,1.0,1.0,1.0,1.0,0.0,0.0,0,False,0.0,0.0,False,0.0,0.047309999899880495,
text_encoder_b-development-0016,text_encoder_b,text,development,composite,moderate,False,False,full_h10,invalid,1.0,1.0,1.0,1.0,1.0,1.0,1.0,1.0,1.0,1.0,1.0,1.0,1.0,0.0,0.0,0,True,0.0,0.0,False,0.0,0.5157790001248941,78f1b37739b8cba527884aca45446707c044800774b4b30e44feb0d18f8ba956
text_encoder_b-development-0017,text_encoder_b,text,development,unknown_ambiguous,severe,True,False,independent_if_else,invalid,1.0,1.0,1.0,1.0,1.0,1.0,1.0,1.0,0.5,0.5,0.5,0.3333333333333333,0.0,19.0,0.0,0,False,0.0,0.0,False,1.0,0.02620999975988525,
text_encoder_b-development-0017,text_encoder_b,text,development,unknown_ambiguous,severe,True,False,typed_route_without_cut,invalid,1.0,1.0,1.0,1.0,1.0,1.0,1.0,1.0,0.5,0.5,0.5,0.3333333333333333,0.0,19.0,0.0,0,False,0.0,0.0,False,1.0,0.06221800003913813,
text_encoder_b-development-0017,text_encoder_b,text,development,unknown_ambiguous,severe,True,False,full_h10,invalid,1.0,1.0,1.0,1.0,1.0,1.0,1.0,1.0,0.5,0.5,0.5,0.3333333333333333,0.0,19.0,0.0,0,True,0.0,0.0,False,1.0,0.1781780001692823,dee8470d686170f851d039f38fad9521f92148f9bb98b5ea25ad0686fbcaf093
text_encoder_b-development-0018,text_encoder_b,text,development,single,subtle,False,False,independent_if_else,invalid,1.0,1.0,1.0,1.0,1.0,1.0,1.0,1.0,1.0,1.0,1.0,1.0,1.0,0.0,0.0,0,False,0.0,0.0,False,0.0,0.02369499998167157,
text_encoder_b-development-0018,text_encoder_b,text,development,single,subtle,False,False,typed_route_without_cut,invalid,1.0,1.0,1.0,1.0,1.0,1.0,1.0,1.0,1.0,1.0,1.0,1.0,1.0,0.0,0.0,0,False,0.0,0.0,False,0.0,0.04432400010045967,
text_encoder_b-development-0018,text_encoder_b,text,development,single,subtle,False,False,full_h10,invalid,1.0,1.0,1.0,1.0,1.0,1.0,1.0,1.0,1.0,1.0,1.0,1.0,1.0,0.0,0.0,0,True,0.0,0.0,False,0.0,0.19102300029771868,0cdd652ab1aa802ef1e62c39c2452daa603cfb1420bb3128f17e664aa44c0aea
text_encoder_b-development-0019,text_encoder_b,text,development,single,moderate,False,False,independent_if_else,invalid,1.0,1.0,1.0,1.0,1.0,1.0,1.0,1.0,0.3333333333333333,1.0,0.5,0.3333333333333333,0.0,3.0,0.0,0,False,0.0,0.0,False,0.0,0.05374200009100605,
text_encoder_b-development-0019,text_encoder_b,text,development,single,moderate,False,False,typed_route_without_cut,invalid,1.0,1.0,1.0,1.0,1.0,1.0,1.0,1.0,0.3333333333333333,1.0,0.5,0.3333333333333333,0.0,3.0,0.0,0,False,0.0,0.0,False,0.0,0.05471399981615832,
text_encoder_b-development-0019,text_encoder_b,text,development,single,moderate,False,False,full_h10,invalid,1.0,1.0,1.0,1.0,1.0,1.0,1.0,1.0,1.0,1.0,1.0,1.0,1.0,0.0,0.0,0,True,0.0,0.0,False,0.0,0.2495440003258409,45eee9c2db830c7729682b39bef875b9840f24483c88c04557d407305a31c0d5
text_encoder_b-development-0020,text_encoder_b,text,development,composite,severe,False,False,independent_if_else,invalid,1.0,1.0,1.0,1.0,1.0,1.0,1.0,1.0,1.0,1.0,1.0,1.0,1.0,0.0,0.0,0,False,0.0,0.0,False,0.0,0.02816400001393049,
text_encoder_b-development-0020,text_encoder_b,text,development,composite,severe,False,False,typed_route_without_cut,invalid,1.0,1.0,1.0,1.0,1.0,1.0,1.0,1.0,1.0,1.0,1.0,1.0,1.0,0.0,0.0,0,False,0.0,0.0,False,0.0,0.06868999980724766,
text_encoder_b-development-0020,text_encoder_b,text,development,composite,severe,False,False,full_h10,invalid,1.0,1.0,1.0,1.0,1.0,1.0,1.0,1.0,1.0,1.0,1.0,1.0,1.0,0.0,0.0,0,True,0.0,0.0,False,0.0,0.1849310001489357,6503359286f9750fefddd914be77ed252e5d367424496b1f78f844c262407a00
text_encoder_b-development-0021,text_encoder_b,text,development,composite,subtle,False,False,independent_if_else,invalid,1.0,1.0,1.0,1.0,1.0,1.0,1.0,1.0,1.0,1.0,1.0,1.0,1.0,0.0,0.0,0,False,0.0,0.0,False,0.0,0.025830000140558695,
text_encoder_b-development-0021,text_encoder_b,text,development,composite,subtle,False,False,typed_route_without_cut,invalid,1.0,1.0,1.0,1.0,1.0,1.0,1.0,1.0,1.0,1.0,1.0,1.0,1.0,0.0,0.0,0,False,0.0,0.0,False,0.0,0.04984499992133351,
text_encoder_b-development-0021,text_encoder_b,text,development,composite,subtle,False,False,full_h10,invalid,1.0,1.0,1.0,1.0,1.0,1.0,1.0,1.0,1.0,1.0,1.0,1.0,1.0,0.0,0.0,0,True,0.0,0.0,False,0.0,0.16300900006172014,6632a92e51b40b6c6a754d01e65de4dd870b74a806c95d590062b7fc4723f5f2
text_encoder_b-development-0022,text_encoder_b,text,development,unknown_ambiguous,moderate,True,True,independent_if_else,insufficient_evidence,1.0,1.0,1.0,1.0,0.7142857142857143,1.0,0.8333333333333333,0.7142857142857143,0.4,0.6666666666666666,0.5,0.3333333333333333,0.0,37.0,4.0,2,False,0.0,0.0,True,0.0,0.04168899977230467,
text_encoder_b-development-0022,text_encoder_b,text,development,unknown_ambiguous,moderate,True,True,typed_route_without_cut,insufficient_evidence,1.0,1.0,1.0,1.0,0.7142857142857143,1.0,0.8333333333333333,0.7142857142857143,0.4,0.6666666666666666,0.5,0.3333333333333333,0.0,37.0,4.0,2,False,0.0,0.0,True,0.0,0.07711599982940243,
text_encoder_b-development-0022,text_encoder_b,text,development,unknown_ambiguous,moderate,True,True,full_h10,insufficient_evidence,1.0,1.0,1.0,1.0,0.7142857142857143,1.0,0.8333333333333333,0.7142857142857143,0.5,0.6666666666666666,0.5714285714285715,0.4,0.0,36.0,4.0,2,True,0.0,0.0,True,0.0,0.2109400002154871,ad15dd3ec42b236b1e0ce607a6700da67b7e1c4dc342b1411b112df1a8b3f095
text_encoder_b-development-0023,text_encoder_b,text,development,clean,none,False,False,independent_if_else,valid,1.0,1.0,1.0,1.0,1.0,1.0,1.0,1.0,1.0,1.0,1.0,1.0,1.0,0.0,0.0,0,False,0.0,0.0,False,0.0,0.01834499971664627,
text_encoder_b-development-0023,text_encoder_b,text,development,clean,none,False,False,typed_route_without_cut,valid,1.0,1.0,1.0,1.0,1.0,1.0,1.0,1.0,1.0,1.0,1.0,1.0,1.0,0.0,0.0,0,False,0.0,0.0,False,0.0,0.018925999938801397,
text_encoder_b-development-0023,text_encoder_b,text,development,clean,none,False,False,full_h10,valid,1.0,1.0,1.0,1.0,1.0,1.0,1.0,1.0,1.0,1.0,1.0,1.0,1.0,0.0,0.0,0,True,0.0,0.0,False,0.0,0.020959999801561935,c091f6a40a2c6b4ca85b12c99188d8db4280e10c35ff1f88bce26a8eca948d75
text_encoder_b-development-0024,text_encoder_b,text,development,single,subtle,False,False,independent_if_else,invalid,1.0,1.0,1.0,1.0,1.0,1.0,1.0,1.0,1.0,1.0,1.0,1.0,1.0,0.0,0.0,0,False,0.0,0.0,False,0.0,0.0210899997910019,
text_encoder_b-development-0024,text_encoder_b,text,development,single,subtle,False,False,typed_route_without_cut,invalid,1.0,1.0,1.0,1.0,1.0,1.0,1.0,1.0,1.0,1.0,1.0,1.0,1.0,0.0,0.0,0,False,0.0,0.0,False,0.0,0.04287100000510691,
text_encoder_b-development-0024,text_encoder_b,text,development,single,subtle,False,False,full_h10,invalid,1.0,1.0,1.0,1.0,1.0,1.0,1.0,1.0,1.0,1.0,1.0,1.0,1.0,0.0,0.0,0,True,0.0,0.0,False,0.0,0.15194900015558233,db3749f70d3c9ff51f79787968343ee84b6041c9fd05f3d80e7e2c80b54de3b4
text_encoder_b-development-0025,text_encoder_b,text,development,composite,moderate,False,False,independent_if_else,invalid,1.0,1.0,1.0,1.0,1.0,1.0,1.0,1.0,0.6666666666666666,1.0,0.8,0.6666666666666666,0.0,2.0,0.0,0,False,0.0,0.0,False,0.0,0.02765199997156742,
text_encoder_b-development-0025,text_encoder_b,text,development,composite,moderate,False,False,typed_route_without_cut,invalid,1.0,1.0,1.0,1.0,1.0,1.0,1.0,1.0,0.6666666666666666,1.0,0.8,0.6666666666666666,0.0,2.0,0.0,0,False,0.0,0.0,False,0.0,0.06742799996573012,
text_encoder_b-development-0025,text_encoder_b,text,development,composite,moderate,False,False,full_h10,invalid,1.0,1.0,1.0,1.0,1.0,1.0,1.0,1.0,1.0,1.0,1.0,1.0,1.0,0.0,0.0,0,True,0.0,0.0,False,0.0,0.1844199996412499,a636a0430217b15047cc4e8e5013ef0cc0f46ff33d1d14a8af825313ed8930fb
text_encoder_b-development-0026,text_encoder_b,text,development,single,severe,False,False,independent_if_else,invalid,1.0,1.0,1.0,1.0,1.0,1.0,1.0,1.0,1.0,1.0,1.0,1.0,1.0,0.0,0.0,0,False,0.0,0.0,False,0.0,0.021720999939134344,
text_encoder_b-development-0026,text_encoder_b,text,development,single,severe,False,False,typed_route_without_cut,invalid,1.0,1.0,1.0,1.0,1.0,1.0,1.0,1.0,1.0,1.0,1.0,1.0,1.0,0.0,0.0,0,False,0.0,0.0,False,0.0,0.05890100010219612,
text_encoder_b-development-0026,text_encoder_b,text,development,single,severe,False,False,full_h10,invalid,1.0,1.0,1.0,1.0,1.0,1.0,1.0,1.0,1.0,1.0,1.0,1.0,1.0,0.0,0.0,0,True,0.0,0.0,False,0.0,0.1561770000080287,20434b444e6005a10dc8529834f8d0b06e14e7f581263bd3e08ba647091e0bff
text_encoder_b-development-0027,text_encoder_b,text,development,clean,none,False,False,independent_if_else,valid,1.0,1.0,1.0,1.0,1.0,1.0,1.0,1.0,1.0,1.0,1.0,1.0,1.0,0.0,0.0,0,False,0.0,0.0,False,0.0,0.01738299988573999,
text_encoder_b-development-0027,text_encoder_b,text,development,clean,none,False,False,typed_route_without_cut,valid,1.0,1.0,1.0,1.0,1.0,1.0,1.0,1.0,1.0,1.0,1.0,1.0,1.0,0.0,0.0,0,False,0.0,0.0,False,0.0,0.01831500003390829,
text_encoder_b-development-0027,text_encoder_b,text,development,clean,none,False,False,full_h10,valid,1.0,1.0,1.0,1.0,1.0,1.0,1.0,1.0,1.0,1.0,1.0,1.0,1.0,0.0,0.0,0,True,0.0,0.0,False,0.0,0.02006799968512496,2e2280d3ea800af79f5d1f01d7ec99dfe40155d50ad693d07362b84c6618f0a9
text_encoder_b-development-0028,text_encoder_b,text,development,unknown_ambiguous,moderate,True,True,independent_if_else,invalid,1.0,1.0,1.0,1.0,1.0,1.0,1.0,1.0,0.4,0.6666666666666666,0.5,0.3333333333333333,0.0,37.0,0.0,0,False,0.0,0.0,False,1.0,0.03263200005676481,
text_encoder_b-development-0028,text_encoder_b,text,development,unknown_ambiguous,moderate,True,True,typed_route_without_cut,invalid,1.0,1.0,1.0,1.0,1.0,1.0,1.0,1.0,0.4,0.6666666666666666,0.5,0.3333333333333333,0.0,37.0,0.0,0,False,0.0,0.0,False,1.0,0.035367000236874446,
text_encoder_b-development-0028,text_encoder_b,text,development,unknown_ambiguous,moderate,True,True,full_h10,invalid,1.0,1.0,1.0,1.0,1.0,1.0,1.0,1.0,0.5,0.6666666666666666,0.5714285714285715,0.4,0.0,36.0,0.0,0,True,0.0,0.0,False,1.0,0.19528099983290303,9e10f664654fce35b743dcf3c35b12396d9d865f203bac82cbdd65a60d80964f
text_encoder_b-development-0029,text_encoder_b,text,development,single,severe,False,False,independent_if_else,invalid,1.0,1.0,1.0,1.0,1.0,1.0,1.0,1.0,1.0,1.0,1.0,1.0,1.0,0.0,0.0,0,False,0.0,0.0,False,0.0,0.023585000235470943,
text_encoder_b-development-0029,text_encoder_b,text,development,single,severe,False,False,typed_route_without_cut,invalid,1.0,1.0,1.0,1.0,1.0,1.0,1.0,1.0,1.0,1.0,1.0,1.0,1.0,0.0,0.0,0,False,0.0,0.0,False,0.0,0.0484619999951974,
text_encoder_b-development-0029,text_encoder_b,text,development,single,severe,False,False,full_h10,invalid,1.0,1.0,1.0,1.0,1.0,1.0,1.0,1.0,1.0,1.0,1.0,1.0,1.0,0.0,0.0,0,True,0.0,0.0,False,0.0,0.17714599971441203,443582dde6a82a9a26037dca2ab32e8fbdad1a9683aeb6683e0ce4cdda1645d7
text_encoder_b-development-0030,text_encoder_b,text,development,single,subtle,False,False,independent_if_else,invalid,1.0,1.0,1.0,1.0,1.0,1.0,1.0,1.0,1.0,1.0,1.0,1.0,1.0,0.0,0.0,0,False,0.0,0.0,False,0.0,0.031228999887389364,
text_encoder_b-development-0030,text_encoder_b,text,development,single,subtle,False,False,typed_route_without_cut,invalid,1.0,1.0,1.0,1.0,1.0,1.0,1.0,1.0,1.0,1.0,1.0,1.0,1.0,0.0,0.0,0,False,0.0,0.0,False,0.0,0.060184000176377594,
text_encoder_b-development-0030,text_encoder_b,text,development,single,subtle,False,False,full_h10,invalid,1.0,1.0,1.0,1.0,1.0,1.0,1.0,1.0,1.0,1.0,1.0,1.0,1.0,0.0,0.0,0,True,0.0,0.0,False,0.0,0.15985399977580528,ff8402cd90632bc54ba59eedb80928eca1be991a173de604506a7a1efe8e8b19
text_encoder_b-development-0031,text_encoder_b,text,development,composite,moderate,False,False,independent_if_else,invalid,1.0,1.0,1.0,1.0,1.0,1.0,1.0,1.0,0.6666666666666666,1.0,0.8,0.6666666666666666,0.0,2.0,0.0,0,False,0.0,0.0,False,0.0,0.02878399982364499,
text_encoder_b-development-0031,text_encoder_b,text,development,composite,moderate,False,False,typed_route_without_cut,invalid,1.0,1.0,1.0,1.0,1.0,1.0,1.0,1.0,0.6666666666666666,1.0,0.8,0.6666666666666666,0.0,2.0,0.0,0,False,0.0,0.0,False,0.0,0.07054399975459091,
text_encoder_b-development-0031,text_encoder_b,text,development,composite,moderate,False,False,full_h10,invalid,1.0,1.0,1.0,1.0,1.0,1.0,1.0,1.0,1.0,1.0,1.0,1.0,1.0,0.0,0.0,0,True,0.0,0.0,False,0.0,0.18286700014868984,8d55b34a4626675e19dc3b1da0f7a9bc55cf442712cc0ee996e52a10b5498148
text_encoder_b-development-0032,text_encoder_b,text,development,clean,none,False,False,independent_if_else,valid,1.0,1.0,1.0,1.0,1.0,1.0,1.0,1.0,1.0,1.0,1.0,1.0,1.0,0.0,0.0,0,False,0.0,0.0,False,0.0,0.018303999695490347,
text_encoder_b-development-0032,text_encoder_b,text,development,clean,none,False,False,typed_route_without_cut,valid,1.0,1.0,1.0,1.0,1.0,1.0,1.0,1.0,1.0,1.0,1.0,1.0,1.0,0.0,0.0,0,False,0.0,0.0,False,0.0,0.019656999938888475,
text_encoder_b-development-0032,text_encoder_b,text,development,clean,none,False,False,full_h10,valid,1.0,1.0,1.0,1.0,1.0,1.0,1.0,1.0,1.0,1.0,1.0,1.0,1.0,0.0,0.0,0,True,0.0,0.0,False,0.0,0.02841400009856443,2b1a24d7355e1b75963b722108db853acff5396d6ad9d5e37574d664debec14f
text_encoder_b-development-0033,text_encoder_b,text,development,composite,subtle,False,False,independent_if_else,invalid,1.0,1.0,1.0,1.0,1.0,1.0,1.0,1.0,1.0,1.0,1.0,1.0,1.0,0.0,0.0,0,False,0.0,0.0,False,0.0,0.024265999854833353,
text_encoder_b-development-0033,text_encoder_b,text,development,composite,subtle,False,False,typed_route_without_cut,invalid,1.0,1.0,1.0,1.0,1.0,1.0,1.0,1.0,1.0,1.0,1.0,1.0,1.0,0.0,0.0,0,False,0.0,0.0,False,0.0,0.04973499972038553,
text_encoder_b-development-0033,text_encoder_b,text,development,composite,subtle,False,False,full_h10,invalid,1.0,1.0,1.0,1.0,1.0,1.0,1.0,1.0,1.0,1.0,1.0,1.0,1.0,0.0,0.0,0,True,0.0,0.0,False,0.0,0.16667599993525073,30158c45281edbe2de63d233f8353176c6b1b5740a120d3edebae541289ca070
text_encoder_b-development-0034,text_encoder_b,text,development,composite,moderate,False,False,independent_if_else,invalid,1.0,1.0,1.0,1.0,1.0,1.0,1.0,1.0,0.6666666666666666,1.0,0.8,0.6666666666666666,0.0,2.0,0.0,0,False,0.0,0.0,False,0.0,0.03140899980280665,
text_encoder_b-development-0034,text_encoder_b,text,development,composite,moderate,False,False,typed_route_without_cut,invalid,1.0,1.0,1.0,1.0,1.0,1.0,1.0,1.0,0.6666666666666666,1.0,0.8,0.6666666666666666,0.0,2.0,0.0,0,False,0.0,0.0,False,0.0,0.07248700012496556,
text_encoder_b-development-0034,text_encoder_b,text,development,composite,moderate,False,False,full_h10,invalid,1.0,1.0,1.0,1.0,1.0,1.0,1.0,1.0,1.0,1.0,1.0,1.0,1.0,0.0,0.0,0,True,0.0,0.0,False,0.0,0.17824899987317622,33ef5c7dc219332da4d85bcf0dd9006b10fed4092deff6f2f3967b96d5874c18
text_encoder_b-development-0035,text_encoder_b,text,development,composite,severe,False,False,independent_if_else,invalid,1.0,1.0,1.0,1.0,1.0,1.0,1.0,1.0,0.3333333333333333,1.0,0.5,0.3333333333333333,0.0,5.0,0.0,0,False,0.0,0.0,False,0.0,0.03272200001447345,
text_encoder_b-development-0035,text_encoder_b,text,development,composite,severe,False,False,typed_route_without_cut,invalid,1.0,1.0,1.0,1.0,1.0,1.0,1.0,1.0,0.3333333333333333,1.0,0.5,0.3333333333333333,0.0,5.0,0.0,0,False,0.0,0.0,False,0.0,0.06013400025040028,
text_encoder_b-development-0035,text_encoder_b,text,development,composite,severe,False,False,full_h10,invalid,1.0,1.0,1.0,1.0,1.0,1.0,1.0,1.0,1.0,1.0,1.0,1.0,1.0,0.0,0.0,0,True,0.0,0.0,False,0.0,0.22209100006875815,299b7f59205e7b178b7a4ee293232d42294c286d2659a434a654d5b44d12e5a4
text_encoder_b-development-0036,text_encoder_b,text,development,unknown_ambiguous,subtle,True,True,independent_if_else,insufficient_evidence,1.0,1.0,1.0,1.0,0.3333333333333333,1.0,0.5,0.3333333333333333,1.0,1.0,1.0,1.0,1.0,0.0,4.0,2,False,0.0,0.0,True,0.0,0.03970599982494605,
text_encoder_b-development-0036,text_encoder_b,text,development,unknown_ambiguous,subtle,True,True,typed_route_without_cut,insufficient_evidence,1.0,1.0,1.0,1.0,0.3333333333333333,1.0,0.5,0.3333333333333333,1.0,1.0,1.0,1.0,1.0,0.0,4.0,2,False,0.0,0.0,True,0.0,0.05796000004920643,
text_encoder_b-development-0036,text_encoder_b,text,development,unknown_ambiguous,subtle,True,True,full_h10,insufficient_evidence,1.0,1.0,1.0,1.0,0.3333333333333333,1.0,0.5,0.3333333333333333,1.0,1.0,1.0,1.0,1.0,0.0,4.0,2,True,0.0,0.0,True,0.0,0.20720300017273985,94ad84a31cf242f7ee8ac147f9f6712062f53e9d3dc6d40993cdf1eae3dc832b
text_encoder_b-development-0037,text_encoder_b,text,development,single,moderate,False,False,independent_if_else,invalid,1.0,1.0,1.0,1.0,1.0,1.0,1.0,1.0,1.0,1.0,1.0,1.0,1.0,0.0,0.0,0,False,0.0,0.0,False,0.0,0.035276999824418453,
text_encoder_b-development-0037,text_encoder_b,text,development,single,moderate,False,False,typed_route_without_cut,invalid,1.0,1.0,1.0,1.0,1.0,1.0,1.0,1.0,1.0,1.0,1.0,1.0,1.0,0.0,0.0,0,False,0.0,0.0,False,0.0,0.05442300016511581,
text_encoder_b-development-0037,text_encoder_b,text,development,single,moderate,False,False,full_h10,invalid,1.0,1.0,1.0,1.0,1.0,1.0,1.0,1.0,1.0,1.0,1.0,1.0,1.0,0.0,0.0,0,True,0.0,0.0,False,0.0,0.22486599982585176,687f5cde610b63bee103b3c21469d82220c3455d01f9869dd696b72a368fe34b
text_encoder_b-development-0038,text_encoder_b,text,development,composite,severe,False,False,independent_if_else,invalid,1.0,1.0,1.0,1.0,1.0,1.0,1.0,1.0,0.6666666666666666,1.0,0.8,0.6666666666666666,0.0,4.0,0.0,0,False,0.0,0.0,False,0.0,0.05330100020728423,
text_encoder_b-development-0038,text_encoder_b,text,development,composite,severe,False,False,typed_route_without_cut,invalid,1.0,1.0,1.0,1.0,1.0,1.0,1.0,1.0,0.6666666666666666,1.0,0.8,0.6666666666666666,0.0,4.0,0.0,0,False,0.0,0.0,False,0.0,0.093837999884272,
text_encoder_b-development-0038,text_encoder_b,text,development,composite,severe,False,False,full_h10,invalid,1.0,1.0,1.0,1.0,1.0,1.0,1.0,1.0,1.0,1.0,1.0,1.0,1.0,0.0,0.0,0,True,0.0,0.0,False,0.0,0.27271699991615606,d89f8bc3aa4c08a329369d0a9bcd56a473bedb54d2ff7a0ea9718ebc3b9dbd48
text_encoder_b-development-0039,text_encoder_b,text,development,clean,none,False,False,independent_if_else,valid,1.0,1.0,1.0,1.0,1.0,1.0,1.0,1.0,1.0,1.0,1.0,1.0,1.0,0.0,0.0,0,False,0.0,0.0,False,0.0,0.02740199988693348,
text_encoder_b-development-0039,text_encoder_b,text,development,clean,none,False,False,typed_route_without_cut,valid,1.0,1.0,1.0,1.0,1.0,1.0,1.0,1.0,1.0,1.0,1.0,1.0,1.0,0.0,0.0,0,False,0.0,0.0,False,0.0,0.019908000012947014,
text_encoder_b-development-0039,text_encoder_b,text,development,clean,none,False,False,full_h10,valid,1.0,1.0,1.0,1.0,1.0,1.0,1.0,1.0,1.0,1.0,1.0,1.0,1.0,0.0,0.0,0,True,0.0,0.0,False,0.0,0.024746999770286493,2f3c94507bfcac34eb0a9fb3fc7f71299e66d396a7b1ace03122d4ccc6c74066
text_encoder_b-development-0040,text_encoder_b,text,development,single,moderate,False,False,independent_if_else,invalid,1.0,1.0,1.0,1.0,1.0,1.0,1.0,1.0,1.0,1.0,1.0,1.0,1.0,0.0,0.0,0,False,0.0,0.0,False,0.0,0.02402600011919276,
text_encoder_b-development-0040,text_encoder_b,text,development,single,moderate,False,False,typed_route_without_cut,invalid,1.0,1.0,1.0,1.0,1.0,1.0,1.0,1.0,1.0,1.0,1.0,1.0,1.0,0.0,0.0,0,False,0.0,0.0,False,0.0,0.060804999975516694,
text_encoder_b-development-0040,text_encoder_b,text,development,single,moderate,False,False,full_h10,invalid,1.0,1.0,1.0,1.0,1.0,1.0,1.0,1.0,1.0,1.0,1.0,1.0,1.0,0.0,0.0,0,True,0.0,0.0,False,0.0,0.18216499984191614,730ccf021f92f19d7d3d540e8b84d4f9aa8fc8305b1847ba0211b11e67c92f9b
text_encoder_b-development-0041,text_encoder_b,text,development,composite,severe,False,False,independent_if_else,invalid,1.0,1.0,1.0,1.0,1.0,1.0,1.0,1.0,0.6666666666666666,1.0,0.8,0.6666666666666666,0.0,2.0,0.0,0,False,0.0,0.0,False,0.0,0.030187999982445035,
text_encoder_b-development-0041,text_encoder_b,text,development,composite,severe,False,False,typed_route_without_cut,invalid,1.0,1.0,1.0,1.0,1.0,1.0,1.0,1.0,0.6666666666666666,1.0,0.8,0.6666666666666666,0.0,2.0,0.0,0,False,0.0,0.0,False,0.0,0.059622999742714455,
text_encoder_b-development-0041,text_encoder_b,text,development,composite,severe,False,False,full_h10,invalid,1.0,1.0,1.0,1.0,1.0,1.0,1.0,1.0,1.0,1.0,1.0,1.0,1.0,0.0,0.0,0,True,0.0,0.0,False,0.0,0.18397899975752807,5bb4bf899e2a5dbe29416837510839e59fc35de6038261a0cae9cf7cf40920a2
text_encoder_b-development-0042,text_encoder_b,text,development,clean,none,False,False,independent_if_else,valid,1.0,1.0,1.0,1.0,1.0,1.0,1.0,1.0,1.0,1.0,1.0,1.0,1.0,0.0,0.0,0,False,0.0,0.0,False,0.0,0.018754999928205507,
text_encoder_b-development-0042,text_encoder_b,text,development,clean,none,False,False,typed_route_without_cut,valid,1.0,1.0,1.0,1.0,1.0,1.0,1.0,1.0,1.0,1.0,1.0,1.0,1.0,0.0,0.0,0,False,0.0,0.0,False,0.0,0.01873600012913812,
text_encoder_b-development-0042,text_encoder_b,text,development,clean,none,False,False,full_h10,valid,1.0,1.0,1.0,1.0,1.0,1.0,1.0,1.0,1.0,1.0,1.0,1.0,1.0,0.0,0.0,0,True,0.0,0.0,False,0.0,0.023023999801807804,7c0b83bfe9f15d0520843e7748e3f7bfa3486b4174ec9250c55ff5cef0fb334c
text_encoder_b-development-0043,text_encoder_b,text,development,composite,moderate,False,False,independent_if_else,invalid,1.0,1.0,1.0,1.0,1.0,1.0,1.0,1.0,0.6666666666666666,1.0,0.8,0.6666666666666666,0.0,2.0,0.0,0,False,0.0,0.0,False,0.0,0.027952999971603276,
text_encoder_b-development-0043,text_encoder_b,text,development,composite,moderate,False,False,typed_route_without_cut,invalid,1.0,1.0,1.0,1.0,1.0,1.0,1.0,1.0,0.6666666666666666,1.0,0.8,0.6666666666666666,0.0,2.0,0.0,0,False,0.0,0.0,False,0.0,0.07186699986050371,
text_encoder_b-development-0043,text_encoder_b,text,development,composite,moderate,False,False,full_h10,invalid,1.0,1.0,1.0,1.0,1.0,1.0,1.0,1.0,1.0,1.0,1.0,1.0,1.0,0.0,0.0,0,True,0.0,0.0,False,0.0,0.1810839999052405,352b4737805edd2a04ee4cbcf9efa87bc85e5f2b0f9055b7f03bdf617c1308b7
text_encoder_b-development-0044,text_encoder_b,text,development,composite,severe,False,False,independent_if_else,invalid,1.0,1.0,1.0,1.0,1.0,1.0,1.0,1.0,1.0,1.0,1.0,1.0,1.0,0.0,0.0,0,False,0.0,0.0,False,0.0,0.026530000013735844,
text_encoder_b-development-0044,text_encoder_b,text,development,composite,severe,False,False,typed_route_without_cut,invalid,1.0,1.0,1.0,1.0,1.0,1.0,1.0,1.0,1.0,1.0,1.0,1.0,1.0,0.0,0.0,0,False,0.0,0.0,False,0.0,0.05292000014378573,
text_encoder_b-development-0044,text_encoder_b,text,development,composite,severe,False,False,full_h10,invalid,1.0,1.0,1.0,1.0,1.0,1.0,1.0,1.0,1.0,1.0,1.0,1.0,1.0,0.0,0.0,0,True,0.0,0.0,False,0.0,0.1710540000203764,3b95dd943291bd503822da8d5617a3bfe2fc31d5c574d614482df715761b804a
text_encoder_b-development-0045,text_encoder_b,text,development,composite,subtle,False,False,independent_if_else,invalid,1.0,1.0,1.0,1.0,1.0,1.0,1.0,1.0,0.6666666666666666,1.0,0.8,0.6666666666666666,0.0,2.0,0.0,0,False,0.0,0.0,False,0.0,0.028824999844800914,
text_encoder_b-development-0045,text_encoder_b,text,development,composite,subtle,False,False,typed_route_without_cut,invalid,1.0,1.0,1.0,1.0,1.0,1.0,1.0,1.0,0.6666666666666666,1.0,0.8,0.6666666666666666,0.0,2.0,0.0,0,False,0.0,0.0,False,0.0,0.05901199983782135,
text_encoder_b-development-0045,text_encoder_b,text,development,composite,subtle,False,False,full_h10,invalid,1.0,1.0,1.0,1.0,1.0,1.0,1.0,1.0,1.0,1.0,1.0,1.0,1.0,0.0,0.0,0,True,0.0,0.0,False,0.0,0.17904000014823396,8d7d131fd9a3527f379b8317b5ff6664cd46221c6ea8ba98d60ef2adcf4cc2d6
text_encoder_b-development-0046,text_encoder_b,text,development,single,moderate,False,False,independent_if_else,invalid,1.0,1.0,1.0,1.0,1.0,1.0,1.0,1.0,0.3333333333333333,1.0,0.5,0.3333333333333333,0.0,2.0,0.0,0,False,0.0,0.0,False,0.0,0.03635900020526606,
text_encoder_b-development-0046,text_encoder_b,text,development,single,moderate,False,False,typed_route_without_cut,invalid,1.0,1.0,1.0,1.0,1.0,1.0,1.0,1.0,0.3333333333333333,1.0,0.5,0.3333333333333333,0.0,2.0,0.0,0,False,0.0,0.0,False,0.0,0.028744999781338265,
text_encoder_b-development-0046,text_encoder_b,text,development,single,moderate,False,False,full_h10,invalid,1.0,1.0,1.0,1.0,1.0,1.0,1.0,1.0,1.0,1.0,1.0,1.0,1.0,0.0,0.0,0,True,0.0,0.0,False,0.0,0.19388800001252093,4081d5d25aa32a8d0bf97ef816ad3200070790ab513c22d543d142893767ee3b
text_encoder_b-development-0047,text_encoder_b,text,development,unknown_ambiguous,severe,True,False,independent_if_else,invalid,1.0,1.0,1.0,1.0,1.0,1.0,1.0,1.0,0.25,0.5,0.3333333333333333,0.2,0.0,37.0,0.0,0,False,0.0,0.0,False,1.0,0.031399000363308005,
text_encoder_b-development-0047,text_encoder_b,text,development,unknown_ambiguous,severe,True,False,typed_route_without_cut,invalid,1.0,1.0,1.0,1.0,1.0,1.0,1.0,1.0,0.25,0.5,0.3333333333333333,0.2,0.0,37.0,0.0,0,False,0.0,0.0,False,1.0,0.03268199998274213,
text_encoder_b-development-0047,text_encoder_b,text,development,unknown_ambiguous,severe,True,False,full_h10,invalid,1.0,1.0,1.0,1.0,1.0,1.0,1.0,1.0,0.3333333333333333,0.5,0.4,0.25,0.0,36.0,0.0,0,True,0.0,0.0,False,1.0,0.18056299995805603,599ba92e7f8e7998f6f36b2a2801b905009f1fe6f1e6e4f3e981757460430475
text_encoder_b-development-0048,text_encoder_b,text,development,composite,subtle,False,False,independent_if_else,invalid,1.0,1.0,1.0,1.0,1.0,1.0,1.0,1.0,0.6666666666666666,1.0,0.8,0.6666666666666666,0.0,4.0,0.0,0,False,0.0,0.0,False,0.0,0.02878499981306959,
text_encoder_b-development-0048,text_encoder_b,text,development,composite,subtle,False,False,typed_route_without_cut,invalid,1.0,1.0,1.0,1.0,1.0,1.0,1.0,1.0,0.6666666666666666,1.0,0.8,0.6666666666666666,0.0,4.0,0.0,0,False,0.0,0.0,False,0.0,0.05556499991143937,
text_encoder_b-development-0048,text_encoder_b,text,development,composite,subtle,False,False,full_h10,invalid,1.0,1.0,1.0,1.0,1.0,1.0,1.0,1.0,1.0,1.0,1.0,1.0,1.0,0.0,0.0,0,True,0.0,0.0,False,0.0,0.172928000210959,0329479d97b843a7629274f6d3e47833437c37342ab5fe554c7687e68632fe4a
text_encoder_b-development-0049,text_encoder_b,text,development,composite,moderate,False,False,independent_if_else,invalid,1.0,1.0,1.0,1.0,1.0,1.0,1.0,1.0,0.6666666666666666,1.0,0.8,0.6666666666666666,0.0,2.0,0.0,0,False,0.0,0.0,False,0.0,0.02793300018311129,
text_encoder_b-development-0049,text_encoder_b,text,development,composite,moderate,False,False,typed_route_without_cut,invalid,1.0,1.0,1.0,1.0,1.0,1.0,1.0,1.0,0.6666666666666666,1.0,0.8,0.6666666666666666,0.0,2.0,0.0,0,False,0.0,0.0,False,0.0,0.06930199970156536,
text_encoder_b-development-0049,text_encoder_b,text,development,composite,moderate,False,False,full_h10,invalid,1.0,1.0,1.0,1.0,1.0,1.0,1.0,1.0,1.0,1.0,1.0,1.0,1.0,0.0,0.0,0,True,0.0,0.0,False,0.0,0.17499200021120487,3534d968521ec53b6f2898ec27c7e09712caf28303984b1ead4f5c40c9df81bd
text_encoder_b-development-0050,text_encoder_b,text,development,clean,none,False,False,independent_if_else,valid,1.0,1.0,1.0,1.0,1.0,1.0,1.0,1.0,1.0,1.0,1.0,1.0,1.0,0.0,0.0,0,False,0.0,0.0,False,0.0,0.017813999875215814,
text_encoder_b-development-0050,text_encoder_b,text,development,clean,none,False,False,typed_route_without_cut,valid,1.0,1.0,1.0,1.0,1.0,1.0,1.0,1.0,1.0,1.0,1.0,1.0,1.0,0.0,0.0,0,False,0.0,0.0,False,0.0,0.018194999938714318,
text_encoder_b-development-0050,text_encoder_b,text,development,clean,none,False,False,full_h10,valid,1.0,1.0,1.0,1.0,1.0,1.0,1.0,1.0,1.0,1.0,1.0,1.0,1.0,0.0,0.0,0,True,0.0,0.0,False,0.0,0.02083000026686932,36148b762b0ba9fe9335fce48c008c94e5b29f07583a03db82206d12ee00207d
text_encoder_b-development-0051,text_encoder_b,text,development,single,subtle,False,False,independent_if_else,invalid,1.0,1.0,1.0,1.0,1.0,1.0,1.0,1.0,1.0,1.0,1.0,1.0,1.0,0.0,0.0,0,False,0.0,0.0,False,0.0,0.02088900009766803,
text_encoder_b-development-0051,text_encoder_b,text,development,single,subtle,False,False,typed_route_without_cut,invalid,1.0,1.0,1.0,1.0,1.0,1.0,1.0,1.0,1.0,1.0,1.0,1.0,1.0,0.0,0.0,0,False,0.0,0.0,False,0.0,0.04666900031224941,
text_encoder_b-development-0051,text_encoder_b,text,development,single,subtle,False,False,full_h10,invalid,1.0,1.0,1.0,1.0,1.0,1.0,1.0,1.0,1.0,1.0,1.0,1.0,1.0,0.0,0.0,0,True,0.0,0.0,False,0.0,0.1501950000601937,9df07b0d1ac89396c2f87fddecae3cf6b4a5790020fc7db9e12bc1002d56c091
text_encoder_b-development-0052,text_encoder_b,text,development,clean,none,False,False,independent_if_else,valid,1.0,1.0,1.0,1.0,1.0,1.0,1.0,1.0,1.0,1.0,1.0,1.0,1.0,0.0,0.0,0,False,0.0,0.0,False,0.0,0.01732300006551668,
text_encoder_b-development-0052,text_encoder_b,text,development,clean,none,False,False,typed_route_without_cut,valid,1.0,1.0,1.0,1.0,1.0,1.0,1.0,1.0,1.0,1.0,1.0,1.0,1.0,0.0,0.0,0,False,0.0,0.0,False,0.0,0.01766400009728386,
text_encoder_b-development-0052,text_encoder_b,text,development,clean,none,False,False,full_h10,valid,1.0,1.0,1.0,1.0,1.0,1.0,1.0,1.0,1.0,1.0,1.0,1.0,1.0,0.0,0.0,0,True,0.0,0.0,False,0.0,0.019597000118665164,98289a0035412008ff31e4ba819981a8ca8bd3bc3db2468c2acb0e85fdc78a7f
text_encoder_b-development-0053,text_encoder_b,text,development,unknown_ambiguous,severe,True,False,independent_if_else,invalid,1.0,1.0,1.0,1.0,1.0,1.0,1.0,1.0,1.0,1.0,1.0,1.0,1.0,0.0,0.0,0,False,0.0,0.0,False,1.0,0.021791000108351,
text_encoder_b-development-0053,text_encoder_b,text,development,unknown_ambiguous,severe,True,False,typed_route_without_cut,invalid,1.0,1.0,1.0,1.0,1.0,1.0,1.0,1.0,1.0,1.0,1.0,1.0,1.0,0.0,0.0,0,False,0.0,0.0,False,1.0,0.042782000036822865,
text_encoder_b-development-0053,text_encoder_b,text,development,unknown_ambiguous,severe,True,False,full_h10,invalid,1.0,1.0,1.0,1.0,1.0,1.0,1.0,1.0,1.0,1.0,1.0,1.0,1.0,0.0,0.0,0,True,0.0,0.0,False,1.0,0.15157699999690522,c047ab89147008825c621df0c05b2893d89664213ffef219e9054a240a1447bf
text_encoder_b-development-0054,text_encoder_b,text,development,clean,none,False,False,independent_if_else,valid,1.0,1.0,1.0,1.0,1.0,1.0,1.0,1.0,1.0,1.0,1.0,1.0,1.0,0.0,0.0,0,False,0.0,0.0,False,0.0,0.025026999992405763,
text_encoder_b-development-0054,text_encoder_b,text,development,clean,none,False,False,typed_route_without_cut,valid,1.0,1.0,1.0,1.0,1.0,1.0,1.0,1.0,1.0,1.0,1.0,1.0,1.0,0.0,0.0,0,False,0.0,0.0,False,0.0,0.018323999938729685,
text_encoder_b-development-0054,text_encoder_b,text,development,clean,none,False,False,full_h10,valid,1.0,1.0,1.0,1.0,1.0,1.0,1.0,1.0,1.0,1.0,1.0,1.0,1.0,0.0,0.0,0,True,0.0,0.0,False,0.0,0.02224199988631881,5d30922d43c93d51f87899569a0949f51206b8372fa2c7debeb3272fc05422e7
text_encoder_b-development-0055,text_encoder_b,text,development,composite,moderate,False,False,independent_if_else,invalid,1.0,1.0,1.0,1.0,1.0,1.0,1.0,1.0,0.3333333333333333,1.0,0.5,0.3333333333333333,0.0,5.0,0.0,0,False,0.0,0.0,False,0.0,0.028202999601489864,
text_encoder_b-development-0055,text_encoder_b,text,development,composite,moderate,False,False,typed_route_without_cut,invalid,1.0,1.0,1.0,1.0,1.0,1.0,1.0,1.0,0.3333333333333333,1.0,0.5,0.3333333333333333,0.0,5.0,0.0,0,False,0.0,0.0,False,0.0,0.055065000196918845,
text_encoder_b-development-0055,text_encoder_b,text,development,composite,moderate,False,False,full_h10,invalid,1.0,1.0,1.0,1.0,1.0,1.0,1.0,1.0,1.0,1.0,1.0,1.0,1.0,0.0,0.0,0,True,0.0,0.0,False,0.0,0.179810999725305,cf19c82af2578279edf80603c88c7da719d1ccfdcd7cec1989f201295a043a96
text_encoder_b-development-0056,text_encoder_b,text,development,single,severe,False,False,independent_if_else,invalid,1.0,1.0,1.0,1.0,1.0,1.0,1.0,1.0,0.3333333333333333,1.0,0.5,0.3333333333333333,0.0,2.0,0.0,0,False,0.0,0.0,False,0.0,0.038423000205511926,
text_encoder_b-development-0056,text_encoder_b,text,development,single,severe,False,False,typed_route_without_cut,invalid,1.0,1.0,1.0,1.0,1.0,1.0,1.0,1.0,0.3333333333333333,1.0,0.5,0.3333333333333333,0.0,2.0,0.0,0,False,0.0,0.0,False,0.0,0.02802300014081993,
text_encoder_b-development-0056,text_encoder_b,text,development,single,severe,False,False,full_h10,invalid,1.0,1.0,1.0,1.0,1.0,1.0,1.0,1.0,1.0,1.0,1.0,1.0,1.0,0.0,0.0,0,True,0.0,0.0,False,0.0,0.27017299998988165,b388a33bff4b65873733460edcadf41126aceee03b923583339949146c7f75fc
text_encoder_b-development-0057,text_encoder_b,text,development,composite,subtle,False,False,independent_if_else,invalid,1.0,1.0,1.0,1.0,1.0,1.0,1.0,1.0,0.3333333333333333,1.0,0.5,0.3333333333333333,0.0,5.0,0.0,0,False,0.0,0.0,False,0.0,0.0438929996562365,
text_encoder_b-development-0057,text_encoder_b,text,development,composite,subtle,False,False,typed_route_without_cut,invalid,1.0,1.0,1.0,1.0,1.0,1.0,1.0,1.0,0.3333333333333333,1.0,0.5,0.3333333333333333,0.0,5.0,0.0,0,False,0.0,0.0,False,0.0,0.08729599994694581,
text_encoder_b-development-0057,text_encoder_b,text,development,composite,subtle,False,False,full_h10,invalid,1.0,1.0,1.0,1.0,1.0,1.0,1.0,1.0,1.0,1.0,1.0,1.0,1.0,0.0,0.0,0,True,0.0,0.0,False,0.0,0.2759029998742335,3c42399d0cda18b46b8c72b931664be723bebf9544710e76a244f61160f7491c
text_encoder_b-development-0058,text_encoder_b,text,development,unknown_ambiguous,moderate,True,True,independent_if_else,insufficient_evidence,1.0,1.0,1.0,1.0,0.7142857142857143,1.0,0.8333333333333333,0.7142857142857143,0.4,0.6666666666666666,0.5,0.3333333333333333,0.0,37.0,4.0,2,False,0.0,0.0,True,0.0,0.06243799998628674,
text_encoder_b-development-0058,text_encoder_b,text,development,unknown_ambiguous,moderate,True,True,typed_route_without_cut,insufficient_evidence,1.0,1.0,1.0,1.0,0.7142857142857143,1.0,0.8333333333333333,0.7142857142857143,0.4,0.6666666666666666,0.5,0.3333333333333333,0.0,37.0,4.0,2,False,0.0,0.0,True,0.0,0.09147299988399027,
text_encoder_b-development-0058,text_encoder_b,text,development,unknown_ambiguous,moderate,True,True,full_h10,insufficient_evidence,1.0,1.0,1.0,1.0,0.7142857142857143,1.0,0.8333333333333333,0.7142857142857143,0.5,0.6666666666666666,0.5714285714285715,0.4,0.0,36.0,4.0,2,True,0.0,0.0,True,0.0,0.23012700012259302,cdf1e691febcc50454f55fc8de23c2313b10b5325a1829d7ad966868282ca239
text_encoder_b-development-0059,text_encoder_b,text,development,clean,none,False,False,independent_if_else,valid,1.0,1.0,1.0,1.0,1.0,1.0,1.0,1.0,1.0,1.0,1.0,1.0,1.0,0.0,0.0,0,False,0.0,0.0,False,0.0,0.01952699994944851,
text_encoder_b-development-0059,text_encoder_b,text,development,clean,none,False,False,typed_route_without_cut,valid,1.0,1.0,1.0,1.0,1.0,1.0,1.0,1.0,1.0,1.0,1.0,1.0,1.0,0.0,0.0,0,False,0.0,0.0,False,0.0,0.019537000298441853,
text_encoder_b-development-0059,text_encoder_b,text,development,clean,none,False,False,full_h10,valid,1.0,1.0,1.0,1.0,1.0,1.0,1.0,1.0,1.0,1.0,1.0,1.0,1.0,0.0,0.0,0,True,0.0,0.0,False,0.0,0.02281399974890519,49ec9ff182217f949b8f5e43e7cb7dd91215bcfc147d8a06917eb07570c2a0f2
text_encoder_b-development-0060,text_encoder_b,text,development,composite,subtle,False,False,independent_if_else,invalid,1.0,1.0,1.0,1.0,1.0,1.0,1.0,1.0,0.6666666666666666,1.0,0.8,0.6666666666666666,0.0,2.0,0.0,0,False,0.0,0.0,False,0.0,0.029957000151625834,
text_encoder_b-development-0060,text_encoder_b,text,development,composite,subtle,False,False,typed_route_without_cut,invalid,1.0,1.0,1.0,1.0,1.0,1.0,1.0,1.0,0.6666666666666666,1.0,0.8,0.6666666666666666,0.0,2.0,0.0,0,False,0.0,0.0,False,0.0,0.0713460003680666,
text_encoder_b-development-0060,text_encoder_b,text,development,composite,subtle,False,False,full_h10,invalid,1.0,1.0,1.0,1.0,1.0,1.0,1.0,1.0,1.0,1.0,1.0,1.0,1.0,0.0,0.0,0,True,0.0,0.0,False,0.0,0.18740599989541806,7c75e0c87d0b82f4354eb1fe7a4455a02822b50f6e25e3745f3c898aaf92706a
text_encoder_b-development-0061,text_encoder_b,text,development,composite,moderate,False,False,independent_if_else,invalid,1.0,1.0,1.0,1.0,1.0,1.0,1.0,1.0,0.6666666666666666,1.0,0.8,0.6666666666666666,0.0,2.0,0.0,0,False,0.0,0.0,False,0.0,0.0293150001198228,
text_encoder_b-development-0061,text_encoder_b,text,development,composite,moderate,False,False,typed_route_without_cut,invalid,1.0,1.0,1.0,1.0,1.0,1.0,1.0,1.0,0.6666666666666666,1.0,0.8,0.6666666666666666,0.0,2.0,0.0,0,False,0.0,0.0,False,0.0,0.07395000011456432,
text_encoder_b-development-0061,text_encoder_b,text,development,composite,moderate,False,False,full_h10,invalid,1.0,1.0,1.0,1.0,1.0,1.0,1.0,1.0,1.0,1.0,1.0,1.0,1.0,0.0,0.0,0,True,0.0,0.0,False,0.0,0.18641399992702645,97df088d246a99f1e80199430d3617c94ee8c908f632b067c4d925f69a798564
text_encoder_b-development-0062,text_encoder_b,text,development,composite,severe,False,False,independent_if_else,invalid,1.0,1.0,1.0,1.0,1.0,1.0,1.0,1.0,0.6666666666666666,1.0,0.8,0.6666666666666666,0.0,4.0,0.0,0,False,0.0,0.0,False,0.0,0.036239000110072084,
text_encoder_b-development-0062,text_encoder_b,text,development,composite,severe,False,False,typed_route_without_cut,invalid,1.0,1.0,1.0,1.0,1.0,1.0,1.0,1.0,0.6666666666666666,1.0,0.8,0.6666666666666666,0.0,4.0,0.0,0,False,0.0,0.0,False,0.0,0.05604600028163986,
text_encoder_b-development-0062,text_encoder_b,text,development,composite,severe,False,False,full_h10,invalid,1.0,1.0,1.0,1.0,1.0,1.0,1.0,1.0,1.0,1.0,1.0,1.0,1.0,0.0,0.0,0,True,0.0,0.0,False,0.0,0.17892899995786138,6630d9252d54d108fd8167bf5655d3484bf5d1c329befe6075c0b11f1df1df29
text_encoder_b-development-0063,text_encoder_b,text,development,composite,subtle,False,False,independent_if_else,invalid,1.0,1.0,1.0,1.0,1.0,1.0,1.0,1.0,0.6666666666666666,1.0,0.8,0.6666666666666666,0.0,4.0,0.0,0,False,0.0,0.0,False,0.0,0.028294000003370456,
text_encoder_b-development-0063,text_encoder_b,text,development,composite,subtle,False,False,typed_route_without_cut,invalid,1.0,1.0,1.0,1.0,1.0,1.0,1.0,1.0,0.6666666666666666,1.0,0.8,0.6666666666666666,0.0,4.0,0.0,0,False,0.0,0.0,False,0.0,0.05977399996481836,
text_encoder_b-development-0063,text_encoder_b,text,development,composite,subtle,False,False,full_h10,invalid,1.0,1.0,1.0,1.0,1.0,1.0,1.0,1.0,1.0,1.0,1.0,1.0,1.0,0.0,0.0,0,True,0.0,0.0,False,0.0,0.17142500018962892,b559e28ba8e0f8022660cd737238d0572a0764414664135238fedb26e9a1180c
text_encoder_b-development-0064,text_encoder_b,text,development,composite,moderate,False,False,independent_if_else,invalid,1.0,1.0,1.0,1.0,1.0,1.0,1.0,1.0,0.5,1.0,0.6666666666666666,0.5,0.0,1.0,0.0,0,False,0.0,0.0,False,0.0,0.026078999781020684,
text_encoder_b-development-0064,text_encoder_b,text,development,composite,moderate,False,False,typed_route_without_cut,invalid,1.0,1.0,1.0,1.0,1.0,1.0,1.0,1.0,0.5,1.0,0.6666666666666666,0.5,0.0,1.0,0.0,0,False,0.0,0.0,False,0.0,0.06394100000761682,
text_encoder_b-development-0064,text_encoder_b,text,development,composite,moderate,False,False,full_h10,invalid,1.0,1.0,1.0,1.0,1.0,1.0,1.0,1.0,1.0,1.0,1.0,1.0,1.0,0.0,0.0,0,True,0.0,0.0,False,0.0,0.16961199980869424,6aa2392a27ff58898ddb40140edf7496db8c82c3c2aae7ac9fe8043af5e0fb09
text_encoder_b-development-0065,text_encoder_b,text,development,composite,severe,False,False,independent_if_else,invalid,1.0,1.0,1.0,1.0,1.0,1.0,1.0,1.0,0.5,1.0,0.6666666666666666,0.5,0.0,1.0,0.0,0,False,0.0,0.0,False,0.0,0.025539000034768833,
text_encoder_b-development-0065,text_encoder_b,text,development,composite,severe,False,False,typed_route_without_cut,invalid,1.0,1.0,1.0,1.0,1.0,1.0,1.0,1.0,0.5,1.0,0.6666666666666666,0.5,0.0,1.0,0.0,0,False,0.0,0.0,False,0.0,0.0628890002190019,
text_encoder_b-development-0065,text_encoder_b,text,development,composite,severe,False,False,full_h10,invalid,1.0,1.0,1.0,1.0,1.0,1.0,1.0,1.0,1.0,1.0,1.0,1.0,1.0,0.0,0.0,0,True,0.0,0.0,False,0.0,0.158100000135164,6d75e0772b3d7318a4368023accffe86de522ab004afb01c6871883307b50f52
text_encoder_b-development-0066,text_encoder_b,text,development,composite,subtle,False,False,independent_if_else,invalid,1.0,1.0,1.0,1.0,1.0,1.0,1.0,1.0,1.0,1.0,1.0,1.0,1.0,0.0,0.0,0,False,0.0,0.0,False,0.0,0.02467599961164524,
text_encoder_b-development-0066,text_encoder_b,text,development,composite,subtle,False,False,typed_route_without_cut,invalid,1.0,1.0,1.0,1.0,1.0,1.0,1.0,1.0,1.0,1.0,1.0,1.0,1.0,0.0,0.0,0,False,0.0,0.0,False,0.0,0.0473789996249252,
text_encoder_b-development-0066,text_encoder_b,text,development,composite,subtle,False,False,full_h10,invalid,1.0,1.0,1.0,1.0,1.0,1.0,1.0,1.0,1.0,1.0,1.0,1.0,1.0,0.0,0.0,0,True,0.0,0.0,False,0.0,0.15643699998690863,162f666225b81cc0aa0d81cdda49f98a29bd2a3029c465b78a02e3d8c097e4f5
text_encoder_b-development-0067,text_encoder_b,text,development,unknown_ambiguous,moderate,True,False,independent_if_else,invalid,1.0,1.0,1.0,1.0,1.0,1.0,1.0,1.0,0.0,0.0,0.0,0.0,0.0,19.0,0.0,0,False,0.0,0.0,False,1.0,0.022181999611348147,
text_encoder_b-development-0067,text_encoder_b,text,development,unknown_ambiguous,moderate,True,False,typed_route_without_cut,invalid,1.0,1.0,1.0,1.0,1.0,1.0,1.0,1.0,0.0,0.0,0.0,0.0,0.0,19.0,0.0,0,False,0.0,0.0,False,1.0,0.02278300007674261,
text_encoder_b-development-0067,text_encoder_b,text,development,unknown_ambiguous,moderate,True,False,full_h10,invalid,1.0,1.0,1.0,1.0,1.0,1.0,1.0,1.0,0.0,0.0,0.0,0.0,0.0,19.0,0.0,0,True,0.0,0.0,False,1.0,0.15300999984901864,f9ab689080d4368dabb5aa4bd0ea9ad5c9463d85795387c72deec73749c99e9f
text_encoder_b-development-0068,text_encoder_b,text,development,unknown_ambiguous,severe,True,True,independent_if_else,insufficient_evidence,1.0,1.0,1.0,1.0,0.3333333333333333,1.0,0.5,0.3333333333333333,1.0,1.0,1.0,1.0,1.0,0.0,4.0,2,False,0.0,0.0,True,0.0,0.03427499996178085,
text_encoder_b-development-0068,text_encoder_b,text,development,unknown_ambiguous,severe,True,True,typed_route_without_cut,insufficient_evidence,1.0,1.0,1.0,1.0,0.3333333333333333,1.0,0.5,0.3333333333333333,1.0,1.0,1.0,1.0,1.0,0.0,4.0,2,False,0.0,0.0,True,0.0,0.0658349999866914,
text_encoder_b-development-0068,text_encoder_b,text,development,unknown_ambiguous,severe,True,True,full_h10,insufficient_evidence,1.0,1.0,1.0,1.0,0.3333333333333333,1.0,0.5,0.3333333333333333,1.0,1.0,1.0,1.0,1.0,0.0,4.0,2,True,0.0,0.0,True,0.0,0.1855719997365668,895492d6fbeb1fe355d26c0e5762d59a254d75ae8d5e998512d0d39cbcf286cc
text_encoder_b-development-0069,text_encoder_b,text,development,composite,subtle,False,False,independent_if_else,invalid,1.0,1.0,1.0,1.0,1.0,1.0,1.0,1.0,0.3333333333333333,1.0,0.5,0.3333333333333333,0.0,6.0,0.0,0,False,0.0,0.0,False,0.0,0.030348000109370332,
text_encoder_b-development-0069,text_encoder_b,text,development,composite,subtle,False,False,typed_route_without_cut,invalid,1.0,1.0,1.0,1.0,1.0,1.0,1.0,1.0,0.3333333333333333,1.0,0.5,0.3333333333333333,0.0,6.0,0.0,0,False,0.0,0.0,False,0.0,0.06071500001780805,
text_encoder_b-development-0069,text_encoder_b,text,development,composite,subtle,False,False,full_h10,invalid,1.0,1.0,1.0,1.0,1.0,1.0,1.0,1.0,1.0,1.0,1.0,1.0,1.0,0.0,0.0,0,True,0.0,0.0,False,0.0,0.18281700022271252,e59c35ad5b2a825764e515175f619e4421768d8fb77372b803864beeb4d5a851
text_encoder_b-development-0070,text_encoder_b,text,development,clean,none,False,False,independent_if_else,valid,1.0,1.0,1.0,1.0,1.0,1.0,1.0,1.0,1.0,1.0,1.0,1.0,1.0,0.0,0.0,0,False,0.0,0.0,False,0.0,0.018294999790668953,
text_encoder_b-development-0070,text_encoder_b,text,development,clean,none,False,False,typed_route_without_cut,valid,1.0,1.0,1.0,1.0,1.0,1.0,1.0,1.0,1.0,1.0,1.0,1.0,1.0,0.0,0.0,0,False,0.0,0.0,False,0.0,0.01864500018200488,
text_encoder_b-development-0070,text_encoder_b,text,development,clean,none,False,False,full_h10,valid,1.0,1.0,1.0,1.0,1.0,1.0,1.0,1.0,1.0,1.0,1.0,1.0,1.0,0.0,0.0,0,True,0.0,0.0,False,0.0,0.02185199991799891,5f0c94365ed7804759129dc14f0d4e903ca38d0fef964ec3775d0021489187a3
text_encoder_b-development-0071,text_encoder_b,text,development,composite,severe,False,False,independent_if_else,invalid,1.0,1.0,1.0,1.0,1.0,1.0,1.0,1.0,1.0,1.0,1.0,1.0,1.0,0.0,0.0,0,False,0.0,0.0,False,0.0,0.02988699998240918,
text_encoder_b-development-0071,text_encoder_b,text,development,composite,severe,False,False,typed_route_without_cut,invalid,1.0,1.0,1.0,1.0,1.0,1.0,1.0,1.0,1.0,1.0,1.0,1.0,1.0,0.0,0.0,0,False,0.0,0.0,False,0.0,0.05189800003790879,
text_encoder_b-development-0071,text_encoder_b,text,development,composite,severe,False,False,full_h10,invalid,1.0,1.0,1.0,1.0,1.0,1.0,1.0,1.0,1.0,1.0,1.0,1.0,1.0,0.0,0.0,0,True,0.0,0.0,False,0.0,0.18083299983118195,43f9f53e8b15d5067c5ce78da3c65d662d0bdc2a6a6acb3fd3f4881e96350e7b
text_encoder_b-development-0072,text_encoder_b,text,development,composite,subtle,False,False,independent_if_else,invalid,1.0,1.0,1.0,1.0,1.0,1.0,1.0,1.0,0.5,1.0,0.6666666666666666,0.5,0.0,2.0,0.0,0,False,0.0,0.0,False,0.0,0.02643000016178121,
text_encoder_b-development-0072,text_encoder_b,text,development,composite,subtle,False,False,typed_route_without_cut,invalid,1.0,1.0,1.0,1.0,1.0,1.0,1.0,1.0,0.5,1.0,0.6666666666666666,0.5,0.0,2.0,0.0,0,False,0.0,0.0,False,0.0,0.05131800025992561,
text_encoder_b-development-0072,text_encoder_b,text,development,composite,subtle,False,False,full_h10,invalid,1.0,1.0,1.0,1.0,1.0,1.0,1.0,1.0,1.0,1.0,1.0,1.0,1.0,0.0,0.0,0,True,0.0,0.0,False,0.0,0.1691409997874871,03299503008141106d56590c4c1e36b3814842cff0d701105afa5198c2f28326
text_encoder_b-development-0073,text_encoder_b,text,development,composite,moderate,False,False,independent_if_else,invalid,1.0,1.0,1.0,1.0,1.0,1.0,1.0,1.0,1.0,1.0,1.0,1.0,1.0,0.0,0.0,0,False,0.0,0.0,False,0.0,0.026731000161817065,
text_encoder_b-development-0073,text_encoder_b,text,development,composite,moderate,False,False,typed_route_without_cut,invalid,1.0,1.0,1.0,1.0,1.0,1.0,1.0,1.0,1.0,1.0,1.0,1.0,1.0,0.0,0.0,0,False,0.0,0.0,False,0.0,0.050135000037698774,
text_encoder_b-development-0073,text_encoder_b,text,development,composite,moderate,False,False,full_h10,invalid,1.0,1.0,1.0,1.0,1.0,1.0,1.0,1.0,1.0,1.0,1.0,1.0,1.0,0.0,0.0,0,True,0.0,0.0,False,0.0,0.23335299965765444,10ae6e2a6b4f9a78ba0929767c0f43ef7a3edc491274977d19033bcbdc34cecd
text_encoder_b-development-0074,text_encoder_b,text,development,composite,severe,False,False,independent_if_else,invalid,1.0,1.0,1.0,1.0,1.0,1.0,1.0,1.0,0.6666666666666666,1.0,0.8,0.6666666666666666,0.0,2.0,0.0,0,False,0.0,0.0,False,0.0,0.04353200029072468,
text_encoder_b-development-0074,text_encoder_b,text,development,composite,severe,False,False,typed_route_without_cut,invalid,1.0,1.0,1.0,1.0,1.0,1.0,1.0,1.0,0.6666666666666666,1.0,0.8,0.6666666666666666,0.0,2.0,0.0,0,False,0.0,0.0,False,0.0,0.06667599973297911,
text_encoder_b-development-0074,text_encoder_b,text,development,composite,severe,False,False,full_h10,invalid,1.0,1.0,1.0,1.0,1.0,1.0,1.0,1.0,1.0,1.0,1.0,1.0,1.0,0.0,0.0,0,True,0.0,0.0,False,0.0,0.2537619998292939,e61e96d03f68675a1a6ce569e172f56100169b32aa57660bc7bc0e6208c348be
text_encoder_b-development-0075,text_encoder_b,text,development,unknown_ambiguous,subtle,True,False,independent_if_else,invalid,1.0,1.0,1.0,1.0,1.0,1.0,1.0,1.0,0.5,0.5,0.5,0.3333333333333333,0.0,19.0,0.0,0,False,0.0,0.0,False,1.0,0.04815100010091555,
text_encoder_b-development-0075,text_encoder_b,text,development,unknown_ambiguous,subtle,True,False,typed_route_without_cut,invalid,1.0,1.0,1.0,1.0,1.0,1.0,1.0,1.0,0.5,0.5,0.5,0.3333333333333333,0.0,19.0,0.0,0,False,0.0,0.0,False,1.0,0.07407000020975829,
text_encoder_b-development-0075,text_encoder_b,text,development,unknown_ambiguous,subtle,True,False,full_h10,invalid,1.0,1.0,1.0,1.0,1.0,1.0,1.0,1.0,0.5,0.5,0.5,0.3333333333333333,0.0,19.0,0.0,0,True,0.0,0.0,False,1.0,0.2085050000459887,4b039eafb550026ba86b90522c6223f15a5dce1bf3de804559080da1e51ec3aa
text_encoder_b-development-0076,text_encoder_b,text,development,composite,moderate,False,False,independent_if_else,invalid,1.0,1.0,1.0,1.0,1.0,1.0,1.0,1.0,1.0,1.0,1.0,1.0,1.0,0.0,0.0,0,False,0.0,0.0,False,0.0,0.028182999812997878,
text_encoder_b-development-0076,text_encoder_b,text,development,composite,moderate,False,False,typed_route_without_cut,invalid,1.0,1.0,1.0,1.0,1.0,1.0,1.0,1.0,1.0,1.0,1.0,1.0,1.0,0.0,0.0,0,False,0.0,0.0,False,0.0,0.06099599977460457,
text_encoder_b-development-0076,text_encoder_b,text,development,composite,moderate,False,False,full_h10,invalid,1.0,1.0,1.0,1.0,1.0,1.0,1.0,1.0,1.0,1.0,1.0,1.0,1.0,0.0,0.0,0,True,0.0,0.0,False,0.0,0.174701000105415,fd4a061da18c9eb2f42acfbe7e058b1f6e7f855eeacb950ded8b703a53449a91
text_encoder_b-development-0077,text_encoder_b,text,development,clean,none,False,False,independent_if_else,valid,1.0,1.0,1.0,1.0,1.0,1.0,1.0,1.0,1.0,1.0,1.0,1.0,1.0,0.0,0.0,0,False,0.0,0.0,False,0.0,0.01898600021377206,
text_encoder_b-development-0077,text_encoder_b,text,development,clean,none,False,False,typed_route_without_cut,valid,1.0,1.0,1.0,1.0,1.0,1.0,1.0,1.0,1.0,1.0,1.0,1.0,1.0,0.0,0.0,0,False,0.0,0.0,False,0.0,0.019396999960008543,
text_encoder_b-development-0077,text_encoder_b,text,development,clean,none,False,False,full_h10,valid,1.0,1.0,1.0,1.0,1.0,1.0,1.0,1.0,1.0,1.0,1.0,1.0,1.0,0.0,0.0,0,True,0.0,0.0,False,0.0,0.02159099994969438,3906c13b6b71be83111f54cf43f667f167d1d120504250d36bbf61932ca45876
text_encoder_b-development-0078,text_encoder_b,text,development,unknown_ambiguous,subtle,True,True,independent_if_else,insufficient_evidence,1.0,1.0,1.0,1.0,0.3333333333333333,1.0,0.5,0.3333333333333333,1.0,1.0,1.0,1.0,1.0,0.0,4.0,2,False,0.0,0.0,True,0.0,0.028513999950519064,
text_encoder_b-development-0078,text_encoder_b,text,development,unknown_ambiguous,subtle,True,True,typed_route_without_cut,insufficient_evidence,1.0,1.0,1.0,1.0,0.3333333333333333,1.0,0.5,0.3333333333333333,1.0,1.0,1.0,1.0,1.0,0.0,4.0,2,False,0.0,0.0,True,0.0,0.05414199995357194,
text_encoder_b-development-0078,text_encoder_b,text,development,unknown_ambiguous,subtle,True,True,full_h10,insufficient_evidence,1.0,1.0,1.0,1.0,0.3333333333333333,1.0,0.5,0.3333333333333333,1.0,1.0,1.0,1.0,1.0,0.0,4.0,2,True,0.0,0.0,True,0.0,0.17109500004153233,e96be1af9f762df6ed35a072d9be30e88820c0c860db0eb196f6435217664659
text_encoder_b-development-0079,text_encoder_b,text,development,composite,moderate,False,False,independent_if_else,invalid,1.0,1.0,1.0,1.0,1.0,1.0,1.0,1.0,1.0,1.0,1.0,1.0,1.0,0.0,0.0,0,False,0.0,0.0,False,0.0,0.026589999833959155,
text_encoder_b-development-0079,text_encoder_b,text,development,composite,moderate,False,False,typed_route_without_cut,invalid,1.0,1.0,1.0,1.0,1.0,1.0,1.0,1.0,1.0,1.0,1.0,1.0,1.0,0.0,0.0,0,False,0.0,0.0,False,0.0,0.048242000048048794,
text_encoder_b-development-0079,text_encoder_b,text,development,composite,moderate,False,False,full_h10,invalid,1.0,1.0,1.0,1.0,1.0,1.0,1.0,1.0,1.0,1.0,1.0,1.0,1.0,0.0,0.0,0,True,0.0,0.0,False,0.0,0.16418199993495364,f14e816f6c783a6c876e83a36094536262cd518852fadc44a351e48c87aa11fb
text_encoder_b-development-0080,text_encoder_b,text,development,composite,severe,False,False,independent_if_else,invalid,1.0,1.0,1.0,1.0,1.0,1.0,1.0,1.0,1.0,1.0,1.0,1.0,1.0,0.0,0.0,0,False,0.0,0.0,False,0.0,0.026279999929101905,
text_encoder_b-development-0080,text_encoder_b,text,development,composite,severe,False,False,typed_route_without_cut,invalid,1.0,1.0,1.0,1.0,1.0,1.0,1.0,1.0,1.0,1.0,1.0,1.0,1.0,0.0,0.0,0,False,0.0,0.0,False,0.0,0.06597499987037736,
text_encoder_b-development-0080,text_encoder_b,text,development,composite,severe,False,False,full_h10,invalid,1.0,1.0,1.0,1.0,1.0,1.0,1.0,1.0,1.0,1.0,1.0,1.0,1.0,0.0,0.0,0,True,0.0,0.0,False,0.0,0.1696520002951729,38a9cd6f09caeb1758af36fe8a5f5a35b585e8e846be56764584aa2c207449d6
text_encoder_b-development-0081,text_encoder_b,text,development,clean,none,False,False,independent_if_else,valid,1.0,1.0,1.0,1.0,1.0,1.0,1.0,1.0,1.0,1.0,1.0,1.0,1.0,0.0,0.0,0,False,0.0,0.0,False,0.0,0.017624000065552536,
text_encoder_b-development-0081,text_encoder_b,text,development,clean,none,False,False,typed_route_without_cut,valid,1.0,1.0,1.0,1.0,1.0,1.0,1.0,1.0,1.0,1.0,1.0,1.0,1.0,0.0,0.0,0,False,0.0,0.0,False,0.0,0.01828499989642296,
text_encoder_b-development-0081,text_encoder_b,text,development,clean,none,False,False,full_h10,valid,1.0,1.0,1.0,1.0,1.0,1.0,1.0,1.0,1.0,1.0,1.0,1.0,1.0,0.0,0.0,0,True,0.0,0.0,False,0.0,0.020478999886108795,f0b76f1b93549a869d61ec067a308d37d2ea2715fe70eccb73bce7526238a4aa
text_encoder_b-development-0082,text_encoder_b,text,development,composite,moderate,False,False,independent_if_else,invalid,1.0,1.0,1.0,1.0,1.0,1.0,1.0,1.0,0.6666666666666666,1.0,0.8,0.6666666666666666,0.0,4.0,0.0,0,False,0.0,0.0,False,0.0,0.029907000225648517,
text_encoder_b-development-0082,text_encoder_b,text,development,composite,moderate,False,False,typed_route_without_cut,invalid,1.0,1.0,1.0,1.0,1.0,1.0,1.0,1.0,0.6666666666666666,1.0,0.8,0.6666666666666666,0.0,4.0,0.0,0,False,0.0,0.0,False,0.0,0.060665000091830734,
text_encoder_b-development-0082,text_encoder_b,text,development,composite,moderate,False,False,full_h10,invalid,1.0,1.0,1.0,1.0,1.0,1.0,1.0,1.0,1.0,1.0,1.0,1.0,1.0,0.0,0.0,0,True,0.0,0.0,False,0.0,0.20337599971753662,bec18cedda4434bb2dbcffe3554fad476c1db7260808612079a5503e7ab5bf93
text_encoder_b-development-0083,text_encoder_b,text,development,composite,severe,False,False,independent_if_else,invalid,1.0,1.0,1.0,1.0,1.0,1.0,1.0,1.0,1.0,1.0,1.0,1.0,1.0,0.0,0.0,0,False,0.0,0.0,False,0.0,0.02808399995046784,
text_encoder_b-development-0083,text_encoder_b,text,development,composite,severe,False,False,typed_route_without_cut,invalid,1.0,1.0,1.0,1.0,1.0,1.0,1.0,1.0,1.0,1.0,1.0,1.0,1.0,0.0,0.0,0,False,0.0,0.0,False,0.0,0.0575399999434012,
text_encoder_b-development-0083,text_encoder_b,text,development,composite,severe,False,False,full_h10,invalid,1.0,1.0,1.0,1.0,1.0,1.0,1.0,1.0,1.0,1.0,1.0,1.0,1.0,0.0,0.0,0,True,0.0,0.0,False,0.0,0.17496199961897219,531e9b1a96d45e1243c7fdf9d1708cadaacb6dbf2787af7016c4be7655164f56
text_encoder_b-development-0084,text_encoder_b,text,development,clean,none,False,False,independent_if_else,valid,1.0,1.0,1.0,1.0,1.0,1.0,1.0,1.0,1.0,1.0,1.0,1.0,1.0,0.0,0.0,0,False,0.0,0.0,False,0.0,0.019716999759111786,
text_encoder_b-development-0084,text_encoder_b,text,development,clean,none,False,False,typed_route_without_cut,valid,1.0,1.0,1.0,1.0,1.0,1.0,1.0,1.0,1.0,1.0,1.0,1.0,1.0,0.0,0.0,0,False,0.0,0.0,False,0.0,0.020107999716856284,
text_encoder_b-development-0084,text_encoder_b,text,development,clean,none,False,False,full_h10,valid,1.0,1.0,1.0,1.0,1.0,1.0,1.0,1.0,1.0,1.0,1.0,1.0,1.0,0.0,0.0,0,True,0.0,0.0,False,0.0,0.022122000245872186,2d249139006e9d1ebe68ab6af796f36b83fa418b84ebda04469c78541ee553d1
text_encoder_b-development-0085,text_encoder_b,text,development,single,moderate,False,False,independent_if_else,invalid,1.0,1.0,1.0,1.0,1.0,1.0,1.0,1.0,1.0,1.0,1.0,1.0,1.0,0.0,0.0,0,False,0.0,0.0,False,0.0,0.023505000172008295,
text_encoder_b-development-0085,text_encoder_b,text,development,single,moderate,False,False,typed_route_without_cut,invalid,1.0,1.0,1.0,1.0,1.0,1.0,1.0,1.0,1.0,1.0,1.0,1.0,1.0,0.0,0.0,0,False,0.0,0.0,False,0.0,0.045756999952573096,
text_encoder_b-development-0085,text_encoder_b,text,development,single,moderate,False,False,full_h10,invalid,1.0,1.0,1.0,1.0,1.0,1.0,1.0,1.0,1.0,1.0,1.0,1.0,1.0,0.0,0.0,0,True,0.0,0.0,False,0.0,0.1637010000195005,e6429cf6468851d21de1610f3cc487faaca0dbc9b7ffc54385966f6ad60aeeb0
text_encoder_b-development-0086,text_encoder_b,text,development,composite,severe,False,False,independent_if_else,invalid,1.0,1.0,1.0,1.0,1.0,1.0,1.0,1.0,0.5,1.0,0.6666666666666666,0.5,0.0,2.0,0.0,0,False,0.0,0.0,False,0.0,0.027782999950431986,
text_encoder_b-development-0086,text_encoder_b,text,development,composite,severe,False,False,typed_route_without_cut,invalid,1.0,1.0,1.0,1.0,1.0,1.0,1.0,1.0,0.5,1.0,0.6666666666666666,0.5,0.0,2.0,0.0,0,False,0.0,0.0,False,0.0,0.05683800009137485,
text_encoder_b-development-0086,text_encoder_b,text,development,composite,severe,False,False,full_h10,invalid,1.0,1.0,1.0,1.0,1.0,1.0,1.0,1.0,1.0,1.0,1.0,1.0,1.0,0.0,0.0,0,True,0.0,0.0,False,0.0,0.1853120002124342,4dfc85ad45e5b855524c71575774207c0a855bbeec07c8adef827fa9115c3bc9
text_encoder_b-development-0087,text_encoder_b,text,development,clean,none,False,False,independent_if_else,valid,1.0,1.0,1.0,1.0,1.0,1.0,1.0,1.0,1.0,1.0,1.0,1.0,1.0,0.0,0.0,0,False,0.0,0.0,False,0.0,0.019767999674513703,
text_encoder_b-development-0087,text_encoder_b,text,development,clean,none,False,False,typed_route_without_cut,valid,1.0,1.0,1.0,1.0,1.0,1.0,1.0,1.0,1.0,1.0,1.0,1.0,1.0,0.0,0.0,0,False,0.0,0.0,False,0.0,0.022322999939206056,
text_encoder_b-development-0087,text_encoder_b,text,development,clean,none,False,False,full_h10,valid,1.0,1.0,1.0,1.0,1.0,1.0,1.0,1.0,1.0,1.0,1.0,1.0,1.0,0.0,0.0,0,True,0.0,0.0,False,0.0,0.02306399983353913,c44fe21e4b36b0fb5df8d2c7b963631003be3a88e3f39dc426f2a8540734ba4a
text_encoder_b-development-0088,text_encoder_b,text,development,composite,moderate,False,False,independent_if_else,invalid,1.0,1.0,1.0,1.0,1.0,1.0,1.0,1.0,0.6666666666666666,1.0,0.8,0.6666666666666666,0.0,2.0,0.0,0,False,0.0,0.0,False,0.0,0.030047000109334476,
text_encoder_b-development-0088,text_encoder_b,text,development,composite,moderate,False,False,typed_route_without_cut,invalid,1.0,1.0,1.0,1.0,1.0,1.0,1.0,1.0,0.6666666666666666,1.0,0.8,0.6666666666666666,0.0,2.0,0.0,0,False,0.0,0.0,False,0.0,0.06429199993363,
text_encoder_b-development-0088,text_encoder_b,text,development,composite,moderate,False,False,full_h10,invalid,1.0,1.0,1.0,1.0,1.0,1.0,1.0,1.0,1.0,1.0,1.0,1.0,1.0,0.0,0.0,0,True,0.0,0.0,False,0.0,0.19125299968436593,9aef3db100e722ffa5e222ff73b393732ab3de4989c29ece9ca14dc2aac4e2b5
text_encoder_b-development-0089,text_encoder_b,text,development,unknown_ambiguous,severe,True,False,independent_if_else,invalid,1.0,1.0,1.0,1.0,1.0,1.0,1.0,1.0,0.5,1.0,0.6666666666666666,0.5,0.0,4.0,0.0,0,False,0.0,0.0,False,1.0,0.026259999685862567,
text_encoder_b-development-0089,text_encoder_b,text,development,unknown_ambiguous,severe,True,False,typed_route_without_cut,invalid,1.0,1.0,1.0,1.0,1.0,1.0,1.0,1.0,0.5,1.0,0.6666666666666666,0.5,0.0,4.0,0.0,0,False,0.0,0.0,False,1.0,0.058261000049242284,
text_encoder_b-development-0089,text_encoder_b,text,development,unknown_ambiguous,severe,True,False,full_h10,invalid,1.0,1.0,1.0,1.0,1.0,1.0,1.0,1.0,1.0,1.0,1.0,1.0,1.0,0.0,0.0,0,True,0.0,0.0,False,1.0,0.17094399981942843,8be742c81b39b2cc1e40e775844da5048194a77e77fd18f2eeea0f1d37b06239
text_encoder_b-development-0090,text_encoder_b,text,development,composite,subtle,False,False,independent_if_else,invalid,1.0,1.0,1.0,1.0,1.0,1.0,1.0,1.0,1.0,1.0,1.0,1.0,1.0,0.0,0.0,0,False,0.0,0.0,False,0.0,0.03124899967588135,
text_encoder_b-development-0090,text_encoder_b,text,development,composite,subtle,False,False,typed_route_without_cut,invalid,1.0,1.0,1.0,1.0,1.0,1.0,1.0,1.0,1.0,1.0,1.0,1.0,1.0,0.0,0.0,0,False,0.0,0.0,False,0.0,0.053761999879498035,
text_encoder_b-development-0090,text_encoder_b,text,development,composite,subtle,False,False,full_h10,invalid,1.0,1.0,1.0,1.0,1.0,1.0,1.0,1.0,1.0,1.0,1.0,1.0,1.0,0.0,0.0,0,True,0.0,0.0,False,0.0,0.16711799980839714,e96a7204ff636d262721635a29900a5cbd62044a3705491b17faf5bcde2b8c0d
text_encoder_b-development-0091,text_encoder_b,text,development,single,moderate,False,False,independent_if_else,invalid,1.0,1.0,1.0,1.0,1.0,1.0,1.0,1.0,1.0,1.0,1.0,1.0,1.0,0.0,0.0,0,False,0.0,0.0,False,0.0,0.024356000267289346,
text_encoder_b-development-0091,text_encoder_b,text,development,single,moderate,False,False,typed_route_without_cut,invalid,1.0,1.0,1.0,1.0,1.0,1.0,1.0,1.0,1.0,1.0,1.0,1.0,1.0,0.0,0.0,0,False,0.0,0.0,False,0.0,0.03318299968668725,
text_encoder_b-development-0091,text_encoder_b,text,development,single,moderate,False,False,full_h10,invalid,1.0,1.0,1.0,1.0,1.0,1.0,1.0,1.0,1.0,1.0,1.0,1.0,1.0,0.0,0.0,0,True,0.0,0.0,False,0.0,0.15852100023039384,f4364518b6b6535c140e6331748bb8e9211c9f608d44aa9b67d1a51e63d738ec
text_encoder_b-development-0092,text_encoder_b,text,development,unknown_ambiguous,severe,True,True,independent_if_else,insufficient_evidence,1.0,1.0,1.0,1.0,0.3333333333333333,1.0,0.5,0.3333333333333333,1.0,1.0,1.0,1.0,1.0,0.0,4.0,2,False,0.0,0.0,True,0.0,0.03107899965471006,
text_encoder_b-development-0092,text_encoder_b,text,development,unknown_ambiguous,severe,True,True,typed_route_without_cut,insufficient_evidence,1.0,1.0,1.0,1.0,0.3333333333333333,1.0,0.5,0.3333333333333333,1.0,1.0,1.0,1.0,1.0,0.0,4.0,2,False,0.0,0.0,True,0.0,0.0587009999435395,
text_encoder_b-development-0092,text_encoder_b,text,development,unknown_ambiguous,severe,True,True,full_h10,insufficient_evidence,1.0,1.0,1.0,1.0,0.3333333333333333,1.0,0.5,0.3333333333333333,1.0,1.0,1.0,1.0,1.0,0.0,4.0,2,True,0.0,0.0,True,0.0,0.26436200005264254,eedf3c75aa3835c048fa480a763d0499628e126e6852ae7550b31ec000ac28a1
text_encoder_b-development-0093,text_encoder_b,text,development,composite,subtle,False,False,independent_if_else,invalid,1.0,1.0,1.0,1.0,1.0,1.0,1.0,1.0,1.0,1.0,1.0,1.0,1.0,0.0,0.0,0,False,0.0,0.0,False,0.0,0.04503599984673201,
text_encoder_b-development-0093,text_encoder_b,text,development,composite,subtle,False,False,typed_route_without_cut,invalid,1.0,1.0,1.0,1.0,1.0,1.0,1.0,1.0,1.0,1.0,1.0,1.0,1.0,0.0,0.0,0,False,0.0,0.0,False,0.0,0.09261600007448578,
text_encoder_b-development-0093,text_encoder_b,text,development,composite,subtle,False,False,full_h10,invalid,1.0,1.0,1.0,1.0,1.0,1.0,1.0,1.0,1.0,1.0,1.0,1.0,1.0,0.0,0.0,0,True,0.0,0.0,False,0.0,0.2872650002245791,9ef8c57c49217c1b993d8f86957b0b18d68e737311e93cb5ad6d9bae797aea51
text_encoder_b-development-0094,text_encoder_b,text,development,unknown_ambiguous,moderate,True,True,independent_if_else,insufficient_evidence,1.0,1.0,1.0,1.0,0.5,1.0,0.6666666666666666,0.5,1.0,1.0,1.0,1.0,1.0,0.0,4.0,2,False,0.0,0.0,True,0.0,0.040687000364414416,
text_encoder_b-development-0094,text_encoder_b,text,development,unknown_ambiguous,moderate,True,True,typed_route_without_cut,insufficient_evidence,1.0,1.0,1.0,1.0,0.5,1.0,0.6666666666666666,0.5,1.0,1.0,1.0,1.0,1.0,0.0,4.0,2,False,0.0,0.0,True,0.0,0.0677779999023187,
text_encoder_b-development-0094,text_encoder_b,text,development,unknown_ambiguous,moderate,True,True,full_h10,insufficient_evidence,1.0,1.0,1.0,1.0,0.5,1.0,0.6666666666666666,0.5,1.0,1.0,1.0,1.0,1.0,0.0,4.0,2,True,0.0,0.0,True,0.0,0.20740399986607372,f7ad55e6d77a3252e49c20035cd08a2d7758ecde66b3d04797ca424e9076f7f5
text_encoder_b-development-0095,text_encoder_b,text,development,unknown_ambiguous,severe,True,False,independent_if_else,invalid,1.0,1.0,1.0,1.0,1.0,1.0,1.0,1.0,0.5,1.0,0.6666666666666666,0.5,0.0,20.0,0.0,0,False,0.0,0.0,False,1.0,0.03525700003592647,
text_encoder_b-development-0095,text_encoder_b,text,development,unknown_ambiguous,severe,True,False,typed_route_without_cut,invalid,1.0,1.0,1.0,1.0,1.0,1.0,1.0,1.0,0.5,1.0,0.6666666666666666,0.5,0.0,20.0,0.0,0,False,0.0,0.0,False,1.0,0.0719670001672057,
text_encoder_b-development-0095,text_encoder_b,text,development,unknown_ambiguous,severe,True,False,full_h10,invalid,1.0,1.0,1.0,1.0,1.0,1.0,1.0,1.0,0.5,1.0,0.6666666666666666,0.5,0.0,20.0,0.0,0,True,0.0,0.0,False,1.0,0.19877700015058508,20365e201f51d7094ffb22b9f1dad4049337ba28d908b855573c49d0f00ae869
text_encoder_b-development-0096,text_encoder_b,text,development,composite,subtle,False,False,independent_if_else,invalid,1.0,1.0,1.0,1.0,1.0,1.0,1.0,1.0,0.5,1.0,0.6666666666666666,0.5,0.0,1.0,0.0,0,False,0.0,0.0,False,0.0,0.026138999601243995,
text_encoder_b-development-0096,text_encoder_b,text,development,composite,subtle,False,False,typed_route_without_cut,invalid,1.0,1.0,1.0,1.0,1.0,1.0,1.0,1.0,0.5,1.0,0.6666666666666666,0.5,0.0,1.0,0.0,0,False,0.0,0.0,False,0.0,0.07043400000839029,
text_encoder_b-development-0096,text_encoder_b,text,development,composite,subtle,False,False,full_h10,invalid,1.0,1.0,1.0,1.0,1.0,1.0,1.0,1.0,1.0,1.0,1.0,1.0,1.0,0.0,0.0,0,True,0.0,0.0,False,0.0,0.16533400003027054,bde32f049cb53279611a6f9b3e9f35241c2423b209f272407357006681329050
text_encoder_b-development-0097,text_encoder_b,text,development,single,moderate,False,False,independent_if_else,invalid,1.0,1.0,1.0,1.0,1.0,1.0,1.0,1.0,1.0,1.0,1.0,1.0,1.0,0.0,0.0,0,False,0.0,0.0,False,0.0,0.021830999685334973,
text_encoder_b-development-0097,text_encoder_b,text,development,single,moderate,False,False,typed_route_without_cut,invalid,1.0,1.0,1.0,1.0,1.0,1.0,1.0,1.0,1.0,1.0,1.0,1.0,1.0,0.0,0.0,0,False,0.0,0.0,False,0.0,0.047930999699019594,
text_encoder_b-development-0097,text_encoder_b,text,development,single,moderate,False,False,full_h10,invalid,1.0,1.0,1.0,1.0,1.0,1.0,1.0,1.0,1.0,1.0,1.0,1.0,1.0,0.0,0.0,0,True,0.0,0.0,False,0.0,0.16397099989262642,c8a8cfe759b0701a90f76acb36359f142fb7642295bb34b74c59ec9f0b7bf4f2
text_encoder_b-development-0098,text_encoder_b,text,development,clean,none,False,False,independent_if_else,valid,1.0,1.0,1.0,1.0,1.0,1.0,1.0,1.0,1.0,1.0,1.0,1.0,1.0,0.0,0.0,0,False,0.0,0.0,False,0.0,0.018495999938750174,
text_encoder_b-development-0098,text_encoder_b,text,development,clean,none,False,False,typed_route_without_cut,valid,1.0,1.0,1.0,1.0,1.0,1.0,1.0,1.0,1.0,1.0,1.0,1.0,1.0,0.0,0.0,0,False,0.0,0.0,False,0.0,0.018845999875338748,
text_encoder_b-development-0098,text_encoder_b,text,development,clean,none,False,False,full_h10,valid,1.0,1.0,1.0,1.0,1.0,1.0,1.0,1.0,1.0,1.0,1.0,1.0,1.0,0.0,0.0,0,True,0.0,0.0,False,0.0,0.022492999960377347,4f9b0ddae51daaa211748271c5267bcf4d1e10e0ba3716332b377ae06bf0c5d0
text_encoder_b-development-0099,text_encoder_b,text,development,composite,subtle,False,False,independent_if_else,invalid,1.0,1.0,1.0,1.0,1.0,1.0,1.0,1.0,1.0,1.0,1.0,1.0,1.0,0.0,0.0,0,False,0.0,0.0,False,0.0,0.024466000013489975,
text_encoder_b-development-0099,text_encoder_b,text,development,composite,subtle,False,False,typed_route_without_cut,invalid,1.0,1.0,1.0,1.0,1.0,1.0,1.0,1.0,1.0,1.0,1.0,1.0,1.0,0.0,0.0,0,False,0.0,0.0,False,0.0,0.04980399990017759,
text_encoder_b-development-0099,text_encoder_b,text,development,composite,subtle,False,False,full_h10,invalid,1.0,1.0,1.0,1.0,1.0,1.0,1.0,1.0,1.0,1.0,1.0,1.0,1.0,0.0,0.0,0,True,0.0,0.0,False,0.0,0.17536199993628543,b5137bed18d2bdf72ac6916cccdf61c182df922f2fe2049f8f81bd753b65f52d
text_encoder_b-development-0100,text_encoder_b,text,development,composite,moderate,False,False,independent_if_else,invalid,1.0,1.0,1.0,1.0,1.0,1.0,1.0,1.0,0.6666666666666666,1.0,0.8,0.6666666666666666,0.0,2.0,0.0,0,False,0.0,0.0,False,0.0,0.02864499992938363,
text_encoder_b-development-0100,text_encoder_b,text,development,composite,moderate,False,False,typed_route_without_cut,invalid,1.0,1.0,1.0,1.0,1.0,1.0,1.0,1.0,0.6666666666666666,1.0,0.8,0.6666666666666666,0.0,2.0,0.0,0,False,0.0,0.0,False,0.0,0.0594729999647825,
text_encoder_b-development-0100,text_encoder_b,text,development,composite,moderate,False,False,full_h10,invalid,1.0,1.0,1.0,1.0,1.0,1.0,1.0,1.0,1.0,1.0,1.0,1.0,1.0,0.0,0.0,0,True,0.0,0.0,False,0.0,0.1783590000741242,83336f5db6a3c70a986020c878b6c9d4b5f15c16ae08bf189af97bffa651b5a1
text_encoder_b-development-0101,text_encoder_b,text,development,composite,severe,False,False,independent_if_else,invalid,1.0,1.0,1.0,1.0,1.0,1.0,1.0,1.0,0.5,1.0,0.6666666666666666,0.5,0.0,1.0,0.0,0,False,0.0,0.0,False,0.0,0.025148000077024335,
text_encoder_b-development-0101,text_encoder_b,text,development,composite,severe,False,False,typed_route_without_cut,invalid,1.0,1.0,1.0,1.0,1.0,1.0,1.0,1.0,0.5,1.0,0.6666666666666666,0.5,0.0,1.0,0.0,0,False,0.0,0.0,False,0.0,0.06094599984862725,
text_encoder_b-development-0101,text_encoder_b,text,development,composite,severe,False,False,full_h10,invalid,1.0,1.0,1.0,1.0,1.0,1.0,1.0,1.0,1.0,1.0,1.0,1.0,1.0,0.0,0.0,0,True,0.0,0.0,False,0.0,0.16162699967026128,57a40dd8f6f956bc0edbee05d9518980b4fbd1cf3829ace46b962623b17cc5ac
text_encoder_b-development-0102,text_encoder_b,text,development,unknown_ambiguous,subtle,True,True,independent_if_else,insufficient_evidence,1.0,1.0,1.0,1.0,0.6666666666666666,1.0,0.8,0.6666666666666666,1.0,1.0,1.0,1.0,1.0,0.0,2.0,1,False,0.0,0.0,True,0.0,0.028683999971690355,
text_encoder_b-development-0102,text_encoder_b,text,development,unknown_ambiguous,subtle,True,True,typed_route_without_cut,insufficient_evidence,1.0,1.0,1.0,1.0,0.6666666666666666,1.0,0.8,0.6666666666666666,1.0,1.0,1.0,1.0,1.0,0.0,2.0,1,False,0.0,0.0,True,0.0,0.05363200034480542,
text_encoder_b-development-0102,text_encoder_b,text,development,unknown_ambiguous,subtle,True,True,full_h10,insufficient_evidence,1.0,1.0,1.0,1.0,0.6666666666666666,1.0,0.8,0.6666666666666666,1.0,1.0,1.0,1.0,1.0,0.0,2.0,1,True,0.0,0.0,True,0.0,0.1621380001779471,d0f01b2d8bed73865092ddab0b689983d9785b1bafd0e3818fb037672571d571
text_encoder_b-development-0103,text_encoder_b,text,development,composite,moderate,False,False,independent_if_else,invalid,1.0,1.0,1.0,1.0,1.0,1.0,1.0,1.0,1.0,1.0,1.0,1.0,1.0,0.0,0.0,0,False,0.0,0.0,False,0.0,0.025006999749166425,
text_encoder_b-development-0103,text_encoder_b,text,development,composite,moderate,False,False,typed_route_without_cut,invalid,1.0,1.0,1.0,1.0,1.0,1.0,1.0,1.0,1.0,1.0,1.0,1.0,1.0,0.0,0.0,0,False,0.0,0.0,False,0.0,0.04849200013268273,
text_encoder_b-development-0103,text_encoder_b,text,development,composite,moderate,False,False,full_h10,invalid,1.0,1.0,1.0,1.0,1.0,1.0,1.0,1.0,1.0,1.0,1.0,1.0,1.0,0.0,0.0,0,True,0.0,0.0,False,0.0,0.16348999997717328,feeffd68497aa552d2b3ca09cd184cd7118bda8f40d674e1675f222e69f6e925
text_encoder_b-development-0104,text_encoder_b,text,development,unknown_ambiguous,severe,True,True,independent_if_else,invalid,1.0,1.0,1.0,1.0,1.0,1.0,1.0,1.0,0.0,0.0,0.0,0.0,0.0,19.0,0.0,0,False,0.0,0.0,False,1.0,0.02222200009782682,
text_encoder_b-development-0104,text_encoder_b,text,development,unknown_ambiguous,severe,True,True,typed_route_without_cut,invalid,1.0,1.0,1.0,1.0,1.0,1.0,1.0,1.0,0.0,0.0,0.0,0.0,0.0,19.0,0.0,0,False,0.0,0.0,False,1.0,0.022111999896878842,
text_encoder_b-development-0104,text_encoder_b,text,development,unknown_ambiguous,severe,True,True,full_h10,invalid,1.0,1.0,1.0,1.0,1.0,1.0,1.0,1.0,0.0,0.0,0.0,0.0,0.0,19.0,0.0,0,True,0.0,0.0,False,1.0,0.14862200032439432,603065482c620f8d27535fff8e342bd4e828b0c1218f3adc045d5c9c5778e322
text_encoder_b-development-0105,text_encoder_b,text,development,composite,subtle,False,False,independent_if_else,invalid,1.0,1.0,1.0,1.0,1.0,1.0,1.0,1.0,0.6666666666666666,1.0,0.8,0.6666666666666666,0.0,2.0,0.0,0,False,0.0,0.0,False,0.0,0.028213999939907808,
text_encoder_b-development-0105,text_encoder_b,text,development,composite,subtle,False,False,typed_route_without_cut,invalid,1.0,1.0,1.0,1.0,1.0,1.0,1.0,1.0,0.6666666666666666,1.0,0.8,0.6666666666666666,0.0,2.0,0.0,0,False,0.0,0.0,False,0.0,0.07085399965944816,
text_encoder_b-development-0105,text_encoder_b,text,development,composite,subtle,False,False,full_h10,invalid,1.0,1.0,1.0,1.0,1.0,1.0,1.0,1.0,1.0,1.0,1.0,1.0,1.0,0.0,0.0,0,True,0.0,0.0,False,0.0,0.18794600009641727,b01626ae21f58e953e06570c28810e268b2072c334783370c38eb2b2cfeb3aca
text_encoder_b-development-0106,text_encoder_b,text,development,clean,none,False,False,independent_if_else,valid,1.0,1.0,1.0,1.0,1.0,1.0,1.0,1.0,1.0,1.0,1.0,1.0,1.0,0.0,0.0,0,False,0.0,0.0,False,0.0,0.01766299965311191,
text_encoder_b-development-0106,text_encoder_b,text,development,clean,none,False,False,typed_route_without_cut,valid,1.0,1.0,1.0,1.0,1.0,1.0,1.0,1.0,1.0,1.0,1.0,1.0,1.0,0.0,0.0,0,False,0.0,0.0,False,0.0,0.018095000086759683,
text_encoder_b-development-0106,text_encoder_b,text,development,clean,none,False,False,full_h10,valid,1.0,1.0,1.0,1.0,1.0,1.0,1.0,1.0,1.0,1.0,1.0,1.0,1.0,0.0,0.0,0,True,0.0,0.0,False,0.0,0.02080000012938399,3f79b1c95dea2f6d66025d1841f7906787e67fd8bb00353a5fa4a76d451a6986
text_encoder_b-development-0107,text_encoder_b,text,development,single,severe,False,False,independent_if_else,invalid,1.0,1.0,1.0,1.0,1.0,1.0,1.0,1.0,1.0,1.0,1.0,1.0,1.0,0.0,0.0,0,False,0.0,0.0,False,0.0,0.020910000330331968,
text_encoder_b-development-0107,text_encoder_b,text,development,single,severe,False,False,typed_route_without_cut,invalid,1.0,1.0,1.0,1.0,1.0,1.0,1.0,1.0,1.0,1.0,1.0,1.0,1.0,0.0,0.0,0,False,0.0,0.0,False,0.0,0.03153000034217257,
text_encoder_b-development-0107,text_encoder_b,text,development,single,severe,False,False,full_h10,invalid,1.0,1.0,1.0,1.0,1.0,1.0,1.0,1.0,1.0,1.0,1.0,1.0,1.0,0.0,0.0,0,True,0.0,0.0,False,0.0,0.152819999584608,e924fed49cf8d2383edf7145d329fe45a0f03a366138b5bc67aaa9e6885b3da9
text_encoder_b-development-0108,text_encoder_b,text,development,single,subtle,False,False,independent_if_else,invalid,1.0,1.0,1.0,1.0,1.0,1.0,1.0,1.0,1.0,1.0,1.0,1.0,1.0,0.0,0.0,0,False,0.0,0.0,False,0.0,0.025739000193425454,
text_encoder_b-development-0108,text_encoder_b,text,development,single,subtle,False,False,typed_route_without_cut,invalid,1.0,1.0,1.0,1.0,1.0,1.0,1.0,1.0,1.0,1.0,1.0,1.0,1.0,0.0,0.0,0,False,0.0,0.0,False,0.0,0.04619799983629491,
text_encoder_b-development-0108,text_encoder_b,text,development,single,subtle,False,False,full_h10,invalid,1.0,1.0,1.0,1.0,1.0,1.0,1.0,1.0,1.0,1.0,1.0,1.0,1.0,0.0,0.0,0,True,0.0,0.0,False,0.0,0.158119999923656,d67da04adef887534232455e950a1d7564de4e19d4bda18550191f733c16c6ac
text_encoder_b-development-0109,text_encoder_b,text,development,unknown_ambiguous,moderate,True,False,independent_if_else,invalid,1.0,1.0,1.0,1.0,1.0,1.0,1.0,1.0,0.5,0.5,0.5,0.3333333333333333,0.0,19.0,0.0,0,False,0.0,0.0,False,1.0,0.04945399996358901,
text_encoder_b-development-0109,text_encoder_b,text,development,unknown_ambiguous,moderate,True,False,typed_route_without_cut,invalid,1.0,1.0,1.0,1.0,1.0,1.0,1.0,1.0,0.5,0.5,0.5,0.3333333333333333,0.0,19.0,0.0,0,False,0.0,0.0,False,1.0,0.07097399975464214,
text_encoder_b-development-0109,text_encoder_b,text,development,unknown_ambiguous,moderate,True,False,full_h10,invalid,1.0,1.0,1.0,1.0,1.0,1.0,1.0,1.0,0.5,0.5,0.5,0.3333333333333333,0.0,19.0,0.0,0,True,0.0,0.0,False,1.0,0.2546829996390443,bab79a3e7b1c122827078c66b5b2a12f5567ff7d3e066b6c80e0bbacc97d0740
text_encoder_b-development-0110,text_encoder_b,text,development,single,severe,False,False,independent_if_else,invalid,1.0,1.0,1.0,1.0,1.0,1.0,1.0,1.0,0.3333333333333333,1.0,0.5,0.3333333333333333,0.0,2.0,0.0,0,False,0.0,0.0,False,0.0,0.056646999837539624,
text_encoder_b-development-0110,text_encoder_b,text,development,single,severe,False,False,typed_route_without_cut,invalid,1.0,1.0,1.0,1.0,1.0,1.0,1.0,1.0,0.3333333333333333,1.0,0.5,0.3333333333333333,0.0,2.0,0.0,0,False,0.0,0.0,False,0.0,0.04268099974069628,
text_encoder_b-development-0110,text_encoder_b,text,development,single,severe,False,False,full_h10,invalid,1.0,1.0,1.0,1.0,1.0,1.0,1.0,1.0,1.0,1.0,1.0,1.0,1.0,0.0,0.0,0,True,0.0,0.0,False,0.0,0.21657099978256156,ac161f6a6dd53f4cd97f61ffc7c65921936903685d152af0cb7cb6d92ca19ee6
text_encoder_b-development-0111,text_encoder_b,text,development,clean,none,False,False,independent_if_else,valid,1.0,1.0,1.0,1.0,1.0,1.0,1.0,1.0,1.0,1.0,1.0,1.0,1.0,0.0,0.0,0,False,0.0,0.0,False,0.0,0.019988000076409662,
text_encoder_b-development-0111,text_encoder_b,text,development,clean,none,False,False,typed_route_without_cut,valid,1.0,1.0,1.0,1.0,1.0,1.0,1.0,1.0,1.0,1.0,1.0,1.0,1.0,0.0,0.0,0,False,0.0,0.0,False,0.0,0.019608000002335757,
text_encoder_b-development-0111,text_encoder_b,text,development,clean,none,False,False,full_h10,valid,1.0,1.0,1.0,1.0,1.0,1.0,1.0,1.0,1.0,1.0,1.0,1.0,1.0,0.0,0.0,0,True,0.0,0.0,False,0.0,0.0334239998664998,cb5994177abdfb91a1eb06bca5ed1c215db9125284ed602351d31e365ee1b699
text_encoder_b-development-0112,text_encoder_b,text,development,single,moderate,False,False,independent_if_else,invalid,1.0,1.0,1.0,1.0,1.0,1.0,1.0,1.0,0.3333333333333333,1.0,0.5,0.3333333333333333,0.0,3.0,0.0,0,False,0.0,0.0,False,0.0,0.03469600005701068,
text_encoder_b-development-0112,text_encoder_b,text,development,single,moderate,False,False,typed_route_without_cut,invalid,1.0,1.0,1.0,1.0,1.0,1.0,1.0,1.0,0.3333333333333333,1.0,0.5,0.3333333333333333,0.0,3.0,0.0,0,False,0.0,0.0,False,0.0,0.039184999877761584,
text_encoder_b-development-0112,text_encoder_b,text,development,single,moderate,False,False,full_h10,invalid,1.0,1.0,1.0,1.0,1.0,1.0,1.0,1.0,1.0,1.0,1.0,1.0,1.0,0.0,0.0,0,True,0.0,0.0,False,0.0,0.2347150002606213,12bfe5a20be17270e2040be26715e7575f683fd440338ed2350c40b206621781
text_encoder_b-development-0113,text_encoder_b,text,development,single,severe,False,False,independent_if_else,invalid,1.0,1.0,1.0,1.0,1.0,1.0,1.0,1.0,1.0,1.0,1.0,1.0,1.0,0.0,0.0,0,False,0.0,0.0,False,0.0,0.02388499979133485,
text_encoder_b-development-0113,text_encoder_b,text,development,single,severe,False,False,typed_route_without_cut,invalid,1.0,1.0,1.0,1.0,1.0,1.0,1.0,1.0,1.0,1.0,1.0,1.0,1.0,0.0,0.0,0,False,0.0,0.0,False,0.0,0.07737700025245431,
text_encoder_b-development-0113,text_encoder_b,text,development,single,severe,False,False,full_h10,invalid,1.0,1.0,1.0,1.0,1.0,1.0,1.0,1.0,1.0,1.0,1.0,1.0,1.0,0.0,0.0,0,True,0.0,0.0,False,0.0,0.18897799964179285,59f51471f860b6a267121a5bc1d2f254505bdb2284c306864f748eb7c12cdbf8
text_encoder_b-development-0114,text_encoder_b,text,development,unknown_ambiguous,subtle,True,True,independent_if_else,invalid,1.0,1.0,1.0,1.0,1.0,1.0,1.0,1.0,0.25,0.5,0.3333333333333333,0.2,0.0,37.0,0.0,0,False,0.0,0.0,False,1.0,0.030638000225735595,
text_encoder_b-development-0114,text_encoder_b,text,development,unknown_ambiguous,subtle,True,True,typed_route_without_cut,invalid,1.0,1.0,1.0,1.0,1.0,1.0,1.0,1.0,0.25,0.5,0.3333333333333333,0.2,0.0,37.0,0.0,0,False,0.0,0.0,False,1.0,0.03688000015245052,
text_encoder_b-development-0114,text_encoder_b,text,development,unknown_ambiguous,subtle,True,True,full_h10,invalid,1.0,1.0,1.0,1.0,1.0,1.0,1.0,1.0,0.3333333333333333,0.5,0.4,0.25,0.0,36.0,0.0,0,True,0.0,0.0,False,1.0,0.20147299983364064,37d2e8542466f95bf780bf445a794e05f6e97eec02eb315789e4646edb5f35b6
text_encoder_b-development-0115,text_encoder_b,text,development,single,moderate,False,False,independent_if_else,invalid,1.0,1.0,1.0,1.0,1.0,1.0,1.0,1.0,1.0,1.0,1.0,1.0,1.0,0.0,0.0,0,False,0.0,0.0,False,0.0,0.02275399992868188,
text_encoder_b-development-0115,text_encoder_b,text,development,single,moderate,False,False,typed_route_without_cut,invalid,1.0,1.0,1.0,1.0,1.0,1.0,1.0,1.0,1.0,1.0,1.0,1.0,1.0,0.0,0.0,0,False,0.0,0.0,False,0.0,0.06139700008134241,
text_encoder_b-development-0115,text_encoder_b,text,development,single,moderate,False,False,full_h10,invalid,1.0,1.0,1.0,1.0,1.0,1.0,1.0,1.0,1.0,1.0,1.0,1.0,1.0,0.0,0.0,0,True,0.0,0.0,False,0.0,0.16196699971260387,fcfdb393e4ad5e47c24d7141434163e33cba3acbfdfb5f20044c66f373e25f90
text_encoder_b-development-0116,text_encoder_b,text,development,composite,severe,False,False,independent_if_else,invalid,1.0,1.0,1.0,1.0,1.0,1.0,1.0,1.0,0.3333333333333333,1.0,0.5,0.3333333333333333,0.0,6.0,0.0,0,False,0.0,0.0,False,0.0,0.02836399971783976,
text_encoder_b-development-0116,text_encoder_b,text,development,composite,severe,False,False,typed_route_without_cut,invalid,1.0,1.0,1.0,1.0,1.0,1.0,1.0,1.0,0.3333333333333333,1.0,0.5,0.3333333333333333,0.0,6.0,0.0,0,False,0.0,0.0,False,0.0,0.05833100021845894,
text_encoder_b-development-0116,text_encoder_b,text,development,composite,severe,False,False,full_h10,invalid,1.0,1.0,1.0,1.0,1.0,1.0,1.0,1.0,1.0,1.0,1.0,1.0,1.0,0.0,0.0,0,True,0.0,0.0,False,0.0,0.1735490000100981,c64e833b10c36a8763abdd811b4e08cbef34d7ef4c06f0f40aa5c006425d1951
text_encoder_b-development-0117,text_encoder_b,text,development,unknown_ambiguous,subtle,True,False,independent_if_else,invalid,1.0,1.0,1.0,1.0,1.0,1.0,1.0,1.0,0.25,0.5,0.3333333333333333,0.2,0.0,37.0,0.0,0,False,0.0,0.0,False,1.0,0.0334239998664998,
text_encoder_b-development-0117,text_encoder_b,text,development,unknown_ambiguous,subtle,True,False,typed_route_without_cut,invalid,1.0,1.0,1.0,1.0,1.0,1.0,1.0,1.0,0.25,0.5,0.3333333333333333,0.2,0.0,37.0,0.0,0,False,0.0,0.0,False,1.0,0.037090999740030384,
text_encoder_b-development-0117,text_encoder_b,text,development,unknown_ambiguous,subtle,True,False,full_h10,invalid,1.0,1.0,1.0,1.0,1.0,1.0,1.0,1.0,0.3333333333333333,0.5,0.4,0.25,0.0,36.0,0.0,0,True,0.0,0.0,False,1.0,0.19448900002316805,ea63f64677675ac6c0e44eed7f83673ddfc28a255eec9b063ce83a6b2cdf5abd
text_encoder_b-development-0118,text_encoder_b,text,development,composite,moderate,False,False,independent_if_else,invalid,1.0,1.0,1.0,1.0,1.0,1.0,1.0,1.0,0.6666666666666666,1.0,0.8,0.6666666666666666,0.0,2.0,0.0,0,False,0.0,0.0,False,0.0,0.029675999940081965,
text_encoder_b-development-0118,text_encoder_b,text,development,composite,moderate,False,False,typed_route_without_cut,invalid,1.0,1.0,1.0,1.0,1.0,1.0,1.0,1.0,0.6666666666666666,1.0,0.8,0.6666666666666666,0.0,2.0,0.0,0,False,0.0,0.0,False,0.0,0.07027299989204039,
text_encoder_b-development-0118,text_encoder_b,text,development,composite,moderate,False,False,full_h10,invalid,1.0,1.0,1.0,1.0,1.0,1.0,1.0,1.0,1.0,1.0,1.0,1.0,1.0,0.0,0.0,0,True,0.0,0.0,False,0.0,0.17860800016933354,21888c3f9a9fc51576bf42c308fe3d0265970673ca6972550a6a4d48c4c0411a
text_encoder_b-development-0119,text_encoder_b,text,development,unknown_ambiguous,severe,True,False,independent_if_else,invalid,1.0,1.0,1.0,1.0,1.0,1.0,1.0,1.0,0.4,0.6666666666666666,0.5,0.3333333333333333,0.0,37.0,0.0,0,False,0.0,0.0,False,1.0,0.033042999803001294,
text_encoder_b-development-0119,text_encoder_b,text,development,unknown_ambiguous,severe,True,False,typed_route_without_cut,invalid,1.0,1.0,1.0,1.0,1.0,1.0,1.0,1.0,0.4,0.6666666666666666,0.5,0.3333333333333333,0.0,37.0,0.0,0,False,0.0,0.0,False,1.0,0.05750899981649127,
text_encoder_b-development-0119,text_encoder_b,text,development,unknown_ambiguous,severe,True,False,full_h10,invalid,1.0,1.0,1.0,1.0,1.0,1.0,1.0,1.0,0.5,0.6666666666666666,0.5714285714285715,0.4,0.0,36.0,0.0,0,True,0.0,0.0,False,1.0,0.2594120001049305,32c3881603d4a94bccc4b06c1563893649b2310adc80383e5cf599625ec7ba6a
text_encoder_b-development-0120,text_encoder_b,text,development,composite,subtle,False,False,independent_if_else,invalid,1.0,1.0,1.0,1.0,1.0,1.0,1.0,1.0,0.3333333333333333,1.0,0.5,0.3333333333333333,0.0,5.0,0.0,0,False,0.0,0.0,False,0.0,0.03500600041661528,
text_encoder_b-development-0120,text_encoder_b,text,development,composite,subtle,False,False,typed_route_without_cut,invalid,1.0,1.0,1.0,1.0,1.0,1.0,1.0,1.0,0.3333333333333333,1.0,0.5,0.3333333333333333,0.0,5.0,0.0,0,False,0.0,0.0,False,0.0,0.09076200012714253,
text_encoder_b-development-0120,text_encoder_b,text,development,composite,subtle,False,False,full_h10,invalid,1.0,1.0,1.0,1.0,1.0,1.0,1.0,1.0,1.0,1.0,1.0,1.0,1.0,0.0,0.0,0,True,0.0,0.0,False,0.0,0.21749200004705926,c64986faa32ee942830418a805ef128513581329f5dd77e15d33102471b3b74a
text_encoder_b-development-0121,text_encoder_b,text,development,composite,moderate,False,False,independent_if_else,invalid,1.0,1.0,1.0,1.0,1.0,1.0,1.0,1.0,0.5,1.0,0.6666666666666666,0.5,0.0,2.0,0.0,0,False,0.0,0.0,False,0.0,0.027563000003283378,
text_encoder_b-development-0121,text_encoder_b,text,development,composite,moderate,False,False,typed_route_without_cut,invalid,1.0,1.0,1.0,1.0,1.0,1.0,1.0,1.0,0.5,1.0,0.6666666666666666,0.5,0.0,2.0,0.0,0,False,0.0,0.0,False,0.0,0.051497999720595544,
text_encoder_b-development-0121,text_encoder_b,text,development,composite,moderate,False,False,full_h10,invalid,1.0,1.0,1.0,1.0,1.0,1.0,1.0,1.0,1.0,1.0,1.0,1.0,1.0,0.0,0.0,0,True,0.0,0.0,False,0.0,0.1602939996701025,f418ace131a592ce51684e2e91d2f458e05d59319be35e9261457893928c1c3c
text_encoder_b-development-0122,text_encoder_b,text,development,clean,none,False,False,independent_if_else,valid,1.0,1.0,1.0,1.0,1.0,1.0,1.0,1.0,1.0,1.0,1.0,1.0,1.0,0.0,0.0,0,False,0.0,0.0,False,0.0,0.018153999917558394,
text_encoder_b-development-0122,text_encoder_b,text,development,clean,none,False,False,typed_route_without_cut,valid,1.0,1.0,1.0,1.0,1.0,1.0,1.0,1.0,1.0,1.0,1.0,1.0,1.0,0.0,0.0,0,False,0.0,0.0,False,0.0,0.01978699992832844,
text_encoder_b-development-0122,text_encoder_b,text,development,clean,none,False,False,full_h10,valid,1.0,1.0,1.0,1.0,1.0,1.0,1.0,1.0,1.0,1.0,1.0,1.0,1.0,0.0,0.0,0,True,0.0,0.0,False,0.0,0.0265199996647425,470a8c0ab0a66761da390d23f3bf99d1ee08a0e6f1d65f2a8d29b445ce6f6af5
text_encoder_b-development-0123,text_encoder_b,text,development,single,subtle,False,False,independent_if_else,invalid,1.0,1.0,1.0,1.0,1.0,1.0,1.0,1.0,1.0,1.0,1.0,1.0,1.0,0.0,0.0,0,False,0.0,0.0,False,0.0,0.022041999727662187,
text_encoder_b-development-0123,text_encoder_b,text,development,single,subtle,False,False,typed_route_without_cut,invalid,1.0,1.0,1.0,1.0,1.0,1.0,1.0,1.0,1.0,1.0,1.0,1.0,1.0,0.0,0.0,0,False,0.0,0.0,False,0.0,0.04899299983662786,
text_encoder_b-development-0123,text_encoder_b,text,development,single,subtle,False,False,full_h10,invalid,1.0,1.0,1.0,1.0,1.0,1.0,1.0,1.0,1.0,1.0,1.0,1.0,1.0,0.0,0.0,0,True,0.0,0.0,False,0.0,0.15815999995538732,440f96de50c39e9e0b5c2804cf9db5df945a6775cdcd626ad1f9e5d541266561
text_encoder_b-development-0124,text_encoder_b,text,development,composite,moderate,False,False,independent_if_else,invalid,1.0,1.0,1.0,1.0,1.0,1.0,1.0,1.0,0.5,1.0,0.6666666666666666,0.5,0.0,1.0,0.0,0,False,0.0,0.0,False,0.0,0.026499999876250513,
text_encoder_b-development-0124,text_encoder_b,text,development,composite,moderate,False,False,typed_route_without_cut,invalid,1.0,1.0,1.0,1.0,1.0,1.0,1.0,1.0,0.5,1.0,0.6666666666666666,0.5,0.0,1.0,0.0,0,False,0.0,0.0,False,0.0,0.06357000029311166,
text_encoder_b-development-0124,text_encoder_b,text,development,composite,moderate,False,False,full_h10,invalid,1.0,1.0,1.0,1.0,1.0,1.0,1.0,1.0,1.0,1.0,1.0,1.0,1.0,0.0,0.0,0,True,0.0,0.0,False,0.0,0.20556999970722245,1d376544aac152dd37f47a2278a5badfdd1d30c231614e86cc0b2882840549c3
text_encoder_b-development-0125,text_encoder_b,text,development,composite,severe,False,False,independent_if_else,invalid,1.0,1.0,1.0,1.0,1.0,1.0,1.0,1.0,0.6666666666666666,1.0,0.8,0.6666666666666666,0.0,2.0,0.0,0,False,0.0,0.0,False,0.0,0.04342199963502935,
text_encoder_b-development-0125,text_encoder_b,text,development,composite,severe,False,False,typed_route_without_cut,invalid,1.0,1.0,1.0,1.0,1.0,1.0,1.0,1.0,0.6666666666666666,1.0,0.8,0.6666666666666666,0.0,2.0,0.0,0,False,0.0,0.0,False,0.0,0.09323699987362488,
text_encoder_b-development-0125,text_encoder_b,text,development,composite,severe,False,False,full_h10,invalid,1.0,1.0,1.0,1.0,1.0,1.0,1.0,1.0,1.0,1.0,1.0,1.0,1.0,0.0,0.0,0,True,0.0,0.0,False,0.0,0.24708899991310318,de6879c190147bfaab78cbc618e89021ece949c71fce7fc9ef8a812c5f8121be
text_encoder_b-development-0126,text_encoder_b,text,development,composite,subtle,False,False,independent_if_else,invalid,1.0,1.0,1.0,1.0,1.0,1.0,1.0,1.0,1.0,1.0,1.0,1.0,1.0,0.0,0.0,0,False,0.0,0.0,False,0.0,0.040407000142295146,
text_encoder_b-development-0126,text_encoder_b,text,development,composite,subtle,False,False,typed_route_without_cut,invalid,1.0,1.0,1.0,1.0,1.0,1.0,1.0,1.0,1.0,1.0,1.0,1.0,1.0,0.0,0.0,0,False,0.0,0.0,False,0.0,0.0922750000427186,
text_encoder_b-development-0126,text_encoder_b,text,development,composite,subtle,False,False,full_h10,invalid,1.0,1.0,1.0,1.0,1.0,1.0,1.0,1.0,1.0,1.0,1.0,1.0,1.0,0.0,0.0,0,True,0.0,0.0,False,0.0,0.1893690000542847,c86e0f4e2d1599f198d38abc3a496bf956a591df03cbf69263187f7287149bef
text_encoder_b-development-0127,text_encoder_b,text,development,clean,none,False,False,independent_if_else,valid,1.0,1.0,1.0,1.0,1.0,1.0,1.0,1.0,1.0,1.0,1.0,1.0,1.0,0.0,0.0,0,False,0.0,0.0,False,0.0,0.01780399998096982,
text_encoder_b-development-0127,text_encoder_b,text,development,clean,none,False,False,typed_route_without_cut,valid,1.0,1.0,1.0,1.0,1.0,1.0,1.0,1.0,1.0,1.0,1.0,1.0,1.0,0.0,0.0,0,False,0.0,0.0,False,0.0,0.018916000044555403,
text_encoder_b-development-0127,text_encoder_b,text,development,clean,none,False,False,full_h10,valid,1.0,1.0,1.0,1.0,1.0,1.0,1.0,1.0,1.0,1.0,1.0,1.0,1.0,0.0,0.0,0,True,0.0,0.0,False,0.0,0.020728999970742734,93c809e2850a5930af15fc9f60312347d677638bdb54f7abfbe8ddce77016c25
text_encoder_b-development-0128,text_encoder_b,text,development,clean,none,False,False,independent_if_else,valid,1.0,1.0,1.0,1.0,1.0,1.0,1.0,1.0,1.0,1.0,1.0,1.0,1.0,0.0,0.0,0,False,0.0,0.0,False,0.0,0.01641100016058772,
text_encoder_b-development-0128,text_encoder_b,text,development,clean,none,False,False,typed_route_without_cut,valid,1.0,1.0,1.0,1.0,1.0,1.0,1.0,1.0,1.0,1.0,1.0,1.0,1.0,0.0,0.0,0,False,0.0,0.0,False,0.0,0.01726200025586877,
text_encoder_b-development-0128,text_encoder_b,text,development,clean,none,False,False,full_h10,valid,1.0,1.0,1.0,1.0,1.0,1.0,1.0,1.0,1.0,1.0,1.0,1.0,1.0,0.0,0.0,0,True,0.0,0.0,False,0.0,0.018745000033959514,39bcecc2a240cb8872fad055d7f08a0d6d00223d2e5e480f18430378621c4c77
text_encoder_b-development-0129,text_encoder_b,text,development,clean,none,False,False,independent_if_else,valid,1.0,1.0,1.0,1.0,1.0,1.0,1.0,1.0,1.0,1.0,1.0,1.0,1.0,0.0,0.0,0,False,0.0,0.0,False,0.0,0.016139999843289843,
text_encoder_b-development-0129,text_encoder_b,text,development,clean,none,False,False,typed_route_without_cut,valid,1.0,1.0,1.0,1.0,1.0,1.0,1.0,1.0,1.0,1.0,1.0,1.0,1.0,0.0,0.0,0,False,0.0,0.0,False,0.0,0.01771400002326118,
text_encoder_b-development-0129,text_encoder_b,text,development,clean,none,False,False,full_h10,valid,1.0,1.0,1.0,1.0,1.0,1.0,1.0,1.0,1.0,1.0,1.0,1.0,1.0,0.0,0.0,0,True,0.0,0.0,False,0.0,0.02677100019354839,7164c624f20ce79988db368bc406a5f522425328a87f6bd1f522517e133777ab
text_encoder_b-development-0130,text_encoder_b,text,development,single,moderate,False,False,independent_if_else,invalid,1.0,1.0,1.0,1.0,1.0,1.0,1.0,1.0,1.0,1.0,1.0,1.0,1.0,0.0,0.0,0,False,0.0,0.0,False,0.0,0.02177199985453626,
text_encoder_b-development-0130,text_encoder_b,text,development,single,moderate,False,False,typed_route_without_cut,invalid,1.0,1.0,1.0,1.0,1.0,1.0,1.0,1.0,1.0,1.0,1.0,1.0,1.0,0.0,0.0,0,False,0.0,0.0,False,0.0,0.06008399986967561,
text_encoder_b-development-0130,text_encoder_b,text,development,single,moderate,False,False,full_h10,invalid,1.0,1.0,1.0,1.0,1.0,1.0,1.0,1.0,1.0,1.0,1.0,1.0,1.0,0.0,0.0,0,True,0.0,0.0,False,0.0,0.16372099980799248,05b11fe98615df9434e408bb3873145681cd55e09035c12542101b37c578cdf3
text_encoder_b-development-0131,text_encoder_b,text,development,composite,severe,False,False,independent_if_else,invalid,1.0,1.0,1.0,1.0,1.0,1.0,1.0,1.0,0.5,1.0,0.6666666666666666,0.5,0.0,1.0,0.0,0,False,0.0,0.0,False,0.0,0.024787000256765168,
text_encoder_b-development-0131,text_encoder_b,text,development,composite,severe,False,False,typed_route_without_cut,invalid,1.0,1.0,1.0,1.0,1.0,1.0,1.0,1.0,0.5,1.0,0.6666666666666666,0.5,0.0,1.0,0.0,0,False,0.0,0.0,False,0.0,0.06380100012393086,
text_encoder_b-development-0131,text_encoder_b,text,development,composite,severe,False,False,full_h10,invalid,1.0,1.0,1.0,1.0,1.0,1.0,1.0,1.0,1.0,1.0,1.0,1.0,1.0,0.0,0.0,0,True,0.0,0.0,False,0.0,0.1969039999494271,8c33bb04674d810b020b04b589a9a0d439d474c84024485c0be100bba98d6c8c
text_encoder_b-development-0132,text_encoder_b,text,development,composite,subtle,False,False,independent_if_else,invalid,1.0,1.0,1.0,1.0,1.0,1.0,1.0,1.0,0.6666666666666666,1.0,0.8,0.6666666666666666,0.0,4.0,0.0,0,False,0.0,0.0,False,0.0,0.04246000025887042,
text_encoder_b-development-0132,text_encoder_b,text,development,composite,subtle,False,False,typed_route_without_cut,invalid,1.0,1.0,1.0,1.0,1.0,1.0,1.0,1.0,0.6666666666666666,1.0,0.8,0.6666666666666666,0.0,4.0,0.0,0,False,0.0,0.0,False,0.0,0.08024199996725656,
text_encoder_b-development-0132,text_encoder_b,text,development,composite,subtle,False,False,full_h10,invalid,1.0,1.0,1.0,1.0,1.0,1.0,1.0,1.0,1.0,1.0,1.0,1.0,1.0,0.0,0.0,0,True,0.0,0.0,False,0.0,0.24843199980750796,9d53731f40d091a7695e4544e24b6908bc6fd0e1cfa9408c2dfbac53b15daef4
text_encoder_b-development-0133,text_encoder_b,text,development,unknown_ambiguous,moderate,True,False,independent_if_else,invalid,1.0,1.0,1.0,1.0,1.0,1.0,1.0,1.0,1.0,1.0,1.0,1.0,1.0,0.0,0.0,0,False,0.0,0.0,False,1.0,0.04019599964522058,
text_encoder_b-development-0133,text_encoder_b,text,development,unknown_ambiguous,moderate,True,False,typed_route_without_cut,invalid,1.0,1.0,1.0,1.0,1.0,1.0,1.0,1.0,1.0,1.0,1.0,1.0,1.0,0.0,0.0,0,False,0.0,0.0,False,1.0,0.05649800004903227,
text_encoder_b-development-0133,text_encoder_b,text,development,unknown_ambiguous,moderate,True,False,full_h10,invalid,1.0,1.0,1.0,1.0,1.0,1.0,1.0,1.0,1.0,1.0,1.0,1.0,1.0,0.0,0.0,0,True,0.0,0.0,False,1.0,0.22965600010138587,2ad1fa032f4cb7d3a640770f68f93572938da10d66fd84a4fb4a340c2b7c76f1
text_encoder_b-development-0134,text_encoder_b,text,development,composite,severe,False,False,independent_if_else,invalid,1.0,1.0,1.0,1.0,1.0,1.0,1.0,1.0,0.6666666666666666,1.0,0.8,0.6666666666666666,0.0,1.0,0.0,0,False,0.0,0.0,False,0.0,0.03933499965569354,
text_encoder_b-development-0134,text_encoder_b,text,development,composite,severe,False,False,typed_route_without_cut,invalid,1.0,1.0,1.0,1.0,1.0,1.0,1.0,1.0,0.6666666666666666,1.0,0.8,0.6666666666666666,0.0,1.0,0.0,0,False,0.0,0.0,False,0.0,0.08546199978809454,
text_encoder_b-development-0134,text_encoder_b,text,development,composite,severe,False,False,full_h10,invalid,1.0,1.0,1.0,1.0,1.0,1.0,1.0,1.0,1.0,1.0,1.0,1.0,1.0,0.0,0.0,0,True,0.0,0.0,False,0.0,0.2478500000506756,f0658f48b001b8d19ad8c22d9b409c5f6412e4ba60bb3557b036f3146f4e8ddf
text_encoder_b-development-0135,text_encoder_b,text,development,composite,subtle,False,False,independent_if_else,invalid,1.0,1.0,1.0,1.0,1.0,1.0,1.0,1.0,0.6666666666666666,1.0,0.8,0.6666666666666666,0.0,4.0,0.0,0,False,0.0,0.0,False,0.0,0.03011800026797573,
text_encoder_b-development-0135,text_encoder_b,text,development,composite,subtle,False,False,typed_route_without_cut,invalid,1.0,1.0,1.0,1.0,1.0,1.0,1.0,1.0,0.6666666666666666,1.0,0.8,0.6666666666666666,0.0,4.0,0.0,0,False,0.0,0.0,False,0.0,0.09355700012747548,
text_encoder_b-development-0135,text_encoder_b,text,development,composite,subtle,False,False,full_h10,invalid,1.0,1.0,1.0,1.0,1.0,1.0,1.0,1.0,1.0,1.0,1.0,1.0,1.0,0.0,0.0,0,True,0.0,0.0,False,0.0,0.22041800002625678,6e70b799da33e62449f44ead68cd6560525197bc37b4c65070889d7db242ecc6
text_encoder_b-development-0136,text_encoder_b,text,development,single,moderate,False,False,independent_if_else,invalid,1.0,1.0,1.0,1.0,1.0,1.0,1.0,1.0,1.0,1.0,1.0,1.0,1.0,0.0,0.0,0,False,0.0,0.0,False,0.0,0.036019000162923476,
text_encoder_b-development-0136,text_encoder_b,text,development,single,moderate,False,False,typed_route_without_cut,invalid,1.0,1.0,1.0,1.0,1.0,1.0,1.0,1.0,1.0,1.0,1.0,1.0,1.0,0.0,0.0,0,False,0.0,0.0,False,0.0,0.05100599992147181,
text_encoder_b-development-0136,text_encoder_b,text,development,single,moderate,False,False,full_h10,invalid,1.0,1.0,1.0,1.0,1.0,1.0,1.0,1.0,1.0,1.0,1.0,1.0,1.0,0.0,0.0,0,True,0.0,0.0,False,0.0,0.20138200034125475,0ec6dc3399e9aa23676bb9f3f76d8b0efa407467c913e13a31a48e49af05414c
text_encoder_b-development-0137,text_encoder_b,text,development,clean,none,False,False,independent_if_else,valid,1.0,1.0,1.0,1.0,1.0,1.0,1.0,1.0,1.0,1.0,1.0,1.0,1.0,0.0,0.0,0,False,0.0,0.0,False,0.0,0.020107999716856284,
text_encoder_b-development-0137,text_encoder_b,text,development,clean,none,False,False,typed_route_without_cut,valid,1.0,1.0,1.0,1.0,1.0,1.0,1.0,1.0,1.0,1.0,1.0,1.0,1.0,0.0,0.0,0,False,0.0,0.0,False,0.0,0.019767000139836455,
text_encoder_b-development-0137,text_encoder_b,text,development,clean,none,False,False,full_h10,valid,1.0,1.0,1.0,1.0,1.0,1.0,1.0,1.0,1.0,1.0,1.0,1.0,1.0,0.0,0.0,0,True,0.0,0.0,False,0.0,0.0328020000779361,3b62a222779bb1582c833b3858a483c4ce4d4cee232ee7cfe243b44b4d6a5865
text_encoder_b-development-0138,text_encoder_b,text,development,clean,none,False,False,independent_if_else,valid,1.0,1.0,1.0,1.0,1.0,1.0,1.0,1.0,1.0,1.0,1.0,1.0,1.0,0.0,0.0,0,False,0.0,0.0,False,0.0,0.017673999991529854,
text_encoder_b-development-0138,text_encoder_b,text,development,clean,none,False,False,typed_route_without_cut,valid,1.0,1.0,1.0,1.0,1.0,1.0,1.0,1.0,1.0,1.0,1.0,1.0,1.0,0.0,0.0,0,False,0.0,0.0,False,0.0,0.018294999790668953,
text_encoder_b-development-0138,text_encoder_b,text,development,clean,none,False,False,full_h10,valid,1.0,1.0,1.0,1.0,1.0,1.0,1.0,1.0,1.0,1.0,1.0,1.0,1.0,0.0,0.0,0,True,0.0,0.0,False,0.0,0.019567999970604433,855a47e66a8cfa55669f5943d9b63b633553285da4d127f231d095d1ff719f4a
text_encoder_b-development-0139,text_encoder_b,text,development,unknown_ambiguous,moderate,True,False,independent_if_else,invalid,1.0,1.0,1.0,1.0,1.0,1.0,1.0,1.0,0.2,0.5,0.28571428571428575,0.16666666666666666,0.0,39.0,0.0,0,False,0.0,0.0,False,1.0,0.034514999697421445,
text_encoder_b-development-0139,text_encoder_b,text,development,unknown_ambiguous,moderate,True,False,typed_route_without_cut,invalid,1.0,1.0,1.0,1.0,1.0,1.0,1.0,1.0,0.2,0.5,0.28571428571428575,0.16666666666666666,0.0,39.0,0.0,0,False,0.0,0.0,False,1.0,0.07713600007264176,
text_encoder_b-development-0139,text_encoder_b,text,development,unknown_ambiguous,moderate,True,False,full_h10,invalid,1.0,1.0,1.0,1.0,1.0,1.0,1.0,1.0,0.3333333333333333,0.5,0.4,0.25,0.0,36.0,0.0,0,True,0.0,0.0,False,1.0,0.2565370000411349,7026958fcd7d39c13191e6273a583d6e16e2a0135d70c3d166c7917972333c90
text_encoder_b-development-0140,text_encoder_b,text,development,unknown_ambiguous,severe,True,True,independent_if_else,insufficient_evidence,1.0,1.0,1.0,1.0,0.3333333333333333,1.0,0.5,0.3333333333333333,1.0,1.0,1.0,1.0,1.0,0.0,4.0,2,False,0.0,0.0,True,0.0,0.03260199991927948,
text_encoder_b-development-0140,text_encoder_b,text,development,unknown_ambiguous,severe,True,True,typed_route_without_cut,insufficient_evidence,1.0,1.0,1.0,1.0,0.3333333333333333,1.0,0.5,0.3333333333333333,1.0,1.0,1.0,1.0,1.0,0.0,4.0,2,False,0.0,0.0,True,0.0,0.07520300005126046,
text_encoder_b-development-0140,text_encoder_b,text,development,unknown_ambiguous,severe,True,True,full_h10,insufficient_evidence,1.0,1.0,1.0,1.0,0.3333333333333333,1.0,0.5,0.3333333333333333,1.0,1.0,1.0,1.0,1.0,0.0,4.0,2,True,0.0,0.0,True,0.0,0.1774369998202019,8a18a5ed30af569feda3b68d49aefbd40e3ad2d21edd1246f2abdfb01d4c7bfc
text_encoder_b-development-0141,text_encoder_b,text,development,clean,none,False,False,independent_if_else,valid,1.0,1.0,1.0,1.0,1.0,1.0,1.0,1.0,1.0,1.0,1.0,1.0,1.0,0.0,0.0,0,False,0.0,0.0,False,0.0,0.02034799990724423,
text_encoder_b-development-0141,text_encoder_b,text,development,clean,none,False,False,typed_route_without_cut,valid,1.0,1.0,1.0,1.0,1.0,1.0,1.0,1.0,1.0,1.0,1.0,1.0,1.0,0.0,0.0,0,False,0.0,0.0,False,0.0,0.020569000298564788,
text_encoder_b-development-0141,text_encoder_b,text,development,clean,none,False,False,full_h10,valid,1.0,1.0,1.0,1.0,1.0,1.0,1.0,1.0,1.0,1.0,1.0,1.0,1.0,0.0,0.0,0,True,0.0,0.0,False,0.0,0.021299999843904516,c8b76286a14156521db4206d5916ba6290073cc67a52879e4562a7c916c70272
text_encoder_b-development-0142,text_encoder_b,text,development,unknown_ambiguous,moderate,True,True,independent_if_else,insufficient_evidence,1.0,1.0,1.0,1.0,0.7142857142857143,1.0,0.8333333333333333,0.7142857142857143,0.4,0.6666666666666666,0.5,0.3333333333333333,0.0,37.0,4.0,2,False,0.0,0.0,True,0.0,0.041729000258783344,
text_encoder_b-development-0142,text_encoder_b,text,development,unknown_ambiguous,moderate,True,True,typed_route_without_cut,insufficient_evidence,1.0,1.0,1.0,1.0,0.7142857142857143,1.0,0.8333333333333333,0.7142857142857143,0.4,0.6666666666666666,0.5,0.3333333333333333,0.0,37.0,4.0,2,False,0.0,0.0,True,0.0,0.07404999996651895,
text_encoder_b-development-0142,text_encoder_b,text,development,unknown_ambiguous,moderate,True,True,full_h10,insufficient_evidence,1.0,1.0,1.0,1.0,0.7142857142857143,1.0,0.8333333333333333,0.7142857142857143,0.5,0.6666666666666666,0.5714285714285715,0.4,0.0,36.0,4.0,2,True,0.0,0.0,True,0.0,0.25722800000949064,d89aa59540f2cc0ce91cb5cf4bf95c345c3a987cfc894fc904a569c326b0ed88
text_encoder_b-development-0143,text_encoder_b,text,development,clean,none,False,False,independent_if_else,valid,1.0,1.0,1.0,1.0,1.0,1.0,1.0,1.0,1.0,1.0,1.0,1.0,1.0,0.0,0.0,0,False,0.0,0.0,False,0.0,0.019037000129173975,
text_encoder_b-development-0143,text_encoder_b,text,development,clean,none,False,False,typed_route_without_cut,valid,1.0,1.0,1.0,1.0,1.0,1.0,1.0,1.0,1.0,1.0,1.0,1.0,1.0,0.0,0.0,0,False,0.0,0.0,False,0.0,0.01907599971673335,
text_encoder_b-development-0143,text_encoder_b,text,development,clean,none,False,False,full_h10,valid,1.0,1.0,1.0,1.0,1.0,1.0,1.0,1.0,1.0,1.0,1.0,1.0,1.0,0.0,0.0,0,True,0.0,0.0,False,0.0,0.022792999970988603,58f31c145d7f6ae5154acee389e6ae582055c900bfa8aec06aba608f98ced733
text_encoder_b-development-0144,text_encoder_b,text,development,composite,subtle,False,False,independent_if_else,invalid,1.0,1.0,1.0,1.0,1.0,1.0,1.0,1.0,1.0,1.0,1.0,1.0,1.0,0.0,0.0,0,False,0.0,0.0,False,0.0,0.026840999908017693,
text_encoder_b-development-0144,text_encoder_b,text,development,composite,subtle,False,False,typed_route_without_cut,invalid,1.0,1.0,1.0,1.0,1.0,1.0,1.0,1.0,1.0,1.0,1.0,1.0,1.0,0.0,0.0,0,False,0.0,0.0,False,0.0,0.048673000037524616,
text_encoder_b-development-0144,text_encoder_b,text,development,composite,subtle,False,False,full_h10,invalid,1.0,1.0,1.0,1.0,1.0,1.0,1.0,1.0,1.0,1.0,1.0,1.0,1.0,0.0,0.0,0,True,0.0,0.0,False,0.0,0.16415100026279106,4bb8565fba5f80f9a32f12af07c6e517fbfe561e7a1b835472353fd3500c9d73
text_encoder_b-development-0145,text_encoder_b,text,development,single,moderate,False,False,independent_if_else,invalid,1.0,1.0,1.0,1.0,1.0,1.0,1.0,1.0,1.0,1.0,1.0,1.0,1.0,0.0,0.0,0,False,0.0,0.0,False,0.0,0.021439999727590475,
text_encoder_b-development-0145,text_encoder_b,text,development,single,moderate,False,False,typed_route_without_cut,invalid,1.0,1.0,1.0,1.0,1.0,1.0,1.0,1.0,1.0,1.0,1.0,1.0,1.0,0.0,0.0,0,False,0.0,0.0,False,0.0,0.043602999994618585,
text_encoder_b-development-0145,text_encoder_b,text,development,single,moderate,False,False,full_h10,invalid,1.0,1.0,1.0,1.0,1.0,1.0,1.0,1.0,1.0,1.0,1.0,1.0,1.0,0.0,0.0,0,True,0.0,0.0,False,0.0,0.1561070002935594,6bbaa8aec97be9e631e46644940e8ff5b5f7521922af87d5c7a09c09b72c78b6
text_encoder_b-development-0146,text_encoder_b,text,development,single,severe,False,False,independent_if_else,invalid,1.0,1.0,1.0,1.0,1.0,1.0,1.0,1.0,1.0,1.0,1.0,1.0,1.0,0.0,0.0,0,False,0.0,0.0,False,0.0,0.02193099999203696,
text_encoder_b-development-0146,text_encoder_b,text,development,single,severe,False,False,typed_route_without_cut,invalid,1.0,1.0,1.0,1.0,1.0,1.0,1.0,1.0,1.0,1.0,1.0,1.0,1.0,0.0,0.0,0,False,0.0,0.0,False,0.0,0.048302000323019456,
text_encoder_b-development-0146,text_encoder_b,text,development,single,severe,False,False,full_h10,invalid,1.0,1.0,1.0,1.0,1.0,1.0,1.0,1.0,1.0,1.0,1.0,1.0,1.0,0.0,0.0,0,True,0.0,0.0,False,0.0,0.1540919997751189,e1145997b28c33cf8afec54512a8663fc758fd74fd8048d65149774800bae058
text_encoder_b-development-0147,text_encoder_b,text,development,single,subtle,False,False,independent_if_else,invalid,1.0,1.0,1.0,1.0,1.0,1.0,1.0,1.0,1.0,1.0,1.0,1.0,1.0,0.0,0.0,0,False,0.0,0.0,False,0.0,0.0211710002986365,
text_encoder_b-development-0147,text_encoder_b,text,development,single,subtle,False,False,typed_route_without_cut,invalid,1.0,1.0,1.0,1.0,1.0,1.0,1.0,1.0,1.0,1.0,1.0,1.0,1.0,0.0,0.0,0,False,0.0,0.0,False,0.0,0.041538999994372716,
text_encoder_b-development-0147,text_encoder_b,text,development,single,subtle,False,False,full_h10,invalid,1.0,1.0,1.0,1.0,1.0,1.0,1.0,1.0,1.0,1.0,1.0,1.0,1.0,0.0,0.0,0,True,0.0,0.0,False,0.0,0.1571180000610184,12c78fcce4e565280cfab26a4528d89cf83eae0aa68ddf4a9d895e026dde4bea
text_encoder_b-development-0148,text_encoder_b,text,development,composite,moderate,False,False,independent_if_else,invalid,1.0,1.0,1.0,1.0,1.0,1.0,1.0,1.0,1.0,1.0,1.0,1.0,1.0,0.0,0.0,0,False,0.0,0.0,False,0.0,0.024916999791457783,
text_encoder_b-development-0148,text_encoder_b,text,development,composite,moderate,False,False,typed_route_without_cut,invalid,1.0,1.0,1.0,1.0,1.0,1.0,1.0,1.0,1.0,1.0,1.0,1.0,1.0,0.0,0.0,0,False,0.0,0.0,False,0.0,0.04839199982598075,
text_encoder_b-development-0148,text_encoder_b,text,development,composite,moderate,False,False,full_h10,invalid,1.0,1.0,1.0,1.0,1.0,1.0,1.0,1.0,1.0,1.0,1.0,1.0,1.0,0.0,0.0,0,True,0.0,0.0,False,0.0,0.17153599992525415,49646db0f8953c1b10285e87ff4f2a12d6de7294fb31bdab8b8586e146ae772c
text_encoder_b-development-0149,text_encoder_b,text,development,composite,severe,False,False,independent_if_else,invalid,1.0,1.0,1.0,1.0,1.0,1.0,1.0,1.0,1.0,1.0,1.0,1.0,1.0,0.0,0.0,0,False,0.0,0.0,False,0.0,0.027502000193635467,
text_encoder_b-development-0149,text_encoder_b,text,development,composite,severe,False,False,typed_route_without_cut,invalid,1.0,1.0,1.0,1.0,1.0,1.0,1.0,1.0,1.0,1.0,1.0,1.0,1.0,0.0,0.0,0,False,0.0,0.0,False,0.0,0.05255899986877921,
text_encoder_b-development-0149,text_encoder_b,text,development,composite,severe,False,False,full_h10,invalid,1.0,1.0,1.0,1.0,1.0,1.0,1.0,1.0,1.0,1.0,1.0,1.0,1.0,0.0,0.0,0,True,0.0,0.0,False,0.0,0.18358800025453093,d9e47bf5c78d1ea35a5a5ba8e8f6af7201fef142b3bc44240602b44ab00985df
image_cnn_a-development-0000,image_cnn_a,image,development,composite,subtle,False,False,independent_if_else,invalid,1.0,1.0,1.0,1.0,1.0,1.0,1.0,1.0,0.6666666666666666,1.0,0.8,0.6666666666666666,0.0,2.0,0.0,0,False,0.0,0.0,False,0.0,0.029075000384182204,
image_cnn_a-development-0000,image_cnn_a,image,development,composite,subtle,False,False,typed_route_without_cut,invalid,1.0,1.0,1.0,1.0,1.0,1.0,1.0,1.0,0.6666666666666666,1.0,0.8,0.6666666666666666,0.0,2.0,0.0,0,False,0.0,0.0,False,0.0,0.07256800017785281,
image_cnn_a-development-0000,image_cnn_a,image,development,composite,subtle,False,False,full_h10,invalid,1.0,1.0,1.0,1.0,1.0,1.0,1.0,1.0,1.0,1.0,1.0,1.0,1.0,0.0,0.0,0,True,0.0,0.0,False,0.0,0.17949099992620177,1677e8f6da52ca11a6c214c5a3389382b7b91d1d37d48e5821302aa51bb2ed1b
image_cnn_a-development-0001,image_cnn_a,image,development,single,moderate,False,False,independent_if_else,invalid,1.0,1.0,1.0,1.0,1.0,1.0,1.0,1.0,1.0,1.0,1.0,1.0,1.0,0.0,0.0,0,False,0.0,0.0,False,0.0,0.023704999875917565,
image_cnn_a-development-0001,image_cnn_a,image,development,single,moderate,False,False,typed_route_without_cut,invalid,1.0,1.0,1.0,1.0,1.0,1.0,1.0,1.0,1.0,1.0,1.0,1.0,1.0,0.0,0.0,0,False,0.0,0.0,False,0.0,0.04582700012178975,
image_cnn_a-development-0001,image_cnn_a,image,development,single,moderate,False,False,full_h10,invalid,1.0,1.0,1.0,1.0,1.0,1.0,1.0,1.0,1.0,1.0,1.0,1.0,1.0,0.0,0.0,0,True,0.0,0.0,False,0.0,0.15420299996549147,6ce7d4cf9b1e76a633f4ba4211485367cf9f7860883cc5ce0570cff890fdf9c2
image_cnn_a-development-0002,image_cnn_a,image,development,single,severe,False,False,independent_if_else,invalid,1.0,1.0,1.0,1.0,1.0,1.0,1.0,1.0,0.3333333333333333,1.0,0.5,0.3333333333333333,0.0,3.0,0.0,0,False,0.0,0.0,False,0.0,0.03603799996199086,
image_cnn_a-development-0002,image_cnn_a,image,development,single,severe,False,False,typed_route_without_cut,invalid,1.0,1.0,1.0,1.0,1.0,1.0,1.0,1.0,0.3333333333333333,1.0,0.5,0.3333333333333333,0.0,3.0,0.0,0,False,0.0,0.0,False,0.0,0.03829299976132461,
image_cnn_a-development-0002,image_cnn_a,image,development,single,severe,False,False,full_h10,invalid,1.0,1.0,1.0,1.0,1.0,1.0,1.0,1.0,1.0,1.0,1.0,1.0,1.0,0.0,0.0,0,True,0.0,0.0,False,0.0,0.1872150000963302,b25ec6d9c9d0da04ed6f0349b4689df3475a4f6e338d841b6084178ac7fdcbb5
image_cnn_a-development-0003,image_cnn_a,image,development,composite,subtle,False,False,independent_if_else,invalid,1.0,1.0,1.0,1.0,1.0,1.0,1.0,1.0,0.5,1.0,0.6666666666666666,0.5,0.0,1.0,0.0,0,False,0.0,0.0,False,0.0,0.02614999993966194,
image_cnn_a-development-0003,image_cnn_a,image,development,composite,subtle,False,False,typed_route_without_cut,invalid,1.0,1.0,1.0,1.0,1.0,1.0,1.0,1.0,0.5,1.0,0.6666666666666666,0.5,0.0,1.0,0.0,0,False,0.0,0.0,False,0.0,0.09180400002151146,
image_cnn_a-development-0003,image_cnn_a,image,development,composite,subtle,False,False,full_h10,invalid,1.0,1.0,1.0,1.0,1.0,1.0,1.0,1.0,1.0,1.0,1.0,1.0,1.0,0.0,0.0,0,True,0.0,0.0,False,0.0,0.17375000015817932,5a32ac0bb1ac146833325ed03ac5071f4b533bcab4859d34a1e0cc8440d6bafc
image_cnn_a-development-0004,image_cnn_a,image,development,single,moderate,False,False,independent_if_else,invalid,1.0,1.0,1.0,1.0,1.0,1.0,1.0,1.0,0.3333333333333333,1.0,0.5,0.3333333333333333,0.0,2.0,0.0,0,False,0.0,0.0,False,0.0,0.03387400010979036,
image_cnn_a-development-0004,image_cnn_a,image,development,single,moderate,False,False,typed_route_without_cut,invalid,1.0,1.0,1.0,1.0,1.0,1.0,1.0,1.0,0.3333333333333333,1.0,0.5,0.3333333333333333,0.0,2.0,0.0,0,False,0.0,0.0,False,0.0,0.02802300014081993,
image_cnn_a-development-0004,image_cnn_a,image,development,single,moderate,False,False,full_h10,invalid,1.0,1.0,1.0,1.0,1.0,1.0,1.0,1.0,1.0,1.0,1.0,1.0,1.0,0.0,0.0,0,True,0.0,0.0,False,0.0,0.17661599986240617,f17bc285a54ab07f75046c517e6ce835f877c2af560c160678cc4e3f41e69843
image_cnn_a-development-0005,image_cnn_a,image,development,composite,severe,False,False,independent_if_else,invalid,1.0,1.0,1.0,1.0,1.0,1.0,1.0,1.0,0.6666666666666666,1.0,0.8,0.6666666666666666,0.0,2.0,0.0,0,False,0.0,0.0,False,0.0,0.029537000045820605,
image_cnn_a-development-0005,image_cnn_a,image,development,composite,severe,False,False,typed_route_without_cut,invalid,1.0,1.0,1.0,1.0,1.0,1.0,1.0,1.0,0.6666666666666666,1.0,0.8,0.6666666666666666,0.0,2.0,0.0,0,False,0.0,0.0,False,0.0,0.06860000030428637,
image_cnn_a-development-0005,image_cnn_a,image,development,composite,severe,False,False,full_h10,invalid,1.0,1.0,1.0,1.0,1.0,1.0,1.0,1.0,1.0,1.0,1.0,1.0,1.0,0.0,0.0,0,True,0.0,0.0,False,0.0,0.18353799987380626,f720f382471e8994575949efa16dae3159c85ffea8552ce92b5ee6b932e8bd28
image_cnn_a-development-0006,image_cnn_a,image,development,composite,subtle,False,False,independent_if_else,invalid,1.0,1.0,1.0,1.0,1.0,1.0,1.0,1.0,1.0,1.0,1.0,1.0,1.0,0.0,0.0,0,False,0.0,0.0,False,0.0,0.02569900016169413,
image_cnn_a-development-0006,image_cnn_a,image,development,composite,subtle,False,False,typed_route_without_cut,invalid,1.0,1.0,1.0,1.0,1.0,1.0,1.0,1.0,1.0,1.0,1.0,1.0,1.0,0.0,0.0,0,False,0.0,0.0,False,0.0,0.05148799982634955,
image_cnn_a-development-0006,image_cnn_a,image,development,composite,subtle,False,False,full_h10,invalid,1.0,1.0,1.0,1.0,1.0,1.0,1.0,1.0,1.0,1.0,1.0,1.0,1.0,0.0,0.0,0,True,0.0,0.0,False,0.0,0.1661960000092222,1e3d1cdad93040caaa9611aac3a41b8c69fc0b80b362c75774ffa33adcb5fc2b
image_cnn_a-development-0007,image_cnn_a,image,development,unknown_ambiguous,moderate,True,False,independent_if_else,invalid,1.0,1.0,1.0,1.0,1.0,1.0,1.0,1.0,0.5,0.5,0.5,0.3333333333333333,0.0,19.0,0.0,0,False,0.0,0.0,False,1.0,0.02436599970678799,
image_cnn_a-development-0007,image_cnn_a,image,development,unknown_ambiguous,moderate,True,False,typed_route_without_cut,invalid,1.0,1.0,1.0,1.0,1.0,1.0,1.0,1.0,0.5,0.5,0.5,0.3333333333333333,0.0,19.0,0.0,0,False,0.0,0.0,False,1.0,0.07013399999777903,
image_cnn_a-development-0007,image_cnn_a,image,development,unknown_ambiguous,moderate,True,False,full_h10,invalid,1.0,1.0,1.0,1.0,1.0,1.0,1.0,1.0,0.5,0.5,0.5,0.3333333333333333,0.0,19.0,0.0,0,True,0.0,0.0,False,1.0,0.16871999969225726,149ffccebc818b45af35624ed69eac19fdd3eb3960b3cdf987e66fbd0e4e42bd
image_cnn_a-development-0008,image_cnn_a,image,development,unknown_ambiguous,severe,True,True,independent_if_else,insufficient_evidence,1.0,1.0,1.0,1.0,0.6666666666666666,1.0,0.8,0.6666666666666666,0.5,1.0,0.6666666666666666,0.5,0.0,20.0,4.0,1,False,0.0,0.0,True,0.0,0.028204000045661815,
image_cnn_a-development-0008,image_cnn_a,image,development,unknown_ambiguous,severe,True,True,typed_route_without_cut,insufficient_evidence,1.0,1.0,1.0,1.0,0.6666666666666666,1.0,0.8,0.6666666666666666,0.5,1.0,0.6666666666666666,0.5,0.0,20.0,4.0,1,False,0.0,0.0,True,0.0,0.058771000112756155,
image_cnn_a-development-0008,image_cnn_a,image,development,unknown_ambiguous,severe,True,True,full_h10,insufficient_evidence,1.0,1.0,1.0,1.0,0.6666666666666666,1.0,0.8,0.6666666666666666,0.5,1.0,0.6666666666666666,0.5,0.0,20.0,4.0,1,True,0.0,0.0,True,0.0,0.17915900025400333,688869ee0ec6d1e1dd4c9c42363c51914345b42e76e36cfb9f0fb475494d57bf
image_cnn_a-development-0009,image_cnn_a,image,development,composite,subtle,False,False,independent_if_else,invalid,1.0,1.0,1.0,1.0,1.0,1.0,1.0,1.0,0.5,1.0,0.6666666666666666,0.5,0.0,1.0,0.0,0,False,0.0,0.0,False,0.0,0.026130000151169952,
image_cnn_a-development-0009,image_cnn_a,image,development,composite,subtle,False,False,typed_route_without_cut,invalid,1.0,1.0,1.0,1.0,1.0,1.0,1.0,1.0,0.5,1.0,0.6666666666666666,0.5,0.0,1.0,0.0,0,False,0.0,0.0,False,0.0,0.06258800021896604,
image_cnn_a-development-0009,image_cnn_a,image,development,composite,subtle,False,False,full_h10,invalid,1.0,1.0,1.0,1.0,1.0,1.0,1.0,1.0,1.0,1.0,1.0,1.0,1.0,0.0,0.0,0,True,0.0,0.0,False,0.0,0.19468900018182467,9ef2b913ed6cd91df41d347441327450e359c2faa1c0bd2c373464f57febcaa7
image_cnn_a-development-0010,image_cnn_a,image,development,unknown_ambiguous,moderate,True,True,independent_if_else,insufficient_evidence,1.0,1.0,1.0,1.0,0.5,1.0,0.6666666666666666,0.5,1.0,1.0,1.0,1.0,1.0,0.0,4.0,2,False,0.0,0.0,True,0.0,0.046519000079570105,
image_cnn_a-development-0010,image_cnn_a,image,development,unknown_ambiguous,moderate,True,True,typed_route_without_cut,insufficient_evidence,1.0,1.0,1.0,1.0,0.5,1.0,0.6666666666666666,0.5,1.0,1.0,1.0,1.0,1.0,0.0,4.0,2,False,0.0,0.0,True,0.0,0.11490799988678191,
image_cnn_a-development-0010,image_cnn_a,image,development,unknown_ambiguous,moderate,True,True,full_h10,insufficient_evidence,1.0,1.0,1.0,1.0,0.5,1.0,0.6666666666666666,0.5,1.0,1.0,1.0,1.0,1.0,0.0,4.0,2,True,0.0,0.0,True,0.0,0.2602839999781281,a8c32e73203fdfb73a368a40598a1ada01e063b1b7c1ef89b55320bfd32e8022
image_cnn_a-development-0011,image_cnn_a,image,development,composite,severe,False,False,independent_if_else,invalid,1.0,1.0,1.0,1.0,1.0,1.0,1.0,1.0,0.6666666666666666,1.0,0.8,0.6666666666666666,0.0,2.0,0.0,0,False,0.0,0.0,False,0.0,0.05276000001686043,
image_cnn_a-development-0011,image_cnn_a,image,development,composite,severe,False,False,typed_route_without_cut,invalid,1.0,1.0,1.0,1.0,1.0,1.0,1.0,1.0,0.6666666666666666,1.0,0.8,0.6666666666666666,0.0,2.0,0.0,0,False,0.0,0.0,False,0.0,0.08987100000013015,
image_cnn_a-development-0011,image_cnn_a,image,development,composite,severe,False,False,full_h10,invalid,1.0,1.0,1.0,1.0,1.0,1.0,1.0,1.0,1.0,1.0,1.0,1.0,1.0,0.0,0.0,0,True,0.0,0.0,False,0.0,0.2618269995764422,c0be9429edfbc08e60fd80c317af924d1528380442b12c7d12d976bb145c63e4
image_cnn_a-development-0012,image_cnn_a,image,development,clean,none,False,False,independent_if_else,valid,1.0,1.0,1.0,1.0,1.0,1.0,1.0,1.0,1.0,1.0,1.0,1.0,1.0,0.0,0.0,0,False,0.0,0.0,False,0.0,0.02901500010921154,
image_cnn_a-development-0012,image_cnn_a,image,development,clean,none,False,False,typed_route_without_cut,valid,1.0,1.0,1.0,1.0,1.0,1.0,1.0,1.0,1.0,1.0,1.0,1.0,1.0,0.0,0.0,0,False,0.0,0.0,False,0.0,0.028823999855376314,
image_cnn_a-development-0012,image_cnn_a,image,development,clean,none,False,False,full_h10,valid,1.0,1.0,1.0,1.0,1.0,1.0,1.0,1.0,1.0,1.0,1.0,1.0,1.0,0.0,0.0,0,True,0.0,0.0,False,0.0,0.040346000332647236,755a2bb26a20c79ec36931e8befdda2354f10fe6ea5748725ddc58f394ffa59b
image_cnn_a-development-0013,image_cnn_a,image,development,unknown_ambiguous,moderate,True,False,independent_if_else,invalid,1.0,1.0,1.0,1.0,1.0,1.0,1.0,1.0,0.5,0.5,0.5,0.3333333333333333,0.0,19.0,0.0,0,False,0.0,0.0,False,1.0,0.02991700011989451,
image_cnn_a-development-0013,image_cnn_a,image,development,unknown_ambiguous,moderate,True,False,typed_route_without_cut,invalid,1.0,1.0,1.0,1.0,1.0,1.0,1.0,1.0,0.5,0.5,0.5,0.3333333333333333,0.0,19.0,0.0,0,False,0.0,0.0,False,1.0,0.06561400005011819,
image_cnn_a-development-0013,image_cnn_a,image,development,unknown_ambiguous,moderate,True,False,full_h10,invalid,1.0,1.0,1.0,1.0,1.0,1.0,1.0,1.0,0.5,0.5,0.5,0.3333333333333333,0.0,19.0,0.0,0,True,0.0,0.0,False,1.0,0.19825600020340062,98d06384bbb1fa00ca8f9542fe22dcf6cbd0d4d5d6a477c51992fab582a80758
image_cnn_a-development-0014,image_cnn_a,image,development,unknown_ambiguous,severe,True,True,independent_if_else,insufficient_evidence,1.0,1.0,1.0,1.0,0.5,1.0,0.6666666666666666,0.5,0.5,0.5,0.5,0.3333333333333333,0.0,19.0,4.0,2,False,0.0,0.0,True,0.0,0.041388000227016164,
image_cnn_a-development-0014,image_cnn_a,image,development,unknown_ambiguous,severe,True,True,typed_route_without_cut,insufficient_evidence,1.0,1.0,1.0,1.0,0.5,1.0,0.6666666666666666,0.5,0.5,0.5,0.5,0.3333333333333333,0.0,19.0,4.0,2,False,0.0,0.0,True,0.0,0.0624179997430474,
image_cnn_a-development-0014,image_cnn_a,image,development,unknown_ambiguous,severe,True,True,full_h10,insufficient_evidence,1.0,1.0,1.0,1.0,0.5,1.0,0.6666666666666666,0.5,0.5,0.5,0.5,0.3333333333333333,0.0,19.0,4.0,2,True,0.0,0.0,True,0.0,0.1866540001174144,3e3c37778d6cbf8163f73b78674d7d73d61ae46934286e9b14f8a528d09853dc
image_cnn_a-development-0015,image_cnn_a,image,development,composite,subtle,False,False,independent_if_else,invalid,1.0,1.0,1.0,1.0,1.0,1.0,1.0,1.0,0.5,1.0,0.6666666666666666,0.5,0.0,1.0,0.0,0,False,0.0,0.0,False,0.0,0.025538000045344234,
image_cnn_a-development-0015,image_cnn_a,image,development,composite,subtle,False,False,typed_route_without_cut,invalid,1.0,1.0,1.0,1.0,1.0,1.0,1.0,1.0,0.5,1.0,0.6666666666666666,0.5,0.0,1.0,0.0,0,False,0.0,0.0,False,0.0,0.06734799990226747,
image_cnn_a-development-0015,image_cnn_a,image,development,composite,subtle,False,False,full_h10,invalid,1.0,1.0,1.0,1.0,1.0,1.0,1.0,1.0,1.0,1.0,1.0,1.0,1.0,0.0,0.0,0,True,0.0,0.0,False,0.0,0.171045000115555,5df4c2abf022af3eefe4b675c5b2e54e36b02898f754c1d23fe944761308e1a2
image_cnn_a-development-0016,image_cnn_a,image,development,clean,none,False,False,independent_if_else,valid,1.0,1.0,1.0,1.0,1.0,1.0,1.0,1.0,1.0,1.0,1.0,1.0,1.0,0.0,0.0,0,False,0.0,0.0,False,0.0,0.01712299990686006,
image_cnn_a-development-0016,image_cnn_a,image,development,clean,none,False,False,typed_route_without_cut,valid,1.0,1.0,1.0,1.0,1.0,1.0,1.0,1.0,1.0,1.0,1.0,1.0,1.0,0.0,0.0,0,False,0.0,0.0,False,0.0,0.023273999886441743,
image_cnn_a-development-0016,image_cnn_a,image,development,clean,none,False,False,full_h10,valid,1.0,1.0,1.0,1.0,1.0,1.0,1.0,1.0,1.0,1.0,1.0,1.0,1.0,0.0,0.0,0,True,0.0,0.0,False,0.0,0.02247300017188536,9e5891eb8ae4796ecedb00cd63cd7e6d0805d8431de8a6c11fbf8b960e0cffeb
image_cnn_a-development-0017,image_cnn_a,image,development,unknown_ambiguous,severe,True,False,independent_if_else,invalid,1.0,1.0,1.0,1.0,1.0,1.0,1.0,1.0,1.0,1.0,1.0,1.0,1.0,0.0,0.0,0,False,0.0,0.0,False,1.0,0.02034899989666883,
image_cnn_a-development-0017,image_cnn_a,image,development,unknown_ambiguous,severe,True,False,typed_route_without_cut,invalid,1.0,1.0,1.0,1.0,1.0,1.0,1.0,1.0,1.0,1.0,1.0,1.0,1.0,0.0,0.0,0,False,0.0,0.0,False,1.0,0.041478999719402054,
image_cnn_a-development-0017,image_cnn_a,image,development,unknown_ambiguous,severe,True,False,full_h10,invalid,1.0,1.0,1.0,1.0,1.0,1.0,1.0,1.0,1.0,1.0,1.0,1.0,1.0,0.0,0.0,0,True,0.0,0.0,False,1.0,0.15565500007141964,0a095862815fb2464ebae4491ab7fc3ca994e6d6230cf37ae96b0baa5218530d
image_cnn_a-development-0018,image_cnn_a,image,development,composite,subtle,False,False,independent_if_else,invalid,1.0,1.0,1.0,1.0,1.0,1.0,1.0,1.0,0.6666666666666666,1.0,0.8,0.6666666666666666,0.0,2.0,0.0,0,False,0.0,0.0,False,0.0,0.031170000056590652,
image_cnn_a-development-0018,image_cnn_a,image,development,composite,subtle,False,False,typed_route_without_cut,invalid,1.0,1.0,1.0,1.0,1.0,1.0,1.0,1.0,0.6666666666666666,1.0,0.8,0.6666666666666666,0.0,2.0,0.0,0,False,0.0,0.0,False,0.0,0.07047300005069701,
image_cnn_a-development-0018,image_cnn_a,image,development,composite,subtle,False,False,full_h10,invalid,1.0,1.0,1.0,1.0,1.0,1.0,1.0,1.0,1.0,1.0,1.0,1.0,1.0,0.0,0.0,0,True,0.0,0.0,False,0.0,0.19043100019189296,6eff457dba0ec767e57f4e31ccd602617ba2c6b5d91814a69f28b03382134a8f
image_cnn_a-development-0019,image_cnn_a,image,development,clean,none,False,False,independent_if_else,valid,1.0,1.0,1.0,1.0,1.0,1.0,1.0,1.0,1.0,1.0,1.0,1.0,1.0,0.0,0.0,0,False,0.0,0.0,False,0.0,0.02286300014020526,
image_cnn_a-development-0019,image_cnn_a,image,development,clean,none,False,False,typed_route_without_cut,valid,1.0,1.0,1.0,1.0,1.0,1.0,1.0,1.0,1.0,1.0,1.0,1.0,1.0,0.0,0.0,0,False,0.0,0.0,False,0.0,0.01831500003390829,
image_cnn_a-development-0019,image_cnn_a,image,development,clean,none,False,False,full_h10,valid,1.0,1.0,1.0,1.0,1.0,1.0,1.0,1.0,1.0,1.0,1.0,1.0,1.0,0.0,0.0,0,True,0.0,0.0,False,0.0,0.021360000118875178,708d2cd0f7f9b48904f5b2becac0c61c136477c1f68f09fc44e01e2df7f7a7d3
image_cnn_a-development-0020,image_cnn_a,image,development,composite,severe,False,False,independent_if_else,invalid,1.0,1.0,1.0,1.0,1.0,1.0,1.0,1.0,0.6666666666666666,1.0,0.8,0.6666666666666666,0.0,1.0,0.0,0,False,0.0,0.0,False,0.0,0.027050999960920308,
image_cnn_a-development-0020,image_cnn_a,image,development,composite,severe,False,False,typed_route_without_cut,invalid,1.0,1.0,1.0,1.0,1.0,1.0,1.0,1.0,0.6666666666666666,1.0,0.8,0.6666666666666666,0.0,1.0,0.0,0,False,0.0,0.0,False,0.0,0.0786399996286491,
image_cnn_a-development-0020,image_cnn_a,image,development,composite,severe,False,False,full_h10,invalid,1.0,1.0,1.0,1.0,1.0,1.0,1.0,1.0,1.0,1.0,1.0,1.0,1.0,0.0,0.0,0,True,0.0,0.0,False,0.0,0.17941099986273912,b38418fd1f9d3da44063762384e987daf155fda86b6235346af2f1962ad0864d
image_cnn_a-development-0021,image_cnn_a,image,development,composite,subtle,False,False,independent_if_else,invalid,1.0,1.0,1.0,1.0,1.0,1.0,1.0,1.0,0.6666666666666666,1.0,0.8,0.6666666666666666,0.0,4.0,0.0,0,False,0.0,0.0,False,0.0,0.03070800039495225,
image_cnn_a-development-0021,image_cnn_a,image,development,composite,subtle,False,False,typed_route_without_cut,invalid,1.0,1.0,1.0,1.0,1.0,1.0,1.0,1.0,0.6666666666666666,1.0,0.8,0.6666666666666666,0.0,4.0,0.0,0,False,0.0,0.0,False,0.0,0.05581599998549791,
image_cnn_a-development-0021,image_cnn_a,image,development,composite,subtle,False,False,full_h10,invalid,1.0,1.0,1.0,1.0,1.0,1.0,1.0,1.0,1.0,1.0,1.0,1.0,1.0,0.0,0.0,0,True,0.0,0.0,False,0.0,0.1760449999892444,44649eba1819fed693958f2c9338bb3ac9cd1ad3ff245297dd718b3430f868bb
image_cnn_a-development-0022,image_cnn_a,image,development,clean,none,False,False,independent_if_else,valid,1.0,1.0,1.0,1.0,1.0,1.0,1.0,1.0,1.0,1.0,1.0,1.0,1.0,0.0,0.0,0,False,0.0,0.0,False,0.0,0.017332999959762674,
image_cnn_a-development-0022,image_cnn_a,image,development,clean,none,False,False,typed_route_without_cut,valid,1.0,1.0,1.0,1.0,1.0,1.0,1.0,1.0,1.0,1.0,1.0,1.0,1.0,0.0,0.0,0,False,0.0,0.0,False,0.0,0.01828499989642296,
image_cnn_a-development-0022,image_cnn_a,image,development,clean,none,False,False,full_h10,valid,1.0,1.0,1.0,1.0,1.0,1.0,1.0,1.0,1.0,1.0,1.0,1.0,1.0,0.0,0.0,0,True,0.0,0.0,False,0.0,0.024787000256765168,a0cd17da702fea20b2584c6a30037219ad8c64961d6864d68e38b3e2ee121d21
image_cnn_a-development-0023,image_cnn_a,image,development,clean,none,False,False,independent_if_else,valid,1.0,1.0,1.0,1.0,1.0,1.0,1.0,1.0,1.0,1.0,1.0,1.0,1.0,0.0,0.0,0,False,0.0,0.0,False,0.0,0.01619099975869176,
image_cnn_a-development-0023,image_cnn_a,image,development,clean,none,False,False,typed_route_without_cut,valid,1.0,1.0,1.0,1.0,1.0,1.0,1.0,1.0,1.0,1.0,1.0,1.0,1.0,0.0,0.0,0,False,0.0,0.0,False,0.0,0.01718300018183072,
image_cnn_a-development-0023,image_cnn_a,image,development,clean,none,False,False,full_h10,valid,1.0,1.0,1.0,1.0,1.0,1.0,1.0,1.0,1.0,1.0,1.0,1.0,1.0,0.0,0.0,0,True,0.0,0.0,False,0.0,0.018575000012788223,67f9069df21a7e69a910fa71f669cf1292d4be75d337d57a8ce8b9696932f832
image_cnn_a-development-0024,image_cnn_a,image,development,clean,none,False,False,independent_if_else,valid,1.0,1.0,1.0,1.0,1.0,1.0,1.0,1.0,1.0,1.0,1.0,1.0,1.0,0.0,0.0,0,False,0.0,0.0,False,0.0,0.016451000192319043,
image_cnn_a-development-0024,image_cnn_a,image,development,clean,none,False,False,typed_route_without_cut,valid,1.0,1.0,1.0,1.0,1.0,1.0,1.0,1.0,1.0,1.0,1.0,1.0,1.0,0.0,0.0,0,False,0.0,0.0,False,0.0,0.0172119998751441,
image_cnn_a-development-0024,image_cnn_a,image,development,clean,none,False,False,full_h10,valid,1.0,1.0,1.0,1.0,1.0,1.0,1.0,1.0,1.0,1.0,1.0,1.0,1.0,0.0,0.0,0,True,0.0,0.0,False,0.0,0.018094000097335083,28797451a883020d15ba06e6b5cca4ed29c2fedba19b416c52ce893eb7a9f934
image_cnn_a-development-0025,image_cnn_a,image,development,unknown_ambiguous,moderate,True,False,independent_if_else,invalid,1.0,1.0,1.0,1.0,1.0,1.0,1.0,1.0,0.0,0.0,0.0,0.0,0.0,19.0,0.0,0,False,0.0,0.0,False,1.0,0.023755000256642234,
image_cnn_a-development-0025,image_cnn_a,image,development,unknown_ambiguous,moderate,True,False,typed_route_without_cut,invalid,1.0,1.0,1.0,1.0,1.0,1.0,1.0,1.0,0.0,0.0,0.0,0.0,0.0,19.0,0.0,0,False,0.0,0.0,False,1.0,0.021730999833380338,
image_cnn_a-development-0025,image_cnn_a,image,development,unknown_ambiguous,moderate,True,False,full_h10,invalid,1.0,1.0,1.0,1.0,1.0,1.0,1.0,1.0,0.0,0.0,0.0,0.0,0.0,19.0,0.0,0,True,0.0,0.0,False,1.0,0.18211599990536342,bfec79a258370cde25144a5f007d8c51b1c9712f5ceff8ab73e4523d7a6c0f03
image_cnn_a-development-0026,image_cnn_a,image,development,composite,severe,False,False,independent_if_else,invalid,1.0,1.0,1.0,1.0,1.0,1.0,1.0,1.0,0.5,1.0,0.6666666666666666,0.5,0.0,2.0,0.0,0,False,0.0,0.0,False,0.0,0.025919000108842738,
image_cnn_a-development-0026,image_cnn_a,image,development,composite,severe,False,False,typed_route_without_cut,invalid,1.0,1.0,1.0,1.0,1.0,1.0,1.0,1.0,0.5,1.0,0.6666666666666666,0.5,0.0,2.0,0.0,0,False,0.0,0.0,False,0.0,0.054582999837293755,
image_cnn_a-development-0026,image_cnn_a,image,development,composite,severe,False,False,full_h10,invalid,1.0,1.0,1.0,1.0,1.0,1.0,1.0,1.0,1.0,1.0,1.0,1.0,1.0,0.0,0.0,0,True,0.0,0.0,False,0.0,0.16887000037968392,09dd03a080383d491160173ba928993507f7f2632d0aad5d7a520c238f08e581
image_cnn_a-development-0027,image_cnn_a,image,development,composite,subtle,False,False,independent_if_else,invalid,1.0,1.0,1.0,1.0,1.0,1.0,1.0,1.0,0.5,1.0,0.6666666666666666,0.5,0.0,1.0,0.0,0,False,0.0,0.0,False,0.0,0.0249669997174351,
image_cnn_a-development-0027,image_cnn_a,image,development,composite,subtle,False,False,typed_route_without_cut,invalid,1.0,1.0,1.0,1.0,1.0,1.0,1.0,1.0,0.5,1.0,0.6666666666666666,0.5,0.0,1.0,0.0,0,False,0.0,0.0,False,0.0,0.06325000003926107,
image_cnn_a-development-0027,image_cnn_a,image,development,composite,subtle,False,False,full_h10,invalid,1.0,1.0,1.0,1.0,1.0,1.0,1.0,1.0,1.0,1.0,1.0,1.0,1.0,0.0,0.0,0,True,0.0,0.0,False,0.0,0.16652599970257143,be4d4825ee94f3bc2144d414e8d314107e6391802e680166cecc38c83ea57e9f
image_cnn_a-development-0028,image_cnn_a,image,development,composite,moderate,False,False,independent_if_else,invalid,1.0,1.0,1.0,1.0,1.0,1.0,1.0,1.0,0.3333333333333333,1.0,0.5,0.3333333333333333,0.0,5.0,0.0,0,False,0.0,0.0,False,0.0,0.0453659999948286,
image_cnn_a-development-0028,image_cnn_a,image,development,composite,moderate,False,False,typed_route_without_cut,invalid,1.0,1.0,1.0,1.0,1.0,1.0,1.0,1.0,0.3333333333333333,1.0,0.5,0.3333333333333333,0.0,5.0,0.0,0,False,0.0,0.0,False,0.0,0.08815699993647286,
image_cnn_a-development-0028,image_cnn_a,image,development,composite,moderate,False,False,full_h10,invalid,1.0,1.0,1.0,1.0,1.0,1.0,1.0,1.0,1.0,1.0,1.0,1.0,1.0,0.0,0.0,0,True,0.0,0.0,False,0.0,0.2704730000004929,8ea7c6c200f7bc332f1c9cc331a43f4e867e6bb73f5f908354f424946d439a7c
image_cnn_a-development-0029,image_cnn_a,image,development,clean,none,False,False,independent_if_else,valid,1.0,1.0,1.0,1.0,1.0,1.0,1.0,1.0,1.0,1.0,1.0,1.0,1.0,0.0,0.0,0,False,0.0,0.0,False,0.0,0.03014699996128911,
image_cnn_a-development-0029,image_cnn_a,image,development,clean,none,False,False,typed_route_without_cut,valid,1.0,1.0,1.0,1.0,1.0,1.0,1.0,1.0,1.0,1.0,1.0,1.0,1.0,0.0,0.0,0,False,0.0,0.0,False,0.0,0.03249100018365425,
image_cnn_a-development-0029,image_cnn_a,image,development,clean,none,False,False,full_h10,valid,1.0,1.0,1.0,1.0,1.0,1.0,1.0,1.0,1.0,1.0,1.0,1.0,1.0,0.0,0.0,0,True,0.0,0.0,False,0.0,0.04415400007928838,6dd30b0268c393c065d85a82f346aa23b9a252249cee1f3188b791a50171d682
image_cnn_a-development-0030,image_cnn_a,image,development,unknown_ambiguous,subtle,True,True,independent_if_else,insufficient_evidence,1.0,1.0,1.0,1.0,0.6666666666666666,1.0,0.8,0.6666666666666666,1.0,1.0,1.0,1.0,1.0,0.0,2.0,1,False,0.0,0.0,True,0.0,0.04554699989967048,
image_cnn_a-development-0030,image_cnn_a,image,development,unknown_ambiguous,subtle,True,True,typed_route_without_cut,insufficient_evidence,1.0,1.0,1.0,1.0,0.6666666666666666,1.0,0.8,0.6666666666666666,1.0,1.0,1.0,1.0,1.0,0.0,2.0,1,False,0.0,0.0,True,0.0,0.059332000091671944,
image_cnn_a-development-0030,image_cnn_a,image,development,unknown_ambiguous,subtle,True,True,full_h10,insufficient_evidence,1.0,1.0,1.0,1.0,0.6666666666666666,1.0,0.8,0.6666666666666666,1.0,1.0,1.0,1.0,1.0,0.0,2.0,1,True,0.0,0.0,True,0.0,0.19586100006563356,e20d61b2d9ba933f59679052ccaa8378aea8e63a38e9199ab2cf34404545ecd8
image_cnn_a-development-0031,image_cnn_a,image,development,clean,none,False,False,independent_if_else,valid,1.0,1.0,1.0,1.0,1.0,1.0,1.0,1.0,1.0,1.0,1.0,1.0,1.0,0.0,0.0,0,False,0.0,0.0,False,0.0,0.019888000224455027,
image_cnn_a-development-0031,image_cnn_a,image,development,clean,none,False,False,typed_route_without_cut,valid,1.0,1.0,1.0,1.0,1.0,1.0,1.0,1.0,1.0,1.0,1.0,1.0,1.0,0.0,0.0,0,False,0.0,0.0,False,0.0,0.01944599989656126,
image_cnn_a-development-0031,image_cnn_a,image,development,clean,none,False,False,full_h10,valid,1.0,1.0,1.0,1.0,1.0,1.0,1.0,1.0,1.0,1.0,1.0,1.0,1.0,0.0,0.0,0,True,0.0,0.0,False,0.0,0.023895000140328193,ee906a4a83b3bcb27834bd6369e6122110da0c6cb7b4fb32c80ad736832b98d2
image_cnn_a-development-0032,image_cnn_a,image,development,unknown_ambiguous,severe,True,True,independent_if_else,invalid,1.0,1.0,1.0,1.0,1.0,1.0,1.0,1.0,0.25,0.5,0.3333333333333333,0.2,0.0,37.0,0.0,0,False,0.0,0.0,False,1.0,0.035226999898441136,
image_cnn_a-development-0032,image_cnn_a,image,development,unknown_ambiguous,severe,True,True,typed_route_without_cut,invalid,1.0,1.0,1.0,1.0,1.0,1.0,1.0,1.0,0.25,0.5,0.3333333333333333,0.2,0.0,37.0,0.0,0,False,0.0,0.0,False,1.0,0.033042000268324045,
image_cnn_a-development-0032,image_cnn_a,image,development,unknown_ambiguous,severe,True,True,full_h10,invalid,1.0,1.0,1.0,1.0,1.0,1.0,1.0,1.0,0.3333333333333333,0.5,0.4,0.25,0.0,36.0,0.0,0,True,0.0,0.0,False,1.0,0.20562000008794712,23d2aedf86e0946a1e1047d3154598c51992a9df277432ea9b7af13052e78a87
image_cnn_a-development-0033,image_cnn_a,image,development,composite,subtle,False,False,independent_if_else,invalid,1.0,1.0,1.0,1.0,1.0,1.0,1.0,1.0,1.0,1.0,1.0,1.0,1.0,0.0,0.0,0,False,0.0,0.0,False,0.0,0.027872999908140628,
image_cnn_a-development-0033,image_cnn_a,image,development,composite,subtle,False,False,typed_route_without_cut,invalid,1.0,1.0,1.0,1.0,1.0,1.0,1.0,1.0,1.0,1.0,1.0,1.0,1.0,0.0,0.0,0,False,0.0,0.0,False,0.0,0.0691010000082315,
image_cnn_a-development-0033,image_cnn_a,image,development,composite,subtle,False,False,full_h10,invalid,1.0,1.0,1.0,1.0,1.0,1.0,1.0,1.0,1.0,1.0,1.0,1.0,1.0,0.0,0.0,0,True,0.0,0.0,False,0.0,0.183227999968949,87ae3777b9f1ee151061ff5834fa0f47dfe1cefb5d84fb4522fbd7569f8e02b7
image_cnn_a-development-0034,image_cnn_a,image,development,single,moderate,False,False,independent_if_else,invalid,1.0,1.0,1.0,1.0,1.0,1.0,1.0,1.0,1.0,1.0,1.0,1.0,1.0,0.0,0.0,0,False,0.0,0.0,False,0.0,0.022423000245908042,
image_cnn_a-development-0034,image_cnn_a,image,development,single,moderate,False,False,typed_route_without_cut,invalid,1.0,1.0,1.0,1.0,1.0,1.0,1.0,1.0,1.0,1.0,1.0,1.0,1.0,0.0,0.0,0,False,0.0,0.0,False,0.0,0.03650999997262261,
image_cnn_a-development-0034,image_cnn_a,image,development,single,moderate,False,False,full_h10,invalid,1.0,1.0,1.0,1.0,1.0,1.0,1.0,1.0,1.0,1.0,1.0,1.0,1.0,0.0,0.0,0,True,0.0,0.0,False,0.0,0.15963300029397942,398500492389b12078aa2b3898251b5959d5b96d499d8f869da38730ea7ad6a8
image_cnn_a-development-0035,image_cnn_a,image,development,single,severe,False,False,independent_if_else,invalid,1.0,1.0,1.0,1.0,1.0,1.0,1.0,1.0,1.0,1.0,1.0,1.0,1.0,0.0,0.0,0,False,0.0,0.0,False,0.0,0.0231839999287331,
image_cnn_a-development-0035,image_cnn_a,image,development,single,severe,False,False,typed_route_without_cut,invalid,1.0,1.0,1.0,1.0,1.0,1.0,1.0,1.0,1.0,1.0,1.0,1.0,1.0,0.0,0.0,0,False,0.0,0.0,False,0.0,0.05250999993222649,
image_cnn_a-development-0035,image_cnn_a,image,development,single,severe,False,False,full_h10,invalid,1.0,1.0,1.0,1.0,1.0,1.0,1.0,1.0,1.0,1.0,1.0,1.0,1.0,0.0,0.0,0,True,0.0,0.0,False,0.0,0.15586500012432225,2543f35aa8e23c9b7a4c2b3a5ee320afc8debad1b9cbae7e34481c9ec99205f2
image_cnn_a-development-0036,image_cnn_a,image,development,unknown_ambiguous,subtle,True,True,independent_if_else,insufficient_evidence,1.0,1.0,1.0,1.0,0.6666666666666666,1.0,0.8,0.6666666666666666,1.0,1.0,1.0,1.0,1.0,0.0,2.0,1,False,0.0,0.0,True,0.0,0.03305200016257004,
image_cnn_a-development-0036,image_cnn_a,image,development,unknown_ambiguous,subtle,True,True,typed_route_without_cut,insufficient_evidence,1.0,1.0,1.0,1.0,0.6666666666666666,1.0,0.8,0.6666666666666666,1.0,1.0,1.0,1.0,1.0,0.0,2.0,1,False,0.0,0.0,True,0.0,0.0522700001965859,
image_cnn_a-development-0036,image_cnn_a,image,development,unknown_ambiguous,subtle,True,True,full_h10,insufficient_evidence,1.0,1.0,1.0,1.0,0.6666666666666666,1.0,0.8,0.6666666666666666,1.0,1.0,1.0,1.0,1.0,0.0,2.0,1,True,0.0,0.0,True,0.0,0.17002300000967807,a5ba01b71c4a7e7aa990f97f103d06dac13161deb5f4484c7cec6ac6e17d6285
image_cnn_a-development-0037,image_cnn_a,image,development,clean,none,False,False,independent_if_else,valid,1.0,1.0,1.0,1.0,1.0,1.0,1.0,1.0,1.0,1.0,1.0,1.0,1.0,0.0,0.0,0,False,0.0,0.0,False,0.0,0.018504999843571568,
image_cnn_a-development-0037,image_cnn_a,image,development,clean,none,False,False,typed_route_without_cut,valid,1.0,1.0,1.0,1.0,1.0,1.0,1.0,1.0,1.0,1.0,1.0,1.0,1.0,0.0,0.0,0,False,0.0,0.0,False,0.0,0.022352000087266788,
image_cnn_a-development-0037,image_cnn_a,image,development,clean,none,False,False,full_h10,valid,1.0,1.0,1.0,1.0,1.0,1.0,1.0,1.0,1.0,1.0,1.0,1.0,1.0,0.0,0.0,0,True,0.0,0.0,False,0.0,0.02258299991808599,0bd45123f30aeb7229b8fe78cf7a85631e6ceb8aa9d982d8b426eeb6246ab155
image_cnn_a-development-0038,image_cnn_a,image,development,clean,none,False,False,independent_if_else,valid,1.0,1.0,1.0,1.0,1.0,1.0,1.0,1.0,1.0,1.0,1.0,1.0,1.0,0.0,0.0,0,False,0.0,0.0,False,0.0,0.01981800005523837,
image_cnn_a-development-0038,image_cnn_a,image,development,clean,none,False,False,typed_route_without_cut,valid,1.0,1.0,1.0,1.0,1.0,1.0,1.0,1.0,1.0,1.0,1.0,1.0,1.0,0.0,0.0,0,False,0.0,0.0,False,0.0,0.017813999875215814,
image_cnn_a-development-0038,image_cnn_a,image,development,clean,none,False,False,full_h10,valid,1.0,1.0,1.0,1.0,1.0,1.0,1.0,1.0,1.0,1.0,1.0,1.0,1.0,0.0,0.0,0,True,0.0,0.0,False,0.0,0.021770999865111662,ad59ff8f83ce7e0789b05327815dbd620c38da4cd030123676baf21bc6522f01
image_cnn_a-development-0039,image_cnn_a,image,development,composite,subtle,False,False,independent_if_else,invalid,1.0,1.0,1.0,1.0,1.0,1.0,1.0,1.0,1.0,1.0,1.0,1.0,1.0,0.0,0.0,0,False,0.0,0.0,False,0.0,0.026530000013735844,
image_cnn_a-development-0039,image_cnn_a,image,development,composite,subtle,False,False,typed_route_without_cut,invalid,1.0,1.0,1.0,1.0,1.0,1.0,1.0,1.0,1.0,1.0,1.0,1.0,1.0,0.0,0.0,0,False,0.0,0.0,False,0.0,0.06303000009211246,
image_cnn_a-development-0039,image_cnn_a,image,development,composite,subtle,False,False,full_h10,invalid,1.0,1.0,1.0,1.0,1.0,1.0,1.0,1.0,1.0,1.0,1.0,1.0,1.0,0.0,0.0,0,True,0.0,0.0,False,0.0,0.18096299982062192,c4ced8f8ab3536f3317b8e9c0f2598630465e30ab4e1de9c52571c3aa859407f
image_cnn_a-development-0040,image_cnn_a,image,development,unknown_ambiguous,moderate,True,True,independent_if_else,insufficient_evidence,1.0,1.0,1.0,1.0,0.6666666666666666,1.0,0.8,0.6666666666666666,0.5,1.0,0.6666666666666666,0.5,0.0,20.0,4.0,1,False,0.0,0.0,True,0.0,0.027893000151379965,
image_cnn_a-development-0040,image_cnn_a,image,development,unknown_ambiguous,moderate,True,True,typed_route_without_cut,insufficient_evidence,1.0,1.0,1.0,1.0,0.6666666666666666,1.0,0.8,0.6666666666666666,0.5,1.0,0.6666666666666666,0.5,0.0,20.0,4.0,1,False,0.0,0.0,True,0.0,0.05836999980601831,
image_cnn_a-development-0040,image_cnn_a,image,development,unknown_ambiguous,moderate,True,True,full_h10,insufficient_evidence,1.0,1.0,1.0,1.0,0.6666666666666666,1.0,0.8,0.6666666666666666,0.5,1.0,0.6666666666666666,0.5,0.0,20.0,4.0,1,True,0.0,0.0,True,0.0,0.17423000008420786,3ace1f9d1da599a01a1a7298bffdb2c1037c59ec3af14e684eb54694d158ed09
image_cnn_a-development-0041,image_cnn_a,image,development,unknown_ambiguous,severe,True,False,independent_if_else,invalid,1.0,1.0,1.0,1.0,1.0,1.0,1.0,1.0,0.25,0.5,0.3333333333333333,0.2,0.0,37.0,0.0,0,False,0.0,0.0,False,1.0,0.032220999855780974,
image_cnn_a-development-0041,image_cnn_a,image,development,unknown_ambiguous,severe,True,False,typed_route_without_cut,invalid,1.0,1.0,1.0,1.0,1.0,1.0,1.0,1.0,0.25,0.5,0.3333333333333333,0.2,0.0,37.0,0.0,0,False,0.0,0.0,False,1.0,0.03521700000419514,
image_cnn_a-development-0041,image_cnn_a,image,development,unknown_ambiguous,severe,True,False,full_h10,invalid,1.0,1.0,1.0,1.0,1.0,1.0,1.0,1.0,0.3333333333333333,0.5,0.4,0.25,0.0,36.0,0.0,0,True,0.0,0.0,False,1.0,0.1957909998964169,2619945c93d1aea354fe308f90de620a84742ccf4ad64141538f981616b21646
image_cnn_a-development-0042,image_cnn_a,image,development,composite,subtle,False,False,independent_if_else,invalid,1.0,1.0,1.0,1.0,1.0,1.0,1.0,1.0,0.5,1.0,0.6666666666666666,0.5,0.0,1.0,0.0,0,False,0.0,0.0,False,0.0,0.027391999992687488,
image_cnn_a-development-0042,image_cnn_a,image,development,composite,subtle,False,False,typed_route_without_cut,invalid,1.0,1.0,1.0,1.0,1.0,1.0,1.0,1.0,0.5,1.0,0.6666666666666666,0.5,0.0,1.0,0.0,0,False,0.0,0.0,False,0.0,0.06767800005036406,
image_cnn_a-development-0042,image_cnn_a,image,development,composite,subtle,False,False,full_h10,invalid,1.0,1.0,1.0,1.0,1.0,1.0,1.0,1.0,1.0,1.0,1.0,1.0,1.0,0.0,0.0,0,True,0.0,0.0,False,0.0,0.17462100004195236,ee1eae30225a528d45046631a7e9b7aaf924ad41a442bc90420d1f3dec786b6d
image_cnn_a-development-0043,image_cnn_a,image,development,single,moderate,False,False,independent_if_else,invalid,1.0,1.0,1.0,1.0,1.0,1.0,1.0,1.0,1.0,1.0,1.0,1.0,1.0,0.0,0.0,0,False,0.0,0.0,False,0.0,0.023074000182532473,
image_cnn_a-development-0043,image_cnn_a,image,development,single,moderate,False,False,typed_route_without_cut,invalid,1.0,1.0,1.0,1.0,1.0,1.0,1.0,1.0,1.0,1.0,1.0,1.0,1.0,0.0,0.0,0,False,0.0,0.0,False,0.0,0.04257099999449565,
image_cnn_a-development-0043,image_cnn_a,image,development,single,moderate,False,False,full_h10,invalid,1.0,1.0,1.0,1.0,1.0,1.0,1.0,1.0,1.0,1.0,1.0,1.0,1.0,0.0,0.0,0,True,0.0,0.0,False,0.0,0.16483299987157807,a7108dc4ff72ab7fc485dfd88808a407014c95d0cf2bb25393a9d6e4fe7ade1d
image_cnn_a-development-0044,image_cnn_a,image,development,composite,severe,False,False,independent_if_else,invalid,1.0,1.0,1.0,1.0,1.0,1.0,1.0,1.0,1.0,1.0,1.0,1.0,1.0,0.0,0.0,0,False,0.0,0.0,False,0.0,0.02900500021496555,
image_cnn_a-development-0044,image_cnn_a,image,development,composite,severe,False,False,typed_route_without_cut,invalid,1.0,1.0,1.0,1.0,1.0,1.0,1.0,1.0,1.0,1.0,1.0,1.0,1.0,0.0,0.0,0,False,0.0,0.0,False,0.0,0.04722899984699325,
image_cnn_a-development-0044,image_cnn_a,image,development,composite,severe,False,False,full_h10,invalid,1.0,1.0,1.0,1.0,1.0,1.0,1.0,1.0,1.0,1.0,1.0,1.0,1.0,0.0,0.0,0,True,0.0,0.0,False,0.0,0.19077200022366014,c730b0b3bdd5eb0d3e05e2b446c87b90710ef40a7dec1bb88852d4d901d79988
image_cnn_a-development-0045,image_cnn_a,image,development,composite,subtle,False,False,independent_if_else,invalid,1.0,1.0,1.0,1.0,1.0,1.0,1.0,1.0,0.5,1.0,0.6666666666666666,0.5,0.0,1.0,0.0,0,False,0.0,0.0,False,0.0,0.03751099984583561,
image_cnn_a-development-0045,image_cnn_a,image,development,composite,subtle,False,False,typed_route_without_cut,invalid,1.0,1.0,1.0,1.0,1.0,1.0,1.0,1.0,0.5,1.0,0.6666666666666666,0.5,0.0,1.0,0.0,0,False,0.0,0.0,False,0.0,0.06736800014550681,
image_cnn_a-development-0045,image_cnn_a,image,development,composite,subtle,False,False,full_h10,invalid,1.0,1.0,1.0,1.0,1.0,1.0,1.0,1.0,1.0,1.0,1.0,1.0,1.0,0.0,0.0,0,True,0.0,0.0,False,0.0,0.2102989997183613,667df34fa6dfbb6a99af54e33784d884069ff5e470746ba2a29de7074bcd0ae3
image_cnn_a-development-0046,image_cnn_a,image,development,composite,moderate,False,False,independent_if_else,invalid,1.0,1.0,1.0,1.0,1.0,1.0,1.0,1.0,0.6666666666666666,1.0,0.8,0.6666666666666666,0.0,4.0,0.0,0,False,0.0,0.0,False,0.0,0.031349999972007936,
image_cnn_a-development-0046,image_cnn_a,image,development,composite,moderate,False,False,typed_route_without_cut,invalid,1.0,1.0,1.0,1.0,1.0,1.0,1.0,1.0,0.6666666666666666,1.0,0.8,0.6666666666666666,0.0,4.0,0.0,0,False,0.0,0.0,False,0.0,0.06430200028262334,
image_cnn_a-development-0046,image_cnn_a,image,development,composite,moderate,False,False,full_h10,invalid,1.0,1.0,1.0,1.0,1.0,1.0,1.0,1.0,1.0,1.0,1.0,1.0,1.0,0.0,0.0,0,True,0.0,0.0,False,0.0,0.2169510003113828,614fd256316e5d3cce386d2c7d564b5bb49072f470aacbe15548ff5e98694857
image_cnn_a-development-0047,image_cnn_a,image,development,unknown_ambiguous,severe,True,False,independent_if_else,invalid,1.0,1.0,1.0,1.0,1.0,1.0,1.0,1.0,0.25,0.5,0.3333333333333333,0.2,0.0,37.0,0.0,0,False,0.0,0.0,False,1.0,0.032390999876952264,
image_cnn_a-development-0047,image_cnn_a,image,development,unknown_ambiguous,severe,True,False,typed_route_without_cut,invalid,1.0,1.0,1.0,1.0,1.0,1.0,1.0,1.0,0.25,0.5,0.3333333333333333,0.2,0.0,37.0,0.0,0,False,0.0,0.0,False,1.0,0.03388499999346095,
image_cnn_a-development-0047,image_cnn_a,image,development,unknown_ambiguous,severe,True,False,full_h10,invalid,1.0,1.0,1.0,1.0,1.0,1.0,1.0,1.0,0.3333333333333333,0.5,0.4,0.25,0.0,36.0,0.0,0,True,0.0,0.0,False,1.0,0.18397900021227542,329b13bba9bf72a0b8e0fc6b80fa15d50049a3be642ffe5bfd06d57ea5700500
image_cnn_a-development-0048,image_cnn_a,image,development,clean,none,False,False,independent_if_else,valid,1.0,1.0,1.0,1.0,1.0,1.0,1.0,1.0,1.0,1.0,1.0,1.0,1.0,0.0,0.0,0,False,0.0,0.0,False,0.0,0.01831500003390829,
image_cnn_a-development-0048,image_cnn_a,image,development,clean,none,False,False,typed_route_without_cut,valid,1.0,1.0,1.0,1.0,1.0,1.0,1.0,1.0,1.0,1.0,1.0,1.0,1.0,0.0,0.0,0,False,0.0,0.0,False,0.0,0.01853500043580425,
image_cnn_a-development-0048,image_cnn_a,image,development,clean,none,False,False,full_h10,valid,1.0,1.0,1.0,1.0,1.0,1.0,1.0,1.0,1.0,1.0,1.0,1.0,1.0,0.0,0.0,0,True,0.0,0.0,False,0.0,0.02971599997181329,039d35460d0998c1fcd5ff7cadbfe32ecf2e6a271ea749152a869b9079adbdcd
image_cnn_a-development-0049,image_cnn_a,image,development,single,moderate,False,False,independent_if_else,invalid,1.0,1.0,1.0,1.0,1.0,1.0,1.0,1.0,1.0,1.0,1.0,1.0,1.0,0.0,0.0,0,False,0.0,0.0,False,0.0,0.021860999822820304,
image_cnn_a-development-0049,image_cnn_a,image,development,single,moderate,False,False,typed_route_without_cut,invalid,1.0,1.0,1.0,1.0,1.0,1.0,1.0,1.0,1.0,1.0,1.0,1.0,1.0,0.0,0.0,0,False,0.0,0.0,False,0.0,0.042380000195407774,
image_cnn_a-development-0049,image_cnn_a,image,development,single,moderate,False,False,full_h10,invalid,1.0,1.0,1.0,1.0,1.0,1.0,1.0,1.0,1.0,1.0,1.0,1.0,1.0,0.0,0.0,0,True,0.0,0.0,False,0.0,0.15643599999748403,907180310f726e5bdf6588a9299f4235e245dffc88bc7e19fea0b80f484d2506
image_cnn_a-development-0050,image_cnn_a,image,development,single,severe,False,False,independent_if_else,invalid,1.0,1.0,1.0,1.0,1.0,1.0,1.0,1.0,1.0,1.0,1.0,1.0,1.0,0.0,0.0,0,False,0.0,0.0,False,0.0,0.02242299979116069,
image_cnn_a-development-0050,image_cnn_a,image,development,single,severe,False,False,typed_route_without_cut,invalid,1.0,1.0,1.0,1.0,1.0,1.0,1.0,1.0,1.0,1.0,1.0,1.0,1.0,0.0,0.0,0,False,0.0,0.0,False,0.0,0.0602539998908469,
image_cnn_a-development-0050,image_cnn_a,image,development,single,severe,False,False,full_h10,invalid,1.0,1.0,1.0,1.0,1.0,1.0,1.0,1.0,1.0,1.0,1.0,1.0,1.0,0.0,0.0,0,True,0.0,0.0,False,0.0,0.17113500007326365,e6a46093276dcac2bc30da7e04ec8a4d99118ae70b1bdd294e8c002c549900f9
image_cnn_a-development-0051,image_cnn_a,image,development,single,subtle,False,False,independent_if_else,invalid,1.0,1.0,1.0,1.0,1.0,1.0,1.0,1.0,1.0,1.0,1.0,1.0,1.0,0.0,0.0,0,False,0.0,0.0,False,0.0,0.021641000330419047,
image_cnn_a-development-0051,image_cnn_a,image,development,single,subtle,False,False,typed_route_without_cut,invalid,1.0,1.0,1.0,1.0,1.0,1.0,1.0,1.0,1.0,1.0,1.0,1.0,1.0,0.0,0.0,0,False,0.0,0.0,False,0.0,0.02408500040473882,
image_cnn_a-development-0051,image_cnn_a,image,development,single,subtle,False,False,full_h10,invalid,1.0,1.0,1.0,1.0,1.0,1.0,1.0,1.0,1.0,1.0,1.0,1.0,1.0,0.0,0.0,0,True,0.0,0.0,False,0.0,0.14988400016591186,a6741b4f5c42e9aa0fc6b8f6574845fc8158eea32ed27c2c99ec21207446441e
image_cnn_a-development-0052,image_cnn_a,image,development,single,moderate,False,False,independent_if_else,invalid,1.0,1.0,1.0,1.0,1.0,1.0,1.0,1.0,1.0,1.0,1.0,1.0,1.0,0.0,0.0,0,False,0.0,0.0,False,0.0,0.0298570002996712,
image_cnn_a-development-0052,image_cnn_a,image,development,single,moderate,False,False,typed_route_without_cut,invalid,1.0,1.0,1.0,1.0,1.0,1.0,1.0,1.0,1.0,1.0,1.0,1.0,1.0,0.0,0.0,0,False,0.0,0.0,False,0.0,0.0471489997835306,
image_cnn_a-development-0052,image_cnn_a,image,development,single,moderate,False,False,full_h10,invalid,1.0,1.0,1.0,1.0,1.0,1.0,1.0,1.0,1.0,1.0,1.0,1.0,1.0,0.0,0.0,0,True,0.0,0.0,False,0.0,0.1537619996270223,b84e40c3f8cc889b261daea100b065344d36f3843002dfb1c470b7e00bc381d3
image_cnn_a-development-0053,image_cnn_a,image,development,composite,severe,False,False,independent_if_else,invalid,1.0,1.0,1.0,1.0,1.0,1.0,1.0,1.0,0.6666666666666666,1.0,0.8,0.6666666666666666,0.0,2.0,0.0,0,False,0.0,0.0,False,0.0,0.02926500019384548,
image_cnn_a-development-0053,image_cnn_a,image,development,composite,severe,False,False,typed_route_without_cut,invalid,1.0,1.0,1.0,1.0,1.0,1.0,1.0,1.0,0.6666666666666666,1.0,0.8,0.6666666666666666,0.0,2.0,0.0,0,False,0.0,0.0,False,0.0,0.07092499981808942,
image_cnn_a-development-0053,image_cnn_a,image,development,composite,severe,False,False,full_h10,invalid,1.0,1.0,1.0,1.0,1.0,1.0,1.0,1.0,1.0,1.0,1.0,1.0,1.0,0.0,0.0,0,True,0.0,0.0,False,0.0,0.18368900009591016,ef89011e73b353eb956a73edac4795b9cad3ac355fb56753a274b9038e60fbdf
image_cnn_a-development-0054,image_cnn_a,image,development,composite,subtle,False,False,independent_if_else,invalid,1.0,1.0,1.0,1.0,1.0,1.0,1.0,1.0,0.5,1.0,0.6666666666666666,0.5,0.0,1.0,0.0,0,False,0.0,0.0,False,0.0,0.026500000330997864,
image_cnn_a-development-0054,image_cnn_a,image,development,composite,subtle,False,False,typed_route_without_cut,invalid,1.0,1.0,1.0,1.0,1.0,1.0,1.0,1.0,0.5,1.0,0.6666666666666666,0.5,0.0,1.0,0.0,0,False,0.0,0.0,False,0.0,0.06287899987000856,
image_cnn_a-development-0054,image_cnn_a,image,development,composite,subtle,False,False,full_h10,invalid,1.0,1.0,1.0,1.0,1.0,1.0,1.0,1.0,1.0,1.0,1.0,1.0,1.0,0.0,0.0,0,True,0.0,0.0,False,0.0,0.16666600004100474,10907ad3a0db8105cd29ec61e6e89bdae1f4fd99eb8aa1968bda23a77a30db14
image_cnn_a-development-0055,image_cnn_a,image,development,single,moderate,False,False,independent_if_else,invalid,1.0,1.0,1.0,1.0,1.0,1.0,1.0,1.0,1.0,1.0,1.0,1.0,1.0,0.0,0.0,0,False,0.0,0.0,False,0.0,0.021490000108315144,
image_cnn_a-development-0055,image_cnn_a,image,development,single,moderate,False,False,typed_route_without_cut,invalid,1.0,1.0,1.0,1.0,1.0,1.0,1.0,1.0,1.0,1.0,1.0,1.0,1.0,0.0,0.0,0,False,0.0,0.0,False,0.0,0.020710000171675347,
image_cnn_a-development-0055,image_cnn_a,image,development,single,moderate,False,False,full_h10,invalid,1.0,1.0,1.0,1.0,1.0,1.0,1.0,1.0,1.0,1.0,1.0,1.0,1.0,0.0,0.0,0,True,0.0,0.0,False,0.0,0.15100700011316803,cfd21ef8575ea350e31c8547a3047fbb9fece40378fa4bb591fb3fbc2617278d
image_cnn_a-development-0056,image_cnn_a,image,development,single,severe,False,False,independent_if_else,invalid,1.0,1.0,1.0,1.0,1.0,1.0,1.0,1.0,1.0,1.0,1.0,1.0,1.0,0.0,0.0,0,False,0.0,0.0,False,0.0,0.022603000161325326,
image_cnn_a-development-0056,image_cnn_a,image,development,single,severe,False,False,typed_route_without_cut,invalid,1.0,1.0,1.0,1.0,1.0,1.0,1.0,1.0,1.0,1.0,1.0,1.0,1.0,0.0,0.0,0,False,0.0,0.0,False,0.0,0.03176099971824442,
image_cnn_a-development-0056,image_cnn_a,image,development,single,severe,False,False,full_h10,invalid,1.0,1.0,1.0,1.0,1.0,1.0,1.0,1.0,1.0,1.0,1.0,1.0,1.0,0.0,0.0,0,True,0.0,0.0,False,0.0,0.1490220001869602,39d08b61504ccf85775210044332c031f2d1957f32da0d6a036703d22bfe39eb
image_cnn_a-development-0057,image_cnn_a,image,development,composite,subtle,False,False,independent_if_else,invalid,1.0,1.0,1.0,1.0,1.0,1.0,1.0,1.0,1.0,1.0,1.0,1.0,1.0,0.0,0.0,0,False,0.0,0.0,False,0.0,0.02385500010859687,
image_cnn_a-development-0057,image_cnn_a,image,development,composite,subtle,False,False,typed_route_without_cut,invalid,1.0,1.0,1.0,1.0,1.0,1.0,1.0,1.0,1.0,1.0,1.0,1.0,1.0,0.0,0.0,0,False,0.0,0.0,False,0.0,0.0474600001325598,
image_cnn_a-development-0057,image_cnn_a,image,development,composite,subtle,False,False,full_h10,invalid,1.0,1.0,1.0,1.0,1.0,1.0,1.0,1.0,1.0,1.0,1.0,1.0,1.0,0.0,0.0,0,True,0.0,0.0,False,0.0,0.16032399980758782,0c3bd280a1211b289e2a29b53064af29e7faad3d8eb02a4d1fb5d96b1ef9d1e2
image_cnn_a-development-0058,image_cnn_a,image,development,unknown_ambiguous,moderate,True,True,independent_if_else,insufficient_evidence,1.0,1.0,1.0,1.0,0.7142857142857143,1.0,0.8333333333333333,0.7142857142857143,0.4,0.6666666666666666,0.5,0.3333333333333333,0.0,37.0,4.0,2,False,0.0,0.0,True,0.0,0.03942499961340218,
image_cnn_a-development-0058,image_cnn_a,image,development,unknown_ambiguous,moderate,True,True,typed_route_without_cut,insufficient_evidence,1.0,1.0,1.0,1.0,0.7142857142857143,1.0,0.8333333333333333,0.7142857142857143,0.4,0.6666666666666666,0.5,0.3333333333333333,0.0,37.0,4.0,2,False,0.0,0.0,True,0.0,0.07692600001973915,
image_cnn_a-development-0058,image_cnn_a,image,development,unknown_ambiguous,moderate,True,True,full_h10,insufficient_evidence,1.0,1.0,1.0,1.0,0.7142857142857143,1.0,0.8333333333333333,0.7142857142857143,0.5,0.6666666666666666,0.5714285714285715,0.4,0.0,36.0,4.0,2,True,0.0,0.0,True,0.0,0.22289300022748648,0833e72340f1fd990fb54cf8fc2b27c699fc3d36f635663de288aa55dc6e5763
image_cnn_a-development-0059,image_cnn_a,image,development,single,severe,False,False,independent_if_else,invalid,1.0,1.0,1.0,1.0,1.0,1.0,1.0,1.0,1.0,1.0,1.0,1.0,1.0,0.0,0.0,0,False,0.0,0.0,False,0.0,0.023104000320017803,
image_cnn_a-development-0059,image_cnn_a,image,development,single,severe,False,False,typed_route_without_cut,invalid,1.0,1.0,1.0,1.0,1.0,1.0,1.0,1.0,1.0,1.0,1.0,1.0,1.0,0.0,0.0,0,False,0.0,0.0,False,0.0,0.0566880003134429,
image_cnn_a-development-0059,image_cnn_a,image,development,single,severe,False,False,full_h10,invalid,1.0,1.0,1.0,1.0,1.0,1.0,1.0,1.0,1.0,1.0,1.0,1.0,1.0,0.0,0.0,0,True,0.0,0.0,False,0.0,0.17518200002086814,1b2b016cc214c8529bc9f5e071910a7f85575a55f0e1e3e68bf782a417a06a06
image_cnn_a-development-0060,image_cnn_a,image,development,unknown_ambiguous,subtle,True,True,independent_if_else,insufficient_evidence,1.0,1.0,1.0,1.0,0.6666666666666666,1.0,0.8,0.6666666666666666,1.0,1.0,1.0,1.0,1.0,0.0,2.0,1,False,0.0,0.0,True,0.0,0.028994999865972204,
image_cnn_a-development-0060,image_cnn_a,image,development,unknown_ambiguous,subtle,True,True,typed_route_without_cut,insufficient_evidence,1.0,1.0,1.0,1.0,0.6666666666666666,1.0,0.8,0.6666666666666666,1.0,1.0,1.0,1.0,1.0,0.0,2.0,1,False,0.0,0.0,True,0.0,0.0698630001352285,
image_cnn_a-development-0060,image_cnn_a,image,development,unknown_ambiguous,subtle,True,True,full_h10,insufficient_evidence,1.0,1.0,1.0,1.0,0.6666666666666666,1.0,0.8,0.6666666666666666,1.0,1.0,1.0,1.0,1.0,0.0,2.0,1,True,0.0,0.0,True,0.0,0.20510900003500865,7ea746bb8a10acb3c79ef68c9c56450b84160b2889450d138e43788459b9485c
image_cnn_a-development-0061,image_cnn_a,image,development,composite,moderate,False,False,independent_if_else,invalid,1.0,1.0,1.0,1.0,1.0,1.0,1.0,1.0,0.6666666666666666,1.0,0.8,0.6666666666666666,0.0,2.0,0.0,0,False,0.0,0.0,False,0.0,0.04229000023769913,
image_cnn_a-development-0061,image_cnn_a,image,development,composite,moderate,False,False,typed_route_without_cut,invalid,1.0,1.0,1.0,1.0,1.0,1.0,1.0,1.0,0.6666666666666666,1.0,0.8,0.6666666666666666,0.0,2.0,0.0,0,False,0.0,0.0,False,0.0,0.0895700000000943,
image_cnn_a-development-0061,image_cnn_a,image,development,composite,moderate,False,False,full_h10,invalid,1.0,1.0,1.0,1.0,1.0,1.0,1.0,1.0,1.0,1.0,1.0,1.0,1.0,0.0,0.0,0,True,0.0,0.0,False,0.0,0.23337300035564112,12619adf6d4ff091f28a8d75602456f5d1a5eb8af12f4da8d7a86ebd97e2eca3
image_cnn_a-development-0062,image_cnn_a,image,development,single,severe,False,False,independent_if_else,invalid,1.0,1.0,1.0,1.0,1.0,1.0,1.0,1.0,1.0,1.0,1.0,1.0,1.0,0.0,0.0,0,False,0.0,0.0,False,0.0,0.03177999997205916,
image_cnn_a-development-0062,image_cnn_a,image,development,single,severe,False,False,typed_route_without_cut,invalid,1.0,1.0,1.0,1.0,1.0,1.0,1.0,1.0,1.0,1.0,1.0,1.0,1.0,0.0,0.0,0,False,0.0,0.0,False,0.0,0.04435399978319765,
image_cnn_a-development-0062,image_cnn_a,image,development,single,severe,False,False,full_h10,invalid,1.0,1.0,1.0,1.0,1.0,1.0,1.0,1.0,1.0,1.0,1.0,1.0,1.0,0.0,0.0,0,True,0.0,0.0,False,0.0,0.1598329999978887,ddef23a88c1843409546e9e41e32f11c3b58f2190ea072d724aa4afe3381bf9d
image_cnn_a-development-0063,image_cnn_a,image,development,composite,subtle,False,False,independent_if_else,invalid,1.0,1.0,1.0,1.0,1.0,1.0,1.0,1.0,0.3333333333333333,1.0,0.5,0.3333333333333333,0.0,6.0,0.0,0,False,0.0,0.0,False,0.0,0.02917500023613684,
image_cnn_a-development-0063,image_cnn_a,image,development,composite,subtle,False,False,typed_route_without_cut,invalid,1.0,1.0,1.0,1.0,1.0,1.0,1.0,1.0,0.3333333333333333,1.0,0.5,0.3333333333333333,0.0,6.0,0.0,0,False,0.0,0.0,False,0.0,0.05851100013387622,
image_cnn_a-development-0063,image_cnn_a,image,development,composite,subtle,False,False,full_h10,invalid,1.0,1.0,1.0,1.0,1.0,1.0,1.0,1.0,1.0,1.0,1.0,1.0,1.0,0.0,0.0,0,True,0.0,0.0,False,0.0,0.18083299983118195,f35c60d99cabcf83a926f6c89e5cfb418ce0f8c2712342379aac72a7a23bd883
image_cnn_a-development-0064,image_cnn_a,image,development,composite,moderate,False,False,independent_if_else,invalid,1.0,1.0,1.0,1.0,1.0,1.0,1.0,1.0,0.5,1.0,0.6666666666666666,0.5,0.0,1.0,0.0,0,False,0.0,0.0,False,0.0,0.02623899990794598,
image_cnn_a-development-0064,image_cnn_a,image,development,composite,moderate,False,False,typed_route_without_cut,invalid,1.0,1.0,1.0,1.0,1.0,1.0,1.0,1.0,0.5,1.0,0.6666666666666666,0.5,0.0,1.0,0.0,0,False,0.0,0.0,False,0.0,0.06962199995541596,
image_cnn_a-development-0064,image_cnn_a,image,development,composite,moderate,False,False,full_h10,invalid,1.0,1.0,1.0,1.0,1.0,1.0,1.0,1.0,1.0,1.0,1.0,1.0,1.0,0.0,0.0,0,True,0.0,0.0,False,0.0,0.16607499992460362,22940ae987fd061b16ac4c89622356e603dee345f86153cb7bdd7459832ebbfc
image_cnn_a-development-0065,image_cnn_a,image,development,clean,none,False,False,independent_if_else,valid,1.0,1.0,1.0,1.0,1.0,1.0,1.0,1.0,1.0,1.0,1.0,1.0,1.0,0.0,0.0,0,False,0.0,0.0,False,0.0,0.017924000076163793,
image_cnn_a-development-0065,image_cnn_a,image,development,clean,none,False,False,typed_route_without_cut,valid,1.0,1.0,1.0,1.0,1.0,1.0,1.0,1.0,1.0,1.0,1.0,1.0,1.0,0.0,0.0,0,False,0.0,0.0,False,0.0,0.017964000107895117,
image_cnn_a-development-0065,image_cnn_a,image,development,clean,none,False,False,full_h10,valid,1.0,1.0,1.0,1.0,1.0,1.0,1.0,1.0,1.0,1.0,1.0,1.0,1.0,0.0,0.0,0,True,0.0,0.0,False,0.0,0.020167999991826946,49223bd5b282e12ff3d71fa9641962e0bb6c104feb53cfa939567efed4e44145
image_cnn_a-development-0066,image_cnn_a,image,development,composite,subtle,False,False,independent_if_else,invalid,1.0,1.0,1.0,1.0,1.0,1.0,1.0,1.0,0.6666666666666666,1.0,0.8,0.6666666666666666,0.0,2.0,0.0,0,False,0.0,0.0,False,0.0,0.027752999812946655,
image_cnn_a-development-0066,image_cnn_a,image,development,composite,subtle,False,False,typed_route_without_cut,invalid,1.0,1.0,1.0,1.0,1.0,1.0,1.0,1.0,0.6666666666666666,1.0,0.8,0.6666666666666666,0.0,2.0,0.0,0,False,0.0,0.0,False,0.0,0.0690910001139855,
image_cnn_a-development-0066,image_cnn_a,image,development,composite,subtle,False,False,full_h10,invalid,1.0,1.0,1.0,1.0,1.0,1.0,1.0,1.0,1.0,1.0,1.0,1.0,1.0,0.0,0.0,0,True,0.0,0.0,False,0.0,0.18312800011699437,f2a9137e3d0af654df56f64afdb1634ddfa8e410d6b49f687d0d7a993b70a279
image_cnn_a-development-0067,image_cnn_a,image,development,composite,moderate,False,False,independent_if_else,invalid,1.0,1.0,1.0,1.0,1.0,1.0,1.0,1.0,0.5,1.0,0.6666666666666666,0.5,0.0,1.0,0.0,0,False,0.0,0.0,False,0.0,0.029446000098687364,
image_cnn_a-development-0067,image_cnn_a,image,development,composite,moderate,False,False,typed_route_without_cut,invalid,1.0,1.0,1.0,1.0,1.0,1.0,1.0,1.0,0.5,1.0,0.6666666666666666,0.5,0.0,1.0,0.0,0,False,0.0,0.0,False,0.0,0.07647499978702399,
image_cnn_a-development-0067,image_cnn_a,image,development,composite,moderate,False,False,full_h10,invalid,1.0,1.0,1.0,1.0,1.0,1.0,1.0,1.0,1.0,1.0,1.0,1.0,1.0,0.0,0.0,0,True,0.0,0.0,False,0.0,0.168519999988348,cb556e670a888a7b4ecc85b2cb4e4aaf5f6cb50ae24dde0307a3603d599177ac
image_cnn_a-development-0068,image_cnn_a,image,development,single,severe,False,False,independent_if_else,invalid,1.0,1.0,1.0,1.0,1.0,1.0,1.0,1.0,1.0,1.0,1.0,1.0,1.0,0.0,0.0,0,False,0.0,0.0,False,0.0,0.021391000245785108,
image_cnn_a-development-0068,image_cnn_a,image,development,single,severe,False,False,typed_route_without_cut,invalid,1.0,1.0,1.0,1.0,1.0,1.0,1.0,1.0,1.0,1.0,1.0,1.0,1.0,0.0,0.0,0,False,0.0,0.0,False,0.0,0.0343550000252435,
image_cnn_a-development-0068,image_cnn_a,image,development,single,severe,False,False,full_h10,invalid,1.0,1.0,1.0,1.0,1.0,1.0,1.0,1.0,1.0,1.0,1.0,1.0,1.0,0.0,0.0,0,True,0.0,0.0,False,0.0,0.1723670002320432,ce7ead90acf216effdbcb986d4bb1f7862e7c03d23029f83d62069b4f247700b
image_cnn_a-development-0069,image_cnn_a,image,development,clean,none,False,False,independent_if_else,valid,1.0,1.0,1.0,1.0,1.0,1.0,1.0,1.0,1.0,1.0,1.0,1.0,1.0,0.0,0.0,0,False,0.0,0.0,False,0.0,0.021130000277480576,
image_cnn_a-development-0069,image_cnn_a,image,development,clean,none,False,False,typed_route_without_cut,valid,1.0,1.0,1.0,1.0,1.0,1.0,1.0,1.0,1.0,1.0,1.0,1.0,1.0,0.0,0.0,0,False,0.0,0.0,False,0.0,0.018754999928205507,
image_cnn_a-development-0069,image_cnn_a,image,development,clean,none,False,False,full_h10,valid,1.0,1.0,1.0,1.0,1.0,1.0,1.0,1.0,1.0,1.0,1.0,1.0,1.0,0.0,0.0,0,True,0.0,0.0,False,0.0,0.02603899974928936,8ebae6e8ea4208ba93acc8a2c11fec496796339128edf69467af19c6de7bed9c
image_cnn_a-development-0070,image_cnn_a,image,development,single,moderate,False,False,independent_if_else,invalid,1.0,1.0,1.0,1.0,1.0,1.0,1.0,1.0,1.0,1.0,1.0,1.0,1.0,0.0,0.0,0,False,0.0,0.0,False,0.0,0.024215999928856036,
image_cnn_a-development-0070,image_cnn_a,image,development,single,moderate,False,False,typed_route_without_cut,invalid,1.0,1.0,1.0,1.0,1.0,1.0,1.0,1.0,1.0,1.0,1.0,1.0,1.0,0.0,0.0,0,False,0.0,0.0,False,0.0,0.050676000228122575,
image_cnn_a-development-0070,image_cnn_a,image,development,single,moderate,False,False,full_h10,invalid,1.0,1.0,1.0,1.0,1.0,1.0,1.0,1.0,1.0,1.0,1.0,1.0,1.0,0.0,0.0,0,True,0.0,0.0,False,0.0,0.14544600026056287,fed993c26b2298c8b7ee0cfa763fab4a78f28a9b304059b96ffa16fc9c5b0bd9
image_cnn_a-development-0071,image_cnn_a,image,development,single,severe,False,False,independent_if_else,invalid,1.0,1.0,1.0,1.0,1.0,1.0,1.0,1.0,1.0,1.0,1.0,1.0,1.0,0.0,0.0,0,False,0.0,0.0,False,0.0,0.024275999749079347,
image_cnn_a-development-0071,image_cnn_a,image,development,single,severe,False,False,typed_route_without_cut,invalid,1.0,1.0,1.0,1.0,1.0,1.0,1.0,1.0,1.0,1.0,1.0,1.0,1.0,0.0,0.0,0,False,0.0,0.0,False,0.0,0.04618699995262432,
image_cnn_a-development-0071,image_cnn_a,image,development,single,severe,False,False,full_h10,invalid,1.0,1.0,1.0,1.0,1.0,1.0,1.0,1.0,1.0,1.0,1.0,1.0,1.0,0.0,0.0,0,True,0.0,0.0,False,0.0,0.16187699975489522,623385a434ed81865d49b8be5e077ca52620a6e8ccaaab87dfe842f4568f41bb
image_cnn_a-development-0072,image_cnn_a,image,development,composite,subtle,False,False,independent_if_else,invalid,1.0,1.0,1.0,1.0,1.0,1.0,1.0,1.0,1.0,1.0,1.0,1.0,1.0,0.0,0.0,0,False,0.0,0.0,False,0.0,0.025999000172305387,
image_cnn_a-development-0072,image_cnn_a,image,development,composite,subtle,False,False,typed_route_without_cut,invalid,1.0,1.0,1.0,1.0,1.0,1.0,1.0,1.0,1.0,1.0,1.0,1.0,1.0,0.0,0.0,0,False,0.0,0.0,False,0.0,0.0694810000823054,
image_cnn_a-development-0072,image_cnn_a,image,development,composite,subtle,False,False,full_h10,invalid,1.0,1.0,1.0,1.0,1.0,1.0,1.0,1.0,1.0,1.0,1.0,1.0,1.0,0.0,0.0,0,True,0.0,0.0,False,0.0,0.17208700000992394,882ea4bb454b1569d279f7c763afb128d7d44e4a2eb803599e4c62146bae6ca6
image_cnn_a-development-0073,image_cnn_a,image,development,single,moderate,False,False,independent_if_else,invalid,1.0,1.0,1.0,1.0,1.0,1.0,1.0,1.0,1.0,1.0,1.0,1.0,1.0,0.0,0.0,0,False,0.0,0.0,False,0.0,0.022071999865147518,
image_cnn_a-development-0073,image_cnn_a,image,development,single,moderate,False,False,typed_route_without_cut,invalid,1.0,1.0,1.0,1.0,1.0,1.0,1.0,1.0,1.0,1.0,1.0,1.0,1.0,0.0,0.0,0,False,0.0,0.0,False,0.0,0.06187700000737095,
image_cnn_a-development-0073,image_cnn_a,image,development,single,moderate,False,False,full_h10,invalid,1.0,1.0,1.0,1.0,1.0,1.0,1.0,1.0,1.0,1.0,1.0,1.0,1.0,0.0,0.0,0,True,0.0,0.0,False,0.0,0.15365199988082168,e3851e38548087ed8cd4541283036f28de66432321f7496f8649ce46c49541b1
image_cnn_a-development-0074,image_cnn_a,image,development,single,severe,False,False,independent_if_else,invalid,1.0,1.0,1.0,1.0,1.0,1.0,1.0,1.0,1.0,1.0,1.0,1.0,1.0,0.0,0.0,0,False,0.0,0.0,False,0.0,0.024307000330736628,
image_cnn_a-development-0074,image_cnn_a,image,development,single,severe,False,False,typed_route_without_cut,invalid,1.0,1.0,1.0,1.0,1.0,1.0,1.0,1.0,1.0,1.0,1.0,1.0,1.0,0.0,0.0,0,False,0.0,0.0,False,0.0,0.04871200007983134,
image_cnn_a-development-0074,image_cnn_a,image,development,single,severe,False,False,full_h10,invalid,1.0,1.0,1.0,1.0,1.0,1.0,1.0,1.0,1.0,1.0,1.0,1.0,1.0,0.0,0.0,0,True,0.0,0.0,False,0.0,0.15781999991304474,b2112c98245bb4a0653b2025ecf5b51033de3dc052248cb4193a6a1b60ca74f7
image_cnn_a-development-0075,image_cnn_a,image,development,unknown_ambiguous,subtle,True,False,independent_if_else,invalid,1.0,1.0,1.0,1.0,1.0,1.0,1.0,1.0,0.4,0.6666666666666666,0.5,0.3333333333333333,0.0,37.0,0.0,0,False,0.0,0.0,False,1.0,0.0364490001629747,
image_cnn_a-development-0075,image_cnn_a,image,development,unknown_ambiguous,subtle,True,False,typed_route_without_cut,invalid,1.0,1.0,1.0,1.0,1.0,1.0,1.0,1.0,0.4,0.6666666666666666,0.5,0.3333333333333333,0.0,37.0,0.0,0,False,0.0,0.0,False,1.0,0.06026400023984024,
image_cnn_a-development-0075,image_cnn_a,image,development,unknown_ambiguous,subtle,True,False,full_h10,invalid,1.0,1.0,1.0,1.0,1.0,1.0,1.0,1.0,0.5,0.6666666666666666,0.5714285714285715,0.4,0.0,36.0,0.0,0,True,0.0,0.0,False,1.0,0.2104589998452866,980f51a0f60c899e704e56b5d2b8f51ca10a65161495e21c7f708c17af5f982e
image_cnn_a-development-0076,image_cnn_a,image,development,composite,moderate,False,False,independent_if_else,invalid,1.0,1.0,1.0,1.0,1.0,1.0,1.0,1.0,0.5,1.0,0.6666666666666666,0.5,0.0,1.0,0.0,0,False,0.0,0.0,False,0.0,0.027462000161904143,
image_cnn_a-development-0076,image_cnn_a,image,development,composite,moderate,False,False,typed_route_without_cut,invalid,1.0,1.0,1.0,1.0,1.0,1.0,1.0,1.0,0.5,1.0,0.6666666666666666,0.5,0.0,1.0,0.0,0,False,0.0,0.0,False,0.0,0.06836000011389842,
image_cnn_a-development-0076,image_cnn_a,image,development,composite,moderate,False,False,full_h10,invalid,1.0,1.0,1.0,1.0,1.0,1.0,1.0,1.0,1.0,1.0,1.0,1.0,1.0,0.0,0.0,0,True,0.0,0.0,False,0.0,0.18848799982151832,83974358f4bb9e49d064940ca52e9be70157c3d30950966e3298aae85844d7ae
image_cnn_a-development-0077,image_cnn_a,image,development,unknown_ambiguous,severe,True,False,independent_if_else,invalid,1.0,1.0,1.0,1.0,1.0,1.0,1.0,1.0,0.5,0.5,0.5,0.3333333333333333,0.0,19.0,0.0,0,False,0.0,0.0,False,1.0,0.026140000045415945,
image_cnn_a-development-0077,image_cnn_a,image,development,unknown_ambiguous,severe,True,False,typed_route_without_cut,invalid,1.0,1.0,1.0,1.0,1.0,1.0,1.0,1.0,0.5,0.5,0.5,0.3333333333333333,0.0,19.0,0.0,0,False,0.0,0.0,False,1.0,0.07076399970173952,
image_cnn_a-development-0077,image_cnn_a,image,development,unknown_ambiguous,severe,True,False,full_h10,invalid,1.0,1.0,1.0,1.0,1.0,1.0,1.0,1.0,0.5,0.5,0.5,0.3333333333333333,0.0,19.0,0.0,0,True,0.0,0.0,False,1.0,0.23919399973237887,2cedacf86e23ea9ca88505bcec9ed8fdea377180f63f7f8c63cfe3731724fa50
image_cnn_a-development-0078,image_cnn_a,image,development,unknown_ambiguous,subtle,True,True,independent_if_else,invalid,1.0,1.0,1.0,1.0,1.0,1.0,1.0,1.0,0.0,0.0,0.0,0.0,0.0,19.0,0.0,0,False,0.0,0.0,False,1.0,0.023073000193107873,
image_cnn_a-development-0078,image_cnn_a,image,development,unknown_ambiguous,subtle,True,True,typed_route_without_cut,invalid,1.0,1.0,1.0,1.0,1.0,1.0,1.0,1.0,0.0,0.0,0.0,0.0,0.0,19.0,0.0,0,False,0.0,0.0,False,1.0,0.03456600006757071,
image_cnn_a-development-0078,image_cnn_a,image,development,unknown_ambiguous,subtle,True,True,full_h10,invalid,1.0,1.0,1.0,1.0,1.0,1.0,1.0,1.0,0.0,0.0,0.0,0.0,0.0,19.0,0.0,0,True,0.0,0.0,False,1.0,0.2368390000810905,0e3b7acb737110ec7058d773b2744edd25ba51f08f60cc560681ef561577dedf
image_cnn_a-development-0079,image_cnn_a,image,development,single,moderate,False,False,independent_if_else,invalid,1.0,1.0,1.0,1.0,1.0,1.0,1.0,1.0,0.3333333333333333,1.0,0.5,0.3333333333333333,0.0,2.0,0.0,0,False,0.0,0.0,False,0.0,0.08921900007408112,
image_cnn_a-development-0079,image_cnn_a,image,development,single,moderate,False,False,typed_route_without_cut,invalid,1.0,1.0,1.0,1.0,1.0,1.0,1.0,1.0,0.3333333333333333,1.0,0.5,0.3333333333333333,0.0,2.0,0.0,0,False,0.0,0.0,False,0.0,0.038222000057430705,
image_cnn_a-development-0079,image_cnn_a,image,development,single,moderate,False,False,full_h10,invalid,1.0,1.0,1.0,1.0,1.0,1.0,1.0,1.0,1.0,1.0,1.0,1.0,1.0,0.0,0.0,0,True,0.0,0.0,False,0.0,0.22298300018519512,91ee66e9e5d2eb23c320f468e9199ecbf43bef11d8f70a0de3f753863a756bfc
image_cnn_a-development-0080,image_cnn_a,image,development,composite,severe,False,False,independent_if_else,invalid,1.0,1.0,1.0,1.0,1.0,1.0,1.0,1.0,0.6666666666666666,1.0,0.8,0.6666666666666666,0.0,2.0,0.0,0,False,0.0,0.0,False,0.0,0.03081799968640553,
image_cnn_a-development-0080,image_cnn_a,image,development,composite,severe,False,False,typed_route_without_cut,invalid,1.0,1.0,1.0,1.0,1.0,1.0,1.0,1.0,0.6666666666666666,1.0,0.8,0.6666666666666666,0.0,2.0,0.0,0,False,0.0,0.0,False,0.0,0.07393000032607233,
image_cnn_a-development-0080,image_cnn_a,image,development,composite,severe,False,False,full_h10,invalid,1.0,1.0,1.0,1.0,1.0,1.0,1.0,1.0,1.0,1.0,1.0,1.0,1.0,0.0,0.0,0,True,0.0,0.0,False,0.0,0.20006000022476655,59bd6663c2a6e161cf83dcf5afdab10e927933169ad4b62725a974c977103403
image_cnn_a-development-0081,image_cnn_a,image,development,unknown_ambiguous,subtle,True,False,independent_if_else,invalid,1.0,1.0,1.0,1.0,1.0,1.0,1.0,1.0,1.0,1.0,1.0,1.0,1.0,0.0,0.0,0,False,0.0,0.0,False,1.0,0.02920500037362217,
image_cnn_a-development-0081,image_cnn_a,image,development,unknown_ambiguous,subtle,True,False,typed_route_without_cut,invalid,1.0,1.0,1.0,1.0,1.0,1.0,1.0,1.0,1.0,1.0,1.0,1.0,1.0,0.0,0.0,0,False,0.0,0.0,False,1.0,0.045777000195812434,
image_cnn_a-development-0081,image_cnn_a,image,development,unknown_ambiguous,subtle,True,False,full_h10,invalid,1.0,1.0,1.0,1.0,1.0,1.0,1.0,1.0,1.0,1.0,1.0,1.0,1.0,0.0,0.0,0,True,0.0,0.0,False,1.0,0.18352799997956026,3b1791e6372702605c078894b59bf663d5c82a47182ba34667eecdca890cccb1
image_cnn_a-development-0082,image_cnn_a,image,development,composite,moderate,False,False,independent_if_else,invalid,1.0,1.0,1.0,1.0,1.0,1.0,1.0,1.0,1.0,1.0,1.0,1.0,1.0,0.0,0.0,0,False,0.0,0.0,False,0.0,0.029645999802596634,
image_cnn_a-development-0082,image_cnn_a,image,development,composite,moderate,False,False,typed_route_without_cut,invalid,1.0,1.0,1.0,1.0,1.0,1.0,1.0,1.0,1.0,1.0,1.0,1.0,1.0,0.0,0.0,0,False,0.0,0.0,False,0.0,0.07050399972285959,
image_cnn_a-development-0082,image_cnn_a,image,development,composite,moderate,False,False,full_h10,invalid,1.0,1.0,1.0,1.0,1.0,1.0,1.0,1.0,1.0,1.0,1.0,1.0,1.0,0.0,0.0,0,True,0.0,0.0,False,0.0,0.1856520002547768,efabaaf1fe13c2c251e70ae0dc1aa0116c424837a9dc83abbfa036768313d4e9
image_cnn_a-development-0083,image_cnn_a,image,development,composite,severe,False,False,independent_if_else,invalid,1.0,1.0,1.0,1.0,1.0,1.0,1.0,1.0,0.6666666666666666,1.0,0.8,0.6666666666666666,0.0,2.0,0.0,0,False,0.0,0.0,False,0.0,0.029996999728609808,
image_cnn_a-development-0083,image_cnn_a,image,development,composite,severe,False,False,typed_route_without_cut,invalid,1.0,1.0,1.0,1.0,1.0,1.0,1.0,1.0,0.6666666666666666,1.0,0.8,0.6666666666666666,0.0,2.0,0.0,0,False,0.0,0.0,False,0.0,0.08593300026404904,
image_cnn_a-development-0083,image_cnn_a,image,development,composite,severe,False,False,full_h10,invalid,1.0,1.0,1.0,1.0,1.0,1.0,1.0,1.0,1.0,1.0,1.0,1.0,1.0,0.0,0.0,0,True,0.0,0.0,False,0.0,0.1979049998226401,2326a312d86fe6d0fc0d9df4d6afd8b4244337f2bf783bcb495977912698cf4b
image_cnn_a-development-0084,image_cnn_a,image,development,composite,subtle,False,False,independent_if_else,invalid,1.0,1.0,1.0,1.0,1.0,1.0,1.0,1.0,0.6666666666666666,1.0,0.8,0.6666666666666666,0.0,2.0,0.0,0,False,0.0,0.0,False,0.0,0.02968599983432796,
image_cnn_a-development-0084,image_cnn_a,image,development,composite,subtle,False,False,typed_route_without_cut,invalid,1.0,1.0,1.0,1.0,1.0,1.0,1.0,1.0,0.6666666666666666,1.0,0.8,0.6666666666666666,0.0,2.0,0.0,0,False,0.0,0.0,False,0.0,0.07562399969174294,
image_cnn_a-development-0084,image_cnn_a,image,development,composite,subtle,False,False,full_h10,invalid,1.0,1.0,1.0,1.0,1.0,1.0,1.0,1.0,1.0,1.0,1.0,1.0,1.0,0.0,0.0,0,True,0.0,0.0,False,0.0,0.1845500000854372,9cadc50a41c1ede0164b5c075322b245df9f858bac728dccb4676e97ae7b460a
image_cnn_a-development-0085,image_cnn_a,image,development,composite,moderate,False,False,independent_if_else,invalid,1.0,1.0,1.0,1.0,1.0,1.0,1.0,1.0,1.0,1.0,1.0,1.0,1.0,0.0,0.0,0,False,0.0,0.0,False,0.0,0.02669099967533839,
image_cnn_a-development-0085,image_cnn_a,image,development,composite,moderate,False,False,typed_route_without_cut,invalid,1.0,1.0,1.0,1.0,1.0,1.0,1.0,1.0,1.0,1.0,1.0,1.0,1.0,0.0,0.0,0,False,0.0,0.0,False,0.0,0.05092699984743376,
image_cnn_a-development-0085,image_cnn_a,image,development,composite,moderate,False,False,full_h10,invalid,1.0,1.0,1.0,1.0,1.0,1.0,1.0,1.0,1.0,1.0,1.0,1.0,1.0,0.0,0.0,0,True,0.0,0.0,False,0.0,0.1692910000201664,48fc5aa63b5f7daa32a0e327be02baeaa6558d885ca8d3927640ab0bc341b607
image_cnn_a-development-0086,image_cnn_a,image,development,unknown_ambiguous,severe,True,True,independent_if_else,invalid,1.0,1.0,1.0,1.0,1.0,1.0,1.0,1.0,0.25,0.5,0.3333333333333333,0.2,0.0,37.0,0.0,0,False,0.0,0.0,False,1.0,0.03134899998258334,
image_cnn_a-development-0086,image_cnn_a,image,development,unknown_ambiguous,severe,True,True,typed_route_without_cut,invalid,1.0,1.0,1.0,1.0,1.0,1.0,1.0,1.0,0.25,0.5,0.3333333333333333,0.2,0.0,37.0,0.0,0,False,0.0,0.0,False,1.0,0.035476999983075075,
image_cnn_a-development-0086,image_cnn_a,image,development,unknown_ambiguous,severe,True,True,full_h10,invalid,1.0,1.0,1.0,1.0,1.0,1.0,1.0,1.0,0.3333333333333333,0.5,0.4,0.25,0.0,36.0,0.0,0,True,0.0,0.0,False,1.0,0.19069199970545014,ac26bb8ee964aa84755b59430b1e3098b28787a47d04320a672bcadb02f5c08f
image_cnn_a-development-0087,image_cnn_a,image,development,single,subtle,False,False,independent_if_else,invalid,1.0,1.0,1.0,1.0,1.0,1.0,1.0,1.0,1.0,1.0,1.0,1.0,1.0,0.0,0.0,0,False,0.0,0.0,False,0.0,0.024516000394214643,
image_cnn_a-development-0087,image_cnn_a,image,development,single,subtle,False,False,typed_route_without_cut,invalid,1.0,1.0,1.0,1.0,1.0,1.0,1.0,1.0,1.0,1.0,1.0,1.0,1.0,0.0,0.0,0,False,0.0,0.0,False,0.0,0.05281099993226235,
image_cnn_a-development-0087,image_cnn_a,image,development,single,subtle,False,False,full_h10,invalid,1.0,1.0,1.0,1.0,1.0,1.0,1.0,1.0,1.0,1.0,1.0,1.0,1.0,0.0,0.0,0,True,0.0,0.0,False,0.0,0.1647629997023614,2e00a16a7f0947f5cc5025dfe044948429612ffe470365738e9fe8de29dcf5bc
image_cnn_a-development-0088,image_cnn_a,image,development,clean,none,False,False,independent_if_else,valid,1.0,1.0,1.0,1.0,1.0,1.0,1.0,1.0,1.0,1.0,1.0,1.0,1.0,0.0,0.0,0,False,0.0,0.0,False,0.0,0.01777399984348449,
image_cnn_a-development-0088,image_cnn_a,image,development,clean,none,False,False,typed_route_without_cut,valid,1.0,1.0,1.0,1.0,1.0,1.0,1.0,1.0,1.0,1.0,1.0,1.0,1.0,0.0,0.0,0,False,0.0,0.0,False,0.0,0.019467000129225198,
image_cnn_a-development-0088,image_cnn_a,image,development,clean,none,False,False,full_h10,valid,1.0,1.0,1.0,1.0,1.0,1.0,1.0,1.0,1.0,1.0,1.0,1.0,1.0,0.0,0.0,0,True,0.0,0.0,False,0.0,0.021691000256396364,ca761d215bf18ac190001f124d1ea180b26e82ac1fc0ff6ea423a43232f24ad6
image_cnn_a-development-0089,image_cnn_a,image,development,clean,none,False,False,independent_if_else,valid,1.0,1.0,1.0,1.0,1.0,1.0,1.0,1.0,1.0,1.0,1.0,1.0,1.0,0.0,0.0,0,False,0.0,0.0,False,0.0,0.01839399965319899,
image_cnn_a-development-0089,image_cnn_a,image,development,clean,none,False,False,typed_route_without_cut,valid,1.0,1.0,1.0,1.0,1.0,1.0,1.0,1.0,1.0,1.0,1.0,1.0,1.0,0.0,0.0,0,False,0.0,0.0,False,0.0,0.018866000118578086,
image_cnn_a-development-0089,image_cnn_a,image,development,clean,none,False,False,full_h10,valid,1.0,1.0,1.0,1.0,1.0,1.0,1.0,1.0,1.0,1.0,1.0,1.0,1.0,0.0,0.0,0,True,0.0,0.0,False,0.0,0.02012799996009562,594729290c63305eb42f05eba1d5b97947dabbe227c6baa53c9c202f9224351a
image_cnn_a-development-0090,image_cnn_a,image,development,single,subtle,False,False,independent_if_else,invalid,1.0,1.0,1.0,1.0,1.0,1.0,1.0,1.0,1.0,1.0,1.0,1.0,1.0,0.0,0.0,0,False,0.0,0.0,False,0.0,0.020468999991862802,
image_cnn_a-development-0090,image_cnn_a,image,development,single,subtle,False,False,typed_route_without_cut,invalid,1.0,1.0,1.0,1.0,1.0,1.0,1.0,1.0,1.0,1.0,1.0,1.0,1.0,0.0,0.0,0,False,0.0,0.0,False,0.0,0.03597800014176755,
image_cnn_a-development-0090,image_cnn_a,image,development,single,subtle,False,False,full_h10,invalid,1.0,1.0,1.0,1.0,1.0,1.0,1.0,1.0,1.0,1.0,1.0,1.0,1.0,0.0,0.0,0,True,0.0,0.0,False,0.0,0.16261900009340025,90d538c9572bd961efc3d67f79a81874539f84f1f0ea593d4e6b19f7ceffa4a1
image_cnn_a-development-0091,image_cnn_a,image,development,composite,moderate,False,False,independent_if_else,invalid,1.0,1.0,1.0,1.0,1.0,1.0,1.0,1.0,0.5,1.0,0.6666666666666666,0.5,0.0,1.0,0.0,0,False,0.0,0.0,False,0.0,0.0374510000256123,
image_cnn_a-development-0091,image_cnn_a,image,development,composite,moderate,False,False,typed_route_without_cut,invalid,1.0,1.0,1.0,1.0,1.0,1.0,1.0,1.0,0.5,1.0,0.6666666666666666,0.5,0.0,1.0,0.0,0,False,0.0,0.0,False,0.0,0.06656599998677848,
image_cnn_a-development-0091,image_cnn_a,image,development,composite,moderate,False,False,full_h10,invalid,1.0,1.0,1.0,1.0,1.0,1.0,1.0,1.0,1.0,1.0,1.0,1.0,1.0,0.0,0.0,0,True,0.0,0.0,False,0.0,0.17066399959730916,84c814ae6a61d0647174cee2570a834adf6fa6eaedc02f49667a2896ddea0f90
image_cnn_a-development-0092,image_cnn_a,image,development,clean,none,False,False,independent_if_else,valid,1.0,1.0,1.0,1.0,1.0,1.0,1.0,1.0,1.0,1.0,1.0,1.0,1.0,0.0,0.0,0,False,0.0,0.0,False,0.0,0.01890599969556206,
image_cnn_a-development-0092,image_cnn_a,image,development,clean,none,False,False,typed_route_without_cut,valid,1.0,1.0,1.0,1.0,1.0,1.0,1.0,1.0,1.0,1.0,1.0,1.0,1.0,0.0,0.0,0,False,0.0,0.0,False,0.0,0.019086000065726694,
image_cnn_a-development-0092,image_cnn_a,image,development,clean,none,False,False,full_h10,valid,1.0,1.0,1.0,1.0,1.0,1.0,1.0,1.0,1.0,1.0,1.0,1.0,1.0,0.0,0.0,0,True,0.0,0.0,False,0.0,0.02219199996034149,04ef84d095f6fb2da526d687842ce1cf2a265eb7c6b3e9bf16f673bba55138a8
image_cnn_a-development-0093,image_cnn_a,image,development,unknown_ambiguous,subtle,True,False,independent_if_else,invalid,1.0,1.0,1.0,1.0,1.0,1.0,1.0,1.0,1.0,1.0,1.0,1.0,1.0,0.0,0.0,0,False,0.0,0.0,False,1.0,0.02546799987612758,
image_cnn_a-development-0093,image_cnn_a,image,development,unknown_ambiguous,subtle,True,False,typed_route_without_cut,invalid,1.0,1.0,1.0,1.0,1.0,1.0,1.0,1.0,1.0,1.0,1.0,1.0,1.0,0.0,0.0,0,False,0.0,0.0,False,1.0,0.048922999667411204,
image_cnn_a-development-0093,image_cnn_a,image,development,unknown_ambiguous,subtle,True,False,full_h10,invalid,1.0,1.0,1.0,1.0,1.0,1.0,1.0,1.0,1.0,1.0,1.0,1.0,1.0,0.0,0.0,0,True,0.0,0.0,False,1.0,0.18321799961995566,09152338357f904a9affeb6e59850c0dccac1b0314ecbaed52d1d8448137d40d
image_cnn_a-development-0094,image_cnn_a,image,development,composite,moderate,False,False,independent_if_else,invalid,1.0,1.0,1.0,1.0,1.0,1.0,1.0,1.0,1.0,1.0,1.0,1.0,1.0,0.0,0.0,0,False,0.0,0.0,False,0.0,0.037180999697739026,
image_cnn_a-development-0094,image_cnn_a,image,development,composite,moderate,False,False,typed_route_without_cut,invalid,1.0,1.0,1.0,1.0,1.0,1.0,1.0,1.0,1.0,1.0,1.0,1.0,1.0,0.0,0.0,0,False,0.0,0.0,False,0.0,0.07821899998816662,
image_cnn_a-development-0094,image_cnn_a,image,development,composite,moderate,False,False,full_h10,invalid,1.0,1.0,1.0,1.0,1.0,1.0,1.0,1.0,1.0,1.0,1.0,1.0,1.0,0.0,0.0,0,True,0.0,0.0,False,0.0,0.25098699961745297,fdf930d9f4fcf54437e859a8cd39e7027e93dd70f65ceacb21264a989e137ba3
image_cnn_a-development-0095,image_cnn_a,image,development,composite,severe,False,False,independent_if_else,invalid,1.0,1.0,1.0,1.0,1.0,1.0,1.0,1.0,0.6666666666666666,1.0,0.8,0.6666666666666666,0.0,2.0,0.0,0,False,0.0,0.0,False,0.0,0.04138900021644076,
image_cnn_a-development-0095,image_cnn_a,image,development,composite,severe,False,False,typed_route_without_cut,invalid,1.0,1.0,1.0,1.0,1.0,1.0,1.0,1.0,0.6666666666666666,1.0,0.8,0.6666666666666666,0.0,2.0,0.0,0,False,0.0,0.0,False,0.0,0.06181700018714764,
image_cnn_a-development-0095,image_cnn_a,image,development,composite,severe,False,False,full_h10,invalid,1.0,1.0,1.0,1.0,1.0,1.0,1.0,1.0,1.0,1.0,1.0,1.0,1.0,0.0,0.0,0,True,0.0,0.0,False,0.0,0.25552499982950394,0d1811bda85a0558a595a881f9002adfed2bc28ea07fd97430ede0bb07d96414
image_cnn_a-development-0096,image_cnn_a,image,development,composite,subtle,False,False,independent_if_else,invalid,1.0,1.0,1.0,1.0,1.0,1.0,1.0,1.0,0.5,1.0,0.6666666666666666,0.5,0.0,1.0,0.0,0,False,0.0,0.0,False,0.0,0.02983700005643186,
image_cnn_a-development-0096,image_cnn_a,image,development,composite,subtle,False,False,typed_route_without_cut,invalid,1.0,1.0,1.0,1.0,1.0,1.0,1.0,1.0,0.5,1.0,0.6666666666666666,0.5,0.0,1.0,0.0,0,False,0.0,0.0,False,0.0,0.07716599975537974,
image_cnn_a-development-0096,image_cnn_a,image,development,composite,subtle,False,False,full_h10,invalid,1.0,1.0,1.0,1.0,1.0,1.0,1.0,1.0,1.0,1.0,1.0,1.0,1.0,0.0,0.0,0,True,0.0,0.0,False,0.0,0.655253000331868,08d8a505e7921265a5fbd8d22d6c65c10b233ced9e899817687a27312cc622df
image_cnn_a-development-0097,image_cnn_a,image,development,composite,moderate,False,False,independent_if_else,invalid,1.0,1.0,1.0,1.0,1.0,1.0,1.0,1.0,0.3333333333333333,1.0,0.5,0.3333333333333333,0.0,6.0,0.0,0,False,0.0,0.0,False,0.0,0.03445599986662273,
image_cnn_a-development-0097,image_cnn_a,image,development,composite,moderate,False,False,typed_route_without_cut,invalid,1.0,1.0,1.0,1.0,1.0,1.0,1.0,1.0,0.3333333333333333,1.0,0.5,0.3333333333333333,0.0,6.0,0.0,0,False,0.0,0.0,False,0.0,0.06493299997600843,
image_cnn_a-development-0097,image_cnn_a,image,development,composite,moderate,False,False,full_h10,invalid,1.0,1.0,1.0,1.0,1.0,1.0,1.0,1.0,1.0,1.0,1.0,1.0,1.0,0.0,0.0,0,True,0.0,0.0,False,0.0,0.21306400003595627,b00e5372525c6e1b627d5d34bcaee1dcabde6c29257aff669fc0fdbad3197800
image_cnn_a-development-0098,image_cnn_a,image,development,single,severe,False,False,independent_if_else,invalid,1.0,1.0,1.0,1.0,1.0,1.0,1.0,1.0,1.0,1.0,1.0,1.0,1.0,0.0,0.0,0,False,0.0,0.0,False,0.0,0.023004000013315817,
image_cnn_a-development-0098,image_cnn_a,image,development,single,severe,False,False,typed_route_without_cut,invalid,1.0,1.0,1.0,1.0,1.0,1.0,1.0,1.0,1.0,1.0,1.0,1.0,1.0,0.0,0.0,0,False,0.0,0.0,False,0.0,0.047419999646081124,
image_cnn_a-development-0098,image_cnn_a,image,development,single,severe,False,False,full_h10,invalid,1.0,1.0,1.0,1.0,1.0,1.0,1.0,1.0,1.0,1.0,1.0,1.0,1.0,0.0,0.0,0,True,0.0,0.0,False,0.0,0.15497399999730987,0cccfdafd5076544f402c21a268b5500b3bc226a34c00e906e4edb43faf630b8
image_cnn_a-development-0099,image_cnn_a,image,development,single,subtle,False,False,independent_if_else,invalid,1.0,1.0,1.0,1.0,1.0,1.0,1.0,1.0,1.0,1.0,1.0,1.0,1.0,0.0,0.0,0,False,0.0,0.0,False,0.0,0.032532000204810174,
image_cnn_a-development-0099,image_cnn_a,image,development,single,subtle,False,False,typed_route_without_cut,invalid,1.0,1.0,1.0,1.0,1.0,1.0,1.0,1.0,1.0,1.0,1.0,1.0,1.0,0.0,0.0,0,False,0.0,0.0,False,0.0,0.026359999992564553,
image_cnn_a-development-0099,image_cnn_a,image,development,single,subtle,False,False,full_h10,invalid,1.0,1.0,1.0,1.0,1.0,1.0,1.0,1.0,1.0,1.0,1.0,1.0,1.0,0.0,0.0,0,True,0.0,0.0,False,0.0,0.16549400015719584,8713359f8e5ae15af78e0ca0bcc05d8f3acdb0a9cfe8d73dd88a02d8a59775f9
image_cnn_a-development-0100,image_cnn_a,image,development,composite,moderate,False,False,independent_if_else,invalid,1.0,1.0,1.0,1.0,1.0,1.0,1.0,1.0,1.0,1.0,1.0,1.0,1.0,0.0,0.0,0,False,0.0,0.0,False,0.0,0.02748199995039613,
image_cnn_a-development-0100,image_cnn_a,image,development,composite,moderate,False,False,typed_route_without_cut,invalid,1.0,1.0,1.0,1.0,1.0,1.0,1.0,1.0,1.0,1.0,1.0,1.0,1.0,0.0,0.0,0,False,0.0,0.0,False,0.0,0.05682800019712886,
image_cnn_a-development-0100,image_cnn_a,image,development,composite,moderate,False,False,full_h10,invalid,1.0,1.0,1.0,1.0,1.0,1.0,1.0,1.0,1.0,1.0,1.0,1.0,1.0,0.0,0.0,0,True,0.0,0.0,False,0.0,0.20141200002399273,80da1d0bc0ff26b7c2a34ce123fe6e0b3b91b4207babfb04512cc46a5e3b8d29
image_cnn_a-development-0101,image_cnn_a,image,development,unknown_ambiguous,severe,True,False,independent_if_else,invalid,1.0,1.0,1.0,1.0,1.0,1.0,1.0,1.0,0.0,0.0,0.0,0.0,0.0,19.0,0.0,0,False,0.0,0.0,False,1.0,0.02292299996042857,
image_cnn_a-development-0101,image_cnn_a,image,development,unknown_ambiguous,severe,True,False,typed_route_without_cut,invalid,1.0,1.0,1.0,1.0,1.0,1.0,1.0,1.0,0.0,0.0,0.0,0.0,0.0,19.0,0.0,0,False,0.0,0.0,False,1.0,0.02292399994985317,
image_cnn_a-development-0101,image_cnn_a,image,development,unknown_ambiguous,severe,True,False,full_h10,invalid,1.0,1.0,1.0,1.0,1.0,1.0,1.0,1.0,0.0,0.0,0.0,0.0,0.0,19.0,0.0,0,True,0.0,0.0,False,1.0,0.15985299978638068,4054d92dfa9fc0fbcd9383893618859864e530b3ad2794c5863735f28d2a0949
image_cnn_a-development-0102,image_cnn_a,image,development,composite,subtle,False,False,independent_if_else,invalid,1.0,1.0,1.0,1.0,1.0,1.0,1.0,1.0,0.6666666666666666,1.0,0.8,0.6666666666666666,0.0,2.0,0.0,0,False,0.0,0.0,False,0.0,0.04302100023778621,
image_cnn_a-development-0102,image_cnn_a,image,development,composite,subtle,False,False,typed_route_without_cut,invalid,1.0,1.0,1.0,1.0,1.0,1.0,1.0,1.0,0.6666666666666666,1.0,0.8,0.6666666666666666,0.0,2.0,0.0,0,False,0.0,0.0,False,0.0,0.05918200031373999,
image_cnn_a-development-0102,image_cnn_a,image,development,composite,subtle,False,False,full_h10,invalid,1.0,1.0,1.0,1.0,1.0,1.0,1.0,1.0,1.0,1.0,1.0,1.0,1.0,0.0,0.0,0,True,0.0,0.0,False,0.0,0.2034760000242386,f6b6fce44f90de12e03af1dce1f66fcd4634b9abbfd07108c0ff07f51309a3fd
image_cnn_a-development-0103,image_cnn_a,image,development,composite,moderate,False,False,independent_if_else,invalid,1.0,1.0,1.0,1.0,1.0,1.0,1.0,1.0,0.5,1.0,0.6666666666666666,0.5,0.0,1.0,0.0,0,False,0.0,0.0,False,0.0,0.026649999654182466,
image_cnn_a-development-0103,image_cnn_a,image,development,composite,moderate,False,False,typed_route_without_cut,invalid,1.0,1.0,1.0,1.0,1.0,1.0,1.0,1.0,0.5,1.0,0.6666666666666666,0.5,0.0,1.0,0.0,0,False,0.0,0.0,False,0.0,0.07159500000852859,
image_cnn_a-development-0103,image_cnn_a,image,development,composite,moderate,False,False,full_h10,invalid,1.0,1.0,1.0,1.0,1.0,1.0,1.0,1.0,1.0,1.0,1.0,1.0,1.0,0.0,0.0,0,True,0.0,0.0,False,0.0,0.16527299976587528,70d8cef4a5187470e9298741c9771bd2b8f46e64a6c14ee71a149172a41c72e9
image_cnn_a-development-0104,image_cnn_a,image,development,composite,severe,False,False,independent_if_else,invalid,1.0,1.0,1.0,1.0,1.0,1.0,1.0,1.0,1.0,1.0,1.0,1.0,1.0,0.0,0.0,0,False,0.0,0.0,False,0.0,0.026028999855043367,
image_cnn_a-development-0104,image_cnn_a,image,development,composite,severe,False,False,typed_route_without_cut,invalid,1.0,1.0,1.0,1.0,1.0,1.0,1.0,1.0,1.0,1.0,1.0,1.0,1.0,0.0,0.0,0,False,0.0,0.0,False,0.0,0.05085600014353986,
image_cnn_a-development-0104,image_cnn_a,image,development,composite,severe,False,False,full_h10,invalid,1.0,1.0,1.0,1.0,1.0,1.0,1.0,1.0,1.0,1.0,1.0,1.0,1.0,0.0,0.0,0,True,0.0,0.0,False,0.0,0.1858720002019254,07d56e7f467cf08057699311fd3c6da1321c2368a67468c4e660f7d695554640
image_cnn_a-development-0105,image_cnn_a,image,development,clean,none,False,False,independent_if_else,valid,1.0,1.0,1.0,1.0,1.0,1.0,1.0,1.0,1.0,1.0,1.0,1.0,1.0,0.0,0.0,0,False,0.0,0.0,False,0.0,0.01876600026662345,
image_cnn_a-development-0105,image_cnn_a,image,development,clean,none,False,False,typed_route_without_cut,valid,1.0,1.0,1.0,1.0,1.0,1.0,1.0,1.0,1.0,1.0,1.0,1.0,1.0,0.0,0.0,0,False,0.0,0.0,False,0.0,0.019296999653306557,
image_cnn_a-development-0105,image_cnn_a,image,development,clean,none,False,False,full_h10,valid,1.0,1.0,1.0,1.0,1.0,1.0,1.0,1.0,1.0,1.0,1.0,1.0,1.0,0.0,0.0,0,True,0.0,0.0,False,0.0,0.022462999822892016,04c2bac4449e4eac8f373e95732897553f26583fd4661684b5b5711ce3d5c4e8
image_cnn_a-development-0106,image_cnn_a,image,development,composite,moderate,False,False,independent_if_else,invalid,1.0,1.0,1.0,1.0,1.0,1.0,1.0,1.0,1.0,1.0,1.0,1.0,1.0,0.0,0.0,0,False,0.0,0.0,False,0.0,0.035928000215790235,
image_cnn_a-development-0106,image_cnn_a,image,development,composite,moderate,False,False,typed_route_without_cut,invalid,1.0,1.0,1.0,1.0,1.0,1.0,1.0,1.0,1.0,1.0,1.0,1.0,1.0,0.0,0.0,0,False,0.0,0.0,False,0.0,0.0949210002545442,
image_cnn_a-development-0106,image_cnn_a,image,development,composite,moderate,False,False,full_h10,invalid,1.0,1.0,1.0,1.0,1.0,1.0,1.0,1.0,1.0,1.0,1.0,1.0,1.0,0.0,0.0,0,True,0.0,0.0,False,0.0,0.2756829999270849,eebc2b54981b17469394abbc30c66580df2b28ec752ed63cb8af7269b4b027d7
image_cnn_a-development-0107,image_cnn_a,image,development,clean,none,False,False,independent_if_else,valid,1.0,1.0,1.0,1.0,1.0,1.0,1.0,1.0,1.0,1.0,1.0,1.0,1.0,0.0,0.0,0,False,0.0,0.0,False,0.0,0.02731200038397219,
image_cnn_a-development-0107,image_cnn_a,image,development,clean,none,False,False,typed_route_without_cut,valid,1.0,1.0,1.0,1.0,1.0,1.0,1.0,1.0,1.0,1.0,1.0,1.0,1.0,0.0,0.0,0,False,0.0,0.0,False,0.0,0.019456000245554605,
image_cnn_a-development-0107,image_cnn_a,image,development,clean,none,False,False,full_h10,valid,1.0,1.0,1.0,1.0,1.0,1.0,1.0,1.0,1.0,1.0,1.0,1.0,1.0,0.0,0.0,0,True,0.0,0.0,False,0.0,0.02583900004538009,dcb1f8b92e8cc5c5b9e99648f29a1f79ee6f5c01f1db5d75da0e85bc4897d844
image_cnn_a-development-0108,image_cnn_a,image,development,clean,none,False,False,independent_if_else,valid,1.0,1.0,1.0,1.0,1.0,1.0,1.0,1.0,1.0,1.0,1.0,1.0,1.0,0.0,0.0,0,False,0.0,0.0,False,0.0,0.01766400009728386,
image_cnn_a-development-0108,image_cnn_a,image,development,clean,none,False,False,typed_route_without_cut,valid,1.0,1.0,1.0,1.0,1.0,1.0,1.0,1.0,1.0,1.0,1.0,1.0,1.0,0.0,0.0,0,False,0.0,0.0,False,0.0,0.019006000002264045,
image_cnn_a-development-0108,image_cnn_a,image,development,clean,none,False,False,full_h10,valid,1.0,1.0,1.0,1.0,1.0,1.0,1.0,1.0,1.0,1.0,1.0,1.0,1.0,0.0,0.0,0,True,0.0,0.0,False,0.0,0.031800000215298496,788ac3df32e26b42264fa3157bd7881a8e5e2606f2545c1bec293ce965c6109c
image_cnn_a-development-0109,image_cnn_a,image,development,clean,none,False,False,independent_if_else,valid,1.0,1.0,1.0,1.0,1.0,1.0,1.0,1.0,1.0,1.0,1.0,1.0,1.0,0.0,0.0,0,False,0.0,0.0,False,0.0,0.023023999801807804,
image_cnn_a-development-0109,image_cnn_a,image,development,clean,none,False,False,typed_route_without_cut,valid,1.0,1.0,1.0,1.0,1.0,1.0,1.0,1.0,1.0,1.0,1.0,1.0,1.0,0.0,0.0,0,False,0.0,0.0,False,0.0,0.018375000308878953,
image_cnn_a-development-0109,image_cnn_a,image,development,clean,none,False,False,full_h10,valid,1.0,1.0,1.0,1.0,1.0,1.0,1.0,1.0,1.0,1.0,1.0,1.0,1.0,0.0,0.0,0,True,0.0,0.0,False,0.0,0.018815999737853417,9f8449890890d68281d996b161f04846c31b82c19f3d0215a5d53e2b31b0a4d9
image_cnn_a-development-0110,image_cnn_a,image,development,single,severe,False,False,independent_if_else,invalid,1.0,1.0,1.0,1.0,1.0,1.0,1.0,1.0,0.3333333333333333,1.0,0.5,0.3333333333333333,0.0,2.0,0.0,0,False,0.0,0.0,False,0.0,0.05136700019647833,
image_cnn_a-development-0110,image_cnn_a,image,development,single,severe,False,False,typed_route_without_cut,invalid,1.0,1.0,1.0,1.0,1.0,1.0,1.0,1.0,0.3333333333333333,1.0,0.5,0.3333333333333333,0.0,2.0,0.0,0,False,0.0,0.0,False,0.0,0.030186999993020436,
image_cnn_a-development-0110,image_cnn_a,image,development,single,severe,False,False,full_h10,invalid,1.0,1.0,1.0,1.0,1.0,1.0,1.0,1.0,1.0,1.0,1.0,1.0,1.0,0.0,0.0,0,True,0.0,0.0,False,0.0,0.20910700004606042,dc1edcfaaf79f1ae5d1f41f27e1ac1697f23fc3146d0f055087756ba08e195ce
image_cnn_a-development-0111,image_cnn_a,image,development,composite,subtle,False,False,independent_if_else,invalid,1.0,1.0,1.0,1.0,1.0,1.0,1.0,1.0,0.6666666666666666,1.0,0.8,0.6666666666666666,0.0,2.0,0.0,0,False,0.0,0.0,False,0.0,0.04517599973041797,
image_cnn_a-development-0111,image_cnn_a,image,development,composite,subtle,False,False,typed_route_without_cut,invalid,1.0,1.0,1.0,1.0,1.0,1.0,1.0,1.0,0.6666666666666666,1.0,0.8,0.6666666666666666,0.0,2.0,0.0,0,False,0.0,0.0,False,0.0,0.08385999990423443,
image_cnn_a-development-0111,image_cnn_a,image,development,composite,subtle,False,False,full_h10,invalid,1.0,1.0,1.0,1.0,1.0,1.0,1.0,1.0,1.0,1.0,1.0,1.0,1.0,0.0,0.0,0,True,0.0,0.0,False,0.0,0.1880469999377965,bf57506c2604e09344da2e721db52e635cf59dea7186c9ed69061f737ab22c0a
image_cnn_a-development-0112,image_cnn_a,image,development,unknown_ambiguous,moderate,True,True,independent_if_else,insufficient_evidence,1.0,1.0,1.0,1.0,0.5,1.0,0.6666666666666666,0.5,1.0,1.0,1.0,1.0,1.0,0.0,4.0,2,False,0.0,0.0,True,0.0,0.04183999999440857,
image_cnn_a-development-0112,image_cnn_a,image,development,unknown_ambiguous,moderate,True,True,typed_route_without_cut,insufficient_evidence,1.0,1.0,1.0,1.0,0.5,1.0,0.6666666666666666,0.5,1.0,1.0,1.0,1.0,1.0,0.0,4.0,2,False,0.0,0.0,True,0.0,0.06564400018760352,
image_cnn_a-development-0112,image_cnn_a,image,development,unknown_ambiguous,moderate,True,True,full_h10,insufficient_evidence,1.0,1.0,1.0,1.0,0.5,1.0,0.6666666666666666,0.5,1.0,1.0,1.0,1.0,1.0,0.0,4.0,2,True,0.0,0.0,True,0.0,0.19737399998120964,5ce09ad71c8ddb59d931bf63acc87cc681cf2138fc5d0e580169fe6f195e3d46
image_cnn_a-development-0113,image_cnn_a,image,development,composite,severe,False,False,independent_if_else,invalid,1.0,1.0,1.0,1.0,1.0,1.0,1.0,1.0,0.6666666666666666,1.0,0.8,0.6666666666666666,0.0,1.0,0.0,0,False,0.0,0.0,False,0.0,0.03190100005667773,
image_cnn_a-development-0113,image_cnn_a,image,development,composite,severe,False,False,typed_route_without_cut,invalid,1.0,1.0,1.0,1.0,1.0,1.0,1.0,1.0,0.6666666666666666,1.0,0.8,0.6666666666666666,0.0,1.0,0.0,0,False,0.0,0.0,False,0.0,0.0721970000086003,
image_cnn_a-development-0113,image_cnn_a,image,development,composite,severe,False,False,full_h10,invalid,1.0,1.0,1.0,1.0,1.0,1.0,1.0,1.0,1.0,1.0,1.0,1.0,1.0,0.0,0.0,0,True,0.0,0.0,False,0.0,0.21296400018400163,8fb938d92037a08dbd8507bf908b58b3eb1e42b691e258c9ae2ebedd7603b4d5
image_cnn_a-development-0114,image_cnn_a,image,development,composite,subtle,False,False,independent_if_else,invalid,1.0,1.0,1.0,1.0,1.0,1.0,1.0,1.0,0.6666666666666666,1.0,0.8,0.6666666666666666,0.0,2.0,0.0,0,False,0.0,0.0,False,0.0,0.029335999897739384,
image_cnn_a-development-0114,image_cnn_a,image,development,composite,subtle,False,False,typed_route_without_cut,invalid,1.0,1.0,1.0,1.0,1.0,1.0,1.0,1.0,0.6666666666666666,1.0,0.8,0.6666666666666666,0.0,2.0,0.0,0,False,0.0,0.0,False,0.0,0.06770899972252664,
image_cnn_a-development-0114,image_cnn_a,image,development,composite,subtle,False,False,full_h10,invalid,1.0,1.0,1.0,1.0,1.0,1.0,1.0,1.0,1.0,1.0,1.0,1.0,1.0,0.0,0.0,0,True,0.0,0.0,False,0.0,0.22873399984746356,220a2b4d0d0897935ebad42a8e2154d407c81c3cb087c6a52d7258e5a4631cfd
image_cnn_a-development-0115,image_cnn_a,image,development,composite,moderate,False,False,independent_if_else,invalid,1.0,1.0,1.0,1.0,1.0,1.0,1.0,1.0,0.6666666666666666,1.0,0.8,0.6666666666666666,0.0,4.0,0.0,0,False,0.0,0.0,False,0.0,0.030868000067130197,
image_cnn_a-development-0115,image_cnn_a,image,development,composite,moderate,False,False,typed_route_without_cut,invalid,1.0,1.0,1.0,1.0,1.0,1.0,1.0,1.0,0.6666666666666666,1.0,0.8,0.6666666666666666,0.0,4.0,0.0,0,False,0.0,0.0,False,0.0,0.05836999980601831,
image_cnn_a-development-0115,image_cnn_a,image,development,composite,moderate,False,False,full_h10,invalid,1.0,1.0,1.0,1.0,1.0,1.0,1.0,1.0,1.0,1.0,1.0,1.0,1.0,0.0,0.0,0,True,0.0,0.0,False,0.0,0.18560199987405213,e84a111633606e679f1cbfd8bb6219f507018efcb7892ef3f4d5595cd58e4300
image_cnn_a-development-0116,image_cnn_a,image,development,clean,none,False,False,independent_if_else,valid,1.0,1.0,1.0,1.0,1.0,1.0,1.0,1.0,1.0,1.0,1.0,1.0,1.0,0.0,0.0,0,False,0.0,0.0,False,0.0,0.018505999832996167,
image_cnn_a-development-0116,image_cnn_a,image,development,clean,none,False,False,typed_route_without_cut,valid,1.0,1.0,1.0,1.0,1.0,1.0,1.0,1.0,1.0,1.0,1.0,1.0,1.0,0.0,0.0,0,False,0.0,0.0,False,0.0,0.02875499967558426,
image_cnn_a-development-0116,image_cnn_a,image,development,clean,none,False,False,full_h10,valid,1.0,1.0,1.0,1.0,1.0,1.0,1.0,1.0,1.0,1.0,1.0,1.0,1.0,0.0,0.0,0,True,0.0,0.0,False,0.0,0.031879999824013794,b3bd0d3f3ddf657d3c41badf7a312f291a6c629d41495db61455bfe58039c127
image_cnn_a-development-0117,image_cnn_a,image,development,composite,subtle,False,False,independent_if_else,invalid,1.0,1.0,1.0,1.0,1.0,1.0,1.0,1.0,1.0,1.0,1.0,1.0,1.0,0.0,0.0,0,False,0.0,0.0,False,0.0,0.024416000087512657,
image_cnn_a-development-0117,image_cnn_a,image,development,composite,subtle,False,False,typed_route_without_cut,invalid,1.0,1.0,1.0,1.0,1.0,1.0,1.0,1.0,1.0,1.0,1.0,1.0,1.0,0.0,0.0,0,False,0.0,0.0,False,0.0,0.07022300042081042,
image_cnn_a-development-0117,image_cnn_a,image,development,composite,subtle,False,False,full_h10,invalid,1.0,1.0,1.0,1.0,1.0,1.0,1.0,1.0,1.0,1.0,1.0,1.0,1.0,0.0,0.0,0,True,0.0,0.0,False,0.0,0.17977100014832104,cd42a338c780ed777022eece956f26b0ac7334f5dc773c1a5f886d86e1259acc
image_cnn_a-development-0118,image_cnn_a,image,development,composite,moderate,False,False,independent_if_else,invalid,1.0,1.0,1.0,1.0,1.0,1.0,1.0,1.0,1.0,1.0,1.0,1.0,1.0,0.0,0.0,0,False,0.0,0.0,False,0.0,0.025347999780933606,
image_cnn_a-development-0118,image_cnn_a,image,development,composite,moderate,False,False,typed_route_without_cut,invalid,1.0,1.0,1.0,1.0,1.0,1.0,1.0,1.0,1.0,1.0,1.0,1.0,1.0,0.0,0.0,0,False,0.0,0.0,False,0.0,0.05158800013305154,
image_cnn_a-development-0118,image_cnn_a,image,development,composite,moderate,False,False,full_h10,invalid,1.0,1.0,1.0,1.0,1.0,1.0,1.0,1.0,1.0,1.0,1.0,1.0,1.0,0.0,0.0,0,True,0.0,0.0,False,0.0,0.1896699995995732,fd1ddbf63941b3299921850cc6dcbdf4912047f636141b62532611fe3d37869b
image_cnn_a-development-0119,image_cnn_a,image,development,clean,none,False,False,independent_if_else,valid,1.0,1.0,1.0,1.0,1.0,1.0,1.0,1.0,1.0,1.0,1.0,1.0,1.0,0.0,0.0,0,False,0.0,0.0,False,0.0,0.018124999769497663,
image_cnn_a-development-0119,image_cnn_a,image,development,clean,none,False,False,typed_route_without_cut,valid,1.0,1.0,1.0,1.0,1.0,1.0,1.0,1.0,1.0,1.0,1.0,1.0,1.0,0.0,0.0,0,False,0.0,0.0,False,0.0,0.01918599991768133,
image_cnn_a-development-0119,image_cnn_a,image,development,clean,none,False,False,full_h10,valid,1.0,1.0,1.0,1.0,1.0,1.0,1.0,1.0,1.0,1.0,1.0,1.0,1.0,0.0,0.0,0,True,0.0,0.0,False,0.0,0.020760000097652664,a5656aee3c23930c1d99bc5abc5cc0b0dac782a3db5e847157dcc0a42e157123
image_cnn_a-development-0120,image_cnn_a,image,development,single,subtle,False,False,independent_if_else,invalid,1.0,1.0,1.0,1.0,1.0,1.0,1.0,1.0,1.0,1.0,1.0,1.0,1.0,0.0,0.0,0,False,0.0,0.0,False,0.0,0.022511999759444734,
image_cnn_a-development-0120,image_cnn_a,image,development,single,subtle,False,False,typed_route_without_cut,invalid,1.0,1.0,1.0,1.0,1.0,1.0,1.0,1.0,1.0,1.0,1.0,1.0,1.0,0.0,0.0,0,False,0.0,0.0,False,0.0,0.022854000235383864,
image_cnn_a-development-0120,image_cnn_a,image,development,single,subtle,False,False,full_h10,invalid,1.0,1.0,1.0,1.0,1.0,1.0,1.0,1.0,1.0,1.0,1.0,1.0,1.0,0.0,0.0,0,True,0.0,0.0,False,0.0,0.16575500012550037,6dcb30c7a34ca73d33c2f2dcdc9a4c6e2833a4ef04fd263f430153d86915bcf0
image_cnn_a-development-0121,image_cnn_a,image,development,unknown_ambiguous,moderate,True,False,independent_if_else,invalid,1.0,1.0,1.0,1.0,1.0,1.0,1.0,1.0,0.5,1.0,0.6666666666666666,0.5,0.0,20.0,0.0,0,False,0.0,0.0,False,1.0,0.03866399993057712,
image_cnn_a-development-0121,image_cnn_a,image,development,unknown_ambiguous,moderate,True,False,typed_route_without_cut,invalid,1.0,1.0,1.0,1.0,1.0,1.0,1.0,1.0,0.5,1.0,0.6666666666666666,0.5,0.0,20.0,0.0,0,False,0.0,0.0,False,1.0,0.0567669999327336,
image_cnn_a-development-0121,image_cnn_a,image,development,unknown_ambiguous,moderate,True,False,full_h10,invalid,1.0,1.0,1.0,1.0,1.0,1.0,1.0,1.0,0.5,1.0,0.6666666666666666,0.5,0.0,20.0,0.0,0,True,0.0,0.0,False,1.0,0.17568299972481327,c1f9fa06ce63a66d3d798367cb98de19f14b408ae1768650cb872f228e6078d4
image_cnn_a-development-0122,image_cnn_a,image,development,unknown_ambiguous,severe,True,True,independent_if_else,insufficient_evidence,1.0,1.0,1.0,1.0,0.5,1.0,0.6666666666666666,0.5,0.5,0.5,0.5,0.3333333333333333,0.0,19.0,4.0,2,False,0.0,0.0,True,0.0,0.0355170000148064,
image_cnn_a-development-0122,image_cnn_a,image,development,unknown_ambiguous,severe,True,True,typed_route_without_cut,insufficient_evidence,1.0,1.0,1.0,1.0,0.5,1.0,0.6666666666666666,0.5,0.5,0.5,0.5,0.3333333333333333,0.0,19.0,4.0,2,False,0.0,0.0,True,0.0,0.09595200026524253,
image_cnn_a-development-0122,image_cnn_a,image,development,unknown_ambiguous,severe,True,True,full_h10,insufficient_evidence,1.0,1.0,1.0,1.0,0.5,1.0,0.6666666666666666,0.5,0.5,0.5,0.5,0.3333333333333333,0.0,19.0,4.0,2,True,0.0,0.0,True,0.0,0.19102300029771868,e270f2b675215e54b267b88c84c71f9eb97408be037768a787322f76d0035e06
image_cnn_a-development-0123,image_cnn_a,image,development,composite,subtle,False,False,independent_if_else,invalid,1.0,1.0,1.0,1.0,1.0,1.0,1.0,1.0,0.6666666666666666,1.0,0.8,0.6666666666666666,0.0,2.0,0.0,0,False,0.0,0.0,False,0.0,0.029736000215052627,
image_cnn_a-development-0123,image_cnn_a,image,development,composite,subtle,False,False,typed_route_without_cut,invalid,1.0,1.0,1.0,1.0,1.0,1.0,1.0,1.0,0.6666666666666666,1.0,0.8,0.6666666666666666,0.0,2.0,0.0,0,False,0.0,0.0,False,0.0,0.09277600020141108,
image_cnn_a-development-0123,image_cnn_a,image,development,composite,subtle,False,False,full_h10,invalid,1.0,1.0,1.0,1.0,1.0,1.0,1.0,1.0,1.0,1.0,1.0,1.0,1.0,0.0,0.0,0,True,0.0,0.0,False,0.0,0.230247000217787,bb0a0dac5ad7a88bbc59307b6bb068f52aad1cd82e0232e506e7b8e0ba26123a
image_cnn_a-development-0124,image_cnn_a,image,development,clean,none,False,False,independent_if_else,valid,1.0,1.0,1.0,1.0,1.0,1.0,1.0,1.0,1.0,1.0,1.0,1.0,1.0,0.0,0.0,0,False,0.0,0.0,False,0.0,0.018685000213736203,
image_cnn_a-development-0124,image_cnn_a,image,development,clean,none,False,False,typed_route_without_cut,valid,1.0,1.0,1.0,1.0,1.0,1.0,1.0,1.0,1.0,1.0,1.0,1.0,1.0,0.0,0.0,0,False,0.0,0.0,False,0.0,0.01932700024553924,
image_cnn_a-development-0124,image_cnn_a,image,development,clean,none,False,False,full_h10,valid,1.0,1.0,1.0,1.0,1.0,1.0,1.0,1.0,1.0,1.0,1.0,1.0,1.0,0.0,0.0,0,True,0.0,0.0,False,0.0,0.022151999928610167,1efab4c5c59c50bd9b8d70d4b85a0dd0af4adab6e0833a1e74dcae5007567f48
image_cnn_a-development-0125,image_cnn_a,image,development,clean,none,False,False,independent_if_else,valid,1.0,1.0,1.0,1.0,1.0,1.0,1.0,1.0,1.0,1.0,1.0,1.0,1.0,0.0,0.0,0,False,0.0,0.0,False,0.0,0.01681200001257821,
image_cnn_a-development-0125,image_cnn_a,image,development,clean,none,False,False,typed_route_without_cut,valid,1.0,1.0,1.0,1.0,1.0,1.0,1.0,1.0,1.0,1.0,1.0,1.0,1.0,0.0,0.0,0,False,0.0,0.0,False,0.0,0.017813999875215814,
image_cnn_a-development-0125,image_cnn_a,image,development,clean,none,False,False,full_h10,valid,1.0,1.0,1.0,1.0,1.0,1.0,1.0,1.0,1.0,1.0,1.0,1.0,1.0,0.0,0.0,0,True,0.0,0.0,False,0.0,0.01998799962166231,5a82812d7d0a5473e28024fc1e6bed8195fec660ca4180251569333d655d671c
image_cnn_a-development-0126,image_cnn_a,image,development,composite,subtle,False,False,independent_if_else,invalid,1.0,1.0,1.0,1.0,1.0,1.0,1.0,1.0,1.0,1.0,1.0,1.0,1.0,0.0,0.0,0,False,0.0,0.0,False,0.0,0.025858999833872076,
image_cnn_a-development-0126,image_cnn_a,image,development,composite,subtle,False,False,typed_route_without_cut,invalid,1.0,1.0,1.0,1.0,1.0,1.0,1.0,1.0,1.0,1.0,1.0,1.0,1.0,0.0,0.0,0,False,0.0,0.0,False,0.0,0.0484619999951974,
image_cnn_a-development-0126,image_cnn_a,image,development,composite,subtle,False,False,full_h10,invalid,1.0,1.0,1.0,1.0,1.0,1.0,1.0,1.0,1.0,1.0,1.0,1.0,1.0,0.0,0.0,0,True,0.0,0.0,False,0.0,0.20246399981260765,40762310202e33dc883b849f79329d65c81d64733cf4871b686711d8f0bb7b9e
image_cnn_a-development-0127,image_cnn_a,image,development,composite,moderate,False,False,independent_if_else,invalid,1.0,1.0,1.0,1.0,1.0,1.0,1.0,1.0,0.6666666666666666,1.0,0.8,0.6666666666666666,0.0,2.0,0.0,0,False,0.0,0.0,False,0.0,0.028714000109175686,
image_cnn_a-development-0127,image_cnn_a,image,development,composite,moderate,False,False,typed_route_without_cut,invalid,1.0,1.0,1.0,1.0,1.0,1.0,1.0,1.0,0.6666666666666666,1.0,0.8,0.6666666666666666,0.0,2.0,0.0,0,False,0.0,0.0,False,0.0,0.05950299964752048,
image_cnn_a-development-0127,image_cnn_a,image,development,composite,moderate,False,False,full_h10,invalid,1.0,1.0,1.0,1.0,1.0,1.0,1.0,1.0,1.0,1.0,1.0,1.0,1.0,0.0,0.0,0,True,0.0,0.0,False,0.0,0.21711199997298536,11cb63d50e8fe829c6b049dd9d89eb47712ef2defeaebb61f4c420955e766f86
image_cnn_a-development-0128,image_cnn_a,image,development,composite,severe,False,False,independent_if_else,invalid,1.0,1.0,1.0,1.0,1.0,1.0,1.0,1.0,0.6666666666666666,1.0,0.8,0.6666666666666666,0.0,2.0,0.0,0,False,0.0,0.0,False,0.0,0.029896999876655173,
image_cnn_a-development-0128,image_cnn_a,image,development,composite,severe,False,False,typed_route_without_cut,invalid,1.0,1.0,1.0,1.0,1.0,1.0,1.0,1.0,0.6666666666666666,1.0,0.8,0.6666666666666666,0.0,2.0,0.0,0,False,0.0,0.0,False,0.0,0.07792699989295215,
image_cnn_a-development-0128,image_cnn_a,image,development,composite,severe,False,False,full_h10,invalid,1.0,1.0,1.0,1.0,1.0,1.0,1.0,1.0,1.0,1.0,1.0,1.0,1.0,0.0,0.0,0,True,0.0,0.0,False,0.0,0.17807799986258033,2a3fe2cd78cf7bf3d06760140542fd377301d6b9dc20f4add5495795a719f8b9
image_cnn_a-development-0129,image_cnn_a,image,development,clean,none,False,False,independent_if_else,valid,1.0,1.0,1.0,1.0,1.0,1.0,1.0,1.0,1.0,1.0,1.0,1.0,1.0,0.0,0.0,0,False,0.0,0.0,False,0.0,0.02728199979173951,
image_cnn_a-development-0129,image_cnn_a,image,development,clean,none,False,False,typed_route_without_cut,valid,1.0,1.0,1.0,1.0,1.0,1.0,1.0,1.0,1.0,1.0,1.0,1.0,1.0,0.0,0.0,0,False,0.0,0.0,False,0.0,0.028975000077480217,
image_cnn_a-development-0129,image_cnn_a,image,development,clean,none,False,False,full_h10,valid,1.0,1.0,1.0,1.0,1.0,1.0,1.0,1.0,1.0,1.0,1.0,1.0,1.0,0.0,0.0,0,True,0.0,0.0,False,0.0,0.022943000203667907,5d447b1ed07971c4e3bddc83f3ed64f056c2d17dcdbe2d2e079dade2fe35f91c
image_cnn_a-development-0130,image_cnn_a,image,development,clean,none,False,False,independent_if_else,valid,1.0,1.0,1.0,1.0,1.0,1.0,1.0,1.0,1.0,1.0,1.0,1.0,1.0,0.0,0.0,0,False,0.0,0.0,False,0.0,0.01695199989626417,
image_cnn_a-development-0130,image_cnn_a,image,development,clean,none,False,False,typed_route_without_cut,valid,1.0,1.0,1.0,1.0,1.0,1.0,1.0,1.0,1.0,1.0,1.0,1.0,1.0,0.0,0.0,0,False,0.0,0.0,False,0.0,0.017682999896351248,
image_cnn_a-development-0130,image_cnn_a,image,development,clean,none,False,False,full_h10,valid,1.0,1.0,1.0,1.0,1.0,1.0,1.0,1.0,1.0,1.0,1.0,1.0,1.0,0.0,0.0,0,True,0.0,0.0,False,0.0,0.019486999917717185,403191a4c1db276004423024b073b3119b5263bb84b52c20f5be193cafdd1b29
image_cnn_a-development-0131,image_cnn_a,image,development,unknown_ambiguous,severe,True,False,independent_if_else,invalid,1.0,1.0,1.0,1.0,1.0,1.0,1.0,1.0,1.0,1.0,1.0,1.0,1.0,0.0,0.0,0,False,0.0,0.0,False,1.0,0.036669000110123307,
image_cnn_a-development-0131,image_cnn_a,image,development,unknown_ambiguous,severe,True,False,typed_route_without_cut,invalid,1.0,1.0,1.0,1.0,1.0,1.0,1.0,1.0,1.0,1.0,1.0,1.0,1.0,0.0,0.0,0,False,0.0,0.0,False,1.0,0.05958299971098313,
image_cnn_a-development-0131,image_cnn_a,image,development,unknown_ambiguous,severe,True,False,full_h10,invalid,1.0,1.0,1.0,1.0,1.0,1.0,1.0,1.0,1.0,1.0,1.0,1.0,1.0,0.0,0.0,0,True,0.0,0.0,False,1.0,0.18031200033874484,17876edf556e294f5a880e7d882f9a2dca1ca0c1fb9f006b39c5f1ed8f5f5bdf
image_cnn_a-development-0132,image_cnn_a,image,development,composite,subtle,False,False,independent_if_else,invalid,1.0,1.0,1.0,1.0,1.0,1.0,1.0,1.0,0.6666666666666666,1.0,0.8,0.6666666666666666,0.0,2.0,0.0,0,False,0.0,0.0,False,0.0,0.03137900012006867,
image_cnn_a-development-0132,image_cnn_a,image,development,composite,subtle,False,False,typed_route_without_cut,invalid,1.0,1.0,1.0,1.0,1.0,1.0,1.0,1.0,0.6666666666666666,1.0,0.8,0.6666666666666666,0.0,2.0,0.0,0,False,0.0,0.0,False,0.0,0.08625400005257688,
image_cnn_a-development-0132,image_cnn_a,image,development,composite,subtle,False,False,full_h10,invalid,1.0,1.0,1.0,1.0,1.0,1.0,1.0,1.0,1.0,1.0,1.0,1.0,1.0,0.0,0.0,0,True,0.0,0.0,False,0.0,0.18346800015933695,95d7ca8ea13c0cc6d07d4db4f8b09acaf213b4f073422d5cbb43420347e7d1a7
image_cnn_a-development-0133,image_cnn_a,image,development,composite,moderate,False,False,independent_if_else,invalid,1.0,1.0,1.0,1.0,1.0,1.0,1.0,1.0,0.3333333333333333,1.0,0.5,0.3333333333333333,0.0,6.0,0.0,0,False,0.0,0.0,False,0.0,0.029737000204477226,
image_cnn_a-development-0133,image_cnn_a,image,development,composite,moderate,False,False,typed_route_without_cut,invalid,1.0,1.0,1.0,1.0,1.0,1.0,1.0,1.0,0.3333333333333333,1.0,0.5,0.3333333333333333,0.0,6.0,0.0,0,False,0.0,0.0,False,0.0,0.05985400002828101,
image_cnn_a-development-0133,image_cnn_a,image,development,composite,moderate,False,False,full_h10,invalid,1.0,1.0,1.0,1.0,1.0,1.0,1.0,1.0,1.0,1.0,1.0,1.0,1.0,0.0,0.0,0,True,0.0,0.0,False,0.0,0.22687000000587432,cb9770c7b05fc025ab68330febab287f7d12702c1c9b28ba139f2e4c86b18788
image_cnn_a-development-0134,image_cnn_a,image,development,composite,severe,False,False,independent_if_else,invalid,1.0,1.0,1.0,1.0,1.0,1.0,1.0,1.0,0.3333333333333333,1.0,0.5,0.3333333333333333,0.0,6.0,0.0,0,False,0.0,0.0,False,0.0,0.02948500014099409,
image_cnn_a-development-0134,image_cnn_a,image,development,composite,severe,False,False,typed_route_without_cut,invalid,1.0,1.0,1.0,1.0,1.0,1.0,1.0,1.0,0.3333333333333333,1.0,0.5,0.3333333333333333,0.0,6.0,0.0,0,False,0.0,0.0,False,0.0,0.060385000324458815,
image_cnn_a-development-0134,image_cnn_a,image,development,composite,severe,False,False,full_h10,invalid,1.0,1.0,1.0,1.0,1.0,1.0,1.0,1.0,1.0,1.0,1.0,1.0,1.0,0.0,0.0,0,True,0.0,0.0,False,0.0,0.2141059999303252,870173f0ecef05ce42548d9c8ba3c9e3bcd218d120db6e38cb72d1edce5c8a43
image_cnn_a-development-0135,image_cnn_a,image,development,single,subtle,False,False,independent_if_else,invalid,1.0,1.0,1.0,1.0,1.0,1.0,1.0,1.0,1.0,1.0,1.0,1.0,1.0,0.0,0.0,0,False,0.0,0.0,False,0.0,0.026730000172392465,
image_cnn_a-development-0135,image_cnn_a,image,development,single,subtle,False,False,typed_route_without_cut,invalid,1.0,1.0,1.0,1.0,1.0,1.0,1.0,1.0,1.0,1.0,1.0,1.0,1.0,0.0,0.0,0,False,0.0,0.0,False,0.0,0.03347300025779987,
image_cnn_a-development-0135,image_cnn_a,image,development,single,subtle,False,False,full_h10,invalid,1.0,1.0,1.0,1.0,1.0,1.0,1.0,1.0,1.0,1.0,1.0,1.0,1.0,0.0,0.0,0,True,0.0,0.0,False,0.0,0.16073500000857166,f7f2fea2a1cec5c8eec07856c5ae5efa2fac0c6b0a6ecc46b19afbe976107431
image_cnn_a-development-0136,image_cnn_a,image,development,composite,moderate,False,False,independent_if_else,invalid,1.0,1.0,1.0,1.0,1.0,1.0,1.0,1.0,0.6666666666666666,1.0,0.8,0.6666666666666666,0.0,2.0,0.0,0,False,0.0,0.0,False,0.0,0.03150000020468724,
image_cnn_a-development-0136,image_cnn_a,image,development,composite,moderate,False,False,typed_route_without_cut,invalid,1.0,1.0,1.0,1.0,1.0,1.0,1.0,1.0,0.6666666666666666,1.0,0.8,0.6666666666666666,0.0,2.0,0.0,0,False,0.0,0.0,False,0.0,0.06198700020831893,
image_cnn_a-development-0136,image_cnn_a,image,development,composite,moderate,False,False,full_h10,invalid,1.0,1.0,1.0,1.0,1.0,1.0,1.0,1.0,1.0,1.0,1.0,1.0,1.0,0.0,0.0,0,True,0.0,0.0,False,0.0,0.1757039999574772,8814710b77d03af3d69d96992261306dfe4525a756adce8460bf902494c5930a
image_cnn_a-development-0137,image_cnn_a,image,development,composite,severe,False,False,independent_if_else,invalid,1.0,1.0,1.0,1.0,1.0,1.0,1.0,1.0,1.0,1.0,1.0,1.0,1.0,0.0,0.0,0,False,0.0,0.0,False,0.0,0.02476700001352583,
image_cnn_a-development-0137,image_cnn_a,image,development,composite,severe,False,False,typed_route_without_cut,invalid,1.0,1.0,1.0,1.0,1.0,1.0,1.0,1.0,1.0,1.0,1.0,1.0,1.0,0.0,0.0,0,False,0.0,0.0,False,0.0,0.04751999995278311,
image_cnn_a-development-0137,image_cnn_a,image,development,composite,severe,False,False,full_h10,invalid,1.0,1.0,1.0,1.0,1.0,1.0,1.0,1.0,1.0,1.0,1.0,1.0,1.0,0.0,0.0,0,True,0.0,0.0,False,0.0,0.16077500004030298,6ace7f569fc963f448e853be6f6b29b9a464027f9769296a7edc8afd0ce7b428
image_cnn_a-development-0138,image_cnn_a,image,development,single,subtle,False,False,independent_if_else,invalid,1.0,1.0,1.0,1.0,1.0,1.0,1.0,1.0,1.0,1.0,1.0,1.0,1.0,0.0,0.0,0,False,0.0,0.0,False,0.0,0.022321999949781457,
image_cnn_a-development-0138,image_cnn_a,image,development,single,subtle,False,False,typed_route_without_cut,invalid,1.0,1.0,1.0,1.0,1.0,1.0,1.0,1.0,1.0,1.0,1.0,1.0,1.0,0.0,0.0,0,False,0.0,0.0,False,0.0,0.020930000118823955,
image_cnn_a-development-0138,image_cnn_a,image,development,single,subtle,False,False,full_h10,invalid,1.0,1.0,1.0,1.0,1.0,1.0,1.0,1.0,1.0,1.0,1.0,1.0,1.0,0.0,0.0,0,True,0.0,0.0,False,0.0,0.15841000004002126,fad06d8bbd41ce1f0d1b032d4dd7aeca4601b2cb4f12b8680a69c02957e28329
image_cnn_a-development-0139,image_cnn_a,image,development,single,moderate,False,False,independent_if_else,invalid,1.0,1.0,1.0,1.0,1.0,1.0,1.0,1.0,1.0,1.0,1.0,1.0,1.0,0.0,0.0,0,False,0.0,0.0,False,0.0,0.025347999780933606,
image_cnn_a-development-0139,image_cnn_a,image,development,single,moderate,False,False,typed_route_without_cut,invalid,1.0,1.0,1.0,1.0,1.0,1.0,1.0,1.0,1.0,1.0,1.0,1.0,1.0,0.0,0.0,0,False,0.0,0.0,False,0.0,0.06346099962684093,
image_cnn_a-development-0139,image_cnn_a,image,development,single,moderate,False,False,full_h10,invalid,1.0,1.0,1.0,1.0,1.0,1.0,1.0,1.0,1.0,1.0,1.0,1.0,1.0,0.0,0.0,0,True,0.0,0.0,False,0.0,0.16479299983984674,19b7745094821ac2a88837adcf7963277e21a6fae29050e24af65e8d36abfca9
image_cnn_a-development-0140,image_cnn_a,image,development,single,severe,False,False,independent_if_else,invalid,1.0,1.0,1.0,1.0,1.0,1.0,1.0,1.0,1.0,1.0,1.0,1.0,1.0,0.0,0.0,0,False,0.0,0.0,False,0.0,0.022422000256483443,
image_cnn_a-development-0140,image_cnn_a,image,development,single,severe,False,False,typed_route_without_cut,invalid,1.0,1.0,1.0,1.0,1.0,1.0,1.0,1.0,1.0,1.0,1.0,1.0,1.0,0.0,0.0,0,False,0.0,0.0,False,0.0,0.022944000193092506,
image_cnn_a-development-0140,image_cnn_a,image,development,single,severe,False,False,full_h10,invalid,1.0,1.0,1.0,1.0,1.0,1.0,1.0,1.0,1.0,1.0,1.0,1.0,1.0,0.0,0.0,0,True,0.0,0.0,False,0.0,0.14926400035619736,7cb8273d5f1ae63b4c718204290d57c1f725802f7c0ea4b7f68af8a0207cc1d2
image_cnn_a-development-0141,image_cnn_a,image,development,clean,none,False,False,independent_if_else,valid,1.0,1.0,1.0,1.0,1.0,1.0,1.0,1.0,1.0,1.0,1.0,1.0,1.0,0.0,0.0,0,False,0.0,0.0,False,0.0,0.018275000002176967,
image_cnn_a-development-0141,image_cnn_a,image,development,clean,none,False,False,typed_route_without_cut,valid,1.0,1.0,1.0,1.0,1.0,1.0,1.0,1.0,1.0,1.0,1.0,1.0,1.0,0.0,0.0,0,False,0.0,0.0,False,0.0,0.018635999822436133,
image_cnn_a-development-0141,image_cnn_a,image,development,clean,none,False,False,full_h10,valid,1.0,1.0,1.0,1.0,1.0,1.0,1.0,1.0,1.0,1.0,1.0,1.0,1.0,0.0,0.0,0,True,0.0,0.0,False,0.0,0.027041999601351563,0be35bc007869b45a9c12ce8f0b7f9618c8c3bdf5aad7ae4f4e7a7720872b5ed
image_cnn_a-development-0142,image_cnn_a,image,development,unknown_ambiguous,moderate,True,True,independent_if_else,insufficient_evidence,1.0,1.0,1.0,1.0,0.3333333333333333,1.0,0.5,0.3333333333333333,1.0,1.0,1.0,1.0,1.0,0.0,4.0,2,False,0.0,0.0,True,0.0,0.028663999728451017,
image_cnn_a-development-0142,image_cnn_a,image,development,unknown_ambiguous,moderate,True,True,typed_route_without_cut,insufficient_evidence,1.0,1.0,1.0,1.0,0.3333333333333333,1.0,0.5,0.3333333333333333,1.0,1.0,1.0,1.0,1.0,0.0,4.0,2,False,0.0,0.0,True,0.0,0.0753629997234384,
image_cnn_a-development-0142,image_cnn_a,image,development,unknown_ambiguous,moderate,True,True,full_h10,insufficient_evidence,1.0,1.0,1.0,1.0,0.3333333333333333,1.0,0.5,0.3333333333333333,1.0,1.0,1.0,1.0,1.0,0.0,4.0,2,True,0.0,0.0,True,0.0,0.20648100007747416,55b0e9a5541f1a513df6c1ab55adad0951ed63920ab1c935452c37be42c7b0d8
image_cnn_a-development-0143,image_cnn_a,image,development,clean,none,False,False,independent_if_else,valid,1.0,1.0,1.0,1.0,1.0,1.0,1.0,1.0,1.0,1.0,1.0,1.0,1.0,0.0,0.0,0,False,0.0,0.0,False,0.0,0.018203999843535712,
image_cnn_a-development-0143,image_cnn_a,image,development,clean,none,False,False,typed_route_without_cut,valid,1.0,1.0,1.0,1.0,1.0,1.0,1.0,1.0,1.0,1.0,1.0,1.0,1.0,0.0,0.0,0,False,0.0,0.0,False,0.0,0.01850500029831892,
image_cnn_a-development-0143,image_cnn_a,image,development,clean,none,False,False,full_h10,valid,1.0,1.0,1.0,1.0,1.0,1.0,1.0,1.0,1.0,1.0,1.0,1.0,1.0,0.0,0.0,0,True,0.0,0.0,False,0.0,0.021150000065972563,18231827c6e6b214a42303f2984e8b75f9101d9ab4ca3e3f2ce5f41e2518ae0b
image_cnn_a-development-0144,image_cnn_a,image,development,unknown_ambiguous,subtle,True,True,independent_if_else,invalid,1.0,1.0,1.0,1.0,1.0,1.0,1.0,1.0,0.25,0.5,0.3333333333333333,0.2,0.0,37.0,0.0,0,False,0.0,0.0,False,1.0,0.04482600024857675,
image_cnn_a-development-0144,image_cnn_a,image,development,unknown_ambiguous,subtle,True,True,typed_route_without_cut,invalid,1.0,1.0,1.0,1.0,1.0,1.0,1.0,1.0,0.25,0.5,0.3333333333333333,0.2,0.0,37.0,0.0,0,False,0.0,0.0,False,1.0,0.03347400024722447,
image_cnn_a-development-0144,image_cnn_a,image,development,unknown_ambiguous,subtle,True,True,full_h10,invalid,1.0,1.0,1.0,1.0,1.0,1.0,1.0,1.0,0.3333333333333333,0.5,0.4,0.25,0.0,36.0,0.0,0,True,0.0,0.0,False,1.0,0.19963800014011213,0f0d45dbbb727e3e01a03e24d8f2fed9b600b5d6cde4297b31b72b6ba5c26d7f
image_cnn_a-development-0145,image_cnn_a,image,development,clean,none,False,False,independent_if_else,valid,1.0,1.0,1.0,1.0,1.0,1.0,1.0,1.0,1.0,1.0,1.0,1.0,1.0,0.0,0.0,0,False,0.0,0.0,False,0.0,0.019176000023435336,
image_cnn_a-development-0145,image_cnn_a,image,development,clean,none,False,False,typed_route_without_cut,valid,1.0,1.0,1.0,1.0,1.0,1.0,1.0,1.0,1.0,1.0,1.0,1.0,1.0,0.0,0.0,0,False,0.0,0.0,False,0.0,0.01885599976958474,
image_cnn_a-development-0145,image_cnn_a,image,development,clean,none,False,False,full_h10,valid,1.0,1.0,1.0,1.0,1.0,1.0,1.0,1.0,1.0,1.0,1.0,1.0,1.0,0.0,0.0,0,True,0.0,0.0,False,0.0,0.0211700003092119,0d518a823995170888b7fa426206a42c4682900d4831453189613c163d4589d1
image_cnn_a-development-0146,image_cnn_a,image,development,unknown_ambiguous,severe,True,True,independent_if_else,insufficient_evidence,1.0,1.0,1.0,1.0,0.3333333333333333,1.0,0.5,0.3333333333333333,1.0,1.0,1.0,1.0,1.0,0.0,4.0,2,False,0.0,0.0,True,0.0,0.038734000099793775,
image_cnn_a-development-0146,image_cnn_a,image,development,unknown_ambiguous,severe,True,True,typed_route_without_cut,insufficient_evidence,1.0,1.0,1.0,1.0,0.3333333333333333,1.0,0.5,0.3333333333333333,1.0,1.0,1.0,1.0,1.0,0.0,4.0,2,False,0.0,0.0,True,0.0,0.0549039996258216,
image_cnn_a-development-0146,image_cnn_a,image,development,unknown_ambiguous,severe,True,True,full_h10,insufficient_evidence,1.0,1.0,1.0,1.0,0.3333333333333333,1.0,0.5,0.3333333333333333,1.0,1.0,1.0,1.0,1.0,0.0,4.0,2,True,0.0,0.0,True,0.0,0.17397999999957392,51ac615f8b82996e811e52f992dca501a7491c7de6d060f0a1570c5d436789aa
image_cnn_a-development-0147,image_cnn_a,image,development,clean,none,False,False,independent_if_else,valid,1.0,1.0,1.0,1.0,1.0,1.0,1.0,1.0,1.0,1.0,1.0,1.0,1.0,0.0,0.0,0,False,0.0,0.0,False,0.0,0.018754999928205507,
image_cnn_a-development-0147,image_cnn_a,image,development,clean,none,False,False,typed_route_without_cut,valid,1.0,1.0,1.0,1.0,1.0,1.0,1.0,1.0,1.0,1.0,1.0,1.0,1.0,0.0,0.0,0,False,0.0,0.0,False,0.0,0.018185000044468325,
image_cnn_a-development-0147,image_cnn_a,image,development,clean,none,False,False,full_h10,valid,1.0,1.0,1.0,1.0,1.0,1.0,1.0,1.0,1.0,1.0,1.0,1.0,1.0,0.0,0.0,0,True,0.0,0.0,False,0.0,0.020909999875584617,ffd2a0f57dda6cea93bfe2d7ce266688e2225050fbec716deaa26399188e86c2
image_cnn_a-development-0148,image_cnn_a,image,development,composite,moderate,False,False,independent_if_else,invalid,1.0,1.0,1.0,1.0,1.0,1.0,1.0,1.0,0.6666666666666666,1.0,0.8,0.6666666666666666,0.0,2.0,0.0,0,False,0.0,0.0,False,0.0,0.027232000320509542,
image_cnn_a-development-0148,image_cnn_a,image,development,composite,moderate,False,False,typed_route_without_cut,invalid,1.0,1.0,1.0,1.0,1.0,1.0,1.0,1.0,0.6666666666666666,1.0,0.8,0.6666666666666666,0.0,2.0,0.0,0,False,0.0,0.0,False,0.0,0.10376599993833224,
image_cnn_a-development-0148,image_cnn_a,image,development,composite,moderate,False,False,full_h10,invalid,1.0,1.0,1.0,1.0,1.0,1.0,1.0,1.0,1.0,1.0,1.0,1.0,1.0,0.0,0.0,0,True,0.0,0.0,False,0.0,0.19421899969529477,cc13f79215cbd605bdcafcab0920c7c45d2045a082f0042181b20410714430ca
image_cnn_a-development-0149,image_cnn_a,image,development,unknown_ambiguous,severe,True,False,independent_if_else,invalid,1.0,1.0,1.0,1.0,1.0,1.0,1.0,1.0,0.2,0.5,0.28571428571428575,0.16666666666666666,0.0,39.0,0.0,0,False,0.0,0.0,False,1.0,0.03452600003583939,
image_cnn_a-development-0149,image_cnn_a,image,development,unknown_ambiguous,severe,True,False,typed_route_without_cut,invalid,1.0,1.0,1.0,1.0,1.0,1.0,1.0,1.0,0.2,0.5,0.28571428571428575,0.16666666666666666,0.0,39.0,0.0,0,False,0.0,0.0,False,1.0,0.10841499988600845,
image_cnn_a-development-0149,image_cnn_a,image,development,unknown_ambiguous,severe,True,False,full_h10,invalid,1.0,1.0,1.0,1.0,1.0,1.0,1.0,1.0,0.3333333333333333,0.5,0.4,0.25,0.0,36.0,0.0,0,True,0.0,0.0,False,1.0,0.20259399980204762,b3779ab7530192ee05fc302166071a9a64a580293acb31c5cbc81b24f7067eb9
timeseries_encoder_a-development-0000,timeseries_encoder_a,time_series,development,clean,none,False,False,independent_if_else,valid,1.0,1.0,1.0,1.0,1.0,1.0,1.0,1.0,1.0,1.0,1.0,1.0,1.0,0.0,0.0,0,False,0.0,0.0,False,0.0,0.02388499979133485,
timeseries_encoder_a-development-0000,timeseries_encoder_a,time_series,development,clean,none,False,False,typed_route_without_cut,valid,1.0,1.0,1.0,1.0,1.0,1.0,1.0,1.0,1.0,1.0,1.0,1.0,1.0,0.0,0.0,0,False,0.0,0.0,False,0.0,0.018434999674354913,
timeseries_encoder_a-development-0000,timeseries_encoder_a,time_series,development,clean,none,False,False,full_h10,valid,1.0,1.0,1.0,1.0,1.0,1.0,1.0,1.0,1.0,1.0,1.0,1.0,1.0,0.0,0.0,0,True,0.0,0.0,False,0.0,0.021159999960218556,b63aee7bee5c2f055c8fc55d19cf0b64af83814fb10f40123195cf08a359694c
timeseries_encoder_a-development-0001,timeseries_encoder_a,time_series,development,composite,moderate,False,False,independent_if_else,invalid,1.0,1.0,1.0,1.0,1.0,1.0,1.0,1.0,0.6666666666666666,1.0,0.8,0.6666666666666666,0.0,2.0,0.0,0,False,0.0,0.0,False,0.0,0.028654000288952375,
timeseries_encoder_a-development-0001,timeseries_encoder_a,time_series,development,composite,moderate,False,False,typed_route_without_cut,invalid,1.0,1.0,1.0,1.0,1.0,1.0,1.0,1.0,0.6666666666666666,1.0,0.8,0.6666666666666666,0.0,2.0,0.0,0,False,0.0,0.0,False,0.0,0.10224399966318742,
timeseries_encoder_a-development-0001,timeseries_encoder_a,time_series,development,composite,moderate,False,False,full_h10,invalid,1.0,1.0,1.0,1.0,1.0,1.0,1.0,1.0,1.0,1.0,1.0,1.0,1.0,0.0,0.0,0,True,0.0,0.0,False,0.0,0.1889780000965402,4f307cf5d368717973d478da6111c5848ff4642c23710e3cc0176f61a76f5471
timeseries_encoder_a-development-0002,timeseries_encoder_a,time_series,development,clean,none,False,False,independent_if_else,valid,1.0,1.0,1.0,1.0,1.0,1.0,1.0,1.0,1.0,1.0,1.0,1.0,1.0,0.0,0.0,0,False,0.0,0.0,False,0.0,0.01868499975898885,
timeseries_encoder_a-development-0002,timeseries_encoder_a,time_series,development,clean,none,False,False,typed_route_without_cut,valid,1.0,1.0,1.0,1.0,1.0,1.0,1.0,1.0,1.0,1.0,1.0,1.0,1.0,0.0,0.0,0,False,0.0,0.0,False,0.0,0.01817500015022233,
timeseries_encoder_a-development-0002,timeseries_encoder_a,time_series,development,clean,none,False,False,full_h10,valid,1.0,1.0,1.0,1.0,1.0,1.0,1.0,1.0,1.0,1.0,1.0,1.0,1.0,0.0,0.0,0,True,0.0,0.0,False,0.0,0.020879000203422038,6895f1054dc1e4fc7a25b9f307e45bf750f2585293f33bee6280a57d5d43e21c
timeseries_encoder_a-development-0003,timeseries_encoder_a,time_series,development,clean,none,False,False,independent_if_else,valid,1.0,1.0,1.0,1.0,1.0,1.0,1.0,1.0,1.0,1.0,1.0,1.0,1.0,0.0,0.0,0,False,0.0,0.0,False,0.0,0.016622000202914933,
timeseries_encoder_a-development-0003,timeseries_encoder_a,time_series,development,clean,none,False,False,typed_route_without_cut,valid,1.0,1.0,1.0,1.0,1.0,1.0,1.0,1.0,1.0,1.0,1.0,1.0,1.0,0.0,0.0,0,False,0.0,0.0,False,0.0,0.02309399997102446,
timeseries_encoder_a-development-0003,timeseries_encoder_a,time_series,development,clean,none,False,False,full_h10,valid,1.0,1.0,1.0,1.0,1.0,1.0,1.0,1.0,1.0,1.0,1.0,1.0,1.0,0.0,0.0,0,True,0.0,0.0,False,0.0,0.03064800011998159,406123c30419cc52a4b091e1beb6a74d796fa828d39b4d11baa884d9c1bd62ef
timeseries_encoder_a-development-0004,timeseries_encoder_a,time_series,development,clean,none,False,False,independent_if_else,valid,1.0,1.0,1.0,1.0,1.0,1.0,1.0,1.0,1.0,1.0,1.0,1.0,1.0,0.0,0.0,0,False,0.0,0.0,False,0.0,0.017483000192441978,
timeseries_encoder_a-development-0004,timeseries_encoder_a,time_series,development,clean,none,False,False,typed_route_without_cut,valid,1.0,1.0,1.0,1.0,1.0,1.0,1.0,1.0,1.0,1.0,1.0,1.0,1.0,0.0,0.0,0,False,0.0,0.0,False,0.0,0.0268310000137717,
timeseries_encoder_a-development-0004,timeseries_encoder_a,time_series,development,clean,none,False,False,full_h10,valid,1.0,1.0,1.0,1.0,1.0,1.0,1.0,1.0,1.0,1.0,1.0,1.0,1.0,0.0,0.0,0,True,0.0,0.0,False,0.0,0.030999000045994762,9f37afb9656c700d9d015e27353fc9747d74d81494a1aa4564c39b3dfb8a7866
timeseries_encoder_a-development-0005,timeseries_encoder_a,time_series,development,clean,none,False,False,independent_if_else,valid,1.0,1.0,1.0,1.0,1.0,1.0,1.0,1.0,1.0,1.0,1.0,1.0,1.0,0.0,0.0,0,False,0.0,0.0,False,0.0,0.0274519998129108,
timeseries_encoder_a-development-0005,timeseries_encoder_a,time_series,development,clean,none,False,False,typed_route_without_cut,valid,1.0,1.0,1.0,1.0,1.0,1.0,1.0,1.0,1.0,1.0,1.0,1.0,1.0,0.0,0.0,0,False,0.0,0.0,False,0.0,0.028343999929347774,
timeseries_encoder_a-development-0005,timeseries_encoder_a,time_series,development,clean,none,False,False,full_h10,valid,1.0,1.0,1.0,1.0,1.0,1.0,1.0,1.0,1.0,1.0,1.0,1.0,1.0,0.0,0.0,0,True,0.0,0.0,False,0.0,0.02994700025737984,13c915d8af59dc6db66c64a56f81e46a5545c6211c7fe64ccaf0f74fb201b3a9
timeseries_encoder_a-development-0006,timeseries_encoder_a,time_series,development,single,subtle,False,False,independent_if_else,invalid,1.0,1.0,1.0,1.0,1.0,1.0,1.0,1.0,0.3333333333333333,1.0,0.5,0.3333333333333333,0.0,3.0,0.0,0,False,0.0,0.0,False,0.0,0.05213899976297398,
timeseries_encoder_a-development-0006,timeseries_encoder_a,time_series,development,single,subtle,False,False,typed_route_without_cut,invalid,1.0,1.0,1.0,1.0,1.0,1.0,1.0,1.0,0.3333333333333333,1.0,0.5,0.3333333333333333,0.0,3.0,0.0,0,False,0.0,0.0,False,0.0,0.038003000099706696,
timeseries_encoder_a-development-0006,timeseries_encoder_a,time_series,development,single,subtle,False,False,full_h10,invalid,1.0,1.0,1.0,1.0,1.0,1.0,1.0,1.0,1.0,1.0,1.0,1.0,1.0,0.0,0.0,0,True,0.0,0.0,False,0.0,0.24250000024039764,0e967e7476599997961958cbe6c01d01151c5dc5f9ec87974650667c96026ed6
timeseries_encoder_a-development-0007,timeseries_encoder_a,time_series,development,single,moderate,False,False,independent_if_else,invalid,1.0,1.0,1.0,1.0,1.0,1.0,1.0,1.0,1.0,1.0,1.0,1.0,1.0,0.0,0.0,0,False,0.0,0.0,False,0.0,0.0252780000664643,
timeseries_encoder_a-development-0007,timeseries_encoder_a,time_series,development,single,moderate,False,False,typed_route_without_cut,invalid,1.0,1.0,1.0,1.0,1.0,1.0,1.0,1.0,1.0,1.0,1.0,1.0,1.0,0.0,0.0,0,False,0.0,0.0,False,0.0,0.0803329999143898,
timeseries_encoder_a-development-0007,timeseries_encoder_a,time_series,development,single,moderate,False,False,full_h10,invalid,1.0,1.0,1.0,1.0,1.0,1.0,1.0,1.0,1.0,1.0,1.0,1.0,1.0,0.0,0.0,0,True,0.0,0.0,False,0.0,0.19825699973807787,1c17251aecb8811c10504fa9915404b5efd4f79a5e79a147b75ca1b5143c09f2
timeseries_encoder_a-development-0008,timeseries_encoder_a,time_series,development,composite,severe,False,False,independent_if_else,invalid,1.0,1.0,1.0,1.0,1.0,1.0,1.0,1.0,1.0,1.0,1.0,1.0,1.0,0.0,0.0,0,False,0.0,0.0,False,0.0,0.02768300009847735,
timeseries_encoder_a-development-0008,timeseries_encoder_a,time_series,development,composite,severe,False,False,typed_route_without_cut,invalid,1.0,1.0,1.0,1.0,1.0,1.0,1.0,1.0,1.0,1.0,1.0,1.0,1.0,0.0,0.0,0,False,0.0,0.0,False,0.0,0.06212799962668214,
timeseries_encoder_a-development-0008,timeseries_encoder_a,time_series,development,composite,severe,False,False,full_h10,invalid,1.0,1.0,1.0,1.0,1.0,1.0,1.0,1.0,1.0,1.0,1.0,1.0,1.0,0.0,0.0,0,True,0.0,0.0,False,0.0,0.2293050001753727,a07e972729279046256f8aa16d5c9e4f04c6e73431ce6de77785349e6e2dbcab
timeseries_encoder_a-development-0009,timeseries_encoder_a,time_series,development,composite,subtle,False,False,independent_if_else,invalid,1.0,1.0,1.0,1.0,1.0,1.0,1.0,1.0,1.0,1.0,1.0,1.0,1.0,0.0,0.0,0,False,0.0,0.0,False,0.0,0.025789000119402772,
timeseries_encoder_a-development-0009,timeseries_encoder_a,time_series,development,composite,subtle,False,False,typed_route_without_cut,invalid,1.0,1.0,1.0,1.0,1.0,1.0,1.0,1.0,1.0,1.0,1.0,1.0,1.0,0.0,0.0,0,False,0.0,0.0,False,0.0,0.05165799984752084,
timeseries_encoder_a-development-0009,timeseries_encoder_a,time_series,development,composite,subtle,False,False,full_h10,invalid,1.0,1.0,1.0,1.0,1.0,1.0,1.0,1.0,1.0,1.0,1.0,1.0,1.0,0.0,0.0,0,True,0.0,0.0,False,0.0,0.16607499992460362,5b9d1e130a8e3bccb4af0b3c3de85eaefe065a0e1f21ce235b5f2a75ff8202cf
timeseries_encoder_a-development-0010,timeseries_encoder_a,time_series,development,composite,moderate,False,False,independent_if_else,invalid,1.0,1.0,1.0,1.0,1.0,1.0,1.0,1.0,0.6666666666666666,1.0,0.8,0.6666666666666666,0.0,2.0,0.0,0,False,0.0,0.0,False,0.0,0.027361999855202157,
timeseries_encoder_a-development-0010,timeseries_encoder_a,time_series,development,composite,moderate,False,False,typed_route_without_cut,invalid,1.0,1.0,1.0,1.0,1.0,1.0,1.0,1.0,0.6666666666666666,1.0,0.8,0.6666666666666666,0.0,2.0,0.0,0,False,0.0,0.0,False,0.0,0.05697799997506081,
timeseries_encoder_a-development-0010,timeseries_encoder_a,time_series,development,composite,moderate,False,False,full_h10,invalid,1.0,1.0,1.0,1.0,1.0,1.0,1.0,1.0,1.0,1.0,1.0,1.0,1.0,0.0,0.0,0,True,0.0,0.0,False,0.0,0.22244199999477132,54e56b067844f160d24ca702caab2a1e6975e44d381f9e9395a38cd7277c52a3
timeseries_encoder_a-development-0011,timeseries_encoder_a,time_series,development,single,severe,False,False,independent_if_else,invalid,1.0,1.0,1.0,1.0,1.0,1.0,1.0,1.0,0.3333333333333333,1.0,0.5,0.3333333333333333,0.0,3.0,0.0,0,False,0.0,0.0,False,0.0,0.04902299997411319,
timeseries_encoder_a-development-0011,timeseries_encoder_a,time_series,development,single,severe,False,False,typed_route_without_cut,invalid,1.0,1.0,1.0,1.0,1.0,1.0,1.0,1.0,0.3333333333333333,1.0,0.5,0.3333333333333333,0.0,3.0,0.0,0,False,0.0,0.0,False,0.0,0.05176800004846882,
timeseries_encoder_a-development-0011,timeseries_encoder_a,time_series,development,single,severe,False,False,full_h10,invalid,1.0,1.0,1.0,1.0,1.0,1.0,1.0,1.0,1.0,1.0,1.0,1.0,1.0,0.0,0.0,0,True,0.0,0.0,False,0.0,0.22350399967763224,3aa82e8823c0edb8f9b3851d750126eb7f19c71bbc6417739bc601e8ff6d804e
timeseries_encoder_a-development-0012,timeseries_encoder_a,time_series,development,composite,subtle,False,False,independent_if_else,invalid,1.0,1.0,1.0,1.0,1.0,1.0,1.0,1.0,1.0,1.0,1.0,1.0,1.0,0.0,0.0,0,False,0.0,0.0,False,0.0,0.03308199984530802,
timeseries_encoder_a-development-0012,timeseries_encoder_a,time_series,development,composite,subtle,False,False,typed_route_without_cut,invalid,1.0,1.0,1.0,1.0,1.0,1.0,1.0,1.0,1.0,1.0,1.0,1.0,1.0,0.0,0.0,0,False,0.0,0.0,False,0.0,0.054553000154555775,
timeseries_encoder_a-development-0012,timeseries_encoder_a,time_series,development,composite,subtle,False,False,full_h10,invalid,1.0,1.0,1.0,1.0,1.0,1.0,1.0,1.0,1.0,1.0,1.0,1.0,1.0,0.0,0.0,0,True,0.0,0.0,False,0.0,0.2255179997519008,2e652156a2ffd411bf5771e145f5afd7c650b453b9e6129dffcc3d0b2fbafbad
timeseries_encoder_a-development-0013,timeseries_encoder_a,time_series,development,composite,moderate,False,False,independent_if_else,invalid,1.0,1.0,1.0,1.0,1.0,1.0,1.0,1.0,0.6666666666666666,1.0,0.8,0.6666666666666666,0.0,2.0,0.0,0,False,0.0,0.0,False,0.0,0.04344199987826869,
timeseries_encoder_a-development-0013,timeseries_encoder_a,time_series,development,composite,moderate,False,False,typed_route_without_cut,invalid,1.0,1.0,1.0,1.0,1.0,1.0,1.0,1.0,0.6666666666666666,1.0,0.8,0.6666666666666666,0.0,2.0,0.0,0,False,0.0,0.0,False,0.0,0.10146300019187038,
timeseries_encoder_a-development-0013,timeseries_encoder_a,time_series,development,composite,moderate,False,False,full_h10,invalid,1.0,1.0,1.0,1.0,1.0,1.0,1.0,1.0,1.0,1.0,1.0,1.0,1.0,0.0,0.0,0,True,0.0,0.0,False,0.0,0.19371799999134964,a671f80757c216e921ac94fe3c57f5b7e827c11af2fd45499c9169adf0220693
timeseries_encoder_a-development-0014,timeseries_encoder_a,time_series,development,clean,none,False,False,independent_if_else,valid,1.0,1.0,1.0,1.0,1.0,1.0,1.0,1.0,1.0,1.0,1.0,1.0,1.0,0.0,0.0,0,False,0.0,0.0,False,0.0,0.019706999864865793,
timeseries_encoder_a-development-0014,timeseries_encoder_a,time_series,development,clean,none,False,False,typed_route_without_cut,valid,1.0,1.0,1.0,1.0,1.0,1.0,1.0,1.0,1.0,1.0,1.0,1.0,1.0,0.0,0.0,0,False,0.0,0.0,False,0.0,0.01904600003399537,
timeseries_encoder_a-development-0014,timeseries_encoder_a,time_series,development,clean,none,False,False,full_h10,valid,1.0,1.0,1.0,1.0,1.0,1.0,1.0,1.0,1.0,1.0,1.0,1.0,1.0,0.0,0.0,0,True,0.0,0.0,False,0.0,0.022232999981497414,d4770999e6d976e6301ac8f3e9abcd660fa8d2b4a98fc46359d83fe13101707b
timeseries_encoder_a-development-0015,timeseries_encoder_a,time_series,development,composite,subtle,False,False,independent_if_else,invalid,1.0,1.0,1.0,1.0,1.0,1.0,1.0,1.0,0.5,1.0,0.6666666666666666,0.5,0.0,1.0,0.0,0,False,0.0,0.0,False,0.0,0.026310000066587236,
timeseries_encoder_a-development-0015,timeseries_encoder_a,time_series,development,composite,subtle,False,False,typed_route_without_cut,invalid,1.0,1.0,1.0,1.0,1.0,1.0,1.0,1.0,0.5,1.0,0.6666666666666666,0.5,0.0,1.0,0.0,0,False,0.0,0.0,False,0.0,0.07347999962803442,
timeseries_encoder_a-development-0015,timeseries_encoder_a,time_series,development,composite,subtle,False,False,full_h10,invalid,1.0,1.0,1.0,1.0,1.0,1.0,1.0,1.0,1.0,1.0,1.0,1.0,1.0,0.0,0.0,0,True,0.0,0.0,False,0.0,0.1810730000215699,7787ac53a8ec2198a15654e36ce214da9a519729913c7ecb086bbcc25cfbad9c
timeseries_encoder_a-development-0016,timeseries_encoder_a,time_series,development,unknown_ambiguous,moderate,True,True,independent_if_else,insufficient_evidence,1.0,1.0,1.0,1.0,0.3333333333333333,1.0,0.5,0.3333333333333333,1.0,1.0,1.0,1.0,1.0,0.0,4.0,2,False,0.0,0.0,True,0.0,0.03576800008886494,
timeseries_encoder_a-development-0016,timeseries_encoder_a,time_series,development,unknown_ambiguous,moderate,True,True,typed_route_without_cut,insufficient_evidence,1.0,1.0,1.0,1.0,0.3333333333333333,1.0,0.5,0.3333333333333333,1.0,1.0,1.0,1.0,1.0,0.0,4.0,2,False,0.0,0.0,True,0.0,0.06542399978570757,
timeseries_encoder_a-development-0016,timeseries_encoder_a,time_series,development,unknown_ambiguous,moderate,True,True,full_h10,insufficient_evidence,1.0,1.0,1.0,1.0,0.3333333333333333,1.0,0.5,0.3333333333333333,1.0,1.0,1.0,1.0,1.0,0.0,4.0,2,True,0.0,0.0,True,0.0,0.21732300001531257,d874decc2342a5cfd8ec5a74d59e659ece8060f2aa48f9ad7a05c133f405eb73
timeseries_encoder_a-development-0017,timeseries_encoder_a,time_series,development,clean,none,False,False,independent_if_else,valid,1.0,1.0,1.0,1.0,1.0,1.0,1.0,1.0,1.0,1.0,1.0,1.0,1.0,0.0,0.0,0,False,0.0,0.0,False,0.0,0.027571999908104772,
timeseries_encoder_a-development-0017,timeseries_encoder_a,time_series,development,clean,none,False,False,typed_route_without_cut,valid,1.0,1.0,1.0,1.0,1.0,1.0,1.0,1.0,1.0,1.0,1.0,1.0,1.0,0.0,0.0,0,False,0.0,0.0,False,0.0,0.031569999919156544,
timeseries_encoder_a-development-0017,timeseries_encoder_a,time_series,development,clean,none,False,False,full_h10,valid,1.0,1.0,1.0,1.0,1.0,1.0,1.0,1.0,1.0,1.0,1.0,1.0,1.0,0.0,0.0,0,True,0.0,0.0,False,0.0,0.034375000268482836,9ce730f3791c6f05c92c5de6ba79f62e76ccede4c70444ba296668701a82a6c3
timeseries_encoder_a-development-0018,timeseries_encoder_a,time_series,development,clean,none,False,False,independent_if_else,valid,1.0,1.0,1.0,1.0,1.0,1.0,1.0,1.0,1.0,1.0,1.0,1.0,1.0,0.0,0.0,0,False,0.0,0.0,False,0.0,0.017483000192441978,
timeseries_encoder_a-development-0018,timeseries_encoder_a,time_series,development,clean,none,False,False,typed_route_without_cut,valid,1.0,1.0,1.0,1.0,1.0,1.0,1.0,1.0,1.0,1.0,1.0,1.0,1.0,0.0,0.0,0,False,0.0,0.0,False,0.0,0.018464999811840244,
timeseries_encoder_a-development-0018,timeseries_encoder_a,time_series,development,clean,none,False,False,full_h10,valid,1.0,1.0,1.0,1.0,1.0,1.0,1.0,1.0,1.0,1.0,1.0,1.0,1.0,0.0,0.0,0,True,0.0,0.0,False,0.0,0.029045000246696873,c7c67219e70b47211956ef7f722ea640425b0d1f16e8e50fcc169d8b8c6bf5ac
timeseries_encoder_a-development-0019,timeseries_encoder_a,time_series,development,clean,none,False,False,independent_if_else,valid,1.0,1.0,1.0,1.0,1.0,1.0,1.0,1.0,1.0,1.0,1.0,1.0,1.0,0.0,0.0,0,False,0.0,0.0,False,0.0,0.02501700009815977,
timeseries_encoder_a-development-0019,timeseries_encoder_a,time_series,development,clean,none,False,False,typed_route_without_cut,valid,1.0,1.0,1.0,1.0,1.0,1.0,1.0,1.0,1.0,1.0,1.0,1.0,1.0,0.0,0.0,0,False,0.0,0.0,False,0.0,0.017994000245380448,
timeseries_encoder_a-development-0019,timeseries_encoder_a,time_series,development,clean,none,False,False,full_h10,valid,1.0,1.0,1.0,1.0,1.0,1.0,1.0,1.0,1.0,1.0,1.0,1.0,1.0,0.0,0.0,0,True,0.0,0.0,False,0.0,0.019467000129225198,c3462efa2c000e224122d1acb729980d6af96d5b0095fe0fd44ba2f6e1579197
timeseries_encoder_a-development-0020,timeseries_encoder_a,time_series,development,single,severe,False,False,independent_if_else,invalid,1.0,1.0,1.0,1.0,1.0,1.0,1.0,1.0,1.0,1.0,1.0,1.0,1.0,0.0,0.0,0,False,0.0,0.0,False,0.0,0.022341999738273444,
timeseries_encoder_a-development-0020,timeseries_encoder_a,time_series,development,single,severe,False,False,typed_route_without_cut,invalid,1.0,1.0,1.0,1.0,1.0,1.0,1.0,1.0,1.0,1.0,1.0,1.0,1.0,0.0,0.0,0,False,0.0,0.0,False,0.0,0.060104000112914946,
timeseries_encoder_a-development-0020,timeseries_encoder_a,time_series,development,single,severe,False,False,full_h10,invalid,1.0,1.0,1.0,1.0,1.0,1.0,1.0,1.0,1.0,1.0,1.0,1.0,1.0,0.0,0.0,0,True,0.0,0.0,False,0.0,0.17501199999969685,b740ee10f49163627c5339ed5addf9ac433f2b0e0ce33b21fa769f36e7321eed
timeseries_encoder_a-development-0021,timeseries_encoder_a,time_series,development,composite,subtle,False,False,independent_if_else,invalid,1.0,1.0,1.0,1.0,1.0,1.0,1.0,1.0,0.5,1.0,0.6666666666666666,0.5,0.0,2.0,0.0,0,False,0.0,0.0,False,0.0,0.031600000056641875,
timeseries_encoder_a-development-0021,timeseries_encoder_a,time_series,development,composite,subtle,False,False,typed_route_without_cut,invalid,1.0,1.0,1.0,1.0,1.0,1.0,1.0,1.0,0.5,1.0,0.6666666666666666,0.5,0.0,2.0,0.0,0,False,0.0,0.0,False,0.0,0.08237600013671909,
timeseries_encoder_a-development-0021,timeseries_encoder_a,time_series,development,composite,subtle,False,False,full_h10,invalid,1.0,1.0,1.0,1.0,1.0,1.0,1.0,1.0,1.0,1.0,1.0,1.0,1.0,0.0,0.0,0,True,0.0,0.0,False,0.0,0.1801419998628262,67069ff320949da3c26bc85ebd4b23c56a9a26242dc08a4390c15dd2632c51d9
timeseries_encoder_a-development-0022,timeseries_encoder_a,time_series,development,composite,moderate,False,False,independent_if_else,invalid,1.0,1.0,1.0,1.0,1.0,1.0,1.0,1.0,1.0,1.0,1.0,1.0,1.0,0.0,0.0,0,False,0.0,0.0,False,0.0,0.03395500016267761,
timeseries_encoder_a-development-0022,timeseries_encoder_a,time_series,development,composite,moderate,False,False,typed_route_without_cut,invalid,1.0,1.0,1.0,1.0,1.0,1.0,1.0,1.0,1.0,1.0,1.0,1.0,1.0,0.0,0.0,0,False,0.0,0.0,False,0.0,0.08264600000984501,
timeseries_encoder_a-development-0022,timeseries_encoder_a,time_series,development,composite,moderate,False,False,full_h10,invalid,1.0,1.0,1.0,1.0,1.0,1.0,1.0,1.0,1.0,1.0,1.0,1.0,1.0,0.0,0.0,0,True,0.0,0.0,False,0.0,0.24010600009205518,a7d3ae79bf7e97246b762f84d1021e4973a39365bd091c56fd3ee5bb729b2a42
timeseries_encoder_a-development-0023,timeseries_encoder_a,time_series,development,composite,severe,False,False,independent_if_else,invalid,1.0,1.0,1.0,1.0,1.0,1.0,1.0,1.0,1.0,1.0,1.0,1.0,1.0,0.0,0.0,0,False,0.0,0.0,False,0.0,0.029136000193830114,
timeseries_encoder_a-development-0023,timeseries_encoder_a,time_series,development,composite,severe,False,False,typed_route_without_cut,invalid,1.0,1.0,1.0,1.0,1.0,1.0,1.0,1.0,1.0,1.0,1.0,1.0,1.0,0.0,0.0,0,False,0.0,0.0,False,0.0,0.07015299979684642,
timeseries_encoder_a-development-0023,timeseries_encoder_a,time_series,development,composite,severe,False,False,full_h10,invalid,1.0,1.0,1.0,1.0,1.0,1.0,1.0,1.0,1.0,1.0,1.0,1.0,1.0,0.0,0.0,0,True,0.0,0.0,False,0.0,0.22855399993204628,b406d50bef0b7ea9284ec87e3468aac629c35717c782b622fe8c2142a196f76a
timeseries_encoder_a-development-0024,timeseries_encoder_a,time_series,development,unknown_ambiguous,subtle,True,True,independent_if_else,invalid,1.0,1.0,1.0,1.0,1.0,1.0,1.0,1.0,0.25,0.5,0.3333333333333333,0.2,0.0,37.0,0.0,0,False,0.0,0.0,False,1.0,0.049473999752081,
timeseries_encoder_a-development-0024,timeseries_encoder_a,time_series,development,unknown_ambiguous,subtle,True,True,typed_route_without_cut,invalid,1.0,1.0,1.0,1.0,1.0,1.0,1.0,1.0,0.25,0.5,0.3333333333333333,0.2,0.0,37.0,0.0,0,False,0.0,0.0,False,1.0,0.03542700005709776,
timeseries_encoder_a-development-0024,timeseries_encoder_a,time_series,development,unknown_ambiguous,subtle,True,True,full_h10,invalid,1.0,1.0,1.0,1.0,1.0,1.0,1.0,1.0,0.3333333333333333,0.5,0.4,0.25,0.0,36.0,0.0,0,True,0.0,0.0,False,1.0,0.24715900008231984,4cfc83a0dc723b6a463404574f80a30b0f11556eaeae3bf8bbeb19e011f40517
timeseries_encoder_a-development-0025,timeseries_encoder_a,time_series,development,composite,moderate,False,False,independent_if_else,invalid,1.0,1.0,1.0,1.0,1.0,1.0,1.0,1.0,0.5,1.0,0.6666666666666666,0.5,0.0,2.0,0.0,0,False,0.0,0.0,False,0.0,0.037120999877515715,
timeseries_encoder_a-development-0025,timeseries_encoder_a,time_series,development,composite,moderate,False,False,typed_route_without_cut,invalid,1.0,1.0,1.0,1.0,1.0,1.0,1.0,1.0,0.5,1.0,0.6666666666666666,0.5,0.0,2.0,0.0,0,False,0.0,0.0,False,0.0,0.07641499996680068,
timeseries_encoder_a-development-0025,timeseries_encoder_a,time_series,development,composite,moderate,False,False,full_h10,invalid,1.0,1.0,1.0,1.0,1.0,1.0,1.0,1.0,1.0,1.0,1.0,1.0,1.0,0.0,0.0,0,True,0.0,0.0,False,0.0,0.18403000012767734,2a0c935fff98b31e72904a149a05a4f629437753b2757dd492a308196e5be88b
timeseries_encoder_a-development-0026,timeseries_encoder_a,time_series,development,unknown_ambiguous,severe,True,True,independent_if_else,insufficient_evidence,1.0,1.0,1.0,1.0,0.5,1.0,0.6666666666666666,0.5,1.0,1.0,1.0,1.0,1.0,0.0,4.0,2,False,0.0,0.0,True,0.0,0.03346399989823112,
timeseries_encoder_a-development-0026,timeseries_encoder_a,time_series,development,unknown_ambiguous,severe,True,True,typed_route_without_cut,insufficient_evidence,1.0,1.0,1.0,1.0,0.5,1.0,0.6666666666666666,0.5,1.0,1.0,1.0,1.0,1.0,0.0,4.0,2,False,0.0,0.0,True,0.0,0.08205499989344389,
timeseries_encoder_a-development-0026,timeseries_encoder_a,time_series,development,unknown_ambiguous,severe,True,True,full_h10,insufficient_evidence,1.0,1.0,1.0,1.0,0.5,1.0,0.6666666666666666,0.5,1.0,1.0,1.0,1.0,1.0,0.0,4.0,2,True,0.0,0.0,True,0.0,0.1935680002134177,4954fa33a454b8913c742680a215cfdd8b4d0ff6347541d8f716a3707dc53a37
timeseries_encoder_a-development-0027,timeseries_encoder_a,time_series,development,unknown_ambiguous,subtle,True,False,independent_if_else,invalid,1.0,1.0,1.0,1.0,1.0,1.0,1.0,1.0,0.2,0.5,0.28571428571428575,0.16666666666666666,0.0,39.0,0.0,0,False,0.0,0.0,False,1.0,0.03685000001496519,
timeseries_encoder_a-development-0027,timeseries_encoder_a,time_series,development,unknown_ambiguous,subtle,True,False,typed_route_without_cut,invalid,1.0,1.0,1.0,1.0,1.0,1.0,1.0,1.0,0.2,0.5,0.28571428571428575,0.16666666666666666,0.0,39.0,0.0,0,False,0.0,0.0,False,1.0,0.0797110001258261,
timeseries_encoder_a-development-0027,timeseries_encoder_a,time_series,development,unknown_ambiguous,subtle,True,False,full_h10,invalid,1.0,1.0,1.0,1.0,1.0,1.0,1.0,1.0,0.3333333333333333,0.5,0.4,0.25,0.0,36.0,0.0,0,True,0.0,0.0,False,1.0,0.2548030001889856,c116efadb2c0df52d480d3403d592c53600ae950784ff3ce806c0312b1a5c390
timeseries_encoder_a-development-0028,timeseries_encoder_a,time_series,development,composite,moderate,False,False,independent_if_else,invalid,1.0,1.0,1.0,1.0,1.0,1.0,1.0,1.0,0.6666666666666666,1.0,0.8,0.6666666666666666,0.0,2.0,0.0,0,False,0.0,0.0,False,0.0,0.04174900004727533,
timeseries_encoder_a-development-0028,timeseries_encoder_a,time_series,development,composite,moderate,False,False,typed_route_without_cut,invalid,1.0,1.0,1.0,1.0,1.0,1.0,1.0,1.0,0.6666666666666666,1.0,0.8,0.6666666666666666,0.0,2.0,0.0,0,False,0.0,0.0,False,0.0,0.08908900008464116,
timeseries_encoder_a-development-0028,timeseries_encoder_a,time_series,development,composite,moderate,False,False,full_h10,invalid,1.0,1.0,1.0,1.0,1.0,1.0,1.0,1.0,1.0,1.0,1.0,1.0,1.0,0.0,0.0,0,True,0.0,0.0,False,0.0,0.3281330000390881,a3655d016285e6a53a057e483cf6543fca5c2d470813b45a518af1244f188628
timeseries_encoder_a-development-0029,timeseries_encoder_a,time_series,development,composite,severe,False,False,independent_if_else,invalid,1.0,1.0,1.0,1.0,1.0,1.0,1.0,1.0,1.0,1.0,1.0,1.0,1.0,0.0,0.0,0,False,0.0,0.0,False,0.0,0.05076600018583122,
timeseries_encoder_a-development-0029,timeseries_encoder_a,time_series,development,composite,severe,False,False,typed_route_without_cut,invalid,1.0,1.0,1.0,1.0,1.0,1.0,1.0,1.0,1.0,1.0,1.0,1.0,1.0,0.0,0.0,0,False,0.0,0.0,False,0.0,0.0639009999758855,
timeseries_encoder_a-development-0029,timeseries_encoder_a,time_series,development,composite,severe,False,False,full_h10,invalid,1.0,1.0,1.0,1.0,1.0,1.0,1.0,1.0,1.0,1.0,1.0,1.0,1.0,0.0,0.0,0,True,0.0,0.0,False,0.0,0.2292149997629167,abb8b96b9bed322c988f72ef3173074da0072f61872e375c2170b1fe6ab065d1
timeseries_encoder_a-development-0030,timeseries_encoder_a,time_series,development,composite,subtle,False,False,independent_if_else,invalid,1.0,1.0,1.0,1.0,1.0,1.0,1.0,1.0,0.6666666666666666,1.0,0.8,0.6666666666666666,0.0,2.0,0.0,0,False,0.0,0.0,False,0.0,0.03642000001491397,
timeseries_encoder_a-development-0030,timeseries_encoder_a,time_series,development,composite,subtle,False,False,typed_route_without_cut,invalid,1.0,1.0,1.0,1.0,1.0,1.0,1.0,1.0,0.6666666666666666,1.0,0.8,0.6666666666666666,0.0,2.0,0.0,0,False,0.0,0.0,False,0.0,0.08254600015789038,
timeseries_encoder_a-development-0030,timeseries_encoder_a,time_series,development,composite,subtle,False,False,full_h10,invalid,1.0,1.0,1.0,1.0,1.0,1.0,1.0,1.0,1.0,1.0,1.0,1.0,1.0,0.0,0.0,0,True,0.0,0.0,False,0.0,0.24759999996604165,a12e664dbcd335a8ef59f81c2ae940e752cb7219e15853bb69d75e6226aec71b
timeseries_encoder_a-development-0031,timeseries_encoder_a,time_series,development,single,moderate,False,False,independent_if_else,invalid,1.0,1.0,1.0,1.0,1.0,1.0,1.0,1.0,1.0,1.0,1.0,1.0,1.0,0.0,0.0,0,False,0.0,0.0,False,0.0,0.031629999739379855,
timeseries_encoder_a-development-0031,timeseries_encoder_a,time_series,development,single,moderate,False,False,typed_route_without_cut,invalid,1.0,1.0,1.0,1.0,1.0,1.0,1.0,1.0,1.0,1.0,1.0,1.0,1.0,0.0,0.0,0,False,0.0,0.0,False,0.0,0.049012999625119846,
timeseries_encoder_a-development-0031,timeseries_encoder_a,time_series,development,single,moderate,False,False,full_h10,invalid,1.0,1.0,1.0,1.0,1.0,1.0,1.0,1.0,1.0,1.0,1.0,1.0,1.0,0.0,0.0,0,True,0.0,0.0,False,0.0,0.2580899999884423,e1d5481b3a02116d92e6af60c2e6700242c267c2b5bcbf7cf7fc8a8380a326f7
timeseries_encoder_a-development-0032,timeseries_encoder_a,time_series,development,single,severe,False,False,independent_if_else,invalid,1.0,1.0,1.0,1.0,1.0,1.0,1.0,1.0,1.0,1.0,1.0,1.0,1.0,0.0,0.0,0,False,0.0,0.0,False,0.0,0.028933999601576943,
timeseries_encoder_a-development-0032,timeseries_encoder_a,time_series,development,single,severe,False,False,typed_route_without_cut,invalid,1.0,1.0,1.0,1.0,1.0,1.0,1.0,1.0,1.0,1.0,1.0,1.0,1.0,0.0,0.0,0,False,0.0,0.0,False,0.0,0.05508499998541083,
timeseries_encoder_a-development-0032,timeseries_encoder_a,time_series,development,single,severe,False,False,full_h10,invalid,1.0,1.0,1.0,1.0,1.0,1.0,1.0,1.0,1.0,1.0,1.0,1.0,1.0,0.0,0.0,0,True,0.0,0.0,False,0.0,0.1905919998534955,ae0ba134836dfc35866a1813c6e345f14cb4f5a966292fc9b52401ed788d60bb
timeseries_encoder_a-development-0033,timeseries_encoder_a,time_series,development,clean,none,False,False,independent_if_else,valid,1.0,1.0,1.0,1.0,1.0,1.0,1.0,1.0,1.0,1.0,1.0,1.0,1.0,0.0,0.0,0,False,0.0,0.0,False,0.0,0.01890599969556206,
timeseries_encoder_a-development-0033,timeseries_encoder_a,time_series,development,clean,none,False,False,typed_route_without_cut,valid,1.0,1.0,1.0,1.0,1.0,1.0,1.0,1.0,1.0,1.0,1.0,1.0,1.0,0.0,0.0,0,False,0.0,0.0,False,0.0,0.018885999907070072,
timeseries_encoder_a-development-0033,timeseries_encoder_a,time_series,development,clean,none,False,False,full_h10,valid,1.0,1.0,1.0,1.0,1.0,1.0,1.0,1.0,1.0,1.0,1.0,1.0,1.0,0.0,0.0,0,True,0.0,0.0,False,0.0,0.02113999971697922,9731676a86c9ebcb2463f1c6f22fedf8af635ce52924af6a0b44c519fcd19b22
timeseries_encoder_a-development-0034,timeseries_encoder_a,time_series,development,single,moderate,False,False,independent_if_else,invalid,1.0,1.0,1.0,1.0,1.0,1.0,1.0,1.0,1.0,1.0,1.0,1.0,1.0,0.0,0.0,0,False,0.0,0.0,False,0.0,0.022682999770040624,
timeseries_encoder_a-development-0034,timeseries_encoder_a,time_series,development,single,moderate,False,False,typed_route_without_cut,invalid,1.0,1.0,1.0,1.0,1.0,1.0,1.0,1.0,1.0,1.0,1.0,1.0,1.0,0.0,0.0,0,False,0.0,0.0,False,0.0,0.044564000290847616,
timeseries_encoder_a-development-0034,timeseries_encoder_a,time_series,development,single,moderate,False,False,full_h10,invalid,1.0,1.0,1.0,1.0,1.0,1.0,1.0,1.0,1.0,1.0,1.0,1.0,1.0,0.0,0.0,0,True,0.0,0.0,False,0.0,0.17058399998859386,61b5da250765d6716e8ca353791a36f448722c68652dc44546603b9f211cb427
timeseries_encoder_a-development-0035,timeseries_encoder_a,time_series,development,composite,severe,False,False,independent_if_else,invalid,1.0,1.0,1.0,1.0,1.0,1.0,1.0,1.0,0.6666666666666666,1.0,0.8,0.6666666666666666,0.0,2.0,0.0,0,False,0.0,0.0,False,0.0,0.03053799991903361,
timeseries_encoder_a-development-0035,timeseries_encoder_a,time_series,development,composite,severe,False,False,typed_route_without_cut,invalid,1.0,1.0,1.0,1.0,1.0,1.0,1.0,1.0,0.6666666666666666,1.0,0.8,0.6666666666666666,0.0,2.0,0.0,0,False,0.0,0.0,False,0.0,0.06229800010260078,
timeseries_encoder_a-development-0035,timeseries_encoder_a,time_series,development,composite,severe,False,False,full_h10,invalid,1.0,1.0,1.0,1.0,1.0,1.0,1.0,1.0,1.0,1.0,1.0,1.0,1.0,0.0,0.0,0,True,0.0,0.0,False,0.0,0.18461000036040787,af8621fe7f2d7e39c881debf0cfc656d81d70c3c035e5e4f7ac4a4487753b2e9
timeseries_encoder_a-development-0036,timeseries_encoder_a,time_series,development,composite,subtle,False,False,independent_if_else,invalid,1.0,1.0,1.0,1.0,1.0,1.0,1.0,1.0,0.3333333333333333,1.0,0.5,0.3333333333333333,0.0,6.0,0.0,0,False,0.0,0.0,False,0.0,0.04089699996256968,
timeseries_encoder_a-development-0036,timeseries_encoder_a,time_series,development,composite,subtle,False,False,typed_route_without_cut,invalid,1.0,1.0,1.0,1.0,1.0,1.0,1.0,1.0,0.3333333333333333,1.0,0.5,0.3333333333333333,0.0,6.0,0.0,0,False,0.0,0.0,False,0.0,0.062108000292937504,
timeseries_encoder_a-development-0036,timeseries_encoder_a,time_series,development,composite,subtle,False,False,full_h10,invalid,1.0,1.0,1.0,1.0,1.0,1.0,1.0,1.0,1.0,1.0,1.0,1.0,1.0,0.0,0.0,0,True,0.0,0.0,False,0.0,0.17892000005303998,9297f9c766f3c96c8f4123adb469adcbd354508cb4f74aa190d26c99d7143652
timeseries_encoder_a-development-0037,timeseries_encoder_a,time_series,development,composite,moderate,False,False,independent_if_else,invalid,1.0,1.0,1.0,1.0,1.0,1.0,1.0,1.0,0.6666666666666666,1.0,0.8,0.6666666666666666,0.0,2.0,0.0,0,False,0.0,0.0,False,0.0,0.029396000172710046,
timeseries_encoder_a-development-0037,timeseries_encoder_a,time_series,development,composite,moderate,False,False,typed_route_without_cut,invalid,1.0,1.0,1.0,1.0,1.0,1.0,1.0,1.0,0.6666666666666666,1.0,0.8,0.6666666666666666,0.0,2.0,0.0,0,False,0.0,0.0,False,0.0,0.07263699990289751,
timeseries_encoder_a-development-0037,timeseries_encoder_a,time_series,development,composite,moderate,False,False,full_h10,invalid,1.0,1.0,1.0,1.0,1.0,1.0,1.0,1.0,1.0,1.0,1.0,1.0,1.0,0.0,0.0,0,True,0.0,0.0,False,0.0,0.2007510001931223,74f2fac940177c55355b2208357beceab0cfa177703327bd2e43861294efa366
timeseries_encoder_a-development-0038,timeseries_encoder_a,time_series,development,composite,severe,False,False,independent_if_else,invalid,1.0,1.0,1.0,1.0,1.0,1.0,1.0,1.0,0.6666666666666666,1.0,0.8,0.6666666666666666,0.0,2.0,0.0,0,False,0.0,0.0,False,0.0,0.029706000077567296,
timeseries_encoder_a-development-0038,timeseries_encoder_a,time_series,development,composite,severe,False,False,typed_route_without_cut,invalid,1.0,1.0,1.0,1.0,1.0,1.0,1.0,1.0,0.6666666666666666,1.0,0.8,0.6666666666666666,0.0,2.0,0.0,0,False,0.0,0.0,False,0.0,0.07439099999828613,
timeseries_encoder_a-development-0038,timeseries_encoder_a,time_series,development,composite,severe,False,False,full_h10,invalid,1.0,1.0,1.0,1.0,1.0,1.0,1.0,1.0,1.0,1.0,1.0,1.0,1.0,0.0,0.0,0,True,0.0,0.0,False,0.0,0.20538899980238057,67b7ba5638361c41dbb39c8bc8dd2213dd4efc43950ea028176067abbd1a8b79
timeseries_encoder_a-development-0039,timeseries_encoder_a,time_series,development,composite,subtle,False,False,independent_if_else,invalid,1.0,1.0,1.0,1.0,1.0,1.0,1.0,1.0,0.6666666666666666,1.0,0.8,0.6666666666666666,0.0,2.0,0.0,0,False,0.0,0.0,False,0.0,0.03067800025746692,
timeseries_encoder_a-development-0039,timeseries_encoder_a,time_series,development,composite,subtle,False,False,typed_route_without_cut,invalid,1.0,1.0,1.0,1.0,1.0,1.0,1.0,1.0,0.6666666666666666,1.0,0.8,0.6666666666666666,0.0,2.0,0.0,0,False,0.0,0.0,False,0.0,0.07620400037922082,
timeseries_encoder_a-development-0039,timeseries_encoder_a,time_series,development,composite,subtle,False,False,full_h10,invalid,1.0,1.0,1.0,1.0,1.0,1.0,1.0,1.0,1.0,1.0,1.0,1.0,1.0,0.0,0.0,0,True,0.0,0.0,False,0.0,0.19468899972707732,317f82a2d934ef718d723af365a59b6615437eccddc91dd22ba71e5a33e06c18
timeseries_encoder_a-development-0040,timeseries_encoder_a,time_series,development,single,moderate,False,False,independent_if_else,invalid,1.0,1.0,1.0,1.0,1.0,1.0,1.0,1.0,1.0,1.0,1.0,1.0,1.0,0.0,0.0,0,False,0.0,0.0,False,0.0,0.025177000225085067,
timeseries_encoder_a-development-0040,timeseries_encoder_a,time_series,development,single,moderate,False,False,typed_route_without_cut,invalid,1.0,1.0,1.0,1.0,1.0,1.0,1.0,1.0,1.0,1.0,1.0,1.0,1.0,0.0,0.0,0,False,0.0,0.0,False,0.0,0.020990000393794617,
timeseries_encoder_a-development-0040,timeseries_encoder_a,time_series,development,single,moderate,False,False,full_h10,invalid,1.0,1.0,1.0,1.0,1.0,1.0,1.0,1.0,1.0,1.0,1.0,1.0,1.0,0.0,0.0,0,True,0.0,0.0,False,0.0,0.1916940000228351,802fb1a5652b2978049303f2da6b5917af8eb99a4de98dc5736a4d28601a4330
timeseries_encoder_a-development-0041,timeseries_encoder_a,time_series,development,single,severe,False,False,independent_if_else,invalid,1.0,1.0,1.0,1.0,1.0,1.0,1.0,1.0,1.0,1.0,1.0,1.0,1.0,0.0,0.0,0,False,0.0,0.0,False,0.0,0.033954999707930256,
timeseries_encoder_a-development-0041,timeseries_encoder_a,time_series,development,single,severe,False,False,typed_route_without_cut,invalid,1.0,1.0,1.0,1.0,1.0,1.0,1.0,1.0,1.0,1.0,1.0,1.0,1.0,0.0,0.0,0,False,0.0,0.0,False,0.0,0.02397500020379084,
timeseries_encoder_a-development-0041,timeseries_encoder_a,time_series,development,single,severe,False,False,full_h10,invalid,1.0,1.0,1.0,1.0,1.0,1.0,1.0,1.0,1.0,1.0,1.0,1.0,1.0,0.0,0.0,0,True,0.0,0.0,False,0.0,0.17229700006282656,c2ea9c745c14bff5a3c8b6b13ab6642732a1fda739eab0bc88e6c0f88513c488
timeseries_encoder_a-development-0042,timeseries_encoder_a,time_series,development,composite,subtle,False,False,independent_if_else,invalid,1.0,1.0,1.0,1.0,1.0,1.0,1.0,1.0,1.0,1.0,1.0,1.0,1.0,0.0,0.0,0,False,0.0,0.0,False,0.0,0.027633000172500033,
timeseries_encoder_a-development-0042,timeseries_encoder_a,time_series,development,composite,subtle,False,False,typed_route_without_cut,invalid,1.0,1.0,1.0,1.0,1.0,1.0,1.0,1.0,1.0,1.0,1.0,1.0,1.0,0.0,0.0,0,False,0.0,0.0,False,0.0,0.0727280003047781,
timeseries_encoder_a-development-0042,timeseries_encoder_a,time_series,development,composite,subtle,False,False,full_h10,invalid,1.0,1.0,1.0,1.0,1.0,1.0,1.0,1.0,1.0,1.0,1.0,1.0,1.0,0.0,0.0,0,True,0.0,0.0,False,0.0,0.191993999578699,4decee541effa5854462443c2f94f46721ae06a06f1800d0541d18822b0ef837
timeseries_encoder_a-development-0043,timeseries_encoder_a,time_series,development,composite,moderate,False,False,independent_if_else,invalid,1.0,1.0,1.0,1.0,1.0,1.0,1.0,1.0,0.6666666666666666,1.0,0.8,0.6666666666666666,0.0,4.0,0.0,0,False,0.0,0.0,False,0.0,0.030719000278622843,
timeseries_encoder_a-development-0043,timeseries_encoder_a,time_series,development,composite,moderate,False,False,typed_route_without_cut,invalid,1.0,1.0,1.0,1.0,1.0,1.0,1.0,1.0,0.6666666666666666,1.0,0.8,0.6666666666666666,0.0,4.0,0.0,0,False,0.0,0.0,False,0.0,0.05932200019742595,
timeseries_encoder_a-development-0043,timeseries_encoder_a,time_series,development,composite,moderate,False,False,full_h10,invalid,1.0,1.0,1.0,1.0,1.0,1.0,1.0,1.0,1.0,1.0,1.0,1.0,1.0,0.0,0.0,0,True,0.0,0.0,False,0.0,0.22559799981536344,bf7e752a4c7dc7250dfc605a02e9759343ba6bbdc5999ff5d51b4ddf660c4aab
timeseries_encoder_a-development-0044,timeseries_encoder_a,time_series,development,composite,severe,False,False,independent_if_else,invalid,1.0,1.0,1.0,1.0,1.0,1.0,1.0,1.0,0.3333333333333333,1.0,0.5,0.3333333333333333,0.0,6.0,0.0,0,False,0.0,0.0,False,0.0,0.031890999707684387,
timeseries_encoder_a-development-0044,timeseries_encoder_a,time_series,development,composite,severe,False,False,typed_route_without_cut,invalid,1.0,1.0,1.0,1.0,1.0,1.0,1.0,1.0,0.3333333333333333,1.0,0.5,0.3333333333333333,0.0,6.0,0.0,0,False,0.0,0.0,False,0.0,0.06285899962676922,
timeseries_encoder_a-development-0044,timeseries_encoder_a,time_series,development,composite,severe,False,False,full_h10,invalid,1.0,1.0,1.0,1.0,1.0,1.0,1.0,1.0,1.0,1.0,1.0,1.0,1.0,0.0,0.0,0,True,0.0,0.0,False,0.0,0.19654300012916792,3ca13af405029fb0bbd1a80f02f1af7139d4f6e290b1769e660e1709b52d21af
timeseries_encoder_a-development-0045,timeseries_encoder_a,time_series,development,clean,none,False,False,independent_if_else,valid,1.0,1.0,1.0,1.0,1.0,1.0,1.0,1.0,1.0,1.0,1.0,1.0,1.0,0.0,0.0,0,False,0.0,0.0,False,0.0,0.018123999780073063,
timeseries_encoder_a-development-0045,timeseries_encoder_a,time_series,development,clean,none,False,False,typed_route_without_cut,valid,1.0,1.0,1.0,1.0,1.0,1.0,1.0,1.0,1.0,1.0,1.0,1.0,1.0,0.0,0.0,0,False,0.0,0.0,False,0.0,0.019347000034031225,
timeseries_encoder_a-development-0045,timeseries_encoder_a,time_series,development,clean,none,False,False,full_h10,valid,1.0,1.0,1.0,1.0,1.0,1.0,1.0,1.0,1.0,1.0,1.0,1.0,1.0,0.0,0.0,0,True,0.0,0.0,False,0.0,0.022942999748920556,6895a6cc11336f2e387dff0fb12b01b6197b3367f7ee33c5179e3aa0834435d0
timeseries_encoder_a-development-0046,timeseries_encoder_a,time_series,development,unknown_ambiguous,moderate,True,True,independent_if_else,insufficient_evidence,1.0,1.0,1.0,1.0,0.6666666666666666,1.0,0.8,0.6666666666666666,1.0,1.0,1.0,1.0,1.0,0.0,1.0,1,False,0.0,0.0,True,0.0,0.02909500017267419,
timeseries_encoder_a-development-0046,timeseries_encoder_a,time_series,development,unknown_ambiguous,moderate,True,True,typed_route_without_cut,insufficient_evidence,1.0,1.0,1.0,1.0,0.6666666666666666,1.0,0.8,0.6666666666666666,1.0,1.0,1.0,1.0,1.0,0.0,1.0,1,False,0.0,0.0,True,0.0,0.0518790002388414,
timeseries_encoder_a-development-0046,timeseries_encoder_a,time_series,development,unknown_ambiguous,moderate,True,True,full_h10,insufficient_evidence,1.0,1.0,1.0,1.0,0.6666666666666666,1.0,0.8,0.6666666666666666,1.0,1.0,1.0,1.0,1.0,0.0,1.0,1,True,0.0,0.0,True,0.0,0.18196499968325952,69ca6dcd9d25b49daa8d461214d5ead18790284be901bc653812abe3a9bfc637
timeseries_encoder_a-development-0047,timeseries_encoder_a,time_series,development,composite,severe,False,False,independent_if_else,invalid,1.0,1.0,1.0,1.0,1.0,1.0,1.0,1.0,0.3333333333333333,1.0,0.5,0.3333333333333333,0.0,6.0,0.0,0,False,0.0,0.0,False,0.0,0.034605999644554686,
timeseries_encoder_a-development-0047,timeseries_encoder_a,time_series,development,composite,severe,False,False,typed_route_without_cut,invalid,1.0,1.0,1.0,1.0,1.0,1.0,1.0,1.0,0.3333333333333333,1.0,0.5,0.3333333333333333,0.0,6.0,0.0,0,False,0.0,0.0,False,0.0,0.06440200013457797,
timeseries_encoder_a-development-0047,timeseries_encoder_a,time_series,development,composite,severe,False,False,full_h10,invalid,1.0,1.0,1.0,1.0,1.0,1.0,1.0,1.0,1.0,1.0,1.0,1.0,1.0,0.0,0.0,0,True,0.0,0.0,False,0.0,0.2017530000557599,97d4e31106e1affce4ff86b50c96d8e4bdccd7b98cab28c09b2026768c5b17c5
timeseries_encoder_a-development-0048,timeseries_encoder_a,time_series,development,composite,subtle,False,False,independent_if_else,invalid,1.0,1.0,1.0,1.0,1.0,1.0,1.0,1.0,0.6666666666666666,1.0,0.8,0.6666666666666666,0.0,2.0,0.0,0,False,0.0,0.0,False,0.0,0.03149999974993989,
timeseries_encoder_a-development-0048,timeseries_encoder_a,time_series,development,composite,subtle,False,False,typed_route_without_cut,invalid,1.0,1.0,1.0,1.0,1.0,1.0,1.0,1.0,0.6666666666666666,1.0,0.8,0.6666666666666666,0.0,2.0,0.0,0,False,0.0,0.0,False,0.0,0.07185699996625772,
timeseries_encoder_a-development-0048,timeseries_encoder_a,time_series,development,composite,subtle,False,False,full_h10,invalid,1.0,1.0,1.0,1.0,1.0,1.0,1.0,1.0,1.0,1.0,1.0,1.0,1.0,0.0,0.0,0,True,0.0,0.0,False,0.0,0.20678300006693462,e4f70215855e7e3c634839562800a534a80134cb5aeccb0d2ab41eebfc4bcb5f
timeseries_encoder_a-development-0049,timeseries_encoder_a,time_series,development,unknown_ambiguous,moderate,True,False,independent_if_else,invalid,1.0,1.0,1.0,1.0,1.0,1.0,1.0,1.0,0.0,0.0,0.0,0.0,0.0,19.0,0.0,0,False,0.0,0.0,False,1.0,0.025819000256888103,
timeseries_encoder_a-development-0049,timeseries_encoder_a,time_series,development,unknown_ambiguous,moderate,True,False,typed_route_without_cut,invalid,1.0,1.0,1.0,1.0,1.0,1.0,1.0,1.0,0.0,0.0,0.0,0.0,0.0,19.0,0.0,0,False,0.0,0.0,False,1.0,0.029365000045800116,
timeseries_encoder_a-development-0049,timeseries_encoder_a,time_series,development,unknown_ambiguous,moderate,True,False,full_h10,invalid,1.0,1.0,1.0,1.0,1.0,1.0,1.0,1.0,0.0,0.0,0.0,0.0,0.0,19.0,0.0,0,True,0.0,0.0,False,1.0,0.1788289996511594,9fe960b11ecbcd325d7673ef960bafc600acbb9af4b481b84323e7f126251ae5
timeseries_encoder_a-development-0050,timeseries_encoder_a,time_series,development,single,severe,False,False,independent_if_else,invalid,1.0,1.0,1.0,1.0,1.0,1.0,1.0,1.0,1.0,1.0,1.0,1.0,1.0,0.0,0.0,0,False,0.0,0.0,False,0.0,0.02247299971713801,
timeseries_encoder_a-development-0050,timeseries_encoder_a,time_series,development,single,severe,False,False,typed_route_without_cut,invalid,1.0,1.0,1.0,1.0,1.0,1.0,1.0,1.0,1.0,1.0,1.0,1.0,1.0,0.0,0.0,0,False,0.0,0.0,False,0.0,0.05575599971052725,
timeseries_encoder_a-development-0050,timeseries_encoder_a,time_series,development,single,severe,False,False,full_h10,invalid,1.0,1.0,1.0,1.0,1.0,1.0,1.0,1.0,1.0,1.0,1.0,1.0,1.0,0.0,0.0,0,True,0.0,0.0,False,0.0,0.1885980000224663,3e27944b91b18b97f03daa2063783dc734085502d1fc0b2d5ba85559f604531c
timeseries_encoder_a-development-0051,timeseries_encoder_a,time_series,development,composite,subtle,False,False,independent_if_else,invalid,1.0,1.0,1.0,1.0,1.0,1.0,1.0,1.0,0.5,1.0,0.6666666666666666,0.5,0.0,1.0,0.0,0,False,0.0,0.0,False,0.0,0.02694099975997233,
timeseries_encoder_a-development-0051,timeseries_encoder_a,time_series,development,composite,subtle,False,False,typed_route_without_cut,invalid,1.0,1.0,1.0,1.0,1.0,1.0,1.0,1.0,0.5,1.0,0.6666666666666666,0.5,0.0,1.0,0.0,0,False,0.0,0.0,False,0.0,0.07077500004015747,
timeseries_encoder_a-development-0051,timeseries_encoder_a,time_series,development,composite,subtle,False,False,full_h10,invalid,1.0,1.0,1.0,1.0,1.0,1.0,1.0,1.0,1.0,1.0,1.0,1.0,1.0,0.0,0.0,0,True,0.0,0.0,False,0.0,0.20263499982320354,7ab55b59df2034ed5d735d673a34f5fa26966277b56eae2e91ece9c76ca598ad
timeseries_encoder_a-development-0052,timeseries_encoder_a,time_series,development,composite,moderate,False,False,independent_if_else,invalid,1.0,1.0,1.0,1.0,1.0,1.0,1.0,1.0,0.6666666666666666,1.0,0.8,0.6666666666666666,0.0,2.0,0.0,0,False,0.0,0.0,False,0.0,0.03909499992005294,
timeseries_encoder_a-development-0052,timeseries_encoder_a,time_series,development,composite,moderate,False,False,typed_route_without_cut,invalid,1.0,1.0,1.0,1.0,1.0,1.0,1.0,1.0,0.6666666666666666,1.0,0.8,0.6666666666666666,0.0,2.0,0.0,0,False,0.0,0.0,False,0.0,0.09652300013840431,
timeseries_encoder_a-development-0052,timeseries_encoder_a,time_series,development,composite,moderate,False,False,full_h10,invalid,1.0,1.0,1.0,1.0,1.0,1.0,1.0,1.0,1.0,1.0,1.0,1.0,1.0,0.0,0.0,0,True,0.0,0.0,False,0.0,0.20789499967577285,9aab6b4be3aa77e789469489034298ad42c141952125e98202ba2bb089cc5e87
timeseries_encoder_a-development-0053,timeseries_encoder_a,time_series,development,single,severe,False,False,independent_if_else,invalid,1.0,1.0,1.0,1.0,1.0,1.0,1.0,1.0,1.0,1.0,1.0,1.0,1.0,0.0,0.0,0,False,0.0,0.0,False,0.0,0.029486000130418688,
timeseries_encoder_a-development-0053,timeseries_encoder_a,time_series,development,single,severe,False,False,typed_route_without_cut,invalid,1.0,1.0,1.0,1.0,1.0,1.0,1.0,1.0,1.0,1.0,1.0,1.0,1.0,0.0,0.0,0,False,0.0,0.0,False,0.0,0.072808999902918,
timeseries_encoder_a-development-0053,timeseries_encoder_a,time_series,development,single,severe,False,False,full_h10,invalid,1.0,1.0,1.0,1.0,1.0,1.0,1.0,1.0,1.0,1.0,1.0,1.0,1.0,0.0,0.0,0,True,0.0,0.0,False,0.0,0.19820599982267595,57f85bfcf3828f004d9c22b289a27bd2025f17ecb27e7eea6955ead5d2d0832f
timeseries_encoder_a-development-0054,timeseries_encoder_a,time_series,development,clean,none,False,False,independent_if_else,valid,1.0,1.0,1.0,1.0,1.0,1.0,1.0,1.0,1.0,1.0,1.0,1.0,1.0,0.0,0.0,0,False,0.0,0.0,False,0.0,0.025829000151134096,
timeseries_encoder_a-development-0054,timeseries_encoder_a,time_series,development,clean,none,False,False,typed_route_without_cut,valid,1.0,1.0,1.0,1.0,1.0,1.0,1.0,1.0,1.0,1.0,1.0,1.0,1.0,0.0,0.0,0,False,0.0,0.0,False,0.0,0.021701000150642358,
timeseries_encoder_a-development-0054,timeseries_encoder_a,time_series,development,clean,none,False,False,full_h10,valid,1.0,1.0,1.0,1.0,1.0,1.0,1.0,1.0,1.0,1.0,1.0,1.0,1.0,0.0,0.0,0,True,0.0,0.0,False,0.0,0.0353569998878811,30247033881cbf8947fa65adce613ca9eabf653c999c56791d9d130291aebb3c
timeseries_encoder_a-development-0055,timeseries_encoder_a,time_series,development,composite,moderate,False,False,independent_if_else,invalid,1.0,1.0,1.0,1.0,1.0,1.0,1.0,1.0,0.6666666666666666,1.0,0.8,0.6666666666666666,0.0,2.0,0.0,0,False,0.0,0.0,False,0.0,0.03994499957116204,
timeseries_encoder_a-development-0055,timeseries_encoder_a,time_series,development,composite,moderate,False,False,typed_route_without_cut,invalid,1.0,1.0,1.0,1.0,1.0,1.0,1.0,1.0,0.6666666666666666,1.0,0.8,0.6666666666666666,0.0,2.0,0.0,0,False,0.0,0.0,False,0.0,0.09363799972561537,
timeseries_encoder_a-development-0055,timeseries_encoder_a,time_series,development,composite,moderate,False,False,full_h10,invalid,1.0,1.0,1.0,1.0,1.0,1.0,1.0,1.0,1.0,1.0,1.0,1.0,1.0,0.0,0.0,0,True,0.0,0.0,False,0.0,0.24103800024022348,8321a7590014d08f785e595e080fd156414b704f2c45bc19cf41489466d6742f
timeseries_encoder_a-development-0056,timeseries_encoder_a,time_series,development,composite,severe,False,False,independent_if_else,invalid,1.0,1.0,1.0,1.0,1.0,1.0,1.0,1.0,1.0,1.0,1.0,1.0,1.0,0.0,0.0,0,False,0.0,0.0,False,0.0,0.028224000288901152,
timeseries_encoder_a-development-0056,timeseries_encoder_a,time_series,development,composite,severe,False,False,typed_route_without_cut,invalid,1.0,1.0,1.0,1.0,1.0,1.0,1.0,1.0,1.0,1.0,1.0,1.0,1.0,0.0,0.0,0,False,0.0,0.0,False,0.0,0.07031299992377171,
timeseries_encoder_a-development-0056,timeseries_encoder_a,time_series,development,composite,severe,False,False,full_h10,invalid,1.0,1.0,1.0,1.0,1.0,1.0,1.0,1.0,1.0,1.0,1.0,1.0,1.0,0.0,0.0,0,True,0.0,0.0,False,0.0,0.2193659997828945,476deb48d62d3197806a5d4b63b3e0c3b585b322685627d692bea53e1f52e6b6
timeseries_encoder_a-development-0057,timeseries_encoder_a,time_series,development,clean,none,False,False,independent_if_else,valid,1.0,1.0,1.0,1.0,1.0,1.0,1.0,1.0,1.0,1.0,1.0,1.0,1.0,0.0,0.0,0,False,0.0,0.0,False,0.0,0.02051900037258747,
timeseries_encoder_a-development-0057,timeseries_encoder_a,time_series,development,clean,none,False,False,typed_route_without_cut,valid,1.0,1.0,1.0,1.0,1.0,1.0,1.0,1.0,1.0,1.0,1.0,1.0,1.0,0.0,0.0,0,False,0.0,0.0,False,0.0,0.022942999748920556,
timeseries_encoder_a-development-0057,timeseries_encoder_a,time_series,development,clean,none,False,False,full_h10,valid,1.0,1.0,1.0,1.0,1.0,1.0,1.0,1.0,1.0,1.0,1.0,1.0,1.0,0.0,0.0,0,True,0.0,0.0,False,0.0,0.024185999791370705,85c56ad9b58bcc5122d2077b9d711d9c7eb435ca0c94ebe1fb86caecb68e1e6b
timeseries_encoder_a-development-0058,timeseries_encoder_a,time_series,development,clean,none,False,False,independent_if_else,valid,1.0,1.0,1.0,1.0,1.0,1.0,1.0,1.0,1.0,1.0,1.0,1.0,1.0,0.0,0.0,0,False,0.0,0.0,False,0.0,0.018895999801316066,
timeseries_encoder_a-development-0058,timeseries_encoder_a,time_series,development,clean,none,False,False,typed_route_without_cut,valid,1.0,1.0,1.0,1.0,1.0,1.0,1.0,1.0,1.0,1.0,1.0,1.0,1.0,0.0,0.0,0,False,0.0,0.0,False,0.0,0.02102999997077859,
timeseries_encoder_a-development-0058,timeseries_encoder_a,time_series,development,clean,none,False,False,full_h10,valid,1.0,1.0,1.0,1.0,1.0,1.0,1.0,1.0,1.0,1.0,1.0,1.0,1.0,0.0,0.0,0,True,0.0,0.0,False,0.0,0.026980999791703653,d700f6f951cd693f179ca466936ebeb85daee1630647c626c24a6e34d8e824f6
timeseries_encoder_a-development-0059,timeseries_encoder_a,time_series,development,composite,severe,False,False,independent_if_else,invalid,1.0,1.0,1.0,1.0,1.0,1.0,1.0,1.0,0.6666666666666666,1.0,0.8,0.6666666666666666,0.0,2.0,0.0,0,False,0.0,0.0,False,0.0,0.032111000109580345,
timeseries_encoder_a-development-0059,timeseries_encoder_a,time_series,development,composite,severe,False,False,typed_route_without_cut,invalid,1.0,1.0,1.0,1.0,1.0,1.0,1.0,1.0,0.6666666666666666,1.0,0.8,0.6666666666666666,0.0,2.0,0.0,0,False,0.0,0.0,False,0.0,0.07676599989281385,
timeseries_encoder_a-development-0059,timeseries_encoder_a,time_series,development,composite,severe,False,False,full_h10,invalid,1.0,1.0,1.0,1.0,1.0,1.0,1.0,1.0,1.0,1.0,1.0,1.0,1.0,0.0,0.0,0,True,0.0,0.0,False,0.0,0.2901200000451354,5de01774e46475f660857689dadccf3be5efbcd1aaffb603a5b551dc2b10a94a
timeseries_encoder_a-development-0060,timeseries_encoder_a,time_series,development,single,subtle,False,False,independent_if_else,invalid,1.0,1.0,1.0,1.0,1.0,1.0,1.0,1.0,1.0,1.0,1.0,1.0,1.0,0.0,0.0,0,False,0.0,0.0,False,0.0,0.03269199987698812,
timeseries_encoder_a-development-0060,timeseries_encoder_a,time_series,development,single,subtle,False,False,typed_route_without_cut,invalid,1.0,1.0,1.0,1.0,1.0,1.0,1.0,1.0,1.0,1.0,1.0,1.0,1.0,0.0,0.0,0,False,0.0,0.0,False,0.0,0.0839889999042498,
timeseries_encoder_a-development-0060,timeseries_encoder_a,time_series,development,single,subtle,False,False,full_h10,invalid,1.0,1.0,1.0,1.0,1.0,1.0,1.0,1.0,1.0,1.0,1.0,1.0,1.0,0.0,0.0,0,True,0.0,0.0,False,0.0,0.1858620003076794,cb1857584f5f00508db45d12abf3991c2e68bff973da25a5ca3fde657aa1c693
timeseries_encoder_a-development-0061,timeseries_encoder_a,time_series,development,single,moderate,False,False,independent_if_else,invalid,1.0,1.0,1.0,1.0,1.0,1.0,1.0,1.0,1.0,1.0,1.0,1.0,1.0,0.0,0.0,0,False,0.0,0.0,False,0.0,0.02841400009856443,
timeseries_encoder_a-development-0061,timeseries_encoder_a,time_series,development,single,moderate,False,False,typed_route_without_cut,invalid,1.0,1.0,1.0,1.0,1.0,1.0,1.0,1.0,1.0,1.0,1.0,1.0,1.0,0.0,0.0,0,False,0.0,0.0,False,0.0,0.03824199984592269,
timeseries_encoder_a-development-0061,timeseries_encoder_a,time_series,development,single,moderate,False,False,full_h10,invalid,1.0,1.0,1.0,1.0,1.0,1.0,1.0,1.0,1.0,1.0,1.0,1.0,1.0,0.0,0.0,0,True,0.0,0.0,False,0.0,0.2027649998126435,d9466034bf287b1306c6f3d29f71e773a9e8d49ecaca10b7027b4c3e9a8000d8
timeseries_encoder_a-development-0062,timeseries_encoder_a,time_series,development,unknown_ambiguous,severe,True,True,independent_if_else,insufficient_evidence,1.0,1.0,1.0,1.0,0.7142857142857143,1.0,0.8333333333333333,0.7142857142857143,0.4,0.6666666666666666,0.5,0.3333333333333333,0.0,37.0,4.0,2,False,0.0,0.0,True,0.0,0.04981400024917093,
timeseries_encoder_a-development-0062,timeseries_encoder_a,time_series,development,unknown_ambiguous,severe,True,True,typed_route_without_cut,insufficient_evidence,1.0,1.0,1.0,1.0,0.7142857142857143,1.0,0.8333333333333333,0.7142857142857143,0.4,0.6666666666666666,0.5,0.3333333333333333,0.0,37.0,4.0,2,False,0.0,0.0,True,0.0,0.07789800019963877,
timeseries_encoder_a-development-0062,timeseries_encoder_a,time_series,development,unknown_ambiguous,severe,True,True,full_h10,insufficient_evidence,1.0,1.0,1.0,1.0,0.7142857142857143,1.0,0.8333333333333333,0.7142857142857143,0.5,0.6666666666666666,0.5714285714285715,0.4,0.0,36.0,4.0,2,True,0.0,0.0,True,0.0,0.24941299989222898,cee18c6147a9e769364603917827c5e8d7f7fb8b73e1ec6d04bd477fdfa80785
timeseries_encoder_a-development-0063,timeseries_encoder_a,time_series,development,composite,subtle,False,False,independent_if_else,invalid,1.0,1.0,1.0,1.0,1.0,1.0,1.0,1.0,1.0,1.0,1.0,1.0,1.0,0.0,0.0,0,False,0.0,0.0,False,0.0,0.027803000193671323,
timeseries_encoder_a-development-0063,timeseries_encoder_a,time_series,development,composite,subtle,False,False,typed_route_without_cut,invalid,1.0,1.0,1.0,1.0,1.0,1.0,1.0,1.0,1.0,1.0,1.0,1.0,1.0,0.0,0.0,0,False,0.0,0.0,False,0.0,0.06972300025154254,
timeseries_encoder_a-development-0063,timeseries_encoder_a,time_series,development,composite,subtle,False,False,full_h10,invalid,1.0,1.0,1.0,1.0,1.0,1.0,1.0,1.0,1.0,1.0,1.0,1.0,1.0,0.0,0.0,0,True,0.0,0.0,False,0.0,0.18266699999003322,763d8494c2c2cb652a8ec4b685d22fbce0545a9abf931fc9913b224c3c84a3f3
timeseries_encoder_a-development-0064,timeseries_encoder_a,time_series,development,unknown_ambiguous,moderate,True,True,independent_if_else,invalid,1.0,1.0,1.0,1.0,1.0,1.0,1.0,1.0,0.25,0.5,0.3333333333333333,0.2,0.0,37.0,0.0,0,False,0.0,0.0,False,1.0,0.037711000004492234,
timeseries_encoder_a-development-0064,timeseries_encoder_a,time_series,development,unknown_ambiguous,moderate,True,True,typed_route_without_cut,invalid,1.0,1.0,1.0,1.0,1.0,1.0,1.0,1.0,0.25,0.5,0.3333333333333333,0.2,0.0,37.0,0.0,0,False,0.0,0.0,False,1.0,0.03591899985622149,
timeseries_encoder_a-development-0064,timeseries_encoder_a,time_series,development,unknown_ambiguous,moderate,True,True,full_h10,invalid,1.0,1.0,1.0,1.0,1.0,1.0,1.0,1.0,0.3333333333333333,0.5,0.4,0.25,0.0,36.0,0.0,0,True,0.0,0.0,False,1.0,0.20632099995054887,1b5518326da916d1455296b66ef3a68f9cf52957e326561af78b8aa9308b0448
timeseries_encoder_a-development-0065,timeseries_encoder_a,time_series,development,single,severe,False,False,independent_if_else,invalid,1.0,1.0,1.0,1.0,1.0,1.0,1.0,1.0,1.0,1.0,1.0,1.0,1.0,0.0,0.0,0,False,0.0,0.0,False,0.0,0.027812000098492717,
timeseries_encoder_a-development-0065,timeseries_encoder_a,time_series,development,single,severe,False,False,typed_route_without_cut,invalid,1.0,1.0,1.0,1.0,1.0,1.0,1.0,1.0,1.0,1.0,1.0,1.0,1.0,0.0,0.0,0,False,0.0,0.0,False,0.0,0.06278899991229991,
timeseries_encoder_a-development-0065,timeseries_encoder_a,time_series,development,single,severe,False,False,full_h10,invalid,1.0,1.0,1.0,1.0,1.0,1.0,1.0,1.0,1.0,1.0,1.0,1.0,1.0,0.0,0.0,0,True,0.0,0.0,False,0.0,0.19427899997026543,2e0faadc5850f82998a8759419f4cb67b781a84104bdcf495cc90a897fa52de3
timeseries_encoder_a-development-0066,timeseries_encoder_a,time_series,development,composite,subtle,False,False,independent_if_else,invalid,1.0,1.0,1.0,1.0,1.0,1.0,1.0,1.0,0.6666666666666666,1.0,0.8,0.6666666666666666,0.0,2.0,0.0,0,False,0.0,0.0,False,0.0,0.034205000247311546,
timeseries_encoder_a-development-0066,timeseries_encoder_a,time_series,development,composite,subtle,False,False,typed_route_without_cut,invalid,1.0,1.0,1.0,1.0,1.0,1.0,1.0,1.0,0.6666666666666666,1.0,0.8,0.6666666666666666,0.0,2.0,0.0,0,False,0.0,0.0,False,0.0,0.07724599981884239,
timeseries_encoder_a-development-0066,timeseries_encoder_a,time_series,development,composite,subtle,False,False,full_h10,invalid,1.0,1.0,1.0,1.0,1.0,1.0,1.0,1.0,1.0,1.0,1.0,1.0,1.0,0.0,0.0,0,True,0.0,0.0,False,0.0,0.5591910003204248,07791496507aee30ec9179b7a315150ed62f5099d6c6606175092bfc19408051
timeseries_encoder_a-development-0067,timeseries_encoder_a,time_series,development,unknown_ambiguous,moderate,True,False,independent_if_else,invalid,1.0,1.0,1.0,1.0,1.0,1.0,1.0,1.0,0.0,0.0,0.0,0.0,0.0,19.0,0.0,0,False,0.0,0.0,False,1.0,0.025347999780933606,
timeseries_encoder_a-development-0067,timeseries_encoder_a,time_series,development,unknown_ambiguous,moderate,True,False,typed_route_without_cut,invalid,1.0,1.0,1.0,1.0,1.0,1.0,1.0,1.0,0.0,0.0,0.0,0.0,0.0,19.0,0.0,0,False,0.0,0.0,False,1.0,0.023844999759603525,
timeseries_encoder_a-development-0067,timeseries_encoder_a,time_series,development,unknown_ambiguous,moderate,True,False,full_h10,invalid,1.0,1.0,1.0,1.0,1.0,1.0,1.0,1.0,0.0,0.0,0.0,0.0,0.0,19.0,0.0,0,True,0.0,0.0,False,1.0,0.16231799963861704,4b0a2d1c4e92549c79449f822a22412628238650c76c2e3d9e6f60738671eb51
timeseries_encoder_a-development-0068,timeseries_encoder_a,time_series,development,unknown_ambiguous,severe,True,True,independent_if_else,invalid,1.0,1.0,1.0,1.0,1.0,1.0,1.0,1.0,0.0,0.0,0.0,0.0,0.0,19.0,0.0,0,False,0.0,0.0,False,1.0,0.021980999918014277,
timeseries_encoder_a-development-0068,timeseries_encoder_a,time_series,development,unknown_ambiguous,severe,True,True,typed_route_without_cut,invalid,1.0,1.0,1.0,1.0,1.0,1.0,1.0,1.0,0.0,0.0,0.0,0.0,0.0,19.0,0.0,0,False,0.0,0.0,False,1.0,0.022312000055535464,
timeseries_encoder_a-development-0068,timeseries_encoder_a,time_series,development,unknown_ambiguous,severe,True,True,full_h10,invalid,1.0,1.0,1.0,1.0,1.0,1.0,1.0,1.0,0.0,0.0,0.0,0.0,0.0,19.0,0.0,0,True,0.0,0.0,False,1.0,0.1575090000187629,137b3ac8455facbb1fa7211a3b41b7bef477843684bc8555182403984f9e11bd
timeseries_encoder_a-development-0069,timeseries_encoder_a,time_series,development,composite,subtle,False,False,independent_if_else,invalid,1.0,1.0,1.0,1.0,1.0,1.0,1.0,1.0,1.0,1.0,1.0,1.0,1.0,0.0,0.0,0,False,0.0,0.0,False,0.0,0.02689099983399501,
timeseries_encoder_a-development-0069,timeseries_encoder_a,time_series,development,composite,subtle,False,False,typed_route_without_cut,invalid,1.0,1.0,1.0,1.0,1.0,1.0,1.0,1.0,1.0,1.0,1.0,1.0,1.0,0.0,0.0,0,False,0.0,0.0,False,0.0,0.049514000238559674,
timeseries_encoder_a-development-0069,timeseries_encoder_a,time_series,development,composite,subtle,False,False,full_h10,invalid,1.0,1.0,1.0,1.0,1.0,1.0,1.0,1.0,1.0,1.0,1.0,1.0,1.0,0.0,0.0,0,True,0.0,0.0,False,0.0,0.165874999765947,4c32565a8cb5a11d07545c5b6dbf815f129b40670ff97d66a13576f76e0a7fc7
timeseries_encoder_a-development-0070,timeseries_encoder_a,time_series,development,unknown_ambiguous,moderate,True,True,independent_if_else,insufficient_evidence,1.0,1.0,1.0,1.0,0.7142857142857143,1.0,0.8333333333333333,0.7142857142857143,0.2,0.5,0.28571428571428575,0.16666666666666666,0.0,39.0,4.0,2,False,0.0,0.0,True,0.0,0.042409999878145754,
timeseries_encoder_a-development-0070,timeseries_encoder_a,time_series,development,unknown_ambiguous,moderate,True,True,typed_route_without_cut,insufficient_evidence,1.0,1.0,1.0,1.0,0.7142857142857143,1.0,0.8333333333333333,0.7142857142857143,0.2,0.5,0.28571428571428575,0.16666666666666666,0.0,39.0,4.0,2,False,0.0,0.0,True,0.0,0.09167400003207149,
timeseries_encoder_a-development-0070,timeseries_encoder_a,time_series,development,unknown_ambiguous,moderate,True,True,full_h10,insufficient_evidence,1.0,1.0,1.0,1.0,0.7142857142857143,1.0,0.8333333333333333,0.7142857142857143,0.3333333333333333,0.5,0.4,0.25,0.0,36.0,4.0,2,True,0.0,0.0,True,0.0,0.2124830002685485,a4f2a258eaa8932e632a0a5cfcb400541b82d5de2177226bef89863e4091fd87
timeseries_encoder_a-development-0071,timeseries_encoder_a,time_series,development,unknown_ambiguous,severe,True,False,independent_if_else,invalid,1.0,1.0,1.0,1.0,1.0,1.0,1.0,1.0,0.25,0.5,0.3333333333333333,0.2,0.0,37.0,0.0,0,False,0.0,0.0,False,1.0,0.032422000003862195,
timeseries_encoder_a-development-0071,timeseries_encoder_a,time_series,development,unknown_ambiguous,severe,True,False,typed_route_without_cut,invalid,1.0,1.0,1.0,1.0,1.0,1.0,1.0,1.0,0.25,0.5,0.3333333333333333,0.2,0.0,37.0,0.0,0,False,0.0,0.0,False,1.0,0.03269200033173547,
timeseries_encoder_a-development-0071,timeseries_encoder_a,time_series,development,unknown_ambiguous,severe,True,False,full_h10,invalid,1.0,1.0,1.0,1.0,1.0,1.0,1.0,1.0,0.3333333333333333,0.5,0.4,0.25,0.0,36.0,0.0,0,True,0.0,0.0,False,1.0,0.1845500000854372,1cbbb599af0ae4dec6483c02b2d669a43eb5020dc86ea6bfaddbdbf5e360d79d
timeseries_encoder_a-development-0072,timeseries_encoder_a,time_series,development,clean,none,False,False,independent_if_else,valid,1.0,1.0,1.0,1.0,1.0,1.0,1.0,1.0,1.0,1.0,1.0,1.0,1.0,0.0,0.0,0,False,0.0,0.0,False,0.0,0.020108000171603635,
timeseries_encoder_a-development-0072,timeseries_encoder_a,time_series,development,clean,none,False,False,typed_route_without_cut,valid,1.0,1.0,1.0,1.0,1.0,1.0,1.0,1.0,1.0,1.0,1.0,1.0,1.0,0.0,0.0,0,False,0.0,0.0,False,0.0,0.01867600030891481,
timeseries_encoder_a-development-0072,timeseries_encoder_a,time_series,development,clean,none,False,False,full_h10,valid,1.0,1.0,1.0,1.0,1.0,1.0,1.0,1.0,1.0,1.0,1.0,1.0,1.0,0.0,0.0,0,True,0.0,0.0,False,0.0,0.024997000309667783,8a9697eb53f31e356ddda3a02f3171d854e4796ac459cf9c0121d14a38a37338
timeseries_encoder_a-development-0073,timeseries_encoder_a,time_series,development,single,moderate,False,False,independent_if_else,invalid,1.0,1.0,1.0,1.0,1.0,1.0,1.0,1.0,1.0,1.0,1.0,1.0,1.0,0.0,0.0,0,False,0.0,0.0,False,0.0,0.02703099971768097,
timeseries_encoder_a-development-0073,timeseries_encoder_a,time_series,development,single,moderate,False,False,typed_route_without_cut,invalid,1.0,1.0,1.0,1.0,1.0,1.0,1.0,1.0,1.0,1.0,1.0,1.0,1.0,0.0,0.0,0,False,0.0,0.0,False,0.0,0.037601000258291606,
timeseries_encoder_a-development-0073,timeseries_encoder_a,time_series,development,single,moderate,False,False,full_h10,invalid,1.0,1.0,1.0,1.0,1.0,1.0,1.0,1.0,1.0,1.0,1.0,1.0,1.0,0.0,0.0,0,True,0.0,0.0,False,0.0,0.1916740002343431,ef579790bcc575b74134b9004499d2f0a12ea7076a0875b0b30ac769f96c5b85
timeseries_encoder_a-development-0074,timeseries_encoder_a,time_series,development,composite,severe,False,False,independent_if_else,invalid,1.0,1.0,1.0,1.0,1.0,1.0,1.0,1.0,0.5,1.0,0.6666666666666666,0.5,0.0,1.0,0.0,0,False,0.0,0.0,False,0.0,0.03062799987674225,
timeseries_encoder_a-development-0074,timeseries_encoder_a,time_series,development,composite,severe,False,False,typed_route_without_cut,invalid,1.0,1.0,1.0,1.0,1.0,1.0,1.0,1.0,0.5,1.0,0.6666666666666666,0.5,0.0,1.0,0.0,0,False,0.0,0.0,False,0.0,0.07282800015673274,
timeseries_encoder_a-development-0074,timeseries_encoder_a,time_series,development,composite,severe,False,False,full_h10,invalid,1.0,1.0,1.0,1.0,1.0,1.0,1.0,1.0,1.0,1.0,1.0,1.0,1.0,0.0,0.0,0,True,0.0,0.0,False,0.0,0.22628900023846654,340a0d0fffe469b2a32581ac8bb40e672b411e92ab33ae3706415a7d0f008cb9
timeseries_encoder_a-development-0075,timeseries_encoder_a,time_series,development,clean,none,False,False,independent_if_else,valid,1.0,1.0,1.0,1.0,1.0,1.0,1.0,1.0,1.0,1.0,1.0,1.0,1.0,0.0,0.0,0,False,0.0,0.0,False,0.0,0.020008000319649,
timeseries_encoder_a-development-0075,timeseries_encoder_a,time_series,development,clean,none,False,False,typed_route_without_cut,valid,1.0,1.0,1.0,1.0,1.0,1.0,1.0,1.0,1.0,1.0,1.0,1.0,1.0,0.0,0.0,0,False,0.0,0.0,False,0.0,0.01885599976958474,
timeseries_encoder_a-development-0075,timeseries_encoder_a,time_series,development,clean,none,False,False,full_h10,valid,1.0,1.0,1.0,1.0,1.0,1.0,1.0,1.0,1.0,1.0,1.0,1.0,1.0,0.0,0.0,0,True,0.0,0.0,False,0.0,0.027361999855202157,ccb30c069b2d8d8dfecf5df44fbf1256c6f8815b8e1d81f4a58a75555ce34645
timeseries_encoder_a-development-0076,timeseries_encoder_a,time_series,development,unknown_ambiguous,moderate,True,True,independent_if_else,insufficient_evidence,1.0,1.0,1.0,1.0,0.3333333333333333,1.0,0.5,0.3333333333333333,1.0,1.0,1.0,1.0,1.0,0.0,4.0,2,False,0.0,0.0,True,0.0,0.033834000078059034,
timeseries_encoder_a-development-0076,timeseries_encoder_a,time_series,development,unknown_ambiguous,moderate,True,True,typed_route_without_cut,insufficient_evidence,1.0,1.0,1.0,1.0,0.3333333333333333,1.0,0.5,0.3333333333333333,1.0,1.0,1.0,1.0,1.0,0.0,4.0,2,False,0.0,0.0,True,0.0,0.061066000398568576,
timeseries_encoder_a-development-0076,timeseries_encoder_a,time_series,development,unknown_ambiguous,moderate,True,True,full_h10,insufficient_evidence,1.0,1.0,1.0,1.0,0.3333333333333333,1.0,0.5,0.3333333333333333,1.0,1.0,1.0,1.0,1.0,0.0,4.0,2,True,0.0,0.0,True,0.0,0.2523389998714265,6efeac0e45bb70f1784beea578f47715190915602abdc8c35bcc7c2fb5a1c653
timeseries_encoder_a-development-0077,timeseries_encoder_a,time_series,development,single,severe,False,False,independent_if_else,invalid,1.0,1.0,1.0,1.0,1.0,1.0,1.0,1.0,1.0,1.0,1.0,1.0,1.0,0.0,0.0,0,False,0.0,0.0,False,0.0,0.03750099995158962,
timeseries_encoder_a-development-0077,timeseries_encoder_a,time_series,development,single,severe,False,False,typed_route_without_cut,invalid,1.0,1.0,1.0,1.0,1.0,1.0,1.0,1.0,1.0,1.0,1.0,1.0,1.0,0.0,0.0,0,False,0.0,0.0,False,0.0,0.057780000133789144,
timeseries_encoder_a-development-0077,timeseries_encoder_a,time_series,development,single,severe,False,False,full_h10,invalid,1.0,1.0,1.0,1.0,1.0,1.0,1.0,1.0,1.0,1.0,1.0,1.0,1.0,0.0,0.0,0,True,0.0,0.0,False,0.0,0.1953510000021197,01bc2415ac5bfed2481e858f27dec86f3b75b7c9e71351038d314edcd1ca35ea
timeseries_encoder_a-development-0078,timeseries_encoder_a,time_series,development,single,subtle,False,False,independent_if_else,invalid,1.0,1.0,1.0,1.0,1.0,1.0,1.0,1.0,0.3333333333333333,1.0,0.5,0.3333333333333333,0.0,3.0,0.0,0,False,0.0,0.0,False,0.0,0.04446499997357023,
timeseries_encoder_a-development-0078,timeseries_encoder_a,time_series,development,single,subtle,False,False,typed_route_without_cut,invalid,1.0,1.0,1.0,1.0,1.0,1.0,1.0,1.0,0.3333333333333333,1.0,0.5,0.3333333333333333,0.0,3.0,0.0,0,False,0.0,0.0,False,0.0,0.04995500012228149,
timeseries_encoder_a-development-0078,timeseries_encoder_a,time_series,development,single,subtle,False,False,full_h10,invalid,1.0,1.0,1.0,1.0,1.0,1.0,1.0,1.0,1.0,1.0,1.0,1.0,1.0,0.0,0.0,0,True,0.0,0.0,False,0.0,0.23413500002789078,8f6a5ca0f3db32d2751695ef509e4aef59b667ea0107dc3f98404f56f3643d42
timeseries_encoder_a-development-0079,timeseries_encoder_a,time_series,development,composite,moderate,False,False,independent_if_else,invalid,1.0,1.0,1.0,1.0,1.0,1.0,1.0,1.0,1.0,1.0,1.0,1.0,1.0,0.0,0.0,0,False,0.0,0.0,False,0.0,0.031459000183531316,
timeseries_encoder_a-development-0079,timeseries_encoder_a,time_series,development,composite,moderate,False,False,typed_route_without_cut,invalid,1.0,1.0,1.0,1.0,1.0,1.0,1.0,1.0,1.0,1.0,1.0,1.0,1.0,0.0,0.0,0,False,0.0,0.0,False,0.0,0.05817000010210904,
timeseries_encoder_a-development-0079,timeseries_encoder_a,time_series,development,composite,moderate,False,False,full_h10,invalid,1.0,1.0,1.0,1.0,1.0,1.0,1.0,1.0,1.0,1.0,1.0,1.0,1.0,0.0,0.0,0,True,0.0,0.0,False,0.0,0.21479799988810555,f119fd888a669ef98deac6ed5683a4987e864a8eea93525ccca226afd5a5c20d
timeseries_encoder_a-development-0080,timeseries_encoder_a,time_series,development,composite,severe,False,False,independent_if_else,invalid,1.0,1.0,1.0,1.0,1.0,1.0,1.0,1.0,0.3333333333333333,1.0,0.5,0.3333333333333333,0.0,6.0,0.0,0,False,0.0,0.0,False,0.0,0.03340400007800781,
timeseries_encoder_a-development-0080,timeseries_encoder_a,time_series,development,composite,severe,False,False,typed_route_without_cut,invalid,1.0,1.0,1.0,1.0,1.0,1.0,1.0,1.0,0.3333333333333333,1.0,0.5,0.3333333333333333,0.0,6.0,0.0,0,False,0.0,0.0,False,0.0,0.0763049997658527,
timeseries_encoder_a-development-0080,timeseries_encoder_a,time_series,development,composite,severe,False,False,full_h10,invalid,1.0,1.0,1.0,1.0,1.0,1.0,1.0,1.0,1.0,1.0,1.0,1.0,1.0,0.0,0.0,0,True,0.0,0.0,False,0.0,0.21429600019473583,d31a978e42d3cb264abc27bb8acaeda2ff9e534f6ccb25ad6b19d12f252c231d
timeseries_encoder_a-development-0081,timeseries_encoder_a,time_series,development,clean,none,False,False,independent_if_else,valid,1.0,1.0,1.0,1.0,1.0,1.0,1.0,1.0,1.0,1.0,1.0,1.0,1.0,0.0,0.0,0,False,0.0,0.0,False,0.0,0.023144000351749128,
timeseries_encoder_a-development-0081,timeseries_encoder_a,time_series,development,clean,none,False,False,typed_route_without_cut,valid,1.0,1.0,1.0,1.0,1.0,1.0,1.0,1.0,1.0,1.0,1.0,1.0,1.0,0.0,0.0,0,False,0.0,0.0,False,0.0,0.019195999811927322,
timeseries_encoder_a-development-0081,timeseries_encoder_a,time_series,development,clean,none,False,False,full_h10,valid,1.0,1.0,1.0,1.0,1.0,1.0,1.0,1.0,1.0,1.0,1.0,1.0,1.0,0.0,0.0,0,True,0.0,0.0,False,0.0,0.02632000041558058,7092a212ccd2e1251614ba6797985b2b4d6333a47b2d1ccd01d4fab1a1f3e452
timeseries_encoder_a-development-0082,timeseries_encoder_a,time_series,development,single,moderate,False,False,independent_if_else,invalid,1.0,1.0,1.0,1.0,1.0,1.0,1.0,1.0,1.0,1.0,1.0,1.0,1.0,0.0,0.0,0,False,0.0,0.0,False,0.0,0.02839399985532509,
timeseries_encoder_a-development-0082,timeseries_encoder_a,time_series,development,single,moderate,False,False,typed_route_without_cut,invalid,1.0,1.0,1.0,1.0,1.0,1.0,1.0,1.0,1.0,1.0,1.0,1.0,1.0,0.0,0.0,0,False,0.0,0.0,False,0.0,0.05768899973190855,
timeseries_encoder_a-development-0082,timeseries_encoder_a,time_series,development,single,moderate,False,False,full_h10,invalid,1.0,1.0,1.0,1.0,1.0,1.0,1.0,1.0,1.0,1.0,1.0,1.0,1.0,0.0,0.0,0,True,0.0,0.0,False,0.0,0.1953510000021197,c2ed2eb97f5c670e37022e9f66d2a92721542d6848f86153c6003558878da2f5
timeseries_encoder_a-development-0083,timeseries_encoder_a,time_series,development,unknown_ambiguous,severe,True,False,independent_if_else,invalid,1.0,1.0,1.0,1.0,1.0,1.0,1.0,1.0,1.0,1.0,1.0,1.0,1.0,0.0,0.0,0,False,0.0,0.0,False,1.0,0.026881000394496368,
timeseries_encoder_a-development-0083,timeseries_encoder_a,time_series,development,unknown_ambiguous,severe,True,False,typed_route_without_cut,invalid,1.0,1.0,1.0,1.0,1.0,1.0,1.0,1.0,1.0,1.0,1.0,1.0,1.0,0.0,0.0,0,False,0.0,0.0,False,1.0,0.05643700023938436,
timeseries_encoder_a-development-0083,timeseries_encoder_a,time_series,development,unknown_ambiguous,severe,True,False,full_h10,invalid,1.0,1.0,1.0,1.0,1.0,1.0,1.0,1.0,1.0,1.0,1.0,1.0,1.0,0.0,0.0,0,True,0.0,0.0,False,1.0,0.19296600021334598,6612d11c16f23024d4275cd4737c7a0ddf420c3980c958e56e0961ddc0bcab7a
timeseries_encoder_a-development-0084,timeseries_encoder_a,time_series,development,composite,subtle,False,False,independent_if_else,invalid,1.0,1.0,1.0,1.0,1.0,1.0,1.0,1.0,0.6666666666666666,1.0,0.8,0.6666666666666666,0.0,2.0,0.0,0,False,0.0,0.0,False,0.0,0.03377499979251297,
timeseries_encoder_a-development-0084,timeseries_encoder_a,time_series,development,composite,subtle,False,False,typed_route_without_cut,invalid,1.0,1.0,1.0,1.0,1.0,1.0,1.0,1.0,0.6666666666666666,1.0,0.8,0.6666666666666666,0.0,2.0,0.0,0,False,0.0,0.0,False,0.0,0.07140599973354256,
timeseries_encoder_a-development-0084,timeseries_encoder_a,time_series,development,composite,subtle,False,False,full_h10,invalid,1.0,1.0,1.0,1.0,1.0,1.0,1.0,1.0,1.0,1.0,1.0,1.0,1.0,0.0,0.0,0,True,0.0,0.0,False,0.0,0.21398600028987858,18df84c2d65c684a1911dcd6104db3f1788643c8326ac1b96e2258af95118774
timeseries_encoder_a-development-0085,timeseries_encoder_a,time_series,development,composite,moderate,False,False,independent_if_else,invalid,1.0,1.0,1.0,1.0,1.0,1.0,1.0,1.0,0.5,1.0,0.6666666666666666,0.5,0.0,2.0,0.0,0,False,0.0,0.0,False,0.0,0.03189100016243174,
timeseries_encoder_a-development-0085,timeseries_encoder_a,time_series,development,composite,moderate,False,False,typed_route_without_cut,invalid,1.0,1.0,1.0,1.0,1.0,1.0,1.0,1.0,0.5,1.0,0.6666666666666666,0.5,0.0,2.0,0.0,0,False,0.0,0.0,False,0.0,0.0698720000400499,
timeseries_encoder_a-development-0085,timeseries_encoder_a,time_series,development,composite,moderate,False,False,full_h10,invalid,1.0,1.0,1.0,1.0,1.0,1.0,1.0,1.0,1.0,1.0,1.0,1.0,1.0,0.0,0.0,0,True,0.0,0.0,False,0.0,0.20221400018272107,932000503b722561a4227602c6f8c3a5b65acfc1fa5206a3fd02e0bf9d499772
timeseries_encoder_a-development-0086,timeseries_encoder_a,time_series,development,composite,severe,False,False,independent_if_else,invalid,1.0,1.0,1.0,1.0,1.0,1.0,1.0,1.0,0.6666666666666666,1.0,0.8,0.6666666666666666,0.0,2.0,0.0,0,False,0.0,0.0,False,0.0,0.033953999718505656,
timeseries_encoder_a-development-0086,timeseries_encoder_a,time_series,development,composite,severe,False,False,typed_route_without_cut,invalid,1.0,1.0,1.0,1.0,1.0,1.0,1.0,1.0,0.6666666666666666,1.0,0.8,0.6666666666666666,0.0,2.0,0.0,0,False,0.0,0.0,False,0.0,0.07457199990312802,
timeseries_encoder_a-development-0086,timeseries_encoder_a,time_series,development,composite,severe,False,False,full_h10,invalid,1.0,1.0,1.0,1.0,1.0,1.0,1.0,1.0,1.0,1.0,1.0,1.0,1.0,0.0,0.0,0,True,0.0,0.0,False,0.0,0.21094999965498573,670e30325fd02db18ede4cf3226552b1f8e3e078541cafce5259eb5f53de91aa
timeseries_encoder_a-development-0087,timeseries_encoder_a,time_series,development,unknown_ambiguous,subtle,True,False,independent_if_else,invalid,1.0,1.0,1.0,1.0,1.0,1.0,1.0,1.0,0.5,0.5,0.5,0.3333333333333333,0.0,19.0,0.0,0,False,0.0,0.0,False,1.0,0.026730999707069714,
timeseries_encoder_a-development-0087,timeseries_encoder_a,time_series,development,unknown_ambiguous,subtle,True,False,typed_route_without_cut,invalid,1.0,1.0,1.0,1.0,1.0,1.0,1.0,1.0,0.5,0.5,0.5,0.3333333333333333,0.0,19.0,0.0,0,False,0.0,0.0,False,1.0,0.027262000003247522,
timeseries_encoder_a-development-0087,timeseries_encoder_a,time_series,development,unknown_ambiguous,subtle,True,False,full_h10,invalid,1.0,1.0,1.0,1.0,1.0,1.0,1.0,1.0,0.5,0.5,0.5,0.3333333333333333,0.0,19.0,0.0,0,True,0.0,0.0,False,1.0,0.19134300009682192,267ab32465db696a146308bd4f2b3a35146de8fbad1adb1dd8e1387a23f44956
timeseries_encoder_a-development-0088,timeseries_encoder_a,time_series,development,unknown_ambiguous,moderate,True,True,independent_if_else,invalid,1.0,1.0,1.0,1.0,1.0,1.0,1.0,1.0,0.25,0.5,0.3333333333333333,0.2,0.0,37.0,0.0,0,False,0.0,0.0,False,1.0,0.03500599996186793,
timeseries_encoder_a-development-0088,timeseries_encoder_a,time_series,development,unknown_ambiguous,moderate,True,True,typed_route_without_cut,invalid,1.0,1.0,1.0,1.0,1.0,1.0,1.0,1.0,0.25,0.5,0.3333333333333333,0.2,0.0,37.0,0.0,0,False,0.0,0.0,False,1.0,0.038933999803703045,
timeseries_encoder_a-development-0088,timeseries_encoder_a,time_series,development,unknown_ambiguous,moderate,True,True,full_h10,invalid,1.0,1.0,1.0,1.0,1.0,1.0,1.0,1.0,0.3333333333333333,0.5,0.4,0.25,0.0,36.0,0.0,0,True,0.0,0.0,False,1.0,0.220629000068584,6c45f4b19d23da3de627758ad3bd88b490bf95fd67f69efe9cafe1e592c8dc69
timeseries_encoder_a-development-0089,timeseries_encoder_a,time_series,development,composite,severe,False,False,independent_if_else,invalid,1.0,1.0,1.0,1.0,1.0,1.0,1.0,1.0,1.0,1.0,1.0,1.0,1.0,0.0,0.0,0,False,0.0,0.0,False,0.0,0.03405500001463224,
timeseries_encoder_a-development-0089,timeseries_encoder_a,time_series,development,composite,severe,False,False,typed_route_without_cut,invalid,1.0,1.0,1.0,1.0,1.0,1.0,1.0,1.0,1.0,1.0,1.0,1.0,1.0,0.0,0.0,0,False,0.0,0.0,False,0.0,0.0641309998172801,
timeseries_encoder_a-development-0089,timeseries_encoder_a,time_series,development,composite,severe,False,False,full_h10,invalid,1.0,1.0,1.0,1.0,1.0,1.0,1.0,1.0,1.0,1.0,1.0,1.0,1.0,0.0,0.0,0,True,0.0,0.0,False,0.0,0.2586410000731121,6462b33749928be008bc529ceb5db6ebeb9082df96c24596091b63e0d6d2563f
timeseries_encoder_a-development-0090,timeseries_encoder_a,time_series,development,clean,none,False,False,independent_if_else,valid,1.0,1.0,1.0,1.0,1.0,1.0,1.0,1.0,1.0,1.0,1.0,1.0,1.0,0.0,0.0,0,False,0.0,0.0,False,0.0,0.027212000077270204,
timeseries_encoder_a-development-0090,timeseries_encoder_a,time_series,development,clean,none,False,False,typed_route_without_cut,valid,1.0,1.0,1.0,1.0,1.0,1.0,1.0,1.0,1.0,1.0,1.0,1.0,1.0,0.0,0.0,0,False,0.0,0.0,False,0.0,0.028655000278376974,
timeseries_encoder_a-development-0090,timeseries_encoder_a,time_series,development,clean,none,False,False,full_h10,valid,1.0,1.0,1.0,1.0,1.0,1.0,1.0,1.0,1.0,1.0,1.0,1.0,1.0,0.0,0.0,0,True,0.0,0.0,False,0.0,0.04471500005820417,4a979dcc059ba66ec340993053a0feb27256976ac6891d3e8c69ed9453dcc7aa
timeseries_encoder_a-development-0091,timeseries_encoder_a,time_series,development,unknown_ambiguous,moderate,True,False,independent_if_else,invalid,1.0,1.0,1.0,1.0,1.0,1.0,1.0,1.0,1.0,1.0,1.0,1.0,1.0,0.0,0.0,0,False,0.0,0.0,False,1.0,0.03725099986695568,
timeseries_encoder_a-development-0091,timeseries_encoder_a,time_series,development,unknown_ambiguous,moderate,True,False,typed_route_without_cut,invalid,1.0,1.0,1.0,1.0,1.0,1.0,1.0,1.0,1.0,1.0,1.0,1.0,1.0,0.0,0.0,0,False,0.0,0.0,False,1.0,0.061938000271766214,
timeseries_encoder_a-development-0091,timeseries_encoder_a,time_series,development,unknown_ambiguous,moderate,True,False,full_h10,invalid,1.0,1.0,1.0,1.0,1.0,1.0,1.0,1.0,1.0,1.0,1.0,1.0,1.0,0.0,0.0,0,True,0.0,0.0,False,1.0,0.24370300025111646,a10444327161f8aac0413e856f685d32b7eff1c112435b7cd13369af6dc07ea4
timeseries_encoder_a-development-0092,timeseries_encoder_a,time_series,development,composite,severe,False,False,independent_if_else,invalid,1.0,1.0,1.0,1.0,1.0,1.0,1.0,1.0,1.0,1.0,1.0,1.0,1.0,0.0,0.0,0,False,0.0,0.0,False,0.0,0.0322609998875123,
timeseries_encoder_a-development-0092,timeseries_encoder_a,time_series,development,composite,severe,False,False,typed_route_without_cut,invalid,1.0,1.0,1.0,1.0,1.0,1.0,1.0,1.0,1.0,1.0,1.0,1.0,1.0,0.0,0.0,0,False,0.0,0.0,False,0.0,0.07259800031533814,
timeseries_encoder_a-development-0092,timeseries_encoder_a,time_series,development,composite,severe,False,False,full_h10,invalid,1.0,1.0,1.0,1.0,1.0,1.0,1.0,1.0,1.0,1.0,1.0,1.0,1.0,0.0,0.0,0,True,0.0,0.0,False,0.0,0.2610649999041925,065ae87cdc8812750f2d7d760f1780ab3cef88960bf3b56ca07551d71432f6e2
timeseries_encoder_a-development-0093,timeseries_encoder_a,time_series,development,composite,subtle,False,False,independent_if_else,invalid,1.0,1.0,1.0,1.0,1.0,1.0,1.0,1.0,0.3333333333333333,1.0,0.5,0.3333333333333333,0.0,6.0,0.0,0,False,0.0,0.0,False,0.0,0.038422000216087326,
timeseries_encoder_a-development-0093,timeseries_encoder_a,time_series,development,composite,subtle,False,False,typed_route_without_cut,invalid,1.0,1.0,1.0,1.0,1.0,1.0,1.0,1.0,0.3333333333333333,1.0,0.5,0.3333333333333333,0.0,6.0,0.0,0,False,0.0,0.0,False,0.0,0.07018299993433175,
timeseries_encoder_a-development-0093,timeseries_encoder_a,time_series,development,composite,subtle,False,False,full_h10,invalid,1.0,1.0,1.0,1.0,1.0,1.0,1.0,1.0,1.0,1.0,1.0,1.0,1.0,0.0,0.0,0,True,0.0,0.0,False,0.0,0.20925699982399237,ea714ef49ac410d1041ce2db54d847aefd6e1288718e23a28942dbfad6fce9f1
timeseries_encoder_a-development-0094,timeseries_encoder_a,time_series,development,unknown_ambiguous,moderate,True,True,independent_if_else,insufficient_evidence,1.0,1.0,1.0,1.0,0.3333333333333333,1.0,0.5,0.3333333333333333,1.0,1.0,1.0,1.0,1.0,0.0,4.0,2,False,0.0,0.0,True,0.0,0.03298299998277798,
timeseries_encoder_a-development-0094,timeseries_encoder_a,time_series,development,unknown_ambiguous,moderate,True,True,typed_route_without_cut,insufficient_evidence,1.0,1.0,1.0,1.0,0.3333333333333333,1.0,0.5,0.3333333333333333,1.0,1.0,1.0,1.0,1.0,0.0,4.0,2,False,0.0,0.0,True,0.0,0.06161600003906642,
timeseries_encoder_a-development-0094,timeseries_encoder_a,time_series,development,unknown_ambiguous,moderate,True,True,full_h10,insufficient_evidence,1.0,1.0,1.0,1.0,0.3333333333333333,1.0,0.5,0.3333333333333333,1.0,1.0,1.0,1.0,1.0,0.0,4.0,2,True,0.0,0.0,True,0.0,0.22232199989957735,0f68e599d346e7471d10b9b60e671d711eefe26f005dfcf602c3cd7da3525a08
timeseries_encoder_a-development-0095,timeseries_encoder_a,time_series,development,single,severe,False,False,independent_if_else,invalid,1.0,1.0,1.0,1.0,1.0,1.0,1.0,1.0,1.0,1.0,1.0,1.0,1.0,0.0,0.0,0,False,0.0,0.0,False,0.0,0.03095800002483884,
timeseries_encoder_a-development-0095,timeseries_encoder_a,time_series,development,single,severe,False,False,typed_route_without_cut,invalid,1.0,1.0,1.0,1.0,1.0,1.0,1.0,1.0,1.0,1.0,1.0,1.0,1.0,0.0,0.0,0,False,0.0,0.0,False,0.0,0.06600599999728729,
timeseries_encoder_a-development-0095,timeseries_encoder_a,time_series,development,single,severe,False,False,full_h10,invalid,1.0,1.0,1.0,1.0,1.0,1.0,1.0,1.0,1.0,1.0,1.0,1.0,1.0,0.0,0.0,0,True,0.0,0.0,False,0.0,0.1904710002236243,21c8c5a25eef7dbf101dc972feb36085657c6a838d36a517a4dbe93c0c29437b
timeseries_encoder_a-development-0096,timeseries_encoder_a,time_series,development,single,subtle,False,False,independent_if_else,invalid,1.0,1.0,1.0,1.0,1.0,1.0,1.0,1.0,1.0,1.0,1.0,1.0,1.0,0.0,0.0,0,False,0.0,0.0,False,0.0,0.024996999854920432,
timeseries_encoder_a-development-0096,timeseries_encoder_a,time_series,development,single,subtle,False,False,typed_route_without_cut,invalid,1.0,1.0,1.0,1.0,1.0,1.0,1.0,1.0,1.0,1.0,1.0,1.0,1.0,0.0,0.0,0,False,0.0,0.0,False,0.0,0.05119699972055969,
timeseries_encoder_a-development-0096,timeseries_encoder_a,time_series,development,single,subtle,False,False,full_h10,invalid,1.0,1.0,1.0,1.0,1.0,1.0,1.0,1.0,1.0,1.0,1.0,1.0,1.0,0.0,0.0,0,True,0.0,0.0,False,0.0,0.20142200037298608,e19b104b23503e791d0baa800b21c9e48c790f0b64870c08345718ffce4c192c
timeseries_encoder_a-development-0097,timeseries_encoder_a,time_series,development,single,moderate,False,False,independent_if_else,invalid,1.0,1.0,1.0,1.0,1.0,1.0,1.0,1.0,1.0,1.0,1.0,1.0,1.0,0.0,0.0,0,False,0.0,0.0,False,0.0,0.037831999634363456,
timeseries_encoder_a-development-0097,timeseries_encoder_a,time_series,development,single,moderate,False,False,typed_route_without_cut,invalid,1.0,1.0,1.0,1.0,1.0,1.0,1.0,1.0,1.0,1.0,1.0,1.0,1.0,0.0,0.0,0,False,0.0,0.0,False,0.0,0.03820200026893872,
timeseries_encoder_a-development-0097,timeseries_encoder_a,time_series,development,single,moderate,False,False,full_h10,invalid,1.0,1.0,1.0,1.0,1.0,1.0,1.0,1.0,1.0,1.0,1.0,1.0,1.0,0.0,0.0,0,True,0.0,0.0,False,0.0,0.1782779995664896,753e8c638c2ff20c6d4b00c118933589aaae77a85b25e16f216f39118f8e3bf2
timeseries_encoder_a-development-0098,timeseries_encoder_a,time_series,development,clean,none,False,False,independent_if_else,valid,1.0,1.0,1.0,1.0,1.0,1.0,1.0,1.0,1.0,1.0,1.0,1.0,1.0,0.0,0.0,0,False,0.0,0.0,False,0.0,0.02009899981203489,
timeseries_encoder_a-development-0098,timeseries_encoder_a,time_series,development,clean,none,False,False,typed_route_without_cut,valid,1.0,1.0,1.0,1.0,1.0,1.0,1.0,1.0,1.0,1.0,1.0,1.0,1.0,0.0,0.0,0,False,0.0,0.0,False,0.0,0.02040900017163949,
timeseries_encoder_a-development-0098,timeseries_encoder_a,time_series,development,clean,none,False,False,full_h10,valid,1.0,1.0,1.0,1.0,1.0,1.0,1.0,1.0,1.0,1.0,1.0,1.0,1.0,0.0,0.0,0,True,0.0,0.0,False,0.0,0.0247369998760405,f71e1fa1a0c14e1c5e0858203b4e3b32106221fa66682a086d29176e8854a299
timeseries_encoder_a-development-0099,timeseries_encoder_a,time_series,development,single,subtle,False,False,independent_if_else,invalid,1.0,1.0,1.0,1.0,1.0,1.0,1.0,1.0,1.0,1.0,1.0,1.0,1.0,0.0,0.0,0,False,0.0,0.0,False,0.0,0.024687000404810533,
timeseries_encoder_a-development-0099,timeseries_encoder_a,time_series,development,single,subtle,False,False,typed_route_without_cut,invalid,1.0,1.0,1.0,1.0,1.0,1.0,1.0,1.0,1.0,1.0,1.0,1.0,1.0,0.0,0.0,0,False,0.0,0.0,False,0.0,0.04900299973087385,
timeseries_encoder_a-development-0099,timeseries_encoder_a,time_series,development,single,subtle,False,False,full_h10,invalid,1.0,1.0,1.0,1.0,1.0,1.0,1.0,1.0,1.0,1.0,1.0,1.0,1.0,0.0,0.0,0,True,0.0,0.0,False,0.0,0.18024099972535623,98a2e480685b07de76ef28c52ad9cde939d23d7519a8fdf71a0f8866dda1e9c7
timeseries_encoder_a-development-0100,timeseries_encoder_a,time_series,development,single,moderate,False,False,independent_if_else,invalid,1.0,1.0,1.0,1.0,1.0,1.0,1.0,1.0,1.0,1.0,1.0,1.0,1.0,0.0,0.0,0,False,0.0,0.0,False,0.0,0.02371499977016356,
timeseries_encoder_a-development-0100,timeseries_encoder_a,time_series,development,single,moderate,False,False,typed_route_without_cut,invalid,1.0,1.0,1.0,1.0,1.0,1.0,1.0,1.0,1.0,1.0,1.0,1.0,1.0,0.0,0.0,0,False,0.0,0.0,False,0.0,0.02697099989745766,
timeseries_encoder_a-development-0100,timeseries_encoder_a,time_series,development,single,moderate,False,False,full_h10,invalid,1.0,1.0,1.0,1.0,1.0,1.0,1.0,1.0,1.0,1.0,1.0,1.0,1.0,0.0,0.0,0,True,0.0,0.0,False,0.0,0.17342899991490413,49e372cf1011ef84b8798f6e64f8b4830ece365c4579704c4ced9bae0228eb27
timeseries_encoder_a-development-0101,timeseries_encoder_a,time_series,development,clean,none,False,False,independent_if_else,valid,1.0,1.0,1.0,1.0,1.0,1.0,1.0,1.0,1.0,1.0,1.0,1.0,1.0,0.0,0.0,0,False,0.0,0.0,False,0.0,0.01850500029831892,
timeseries_encoder_a-development-0101,timeseries_encoder_a,time_series,development,clean,none,False,False,typed_route_without_cut,valid,1.0,1.0,1.0,1.0,1.0,1.0,1.0,1.0,1.0,1.0,1.0,1.0,1.0,0.0,0.0,0,False,0.0,0.0,False,0.0,0.02306399983353913,
timeseries_encoder_a-development-0101,timeseries_encoder_a,time_series,development,clean,none,False,False,full_h10,valid,1.0,1.0,1.0,1.0,1.0,1.0,1.0,1.0,1.0,1.0,1.0,1.0,1.0,0.0,0.0,0,True,0.0,0.0,False,0.0,0.025318000098195625,bed5cffa390d53b77fb01a80e5c896a859d1636b6fdd68ebe47bae50eb95d34e
timeseries_encoder_a-development-0102,timeseries_encoder_a,time_series,development,single,subtle,False,False,independent_if_else,invalid,1.0,1.0,1.0,1.0,1.0,1.0,1.0,1.0,1.0,1.0,1.0,1.0,1.0,0.0,0.0,0,False,0.0,0.0,False,0.0,0.024175000362447463,
timeseries_encoder_a-development-0102,timeseries_encoder_a,time_series,development,single,subtle,False,False,typed_route_without_cut,invalid,1.0,1.0,1.0,1.0,1.0,1.0,1.0,1.0,1.0,1.0,1.0,1.0,1.0,0.0,0.0,0,False,0.0,0.0,False,0.0,0.04905300011159852,
timeseries_encoder_a-development-0102,timeseries_encoder_a,time_series,development,single,subtle,False,False,full_h10,invalid,1.0,1.0,1.0,1.0,1.0,1.0,1.0,1.0,1.0,1.0,1.0,1.0,1.0,0.0,0.0,0,True,0.0,0.0,False,0.0,0.17473199977757758,3bcf2d058d211bc197620c4944d917000096e5a6ccc00f49656301a2a240cd05
timeseries_encoder_a-development-0103,timeseries_encoder_a,time_series,development,clean,none,False,False,independent_if_else,valid,1.0,1.0,1.0,1.0,1.0,1.0,1.0,1.0,1.0,1.0,1.0,1.0,1.0,0.0,0.0,0,False,0.0,0.0,False,0.0,0.019125999642710667,
timeseries_encoder_a-development-0103,timeseries_encoder_a,time_series,development,clean,none,False,False,typed_route_without_cut,valid,1.0,1.0,1.0,1.0,1.0,1.0,1.0,1.0,1.0,1.0,1.0,1.0,1.0,0.0,0.0,0,False,0.0,0.0,False,0.0,0.020648999907280086,
timeseries_encoder_a-development-0103,timeseries_encoder_a,time_series,development,clean,none,False,False,full_h10,valid,1.0,1.0,1.0,1.0,1.0,1.0,1.0,1.0,1.0,1.0,1.0,1.0,1.0,0.0,0.0,0,True,0.0,0.0,False,0.0,0.019607000012911158,324fe21519ed2c9cbd0b2f524b7c7395c29b5b84283f23a5592fd354cfd4c090
timeseries_encoder_a-development-0104,timeseries_encoder_a,time_series,development,single,severe,False,False,independent_if_else,invalid,1.0,1.0,1.0,1.0,1.0,1.0,1.0,1.0,0.3333333333333333,1.0,0.5,0.3333333333333333,0.0,3.0,0.0,0,False,0.0,0.0,False,0.0,0.037300999792933,
timeseries_encoder_a-development-0104,timeseries_encoder_a,time_series,development,single,severe,False,False,typed_route_without_cut,invalid,1.0,1.0,1.0,1.0,1.0,1.0,1.0,1.0,0.3333333333333333,1.0,0.5,0.3333333333333333,0.0,3.0,0.0,0,False,0.0,0.0,False,0.0,0.039775000004738104,
timeseries_encoder_a-development-0104,timeseries_encoder_a,time_series,development,single,severe,False,False,full_h10,invalid,1.0,1.0,1.0,1.0,1.0,1.0,1.0,1.0,1.0,1.0,1.0,1.0,1.0,0.0,0.0,0,True,0.0,0.0,False,0.0,0.19808599972748198,42d7c534b44b43d1a47896c2f2160d8cef2db9bff8e6b8c8921a85abefff10a3
timeseries_encoder_a-development-0105,timeseries_encoder_a,time_series,development,composite,subtle,False,False,independent_if_else,invalid,1.0,1.0,1.0,1.0,1.0,1.0,1.0,1.0,0.5,1.0,0.6666666666666666,0.5,0.0,2.0,0.0,0,False,0.0,0.0,False,0.0,0.02631999996083323,
timeseries_encoder_a-development-0105,timeseries_encoder_a,time_series,development,composite,subtle,False,False,typed_route_without_cut,invalid,1.0,1.0,1.0,1.0,1.0,1.0,1.0,1.0,0.5,1.0,0.6666666666666666,0.5,0.0,2.0,0.0,0,False,0.0,0.0,False,0.0,0.05535499985853676,
timeseries_encoder_a-development-0105,timeseries_encoder_a,time_series,development,composite,subtle,False,False,full_h10,invalid,1.0,1.0,1.0,1.0,1.0,1.0,1.0,1.0,1.0,1.0,1.0,1.0,1.0,0.0,0.0,0,True,0.0,0.0,False,0.0,0.18957000020236592,49b00e27e71d1f76e2bbd62c488fa84b99a8e4c83b7f6d8d17f726046d43699d
timeseries_encoder_a-development-0106,timeseries_encoder_a,time_series,development,unknown_ambiguous,moderate,True,True,independent_if_else,insufficient_evidence,1.0,1.0,1.0,1.0,0.6666666666666666,1.0,0.8,0.6666666666666666,0.5,0.5,0.5,0.3333333333333333,0.0,19.0,2.0,1,False,0.0,0.0,True,0.0,0.033272999644395895,
timeseries_encoder_a-development-0106,timeseries_encoder_a,time_series,development,unknown_ambiguous,moderate,True,True,typed_route_without_cut,insufficient_evidence,1.0,1.0,1.0,1.0,0.6666666666666666,1.0,0.8,0.6666666666666666,0.5,0.5,0.5,0.3333333333333333,0.0,19.0,2.0,1,False,0.0,0.0,True,0.0,0.06147700014480506,
timeseries_encoder_a-development-0106,timeseries_encoder_a,time_series,development,unknown_ambiguous,moderate,True,True,full_h10,insufficient_evidence,1.0,1.0,1.0,1.0,0.6666666666666666,1.0,0.8,0.6666666666666666,0.5,0.5,0.5,0.3333333333333333,0.0,19.0,2.0,1,True,0.0,0.0,True,0.0,0.2140860001418332,64d00410139dc130f4cfe70fac923ce3631d503cac0f01e6951fd19a96ba1f14
timeseries_encoder_a-development-0107,timeseries_encoder_a,time_series,development,composite,severe,False,False,independent_if_else,invalid,1.0,1.0,1.0,1.0,1.0,1.0,1.0,1.0,0.6666666666666666,1.0,0.8,0.6666666666666666,0.0,2.0,0.0,0,False,0.0,0.0,False,0.0,0.03476599977147998,
timeseries_encoder_a-development-0107,timeseries_encoder_a,time_series,development,composite,severe,False,False,typed_route_without_cut,invalid,1.0,1.0,1.0,1.0,1.0,1.0,1.0,1.0,0.6666666666666666,1.0,0.8,0.6666666666666666,0.0,2.0,0.0,0,False,0.0,0.0,False,0.0,0.09084299972528243,
timeseries_encoder_a-development-0107,timeseries_encoder_a,time_series,development,composite,severe,False,False,full_h10,invalid,1.0,1.0,1.0,1.0,1.0,1.0,1.0,1.0,1.0,1.0,1.0,1.0,1.0,0.0,0.0,0,True,0.0,0.0,False,0.0,0.20664200019382406,f6bc13cc3d8ae6d2807b5d0d8f006e6197daed090e1231aa1a34ef5308b9bb23
timeseries_encoder_a-development-0108,timeseries_encoder_a,time_series,development,composite,subtle,False,False,independent_if_else,invalid,1.0,1.0,1.0,1.0,1.0,1.0,1.0,1.0,0.3333333333333333,1.0,0.5,0.3333333333333333,0.0,6.0,0.0,0,False,0.0,0.0,False,0.0,0.03223099975002697,
timeseries_encoder_a-development-0108,timeseries_encoder_a,time_series,development,composite,subtle,False,False,typed_route_without_cut,invalid,1.0,1.0,1.0,1.0,1.0,1.0,1.0,1.0,0.3333333333333333,1.0,0.5,0.3333333333333333,0.0,6.0,0.0,0,False,0.0,0.0,False,0.0,0.0715750002200366,
timeseries_encoder_a-development-0108,timeseries_encoder_a,time_series,development,composite,subtle,False,False,full_h10,invalid,1.0,1.0,1.0,1.0,1.0,1.0,1.0,1.0,1.0,1.0,1.0,1.0,1.0,0.0,0.0,0,True,0.0,0.0,False,0.0,0.217192000036448,133efa4b2b2f4c6de2a9a43c9281cd19956fe8ff0cba40999fc5857f72d79fae
timeseries_encoder_a-development-0109,timeseries_encoder_a,time_series,development,composite,moderate,False,False,independent_if_else,invalid,1.0,1.0,1.0,1.0,1.0,1.0,1.0,1.0,0.6666666666666666,1.0,0.8,0.6666666666666666,0.0,2.0,0.0,0,False,0.0,0.0,False,0.0,0.03755099987756694,
timeseries_encoder_a-development-0109,timeseries_encoder_a,time_series,development,composite,moderate,False,False,typed_route_without_cut,invalid,1.0,1.0,1.0,1.0,1.0,1.0,1.0,1.0,0.6666666666666666,1.0,0.8,0.6666666666666666,0.0,2.0,0.0,0,False,0.0,0.0,False,0.0,0.07551299995611771,
timeseries_encoder_a-development-0109,timeseries_encoder_a,time_series,development,composite,moderate,False,False,full_h10,invalid,1.0,1.0,1.0,1.0,1.0,1.0,1.0,1.0,1.0,1.0,1.0,1.0,1.0,0.0,0.0,0,True,0.0,0.0,False,0.0,0.19956899996032007,bcb18d025e183c76c23519772a10b670f05e834f060b9b971e5502cfdd6087ad
timeseries_encoder_a-development-0110,timeseries_encoder_a,time_series,development,unknown_ambiguous,severe,True,True,independent_if_else,insufficient_evidence,1.0,1.0,1.0,1.0,0.3333333333333333,1.0,0.5,0.3333333333333333,1.0,1.0,1.0,1.0,1.0,0.0,4.0,2,False,0.0,0.0,True,0.0,0.03118899985565804,
timeseries_encoder_a-development-0110,timeseries_encoder_a,time_series,development,unknown_ambiguous,severe,True,True,typed_route_without_cut,insufficient_evidence,1.0,1.0,1.0,1.0,0.3333333333333333,1.0,0.5,0.3333333333333333,1.0,1.0,1.0,1.0,1.0,0.0,4.0,2,False,0.0,0.0,True,0.0,0.0562970003556984,
timeseries_encoder_a-development-0110,timeseries_encoder_a,time_series,development,unknown_ambiguous,severe,True,True,full_h10,insufficient_evidence,1.0,1.0,1.0,1.0,0.3333333333333333,1.0,0.5,0.3333333333333333,1.0,1.0,1.0,1.0,1.0,0.0,4.0,2,True,0.0,0.0,True,0.0,0.1821750001909095,c595c62d8d5909ab1abb179bae6fbba0ba72a9da4f597f670ce6134c2003adaf
timeseries_encoder_a-development-0111,timeseries_encoder_a,time_series,development,unknown_ambiguous,subtle,True,False,independent_if_else,invalid,1.0,1.0,1.0,1.0,1.0,1.0,1.0,1.0,1.0,1.0,1.0,1.0,1.0,0.0,0.0,0,False,0.0,0.0,False,1.0,0.02425599996058736,
timeseries_encoder_a-development-0111,timeseries_encoder_a,time_series,development,unknown_ambiguous,subtle,True,False,typed_route_without_cut,invalid,1.0,1.0,1.0,1.0,1.0,1.0,1.0,1.0,1.0,1.0,1.0,1.0,1.0,0.0,0.0,0,False,0.0,0.0,False,1.0,0.043542999719647923,
timeseries_encoder_a-development-0111,timeseries_encoder_a,time_series,development,unknown_ambiguous,subtle,True,False,full_h10,invalid,1.0,1.0,1.0,1.0,1.0,1.0,1.0,1.0,1.0,1.0,1.0,1.0,1.0,0.0,0.0,0,True,0.0,0.0,False,1.0,0.15705800024079508,d3bf8a3a8d180375431dc6d6719a551c07a0a38832fb60bd895d933cf0452c3f
timeseries_encoder_a-development-0112,timeseries_encoder_a,time_series,development,unknown_ambiguous,moderate,True,True,independent_if_else,invalid,1.0,1.0,1.0,1.0,1.0,1.0,1.0,1.0,0.25,0.5,0.3333333333333333,0.2,0.0,37.0,0.0,0,False,0.0,0.0,False,1.0,0.03178999986630515,
timeseries_encoder_a-development-0112,timeseries_encoder_a,time_series,development,unknown_ambiguous,moderate,True,True,typed_route_without_cut,invalid,1.0,1.0,1.0,1.0,1.0,1.0,1.0,1.0,0.25,0.5,0.3333333333333333,0.2,0.0,37.0,0.0,0,False,0.0,0.0,False,1.0,0.04168900022705202,
timeseries_encoder_a-development-0112,timeseries_encoder_a,time_series,development,unknown_ambiguous,moderate,True,True,full_h10,invalid,1.0,1.0,1.0,1.0,1.0,1.0,1.0,1.0,0.3333333333333333,0.5,0.4,0.25,0.0,36.0,0.0,0,True,0.0,0.0,False,1.0,0.19250500008638483,13a95aed787eff2ceffd81ac13c62f6f48a211466675807df1a0ce192153a1ce
timeseries_encoder_a-development-0113,timeseries_encoder_a,time_series,development,clean,none,False,False,independent_if_else,valid,1.0,1.0,1.0,1.0,1.0,1.0,1.0,1.0,1.0,1.0,1.0,1.0,1.0,0.0,0.0,0,False,0.0,0.0,False,0.0,0.019095999959972687,
timeseries_encoder_a-development-0113,timeseries_encoder_a,time_series,development,clean,none,False,False,typed_route_without_cut,valid,1.0,1.0,1.0,1.0,1.0,1.0,1.0,1.0,1.0,1.0,1.0,1.0,1.0,0.0,0.0,0,False,0.0,0.0,False,0.0,0.018856000224332092,
timeseries_encoder_a-development-0113,timeseries_encoder_a,time_series,development,clean,none,False,False,full_h10,valid,1.0,1.0,1.0,1.0,1.0,1.0,1.0,1.0,1.0,1.0,1.0,1.0,1.0,0.0,0.0,0,True,0.0,0.0,False,0.0,0.022002000150678214,0c6cf3ff5bd23d8c6f42fff925024d47b813338982d154ee053c1a436a8c537c
timeseries_encoder_a-development-0114,timeseries_encoder_a,time_series,development,unknown_ambiguous,subtle,True,True,independent_if_else,insufficient_evidence,1.0,1.0,1.0,1.0,0.3333333333333333,1.0,0.5,0.3333333333333333,1.0,1.0,1.0,1.0,1.0,0.0,4.0,2,False,0.0,0.0,True,0.0,0.028534000193758402,
timeseries_encoder_a-development-0114,timeseries_encoder_a,time_series,development,unknown_ambiguous,subtle,True,True,typed_route_without_cut,insufficient_evidence,1.0,1.0,1.0,1.0,0.3333333333333333,1.0,0.5,0.3333333333333333,1.0,1.0,1.0,1.0,1.0,0.0,4.0,2,False,0.0,0.0,True,0.0,0.05491399997481494,
timeseries_encoder_a-development-0114,timeseries_encoder_a,time_series,development,unknown_ambiguous,subtle,True,True,full_h10,insufficient_evidence,1.0,1.0,1.0,1.0,0.3333333333333333,1.0,0.5,0.3333333333333333,1.0,1.0,1.0,1.0,1.0,0.0,4.0,2,True,0.0,0.0,True,0.0,0.17550300026414334,c3961144335ffae2834d5668da3fda0b2c49000d7d8964d7af87ae6178e78b6a
timeseries_encoder_a-development-0115,timeseries_encoder_a,time_series,development,unknown_ambiguous,moderate,True,False,independent_if_else,invalid,1.0,1.0,1.0,1.0,1.0,1.0,1.0,1.0,1.0,1.0,1.0,1.0,1.0,0.0,0.0,0,False,0.0,0.0,False,1.0,0.02289299982294324,
timeseries_encoder_a-development-0115,timeseries_encoder_a,time_series,development,unknown_ambiguous,moderate,True,False,typed_route_without_cut,invalid,1.0,1.0,1.0,1.0,1.0,1.0,1.0,1.0,1.0,1.0,1.0,1.0,1.0,0.0,0.0,0,False,0.0,0.0,False,1.0,0.04408300037539448,
timeseries_encoder_a-development-0115,timeseries_encoder_a,time_series,development,unknown_ambiguous,moderate,True,False,full_h10,invalid,1.0,1.0,1.0,1.0,1.0,1.0,1.0,1.0,1.0,1.0,1.0,1.0,1.0,0.0,0.0,0,True,0.0,0.0,False,1.0,0.1700729999356554,86e6a0ab8f08bfc44c97765ff10bbfb9135fef3ced737e901ba7e58e7499d729
timeseries_encoder_a-development-0116,timeseries_encoder_a,time_series,development,single,severe,False,False,independent_if_else,invalid,1.0,1.0,1.0,1.0,1.0,1.0,1.0,1.0,1.0,1.0,1.0,1.0,1.0,0.0,0.0,0,False,0.0,0.0,False,0.0,0.022653000087302644,
timeseries_encoder_a-development-0116,timeseries_encoder_a,time_series,development,single,severe,False,False,typed_route_without_cut,invalid,1.0,1.0,1.0,1.0,1.0,1.0,1.0,1.0,1.0,1.0,1.0,1.0,1.0,0.0,0.0,0,False,0.0,0.0,False,0.0,0.06380100012393086,
timeseries_encoder_a-development-0116,timeseries_encoder_a,time_series,development,single,severe,False,False,full_h10,invalid,1.0,1.0,1.0,1.0,1.0,1.0,1.0,1.0,1.0,1.0,1.0,1.0,1.0,0.0,0.0,0,True,0.0,0.0,False,0.0,0.15620599970134208,6077dfd80c42c946bd2b7c81e2228f70b93c59d22fb1d7e77030fc2acb24ab31
timeseries_encoder_a-development-0117,timeseries_encoder_a,time_series,development,composite,subtle,False,False,independent_if_else,invalid,1.0,1.0,1.0,1.0,1.0,1.0,1.0,1.0,0.6666666666666666,1.0,0.8,0.6666666666666666,0.0,2.0,0.0,0,False,0.0,0.0,False,0.0,0.028294000003370456,
timeseries_encoder_a-development-0117,timeseries_encoder_a,time_series,development,composite,subtle,False,False,typed_route_without_cut,invalid,1.0,1.0,1.0,1.0,1.0,1.0,1.0,1.0,0.6666666666666666,1.0,0.8,0.6666666666666666,0.0,2.0,0.0,0,False,0.0,0.0,False,0.0,0.059052000324300025,
timeseries_encoder_a-development-0117,timeseries_encoder_a,time_series,development,composite,subtle,False,False,full_h10,invalid,1.0,1.0,1.0,1.0,1.0,1.0,1.0,1.0,1.0,1.0,1.0,1.0,1.0,0.0,0.0,0,True,0.0,0.0,False,0.0,0.17023300006258069,0838a06aa272602430d898538555ec9431d5eb17324713abc43a9dd9856d9706
timeseries_encoder_a-development-0118,timeseries_encoder_a,time_series,development,single,moderate,False,False,independent_if_else,invalid,1.0,1.0,1.0,1.0,1.0,1.0,1.0,1.0,1.0,1.0,1.0,1.0,1.0,0.0,0.0,0,False,0.0,0.0,False,0.0,0.02222200009782682,
timeseries_encoder_a-development-0118,timeseries_encoder_a,time_series,development,single,moderate,False,False,typed_route_without_cut,invalid,1.0,1.0,1.0,1.0,1.0,1.0,1.0,1.0,1.0,1.0,1.0,1.0,1.0,0.0,0.0,0,False,0.0,0.0,False,0.0,0.058291000186727615,
timeseries_encoder_a-development-0118,timeseries_encoder_a,time_series,development,single,moderate,False,False,full_h10,invalid,1.0,1.0,1.0,1.0,1.0,1.0,1.0,1.0,1.0,1.0,1.0,1.0,1.0,0.0,0.0,0,True,0.0,0.0,False,0.0,0.16205700012505986,ca80f80aa99ca8747c40a632db8850e8fa439c54863bb6d524a6d61242901bfc
timeseries_encoder_a-development-0119,timeseries_encoder_a,time_series,development,clean,none,False,False,independent_if_else,valid,1.0,1.0,1.0,1.0,1.0,1.0,1.0,1.0,1.0,1.0,1.0,1.0,1.0,0.0,0.0,0,False,0.0,0.0,False,0.0,0.017131999811681453,
timeseries_encoder_a-development-0119,timeseries_encoder_a,time_series,development,clean,none,False,False,typed_route_without_cut,valid,1.0,1.0,1.0,1.0,1.0,1.0,1.0,1.0,1.0,1.0,1.0,1.0,1.0,0.0,0.0,0,False,0.0,0.0,False,0.0,0.01859499980128021,
timeseries_encoder_a-development-0119,timeseries_encoder_a,time_series,development,clean,none,False,False,full_h10,valid,1.0,1.0,1.0,1.0,1.0,1.0,1.0,1.0,1.0,1.0,1.0,1.0,1.0,0.0,0.0,0,True,0.0,0.0,False,0.0,0.020358999790914822,e4caf0851bc1e19115e7a7a91eaded62dfcf76f9cd8983774ab6d0a129727411
timeseries_encoder_a-development-0120,timeseries_encoder_a,time_series,development,clean,none,False,False,independent_if_else,valid,1.0,1.0,1.0,1.0,1.0,1.0,1.0,1.0,1.0,1.0,1.0,1.0,1.0,0.0,0.0,0,False,0.0,0.0,False,0.0,0.01701200017123483,
timeseries_encoder_a-development-0120,timeseries_encoder_a,time_series,development,clean,none,False,False,typed_route_without_cut,valid,1.0,1.0,1.0,1.0,1.0,1.0,1.0,1.0,1.0,1.0,1.0,1.0,1.0,0.0,0.0,0,False,0.0,0.0,False,0.0,0.017533000118419295,
timeseries_encoder_a-development-0120,timeseries_encoder_a,time_series,development,clean,none,False,False,full_h10,valid,1.0,1.0,1.0,1.0,1.0,1.0,1.0,1.0,1.0,1.0,1.0,1.0,1.0,0.0,0.0,0,True,0.0,0.0,False,0.0,0.019265999981143977,7643740df7a5938cd9731dae74b7db3a92ba6d4df2e9600d57f7a4595684103a
timeseries_encoder_a-development-0121,timeseries_encoder_a,time_series,development,single,moderate,False,False,independent_if_else,invalid,1.0,1.0,1.0,1.0,1.0,1.0,1.0,1.0,1.0,1.0,1.0,1.0,1.0,0.0,0.0,0,False,0.0,0.0,False,0.0,0.021490000108315144,
timeseries_encoder_a-development-0121,timeseries_encoder_a,time_series,development,single,moderate,False,False,typed_route_without_cut,invalid,1.0,1.0,1.0,1.0,1.0,1.0,1.0,1.0,1.0,1.0,1.0,1.0,1.0,0.0,0.0,0,False,0.0,0.0,False,0.0,0.05832999977428699,
timeseries_encoder_a-development-0121,timeseries_encoder_a,time_series,development,single,moderate,False,False,full_h10,invalid,1.0,1.0,1.0,1.0,1.0,1.0,1.0,1.0,1.0,1.0,1.0,1.0,1.0,0.0,0.0,0,True,0.0,0.0,False,0.0,0.15876099996603443,a7ef74ee36237574486654de013e18ce68ef55dc71f17bdc404d22d8f6d3c428
timeseries_encoder_a-development-0122,timeseries_encoder_a,time_series,development,unknown_ambiguous,severe,True,True,independent_if_else,insufficient_evidence,1.0,1.0,1.0,1.0,0.3333333333333333,1.0,0.5,0.3333333333333333,1.0,1.0,1.0,1.0,1.0,0.0,4.0,2,False,0.0,0.0,True,0.0,0.030358000003616326,
timeseries_encoder_a-development-0122,timeseries_encoder_a,time_series,development,unknown_ambiguous,severe,True,True,typed_route_without_cut,insufficient_evidence,1.0,1.0,1.0,1.0,0.3333333333333333,1.0,0.5,0.3333333333333333,1.0,1.0,1.0,1.0,1.0,0.0,4.0,2,False,0.0,0.0,True,0.0,0.05487399994308362,
timeseries_encoder_a-development-0122,timeseries_encoder_a,time_series,development,unknown_ambiguous,severe,True,True,full_h10,insufficient_evidence,1.0,1.0,1.0,1.0,0.3333333333333333,1.0,0.5,0.3333333333333333,1.0,1.0,1.0,1.0,1.0,0.0,4.0,2,True,0.0,0.0,True,0.0,0.18929899988506804,3b41be21a5ea6e563e2032d2ec8c08700db9623f0b297a4432c92d6ae1c514f9
timeseries_encoder_a-development-0123,timeseries_encoder_a,time_series,development,clean,none,False,False,independent_if_else,valid,1.0,1.0,1.0,1.0,1.0,1.0,1.0,1.0,1.0,1.0,1.0,1.0,1.0,0.0,0.0,0,False,0.0,0.0,False,0.0,0.024977000066428445,
timeseries_encoder_a-development-0123,timeseries_encoder_a,time_series,development,clean,none,False,False,typed_route_without_cut,valid,1.0,1.0,1.0,1.0,1.0,1.0,1.0,1.0,1.0,1.0,1.0,1.0,1.0,0.0,0.0,0,False,0.0,0.0,False,0.0,0.018555999758973485,
timeseries_encoder_a-development-0123,timeseries_encoder_a,time_series,development,clean,none,False,False,full_h10,valid,1.0,1.0,1.0,1.0,1.0,1.0,1.0,1.0,1.0,1.0,1.0,1.0,1.0,0.0,0.0,0,True,0.0,0.0,False,0.0,0.022293000256468076,e0c86913737a6e172476d7ea5114215a5fd351b06db40ab187f1b286a8bd1555
timeseries_encoder_a-development-0124,timeseries_encoder_a,time_series,development,composite,moderate,False,False,independent_if_else,invalid,1.0,1.0,1.0,1.0,1.0,1.0,1.0,1.0,0.6666666666666666,1.0,0.8,0.6666666666666666,0.0,2.0,0.0,0,False,0.0,0.0,False,0.0,0.0279930000033346,
timeseries_encoder_a-development-0124,timeseries_encoder_a,time_series,development,composite,moderate,False,False,typed_route_without_cut,invalid,1.0,1.0,1.0,1.0,1.0,1.0,1.0,1.0,0.6666666666666666,1.0,0.8,0.6666666666666666,0.0,2.0,0.0,0,False,0.0,0.0,False,0.0,0.05964299998595379,
timeseries_encoder_a-development-0124,timeseries_encoder_a,time_series,development,composite,moderate,False,False,full_h10,invalid,1.0,1.0,1.0,1.0,1.0,1.0,1.0,1.0,1.0,1.0,1.0,1.0,1.0,0.0,0.0,0,True,0.0,0.0,False,0.0,0.17983199995796895,2a55eaac33a79375816551077b950686a6f642b9d115009eec864f094455cc7e
timeseries_encoder_a-development-0125,timeseries_encoder_a,time_series,development,unknown_ambiguous,severe,True,False,independent_if_else,invalid,1.0,1.0,1.0,1.0,1.0,1.0,1.0,1.0,0.5,0.5,0.5,0.3333333333333333,0.0,19.0,0.0,0,False,0.0,0.0,False,1.0,0.02700200002436759,
timeseries_encoder_a-development-0125,timeseries_encoder_a,time_series,development,unknown_ambiguous,severe,True,False,typed_route_without_cut,invalid,1.0,1.0,1.0,1.0,1.0,1.0,1.0,1.0,0.5,0.5,0.5,0.3333333333333333,0.0,19.0,0.0,0,False,0.0,0.0,False,1.0,0.04999499969926546,
timeseries_encoder_a-development-0125,timeseries_encoder_a,time_series,development,unknown_ambiguous,severe,True,False,full_h10,invalid,1.0,1.0,1.0,1.0,1.0,1.0,1.0,1.0,0.5,0.5,0.5,0.3333333333333333,0.0,19.0,0.0,0,True,0.0,0.0,False,1.0,0.2554539996708627,bde67e8991e536a4d63dda563816b10ad2ded08b7c9b3856c165f3038628382d
timeseries_encoder_a-development-0126,timeseries_encoder_a,time_series,development,composite,subtle,False,False,independent_if_else,invalid,1.0,1.0,1.0,1.0,1.0,1.0,1.0,1.0,0.6666666666666666,1.0,0.8,0.6666666666666666,0.0,4.0,0.0,0,False,0.0,0.0,False,0.0,0.04849200013268273,
timeseries_encoder_a-development-0126,timeseries_encoder_a,time_series,development,composite,subtle,False,False,typed_route_without_cut,invalid,1.0,1.0,1.0,1.0,1.0,1.0,1.0,1.0,0.6666666666666666,1.0,0.8,0.6666666666666666,0.0,4.0,0.0,0,False,0.0,0.0,False,0.0,0.0879269996403309,
timeseries_encoder_a-development-0126,timeseries_encoder_a,time_series,development,composite,subtle,False,False,full_h10,invalid,1.0,1.0,1.0,1.0,1.0,1.0,1.0,1.0,1.0,1.0,1.0,1.0,1.0,0.0,0.0,0,True,0.0,0.0,False,0.0,0.2500040000086301,9676a774308019023490e9fcf604f2af166ce732e563abac50de9c126ada0336
timeseries_encoder_a-development-0127,timeseries_encoder_a,time_series,development,unknown_ambiguous,moderate,True,False,independent_if_else,invalid,1.0,1.0,1.0,1.0,1.0,1.0,1.0,1.0,1.0,1.0,1.0,1.0,1.0,0.0,0.0,0,False,0.0,0.0,False,1.0,0.026139000055991346,
timeseries_encoder_a-development-0127,timeseries_encoder_a,time_series,development,unknown_ambiguous,moderate,True,False,typed_route_without_cut,invalid,1.0,1.0,1.0,1.0,1.0,1.0,1.0,1.0,1.0,1.0,1.0,1.0,1.0,0.0,0.0,0,False,0.0,0.0,False,1.0,0.046519000079570105,
timeseries_encoder_a-development-0127,timeseries_encoder_a,time_series,development,unknown_ambiguous,moderate,True,False,full_h10,invalid,1.0,1.0,1.0,1.0,1.0,1.0,1.0,1.0,1.0,1.0,1.0,1.0,1.0,0.0,0.0,0,True,0.0,0.0,False,1.0,0.18815699968399713,84d0c20b05b379bb06e1e02051fce5e7fcc5262dafafe338712a6ab257ea99cc
timeseries_encoder_a-development-0128,timeseries_encoder_a,time_series,development,composite,severe,False,False,independent_if_else,invalid,1.0,1.0,1.0,1.0,1.0,1.0,1.0,1.0,0.5,1.0,0.6666666666666666,0.5,0.0,1.0,0.0,0,False,0.0,0.0,False,0.0,0.030919000437279465,
timeseries_encoder_a-development-0128,timeseries_encoder_a,time_series,development,composite,severe,False,False,typed_route_without_cut,invalid,1.0,1.0,1.0,1.0,1.0,1.0,1.0,1.0,0.5,1.0,0.6666666666666666,0.5,0.0,1.0,0.0,0,False,0.0,0.0,False,0.0,0.08667400015838211,
timeseries_encoder_a-development-0128,timeseries_encoder_a,time_series,development,composite,severe,False,False,full_h10,invalid,1.0,1.0,1.0,1.0,1.0,1.0,1.0,1.0,1.0,1.0,1.0,1.0,1.0,0.0,0.0,0,True,0.0,0.0,False,0.0,0.21765300016340916,396932dca087ca03f83e1a2ec63d8f857da2201a4bbb4c9102006eafd1dce182
timeseries_encoder_a-development-0129,timeseries_encoder_a,time_series,development,composite,subtle,False,False,independent_if_else,invalid,1.0,1.0,1.0,1.0,1.0,1.0,1.0,1.0,1.0,1.0,1.0,1.0,1.0,0.0,0.0,0,False,0.0,0.0,False,0.0,0.028354000278341118,
timeseries_encoder_a-development-0129,timeseries_encoder_a,time_series,development,composite,subtle,False,False,typed_route_without_cut,invalid,1.0,1.0,1.0,1.0,1.0,1.0,1.0,1.0,1.0,1.0,1.0,1.0,1.0,0.0,0.0,0,False,0.0,0.0,False,0.0,0.05052599999544327,
timeseries_encoder_a-development-0129,timeseries_encoder_a,time_series,development,composite,subtle,False,False,full_h10,invalid,1.0,1.0,1.0,1.0,1.0,1.0,1.0,1.0,1.0,1.0,1.0,1.0,1.0,0.0,0.0,0,True,0.0,0.0,False,0.0,0.17970099997910438,84044c7335cb072470286f7dd6aaed64450c5c5e75b31c9e8866f17a635aec5d
timeseries_encoder_a-development-0130,timeseries_encoder_a,time_series,development,composite,moderate,False,False,independent_if_else,invalid,1.0,1.0,1.0,1.0,1.0,1.0,1.0,1.0,1.0,1.0,1.0,1.0,1.0,0.0,0.0,0,False,0.0,0.0,False,0.0,0.026930999865726335,
timeseries_encoder_a-development-0130,timeseries_encoder_a,time_series,development,composite,moderate,False,False,typed_route_without_cut,invalid,1.0,1.0,1.0,1.0,1.0,1.0,1.0,1.0,1.0,1.0,1.0,1.0,1.0,0.0,0.0,0,False,0.0,0.0,False,0.0,0.051607999921543524,
timeseries_encoder_a-development-0130,timeseries_encoder_a,time_series,development,composite,moderate,False,False,full_h10,invalid,1.0,1.0,1.0,1.0,1.0,1.0,1.0,1.0,1.0,1.0,1.0,1.0,1.0,0.0,0.0,0,True,0.0,0.0,False,0.0,0.18561200022304547,05cdd6c5536f5ce22d8ade43d1baa71160e9ebe3ab125bd917d78e807a3d3799
timeseries_encoder_a-development-0131,timeseries_encoder_a,time_series,development,composite,severe,False,False,independent_if_else,invalid,1.0,1.0,1.0,1.0,1.0,1.0,1.0,1.0,0.6666666666666666,1.0,0.8,0.6666666666666666,0.0,2.0,0.0,0,False,0.0,0.0,False,0.0,0.033803999940573703,
timeseries_encoder_a-development-0131,timeseries_encoder_a,time_series,development,composite,severe,False,False,typed_route_without_cut,invalid,1.0,1.0,1.0,1.0,1.0,1.0,1.0,1.0,0.6666666666666666,1.0,0.8,0.6666666666666666,0.0,2.0,0.0,0,False,0.0,0.0,False,0.0,0.07722699956502765,
timeseries_encoder_a-development-0131,timeseries_encoder_a,time_series,development,composite,severe,False,False,full_h10,invalid,1.0,1.0,1.0,1.0,1.0,1.0,1.0,1.0,1.0,1.0,1.0,1.0,1.0,0.0,0.0,0,True,0.0,0.0,False,0.0,0.20013999983348185,0a065cda7f8d892a8b4f80f39f7c72eae550190685f88ab401fac678387cc820
timeseries_encoder_a-development-0132,timeseries_encoder_a,time_series,development,composite,subtle,False,False,independent_if_else,invalid,1.0,1.0,1.0,1.0,1.0,1.0,1.0,1.0,0.6666666666666666,1.0,0.8,0.6666666666666666,0.0,2.0,0.0,0,False,0.0,0.0,False,0.0,0.03647900030046003,
timeseries_encoder_a-development-0132,timeseries_encoder_a,time_series,development,composite,subtle,False,False,typed_route_without_cut,invalid,1.0,1.0,1.0,1.0,1.0,1.0,1.0,1.0,0.6666666666666666,1.0,0.8,0.6666666666666666,0.0,2.0,0.0,0,False,0.0,0.0,False,0.0,0.08076299991444102,
timeseries_encoder_a-development-0132,timeseries_encoder_a,time_series,development,composite,subtle,False,False,full_h10,invalid,1.0,1.0,1.0,1.0,1.0,1.0,1.0,1.0,1.0,1.0,1.0,1.0,1.0,0.0,0.0,0,True,0.0,0.0,False,0.0,0.19786599978033337,89fc9143c731f5a6ee74f9837d3dd394c774c66ee6431e2d3c40c602c9d769b7
timeseries_encoder_a-development-0133,timeseries_encoder_a,time_series,development,single,moderate,False,False,independent_if_else,invalid,1.0,1.0,1.0,1.0,1.0,1.0,1.0,1.0,1.0,1.0,1.0,1.0,1.0,0.0,0.0,0,False,0.0,0.0,False,0.0,0.021842000023752917,
timeseries_encoder_a-development-0133,timeseries_encoder_a,time_series,development,single,moderate,False,False,typed_route_without_cut,invalid,1.0,1.0,1.0,1.0,1.0,1.0,1.0,1.0,1.0,1.0,1.0,1.0,1.0,0.0,0.0,0,False,0.0,0.0,False,0.0,0.0677080001878494,
timeseries_encoder_a-development-0133,timeseries_encoder_a,time_series,development,single,moderate,False,False,full_h10,invalid,1.0,1.0,1.0,1.0,1.0,1.0,1.0,1.0,1.0,1.0,1.0,1.0,1.0,0.0,0.0,0,True,0.0,0.0,False,0.0,0.15643699998690863,35af59459c63024a824a5679b6204fb7532bda93f175aef27351294d69fc0046
timeseries_encoder_a-development-0134,timeseries_encoder_a,time_series,development,composite,severe,False,False,independent_if_else,invalid,1.0,1.0,1.0,1.0,1.0,1.0,1.0,1.0,0.5,1.0,0.6666666666666666,0.5,0.0,2.0,0.0,0,False,0.0,0.0,False,0.0,0.02617899963297532,
timeseries_encoder_a-development-0134,timeseries_encoder_a,time_series,development,composite,severe,False,False,typed_route_without_cut,invalid,1.0,1.0,1.0,1.0,1.0,1.0,1.0,1.0,0.5,1.0,0.6666666666666666,0.5,0.0,2.0,0.0,0,False,0.0,0.0,False,0.0,0.04996500001652748,
timeseries_encoder_a-development-0134,timeseries_encoder_a,time_series,development,composite,severe,False,False,full_h10,invalid,1.0,1.0,1.0,1.0,1.0,1.0,1.0,1.0,1.0,1.0,1.0,1.0,1.0,0.0,0.0,0,True,0.0,0.0,False,0.0,0.17868900022222078,b62929fb439f350874e04ed356d7e7c7114de6b3c6ecbc691d35263c3f1267a9
timeseries_encoder_a-development-0135,timeseries_encoder_a,time_series,development,composite,subtle,False,False,independent_if_else,invalid,1.0,1.0,1.0,1.0,1.0,1.0,1.0,1.0,0.5,1.0,0.6666666666666666,0.5,0.0,2.0,0.0,0,False,0.0,0.0,False,0.0,0.02759200015134411,
timeseries_encoder_a-development-0135,timeseries_encoder_a,time_series,development,composite,subtle,False,False,typed_route_without_cut,invalid,1.0,1.0,1.0,1.0,1.0,1.0,1.0,1.0,0.5,1.0,0.6666666666666666,0.5,0.0,2.0,0.0,0,False,0.0,0.0,False,0.0,0.05538499999602209,
timeseries_encoder_a-development-0135,timeseries_encoder_a,time_series,development,composite,subtle,False,False,full_h10,invalid,1.0,1.0,1.0,1.0,1.0,1.0,1.0,1.0,1.0,1.0,1.0,1.0,1.0,0.0,0.0,0,True,0.0,0.0,False,0.0,0.17196599992530537,2dfbae957a489d95b6f73b661dc572d6937afacc9692aa8a9f3536edd4335474
timeseries_encoder_a-development-0136,timeseries_encoder_a,time_series,development,clean,none,False,False,independent_if_else,valid,1.0,1.0,1.0,1.0,1.0,1.0,1.0,1.0,1.0,1.0,1.0,1.0,1.0,0.0,0.0,0,False,0.0,0.0,False,0.0,0.01879599994936143,
timeseries_encoder_a-development-0136,timeseries_encoder_a,time_series,development,clean,none,False,False,typed_route_without_cut,valid,1.0,1.0,1.0,1.0,1.0,1.0,1.0,1.0,1.0,1.0,1.0,1.0,1.0,0.0,0.0,0,False,0.0,0.0,False,0.0,0.026669999897421803,
timeseries_encoder_a-development-0136,timeseries_encoder_a,time_series,development,clean,none,False,False,full_h10,valid,1.0,1.0,1.0,1.0,1.0,1.0,1.0,1.0,1.0,1.0,1.0,1.0,1.0,0.0,0.0,0,True,0.0,0.0,False,0.0,0.024756999664532486,b6f8b2345f2e908edb8b4dff48d12d96ed9fd8277844a5d1bd8e8d4ec668607c
timeseries_encoder_a-development-0137,timeseries_encoder_a,time_series,development,clean,none,False,False,independent_if_else,valid,1.0,1.0,1.0,1.0,1.0,1.0,1.0,1.0,1.0,1.0,1.0,1.0,1.0,0.0,0.0,0,False,0.0,0.0,False,0.0,0.01746299994920264,
timeseries_encoder_a-development-0137,timeseries_encoder_a,time_series,development,clean,none,False,False,typed_route_without_cut,valid,1.0,1.0,1.0,1.0,1.0,1.0,1.0,1.0,1.0,1.0,1.0,1.0,1.0,0.0,0.0,0,False,0.0,0.0,False,0.0,0.0185349999810569,
timeseries_encoder_a-development-0137,timeseries_encoder_a,time_series,development,clean,none,False,False,full_h10,valid,1.0,1.0,1.0,1.0,1.0,1.0,1.0,1.0,1.0,1.0,1.0,1.0,1.0,0.0,0.0,0,True,0.0,0.0,False,0.0,0.021671000013157027,ba8089a80755d0f7226769df46cac9a01bc50a8a54753f189c30f9574f2fbe0b
timeseries_encoder_a-development-0138,timeseries_encoder_a,time_series,development,clean,none,False,False,independent_if_else,valid,1.0,1.0,1.0,1.0,1.0,1.0,1.0,1.0,1.0,1.0,1.0,1.0,1.0,0.0,0.0,0,False,0.0,0.0,False,0.0,0.017853999906947138,
timeseries_encoder_a-development-0138,timeseries_encoder_a,time_series,development,clean,none,False,False,typed_route_without_cut,valid,1.0,1.0,1.0,1.0,1.0,1.0,1.0,1.0,1.0,1.0,1.0,1.0,1.0,0.0,0.0,0,False,0.0,0.0,False,0.0,0.019847000203299103,
timeseries_encoder_a-development-0138,timeseries_encoder_a,time_series,development,clean,none,False,False,full_h10,valid,1.0,1.0,1.0,1.0,1.0,1.0,1.0,1.0,1.0,1.0,1.0,1.0,1.0,0.0,0.0,0,True,0.0,0.0,False,0.0,0.021550999917963054,24da48d57b4b504bbefd5a3a6fa1665461b305cf7ba2dfc658f98e92bc1f2e33
timeseries_encoder_a-development-0139,timeseries_encoder_a,time_series,development,composite,moderate,False,False,independent_if_else,invalid,1.0,1.0,1.0,1.0,1.0,1.0,1.0,1.0,0.5,1.0,0.6666666666666666,0.5,0.0,1.0,0.0,0,False,0.0,0.0,False,0.0,0.02666000000317581,
timeseries_encoder_a-development-0139,timeseries_encoder_a,time_series,development,composite,moderate,False,False,typed_route_without_cut,invalid,1.0,1.0,1.0,1.0,1.0,1.0,1.0,1.0,0.5,1.0,0.6666666666666666,0.5,0.0,1.0,0.0,0,False,0.0,0.0,False,0.0,0.06618599991270457,
timeseries_encoder_a-development-0139,timeseries_encoder_a,time_series,development,composite,moderate,False,False,full_h10,invalid,1.0,1.0,1.0,1.0,1.0,1.0,1.0,1.0,1.0,1.0,1.0,1.0,1.0,0.0,0.0,0,True,0.0,0.0,False,0.0,0.183237999863195,a94cdd40927aa23650bbc416f793d10fb1c1476861883ea1cf1a7db70d55ea34
timeseries_encoder_a-development-0140,timeseries_encoder_a,time_series,development,composite,severe,False,False,independent_if_else,invalid,1.0,1.0,1.0,1.0,1.0,1.0,1.0,1.0,1.0,1.0,1.0,1.0,1.0,0.0,0.0,0,False,0.0,0.0,False,0.0,0.02504699978089775,
timeseries_encoder_a-development-0140,timeseries_encoder_a,time_series,development,composite,severe,False,False,typed_route_without_cut,invalid,1.0,1.0,1.0,1.0,1.0,1.0,1.0,1.0,1.0,1.0,1.0,1.0,1.0,0.0,0.0,0,False,0.0,0.0,False,0.0,0.04857199974139803,
timeseries_encoder_a-development-0140,timeseries_encoder_a,time_series,development,composite,severe,False,False,full_h10,invalid,1.0,1.0,1.0,1.0,1.0,1.0,1.0,1.0,1.0,1.0,1.0,1.0,1.0,0.0,0.0,0,True,0.0,0.0,False,0.0,0.1819259996409528,7391eb7d49d3bdae9f30baa9ab5a8a8a3ebf140d67692c2b0dcfff172a3ee714
timeseries_encoder_a-development-0141,timeseries_encoder_a,time_series,development,composite,subtle,False,False,independent_if_else,invalid,1.0,1.0,1.0,1.0,1.0,1.0,1.0,1.0,1.0,1.0,1.0,1.0,1.0,0.0,0.0,0,False,0.0,0.0,False,0.0,0.028944999939994887,
timeseries_encoder_a-development-0141,timeseries_encoder_a,time_series,development,composite,subtle,False,False,typed_route_without_cut,invalid,1.0,1.0,1.0,1.0,1.0,1.0,1.0,1.0,1.0,1.0,1.0,1.0,1.0,0.0,0.0,0,False,0.0,0.0,False,0.0,0.06988299992372049,
timeseries_encoder_a-development-0141,timeseries_encoder_a,time_series,development,composite,subtle,False,False,full_h10,invalid,1.0,1.0,1.0,1.0,1.0,1.0,1.0,1.0,1.0,1.0,1.0,1.0,1.0,0.0,0.0,0,True,0.0,0.0,False,0.0,0.1855020000220975,d57177ebe278bf55f62dbfa011ff9e0ca5f763f28867af2d51ac94eb4c06863d
timeseries_encoder_a-development-0142,timeseries_encoder_a,time_series,development,unknown_ambiguous,moderate,True,True,independent_if_else,insufficient_evidence,1.0,1.0,1.0,1.0,0.3333333333333333,1.0,0.5,0.3333333333333333,1.0,1.0,1.0,1.0,1.0,0.0,4.0,2,False,0.0,0.0,True,0.0,0.030076999792072456,
timeseries_encoder_a-development-0142,timeseries_encoder_a,time_series,development,unknown_ambiguous,moderate,True,True,typed_route_without_cut,insufficient_evidence,1.0,1.0,1.0,1.0,0.3333333333333333,1.0,0.5,0.3333333333333333,1.0,1.0,1.0,1.0,1.0,0.0,4.0,2,False,0.0,0.0,True,0.0,0.05696800008081482,
timeseries_encoder_a-development-0142,timeseries_encoder_a,time_series,development,unknown_ambiguous,moderate,True,True,full_h10,insufficient_evidence,1.0,1.0,1.0,1.0,0.3333333333333333,1.0,0.5,0.3333333333333333,1.0,1.0,1.0,1.0,1.0,0.0,4.0,2,True,0.0,0.0,True,0.0,0.19720399996003835,1121c44e0ca5b823401d1cf343db36c012b7024c52bc9d0e4b1b0dc648d5d480
timeseries_encoder_a-development-0143,timeseries_encoder_a,time_series,development,unknown_ambiguous,severe,True,False,independent_if_else,invalid,1.0,1.0,1.0,1.0,1.0,1.0,1.0,1.0,0.5,0.5,0.5,0.3333333333333333,0.0,19.0,0.0,0,False,0.0,0.0,False,1.0,0.04231999992043711,
timeseries_encoder_a-development-0143,timeseries_encoder_a,time_series,development,unknown_ambiguous,severe,True,False,typed_route_without_cut,invalid,1.0,1.0,1.0,1.0,1.0,1.0,1.0,1.0,0.5,0.5,0.5,0.3333333333333333,0.0,19.0,0.0,0,False,0.0,0.0,False,1.0,0.0839799999994284,
timeseries_encoder_a-development-0143,timeseries_encoder_a,time_series,development,unknown_ambiguous,severe,True,False,full_h10,invalid,1.0,1.0,1.0,1.0,1.0,1.0,1.0,1.0,0.5,0.5,0.5,0.3333333333333333,0.0,19.0,0.0,0,True,0.0,0.0,False,1.0,0.2694710001378553,06417f8566bf3834cd123b1b0f3ca3add5dd47625c55486f2906794a69093158
timeseries_encoder_a-development-0144,timeseries_encoder_a,time_series,development,composite,subtle,False,False,independent_if_else,invalid,1.0,1.0,1.0,1.0,1.0,1.0,1.0,1.0,0.6666666666666666,1.0,0.8,0.6666666666666666,0.0,2.0,0.0,0,False,0.0,0.0,False,0.0,0.0334229998770752,
timeseries_encoder_a-development-0144,timeseries_encoder_a,time_series,development,composite,subtle,False,False,typed_route_without_cut,invalid,1.0,1.0,1.0,1.0,1.0,1.0,1.0,1.0,0.6666666666666666,1.0,0.8,0.6666666666666666,0.0,2.0,0.0,0,False,0.0,0.0,False,0.0,0.10131299995919107,
timeseries_encoder_a-development-0144,timeseries_encoder_a,time_series,development,composite,subtle,False,False,full_h10,invalid,1.0,1.0,1.0,1.0,1.0,1.0,1.0,1.0,1.0,1.0,1.0,1.0,1.0,0.0,0.0,0,True,0.0,0.0,False,0.0,0.20443800030989223,c3f77d4b7afe57d41dd19bbff4b5394307de23316324bc70051d8424ad5d3c15
timeseries_encoder_a-development-0145,timeseries_encoder_a,time_series,development,clean,none,False,False,independent_if_else,valid,1.0,1.0,1.0,1.0,1.0,1.0,1.0,1.0,1.0,1.0,1.0,1.0,1.0,0.0,0.0,0,False,0.0,0.0,False,0.0,0.022963999981584493,
timeseries_encoder_a-development-0145,timeseries_encoder_a,time_series,development,clean,none,False,False,typed_route_without_cut,valid,1.0,1.0,1.0,1.0,1.0,1.0,1.0,1.0,1.0,1.0,1.0,1.0,1.0,0.0,0.0,0,False,0.0,0.0,False,0.0,0.01995799993892433,
timeseries_encoder_a-development-0145,timeseries_encoder_a,time_series,development,clean,none,False,False,full_h10,valid,1.0,1.0,1.0,1.0,1.0,1.0,1.0,1.0,1.0,1.0,1.0,1.0,1.0,0.0,0.0,0,True,0.0,0.0,False,0.0,0.026449999950273195,a382506e003a7f167df4c2a0378e44a3d583d67c9b976501f663537e5a3b45af
timeseries_encoder_a-development-0146,timeseries_encoder_a,time_series,development,single,severe,False,False,independent_if_else,invalid,1.0,1.0,1.0,1.0,1.0,1.0,1.0,1.0,1.0,1.0,1.0,1.0,1.0,0.0,0.0,0,False,0.0,0.0,False,0.0,0.02855399998225039,
timeseries_encoder_a-development-0146,timeseries_encoder_a,time_series,development,single,severe,False,False,typed_route_without_cut,invalid,1.0,1.0,1.0,1.0,1.0,1.0,1.0,1.0,1.0,1.0,1.0,1.0,1.0,0.0,0.0,0,False,0.0,0.0,False,0.0,0.05448299998533912,
timeseries_encoder_a-development-0146,timeseries_encoder_a,time_series,development,single,severe,False,False,full_h10,invalid,1.0,1.0,1.0,1.0,1.0,1.0,1.0,1.0,1.0,1.0,1.0,1.0,1.0,0.0,0.0,0,True,0.0,0.0,False,0.0,0.17483100009485497,971b4317e1b916146130aefeebc880e2cb06967813534879f57890d9dadd2044
timeseries_encoder_a-development-0147,timeseries_encoder_a,time_series,development,composite,subtle,False,False,independent_if_else,invalid,1.0,1.0,1.0,1.0,1.0,1.0,1.0,1.0,0.6666666666666666,1.0,0.8,0.6666666666666666,0.0,2.0,0.0,0,False,0.0,0.0,False,0.0,0.03297200009910739,
timeseries_encoder_a-development-0147,timeseries_encoder_a,time_series,development,composite,subtle,False,False,typed_route_without_cut,invalid,1.0,1.0,1.0,1.0,1.0,1.0,1.0,1.0,0.6666666666666666,1.0,0.8,0.6666666666666666,0.0,2.0,0.0,0,False,0.0,0.0,False,0.0,0.07860999994591111,
timeseries_encoder_a-development-0147,timeseries_encoder_a,time_series,development,composite,subtle,False,False,full_h10,invalid,1.0,1.0,1.0,1.0,1.0,1.0,1.0,1.0,1.0,1.0,1.0,1.0,1.0,0.0,0.0,0,True,0.0,0.0,False,0.0,0.2115610000146262,6196598620afc1135886fa523532578dc555a97cbe3d553b6785a0d3b2a2910b
timeseries_encoder_a-development-0148,timeseries_encoder_a,time_series,development,clean,none,False,False,independent_if_else,valid,1.0,1.0,1.0,1.0,1.0,1.0,1.0,1.0,1.0,1.0,1.0,1.0,1.0,0.0,0.0,0,False,0.0,0.0,False,0.0,0.026129000161745353,
timeseries_encoder_a-development-0148,timeseries_encoder_a,time_series,development,clean,none,False,False,typed_route_without_cut,valid,1.0,1.0,1.0,1.0,1.0,1.0,1.0,1.0,1.0,1.0,1.0,1.0,1.0,0.0,0.0,0,False,0.0,0.0,False,0.0,0.021470999854500405,
timeseries_encoder_a-development-0148,timeseries_encoder_a,time_series,development,clean,none,False,False,full_h10,valid,1.0,1.0,1.0,1.0,1.0,1.0,1.0,1.0,1.0,1.0,1.0,1.0,1.0,0.0,0.0,0,True,0.0,0.0,False,0.0,0.02714199990805355,dc597d044d193df5a8a5e3f228acb88c9e19338599d4d4613f424ba03cc237fe
timeseries_encoder_a-development-0149,timeseries_encoder_a,time_series,development,unknown_ambiguous,severe,True,False,independent_if_else,invalid,1.0,1.0,1.0,1.0,1.0,1.0,1.0,1.0,0.0,0.0,0.0,0.0,0.0,19.0,0.0,0,False,0.0,0.0,False,1.0,0.03168000012010452,
timeseries_encoder_a-development-0149,timeseries_encoder_a,time_series,development,unknown_ambiguous,severe,True,False,typed_route_without_cut,invalid,1.0,1.0,1.0,1.0,1.0,1.0,1.0,1.0,0.0,0.0,0.0,0.0,0.0,19.0,0.0,0,False,0.0,0.0,False,1.0,0.023363999844150385,
timeseries_encoder_a-development-0149,timeseries_encoder_a,time_series,development,unknown_ambiguous,severe,True,False,full_h10,invalid,1.0,1.0,1.0,1.0,1.0,1.0,1.0,1.0,0.0,0.0,0.0,0.0,0.0,19.0,0.0,0,True,0.0,0.0,False,1.0,0.1954199997271644,c710a62f1b3e2a69b8a9eaa929a95fe1612875a1ac025d7f4667e505ad5dac57
